17,1,117,1,22,"AccountControllerTest::AccountControllerTest@33-54@/home/alex/dev/Bachelor/baseline/angularbooking/AngularBooking.Tests/Controller/Account/AccountControllerTest.cs","/home/alex/dev/Bachelor/baseline/angularbooking/AngularBooking.Tests/Controller/Account/AccountControllerTest.cs","AccountControllerTest::AccountControllerTest","AngularBooking.Tests.Controller.Account::AccountControllerTest::AccountControllerTest( WebApplicationFactory<Startup> factory)",33,54
19,1,146,0,25,"AccountControllerTest::Should_CreateNewUser@57-81@/home/alex/dev/Bachelor/baseline/angularbooking/AngularBooking.Tests/Controller/Account/AccountControllerTest.cs","/home/alex/dev/Bachelor/baseline/angularbooking/AngularBooking.Tests/Controller/Account/AccountControllerTest.cs","AccountControllerTest::Should_CreateNewUser","AngularBooking.Tests.Controller.Account::AccountControllerTest::Should_CreateNewUser()",57,81
36,1,305,0,56,"AccountControllerTest::Should_Login_AndReturnToken@84-139@/home/alex/dev/Bachelor/baseline/angularbooking/AngularBooking.Tests/Controller/Account/AccountControllerTest.cs","/home/alex/dev/Bachelor/baseline/angularbooking/AngularBooking.Tests/Controller/Account/AccountControllerTest.cs","AccountControllerTest::Should_Login_AndReturnToken","AngularBooking.Tests.Controller.Account::AccountControllerTest::Should_Login_AndReturnToken()",84,139
33,1,250,0,49,"AccountControllerTest::ShouldNot_Login_IncorrectCredentials@142-190@/home/alex/dev/Bachelor/baseline/angularbooking/AngularBooking.Tests/Controller/Account/AccountControllerTest.cs","/home/alex/dev/Bachelor/baseline/angularbooking/AngularBooking.Tests/Controller/Account/AccountControllerTest.cs","AccountControllerTest::ShouldNot_Login_IncorrectCredentials","AngularBooking.Tests.Controller.Account::AccountControllerTest::ShouldNot_Login_IncorrectCredentials()",142,190
31,1,223,0,47,"AccountControllerTest::ShouldNot_Login_EmailNotConfirmed@193-239@/home/alex/dev/Bachelor/baseline/angularbooking/AngularBooking.Tests/Controller/Account/AccountControllerTest.cs","/home/alex/dev/Bachelor/baseline/angularbooking/AngularBooking.Tests/Controller/Account/AccountControllerTest.cs","AccountControllerTest::ShouldNot_Login_EmailNotConfirmed","AngularBooking.Tests.Controller.Account::AccountControllerTest::ShouldNot_Login_EmailNotConfirmed()",193,239
45,2,351,0,69,"AccountControllerTest::Should_Logout_AndPreventTokenReuse@242-310@/home/alex/dev/Bachelor/baseline/angularbooking/AngularBooking.Tests/Controller/Account/AccountControllerTest.cs","/home/alex/dev/Bachelor/baseline/angularbooking/AngularBooking.Tests/Controller/Account/AccountControllerTest.cs","AccountControllerTest::Should_Logout_AndPreventTokenReuse","AngularBooking.Tests.Controller.Account::AccountControllerTest::Should_Logout_AndPreventTokenReuse()",242,310
45,3,359,0,68,"AccountControllerTest::Should_RefreshAuthToken@313-380@/home/alex/dev/Bachelor/baseline/angularbooking/AngularBooking.Tests/Controller/Account/AccountControllerTest.cs","/home/alex/dev/Bachelor/baseline/angularbooking/AngularBooking.Tests/Controller/Account/AccountControllerTest.cs","AccountControllerTest::Should_RefreshAuthToken","AngularBooking.Tests.Controller.Account::AccountControllerTest::Should_RefreshAuthToken()",313,380
9,1,95,0,14,"AccountControllerTest::ShouldNot_RefreshAuthToken_Unauthorized@383-396@/home/alex/dev/Bachelor/baseline/angularbooking/AngularBooking.Tests/Controller/Account/AccountControllerTest.cs","/home/alex/dev/Bachelor/baseline/angularbooking/AngularBooking.Tests/Controller/Account/AccountControllerTest.cs","AccountControllerTest::ShouldNot_RefreshAuthToken_Unauthorized","AngularBooking.Tests.Controller.Account::AccountControllerTest::ShouldNot_RefreshAuthToken_Unauthorized()",383,396
13,1,142,0,22,"AccountControllerTest::Should_ConfirmUserIsAuthorized@399-420@/home/alex/dev/Bachelor/baseline/angularbooking/AngularBooking.Tests/Controller/Account/AccountControllerTest.cs","/home/alex/dev/Bachelor/baseline/angularbooking/AngularBooking.Tests/Controller/Account/AccountControllerTest.cs","AccountControllerTest::Should_ConfirmUserIsAuthorized","AngularBooking.Tests.Controller.Account::AccountControllerTest::Should_ConfirmUserIsAuthorized()",399,420
16,1,175,0,26,"AccountControllerTest::ShouldNot_ConfirmUserIsAuthorized_InvalidToken@423-448@/home/alex/dev/Bachelor/baseline/angularbooking/AngularBooking.Tests/Controller/Account/AccountControllerTest.cs","/home/alex/dev/Bachelor/baseline/angularbooking/AngularBooking.Tests/Controller/Account/AccountControllerTest.cs","AccountControllerTest::ShouldNot_ConfirmUserIsAuthorized_InvalidToken","AngularBooking.Tests.Controller.Account::AccountControllerTest::ShouldNot_ConfirmUserIsAuthorized_InvalidToken()",423,448
14,3,52,0,17,"AccountControllerTest::ClearEmailData@453-469@/home/alex/dev/Bachelor/baseline/angularbooking/AngularBooking.Tests/Controller/Account/AccountControllerTest.cs","/home/alex/dev/Bachelor/baseline/angularbooking/AngularBooking.Tests/Controller/Account/AccountControllerTest.cs","AccountControllerTest::ClearEmailData","AngularBooking.Tests.Controller.Account::AccountControllerTest::ClearEmailData()",453,469
14,3,98,0,20,"AccountControllerTest::ReadEmailData@471-490@/home/alex/dev/Bachelor/baseline/angularbooking/AngularBooking.Tests/Controller/Account/AccountControllerTest.cs","/home/alex/dev/Bachelor/baseline/angularbooking/AngularBooking.Tests/Controller/Account/AccountControllerTest.cs","AccountControllerTest::ReadEmailData","AngularBooking.Tests.Controller.Account::AccountControllerTest::ReadEmailData()",471,490
12,3,71,0,17,"AccountControllerTest::ReadEmailSubject@492-508@/home/alex/dev/Bachelor/baseline/angularbooking/AngularBooking.Tests/Controller/Account/AccountControllerTest.cs","/home/alex/dev/Bachelor/baseline/angularbooking/AngularBooking.Tests/Controller/Account/AccountControllerTest.cs","AccountControllerTest::ReadEmailSubject","AngularBooking.Tests.Controller.Account::AccountControllerTest::ReadEmailSubject()",492,508
16,1,206,0,19,"BookingItemsControllerTest::Should_GetBookings@17-35@/home/alex/dev/Bachelor/baseline/angularbooking/AngularBooking.Tests/Controller/Site/BookingItemsControllerTest.cs","/home/alex/dev/Bachelor/baseline/angularbooking/AngularBooking.Tests/Controller/Site/BookingItemsControllerTest.cs","BookingItemsControllerTest::Should_GetBookings","AngularBooking.Tests.Controller.Site::BookingItemsControllerTest::Should_GetBookings()",17,35
9,1,98,0,11,"BookingItemsControllerTest::Should_GetBookingItem@38-48@/home/alex/dev/Bachelor/baseline/angularbooking/AngularBooking.Tests/Controller/Site/BookingItemsControllerTest.cs","/home/alex/dev/Bachelor/baseline/angularbooking/AngularBooking.Tests/Controller/Site/BookingItemsControllerTest.cs","BookingItemsControllerTest::Should_GetBookingItem","AngularBooking.Tests.Controller.Site::BookingItemsControllerTest::Should_GetBookingItem()",38,48
9,1,84,0,11,"BookingItemsControllerTest::Should_PutBookingItem@51-61@/home/alex/dev/Bachelor/baseline/angularbooking/AngularBooking.Tests/Controller/Site/BookingItemsControllerTest.cs","/home/alex/dev/Bachelor/baseline/angularbooking/AngularBooking.Tests/Controller/Site/BookingItemsControllerTest.cs","BookingItemsControllerTest::Should_PutBookingItem","AngularBooking.Tests.Controller.Site::BookingItemsControllerTest::Should_PutBookingItem()",51,61
10,1,95,0,12,"BookingItemsControllerTest::ShouldNot_PutBookingItem_ModelStateError@64-75@/home/alex/dev/Bachelor/baseline/angularbooking/AngularBooking.Tests/Controller/Site/BookingItemsControllerTest.cs","/home/alex/dev/Bachelor/baseline/angularbooking/AngularBooking.Tests/Controller/Site/BookingItemsControllerTest.cs","BookingItemsControllerTest::ShouldNot_PutBookingItem_ModelStateError","AngularBooking.Tests.Controller.Site::BookingItemsControllerTest::ShouldNot_PutBookingItem_ModelStateError()",64,75
9,1,84,0,11,"BookingItemsControllerTest::ShouldNot_PutBookingItem_IdMismatch@78-88@/home/alex/dev/Bachelor/baseline/angularbooking/AngularBooking.Tests/Controller/Site/BookingItemsControllerTest.cs","/home/alex/dev/Bachelor/baseline/angularbooking/AngularBooking.Tests/Controller/Site/BookingItemsControllerTest.cs","BookingItemsControllerTest::ShouldNot_PutBookingItem_IdMismatch","AngularBooking.Tests.Controller.Site::BookingItemsControllerTest::ShouldNot_PutBookingItem_IdMismatch()",78,88
9,1,98,0,12,"BookingItemsControllerTest::Should_PostBookingItem@91-102@/home/alex/dev/Bachelor/baseline/angularbooking/AngularBooking.Tests/Controller/Site/BookingItemsControllerTest.cs","/home/alex/dev/Bachelor/baseline/angularbooking/AngularBooking.Tests/Controller/Site/BookingItemsControllerTest.cs","BookingItemsControllerTest::Should_PostBookingItem","AngularBooking.Tests.Controller.Site::BookingItemsControllerTest::Should_PostBookingItem()",91,102
11,1,130,0,13,"BookingItemsControllerTest::ShouldNot_PostBookingItem_ModelStateError@105-117@/home/alex/dev/Bachelor/baseline/angularbooking/AngularBooking.Tests/Controller/Site/BookingItemsControllerTest.cs","/home/alex/dev/Bachelor/baseline/angularbooking/AngularBooking.Tests/Controller/Site/BookingItemsControllerTest.cs","BookingItemsControllerTest::ShouldNot_PostBookingItem_ModelStateError","AngularBooking.Tests.Controller.Site::BookingItemsControllerTest::ShouldNot_PostBookingItem_ModelStateError()",105,117
10,1,103,0,12,"BookingItemsControllerTest::Should_DeleteBookingItem@120-131@/home/alex/dev/Bachelor/baseline/angularbooking/AngularBooking.Tests/Controller/Site/BookingItemsControllerTest.cs","/home/alex/dev/Bachelor/baseline/angularbooking/AngularBooking.Tests/Controller/Site/BookingItemsControllerTest.cs","BookingItemsControllerTest::Should_DeleteBookingItem","AngularBooking.Tests.Controller.Site::BookingItemsControllerTest::Should_DeleteBookingItem()",120,131
10,1,93,0,12,"BookingItemsControllerTest::ShouldNot_DeleteBookingItem_ModelStateError@134-145@/home/alex/dev/Bachelor/baseline/angularbooking/AngularBooking.Tests/Controller/Site/BookingItemsControllerTest.cs","/home/alex/dev/Bachelor/baseline/angularbooking/AngularBooking.Tests/Controller/Site/BookingItemsControllerTest.cs","BookingItemsControllerTest::ShouldNot_DeleteBookingItem_ModelStateError","AngularBooking.Tests.Controller.Site::BookingItemsControllerTest::ShouldNot_DeleteBookingItem_ModelStateError()",134,145
9,1,85,0,11,"BookingItemsControllerTest::ShouldNot_DeleteBookingItem_NotFound@148-158@/home/alex/dev/Bachelor/baseline/angularbooking/AngularBooking.Tests/Controller/Site/BookingItemsControllerTest.cs","/home/alex/dev/Bachelor/baseline/angularbooking/AngularBooking.Tests/Controller/Site/BookingItemsControllerTest.cs","BookingItemsControllerTest::ShouldNot_DeleteBookingItem_NotFound","AngularBooking.Tests.Controller.Site::BookingItemsControllerTest::ShouldNot_DeleteBookingItem_NotFound()",148,158
27,1,502,0,31,"BookingsControllerTest::Should_GetBookings@21-51@/home/alex/dev/Bachelor/baseline/angularbooking/AngularBooking.Tests/Controller/Site/BookingsControllerTest.cs","/home/alex/dev/Bachelor/baseline/angularbooking/AngularBooking.Tests/Controller/Site/BookingsControllerTest.cs","BookingsControllerTest::Should_GetBookings","AngularBooking.Tests.Controller.Site::BookingsControllerTest::Should_GetBookings()",21,51
27,1,502,0,31,"BookingsControllerTest::Should_GetBookings_AsAdmin@54-84@/home/alex/dev/Bachelor/baseline/angularbooking/AngularBooking.Tests/Controller/Site/BookingsControllerTest.cs","/home/alex/dev/Bachelor/baseline/angularbooking/AngularBooking.Tests/Controller/Site/BookingsControllerTest.cs","BookingsControllerTest::Should_GetBookings_AsAdmin","AngularBooking.Tests.Controller.Site::BookingsControllerTest::Should_GetBookings_AsAdmin()",54,84
23,1,336,0,26,"BookingsControllerTest::Should_GetBooking@87-112@/home/alex/dev/Bachelor/baseline/angularbooking/AngularBooking.Tests/Controller/Site/BookingsControllerTest.cs","/home/alex/dev/Bachelor/baseline/angularbooking/AngularBooking.Tests/Controller/Site/BookingsControllerTest.cs","BookingsControllerTest::Should_GetBooking","AngularBooking.Tests.Controller.Site::BookingsControllerTest::Should_GetBooking()",87,112
9,1,88,0,11,"BookingsControllerTest::Should_PutBooking@115-125@/home/alex/dev/Bachelor/baseline/angularbooking/AngularBooking.Tests/Controller/Site/BookingsControllerTest.cs","/home/alex/dev/Bachelor/baseline/angularbooking/AngularBooking.Tests/Controller/Site/BookingsControllerTest.cs","BookingsControllerTest::Should_PutBooking","AngularBooking.Tests.Controller.Site::BookingsControllerTest::Should_PutBooking()",115,125
10,1,99,0,12,"BookingsControllerTest::ShouldNot_PutBooking_ModelStateError@128-139@/home/alex/dev/Bachelor/baseline/angularbooking/AngularBooking.Tests/Controller/Site/BookingsControllerTest.cs","/home/alex/dev/Bachelor/baseline/angularbooking/AngularBooking.Tests/Controller/Site/BookingsControllerTest.cs","BookingsControllerTest::ShouldNot_PutBooking_ModelStateError","AngularBooking.Tests.Controller.Site::BookingsControllerTest::ShouldNot_PutBooking_ModelStateError()",128,139
9,1,88,0,11,"BookingsControllerTest::ShouldNot_PutBooking_IdMismatch@142-152@/home/alex/dev/Bachelor/baseline/angularbooking/AngularBooking.Tests/Controller/Site/BookingsControllerTest.cs","/home/alex/dev/Bachelor/baseline/angularbooking/AngularBooking.Tests/Controller/Site/BookingsControllerTest.cs","BookingsControllerTest::ShouldNot_PutBooking_IdMismatch","AngularBooking.Tests.Controller.Site::BookingsControllerTest::ShouldNot_PutBooking_IdMismatch()",142,152
9,1,112,0,12,"BookingsControllerTest::Should_PostBooking@155-166@/home/alex/dev/Bachelor/baseline/angularbooking/AngularBooking.Tests/Controller/Site/BookingsControllerTest.cs","/home/alex/dev/Bachelor/baseline/angularbooking/AngularBooking.Tests/Controller/Site/BookingsControllerTest.cs","BookingsControllerTest::Should_PostBooking","AngularBooking.Tests.Controller.Site::BookingsControllerTest::Should_PostBooking()",155,166
11,1,144,0,13,"BookingsControllerTest::ShouldNot_PostBooking_ModelStateError@169-181@/home/alex/dev/Bachelor/baseline/angularbooking/AngularBooking.Tests/Controller/Site/BookingsControllerTest.cs","/home/alex/dev/Bachelor/baseline/angularbooking/AngularBooking.Tests/Controller/Site/BookingsControllerTest.cs","BookingsControllerTest::ShouldNot_PostBooking_ModelStateError","AngularBooking.Tests.Controller.Site::BookingsControllerTest::ShouldNot_PostBooking_ModelStateError()",169,181
10,1,107,0,12,"BookingsControllerTest::Should_DeleteBooking@184-195@/home/alex/dev/Bachelor/baseline/angularbooking/AngularBooking.Tests/Controller/Site/BookingsControllerTest.cs","/home/alex/dev/Bachelor/baseline/angularbooking/AngularBooking.Tests/Controller/Site/BookingsControllerTest.cs","BookingsControllerTest::Should_DeleteBooking","AngularBooking.Tests.Controller.Site::BookingsControllerTest::Should_DeleteBooking()",184,195
10,1,97,0,12,"BookingsControllerTest::ShouldNot_DeleteBooking_ModelStateError@198-209@/home/alex/dev/Bachelor/baseline/angularbooking/AngularBooking.Tests/Controller/Site/BookingsControllerTest.cs","/home/alex/dev/Bachelor/baseline/angularbooking/AngularBooking.Tests/Controller/Site/BookingsControllerTest.cs","BookingsControllerTest::ShouldNot_DeleteBooking_ModelStateError","AngularBooking.Tests.Controller.Site::BookingsControllerTest::ShouldNot_DeleteBooking_ModelStateError()",198,209
9,1,89,0,11,"BookingsControllerTest::ShouldNot_DeleteBooking_NotFound@212-222@/home/alex/dev/Bachelor/baseline/angularbooking/AngularBooking.Tests/Controller/Site/BookingsControllerTest.cs","/home/alex/dev/Bachelor/baseline/angularbooking/AngularBooking.Tests/Controller/Site/BookingsControllerTest.cs","BookingsControllerTest::ShouldNot_DeleteBooking_NotFound","AngularBooking.Tests.Controller.Site::BookingsControllerTest::ShouldNot_DeleteBooking_NotFound()",212,222
53,1,251,0,55,"CustomersControllerTest::Should_GetCustomers@21-75@/home/alex/dev/Bachelor/baseline/angularbooking/AngularBooking.Tests/Controller/Site/CustomersControllerTest.cs","/home/alex/dev/Bachelor/baseline/angularbooking/AngularBooking.Tests/Controller/Site/CustomersControllerTest.cs","CustomersControllerTest::Should_GetCustomers","AngularBooking.Tests.Controller.Site::CustomersControllerTest::Should_GetCustomers()",21,75
22,1,132,0,24,"CustomersControllerTest::Should_GetCustomer@78-101@/home/alex/dev/Bachelor/baseline/angularbooking/AngularBooking.Tests/Controller/Site/CustomersControllerTest.cs","/home/alex/dev/Bachelor/baseline/angularbooking/AngularBooking.Tests/Controller/Site/CustomersControllerTest.cs","CustomersControllerTest::Should_GetCustomer","AngularBooking.Tests.Controller.Site::CustomersControllerTest::Should_GetCustomer()",78,101
29,1,296,0,32,"CustomersControllerTest::Should_GetCustomer_ForAuthorizedUser@104-135@/home/alex/dev/Bachelor/baseline/angularbooking/AngularBooking.Tests/Controller/Site/CustomersControllerTest.cs","/home/alex/dev/Bachelor/baseline/angularbooking/AngularBooking.Tests/Controller/Site/CustomersControllerTest.cs","CustomersControllerTest::Should_GetCustomer_ForAuthorizedUser","AngularBooking.Tests.Controller.Site::CustomersControllerTest::Should_GetCustomer_ForAuthorizedUser()",104,135
27,1,272,0,30,"CustomersControllerTest::ShouldNot_GetCustomer_UnauthorizedUser@138-167@/home/alex/dev/Bachelor/baseline/angularbooking/AngularBooking.Tests/Controller/Site/CustomersControllerTest.cs","/home/alex/dev/Bachelor/baseline/angularbooking/AngularBooking.Tests/Controller/Site/CustomersControllerTest.cs","CustomersControllerTest::ShouldNot_GetCustomer_UnauthorizedUser","AngularBooking.Tests.Controller.Site::CustomersControllerTest::ShouldNot_GetCustomer_UnauthorizedUser()",138,167
22,1,134,0,24,"CustomersControllerTest::Should_PutCustomer@170-193@/home/alex/dev/Bachelor/baseline/angularbooking/AngularBooking.Tests/Controller/Site/CustomersControllerTest.cs","/home/alex/dev/Bachelor/baseline/angularbooking/AngularBooking.Tests/Controller/Site/CustomersControllerTest.cs","CustomersControllerTest::Should_PutCustomer","AngularBooking.Tests.Controller.Site::CustomersControllerTest::Should_PutCustomer()",170,193
23,1,145,0,25,"CustomersControllerTest::ShouldNot_PutCustomer_ModelStateError@196-220@/home/alex/dev/Bachelor/baseline/angularbooking/AngularBooking.Tests/Controller/Site/CustomersControllerTest.cs","/home/alex/dev/Bachelor/baseline/angularbooking/AngularBooking.Tests/Controller/Site/CustomersControllerTest.cs","CustomersControllerTest::ShouldNot_PutCustomer_ModelStateError","AngularBooking.Tests.Controller.Site::CustomersControllerTest::ShouldNot_PutCustomer_ModelStateError()",196,220
22,1,134,0,24,"CustomersControllerTest::ShouldNot_PutCustomer_IdMismatch@223-246@/home/alex/dev/Bachelor/baseline/angularbooking/AngularBooking.Tests/Controller/Site/CustomersControllerTest.cs","/home/alex/dev/Bachelor/baseline/angularbooking/AngularBooking.Tests/Controller/Site/CustomersControllerTest.cs","CustomersControllerTest::ShouldNot_PutCustomer_IdMismatch","AngularBooking.Tests.Controller.Site::CustomersControllerTest::ShouldNot_PutCustomer_IdMismatch()",223,246
22,1,132,0,25,"CustomersControllerTest::Should_PostCustomer@249-273@/home/alex/dev/Bachelor/baseline/angularbooking/AngularBooking.Tests/Controller/Site/CustomersControllerTest.cs","/home/alex/dev/Bachelor/baseline/angularbooking/AngularBooking.Tests/Controller/Site/CustomersControllerTest.cs","CustomersControllerTest::Should_PostCustomer","AngularBooking.Tests.Controller.Site::CustomersControllerTest::Should_PostCustomer()",249,273
24,1,164,0,26,"CustomersControllerTest::ShouldNot_PostCustomer_ModelStateError@276-301@/home/alex/dev/Bachelor/baseline/angularbooking/AngularBooking.Tests/Controller/Site/CustomersControllerTest.cs","/home/alex/dev/Bachelor/baseline/angularbooking/AngularBooking.Tests/Controller/Site/CustomersControllerTest.cs","CustomersControllerTest::ShouldNot_PostCustomer_ModelStateError","AngularBooking.Tests.Controller.Site::CustomersControllerTest::ShouldNot_PostCustomer_ModelStateError()",276,301
14,1,230,0,17,"CustomersControllerTest::Should_DeleteCustomer@304-320@/home/alex/dev/Bachelor/baseline/angularbooking/AngularBooking.Tests/Controller/Site/CustomersControllerTest.cs","/home/alex/dev/Bachelor/baseline/angularbooking/AngularBooking.Tests/Controller/Site/CustomersControllerTest.cs","CustomersControllerTest::Should_DeleteCustomer","AngularBooking.Tests.Controller.Site::CustomersControllerTest::Should_DeleteCustomer()",304,320
10,1,95,0,12,"CustomersControllerTest::ShouldNot_DeleteCustomer_ModelStateError@323-334@/home/alex/dev/Bachelor/baseline/angularbooking/AngularBooking.Tests/Controller/Site/CustomersControllerTest.cs","/home/alex/dev/Bachelor/baseline/angularbooking/AngularBooking.Tests/Controller/Site/CustomersControllerTest.cs","CustomersControllerTest::ShouldNot_DeleteCustomer_ModelStateError","AngularBooking.Tests.Controller.Site::CustomersControllerTest::ShouldNot_DeleteCustomer_ModelStateError()",323,334
9,1,87,0,11,"CustomersControllerTest::ShouldNot_DeleteCustomer_NotFound@337-347@/home/alex/dev/Bachelor/baseline/angularbooking/AngularBooking.Tests/Controller/Site/CustomersControllerTest.cs","/home/alex/dev/Bachelor/baseline/angularbooking/AngularBooking.Tests/Controller/Site/CustomersControllerTest.cs","CustomersControllerTest::ShouldNot_DeleteCustomer_NotFound","AngularBooking.Tests.Controller.Site::CustomersControllerTest::ShouldNot_DeleteCustomer_NotFound()",337,347
17,1,117,1,22,"EventsControllerTest::EventsControllerTest@27-48@/home/alex/dev/Bachelor/baseline/angularbooking/AngularBooking.Tests/Controller/Site/EventsControllerTest.cs","/home/alex/dev/Bachelor/baseline/angularbooking/AngularBooking.Tests/Controller/Site/EventsControllerTest.cs","EventsControllerTest::EventsControllerTest","AngularBooking.Tests.Controller.Site::EventsControllerTest::EventsControllerTest( WebApplicationFactory<Startup> factory)",27,48
16,1,232,0,18,"EventsControllerTest::Should_GetEvents@51-68@/home/alex/dev/Bachelor/baseline/angularbooking/AngularBooking.Tests/Controller/Site/EventsControllerTest.cs","/home/alex/dev/Bachelor/baseline/angularbooking/AngularBooking.Tests/Controller/Site/EventsControllerTest.cs","EventsControllerTest::Should_GetEvents","AngularBooking.Tests.Controller.Site::EventsControllerTest::Should_GetEvents()",51,68
9,1,106,0,11,"EventsControllerTest::Should_GetEvent@71-81@/home/alex/dev/Bachelor/baseline/angularbooking/AngularBooking.Tests/Controller/Site/EventsControllerTest.cs","/home/alex/dev/Bachelor/baseline/angularbooking/AngularBooking.Tests/Controller/Site/EventsControllerTest.cs","EventsControllerTest::Should_GetEvent","AngularBooking.Tests.Controller.Site::EventsControllerTest::Should_GetEvent()",71,81
9,1,106,0,11,"EventsControllerTest::Should_PutEvent@84-94@/home/alex/dev/Bachelor/baseline/angularbooking/AngularBooking.Tests/Controller/Site/EventsControllerTest.cs","/home/alex/dev/Bachelor/baseline/angularbooking/AngularBooking.Tests/Controller/Site/EventsControllerTest.cs","EventsControllerTest::Should_PutEvent","AngularBooking.Tests.Controller.Site::EventsControllerTest::Should_PutEvent()",84,94
10,1,117,0,12,"EventsControllerTest::ShouldNot_PutEvent_ModelStateError@97-108@/home/alex/dev/Bachelor/baseline/angularbooking/AngularBooking.Tests/Controller/Site/EventsControllerTest.cs","/home/alex/dev/Bachelor/baseline/angularbooking/AngularBooking.Tests/Controller/Site/EventsControllerTest.cs","EventsControllerTest::ShouldNot_PutEvent_ModelStateError","AngularBooking.Tests.Controller.Site::EventsControllerTest::ShouldNot_PutEvent_ModelStateError()",97,108
9,1,106,0,11,"EventsControllerTest::ShouldNot_PutEvent_IdMismatch@111-121@/home/alex/dev/Bachelor/baseline/angularbooking/AngularBooking.Tests/Controller/Site/EventsControllerTest.cs","/home/alex/dev/Bachelor/baseline/angularbooking/AngularBooking.Tests/Controller/Site/EventsControllerTest.cs","EventsControllerTest::ShouldNot_PutEvent_IdMismatch","AngularBooking.Tests.Controller.Site::EventsControllerTest::ShouldNot_PutEvent_IdMismatch()",111,121
9,1,104,0,12,"EventsControllerTest::Should_PostEvent@124-135@/home/alex/dev/Bachelor/baseline/angularbooking/AngularBooking.Tests/Controller/Site/EventsControllerTest.cs","/home/alex/dev/Bachelor/baseline/angularbooking/AngularBooking.Tests/Controller/Site/EventsControllerTest.cs","EventsControllerTest::Should_PostEvent","AngularBooking.Tests.Controller.Site::EventsControllerTest::Should_PostEvent()",124,135
11,1,136,0,13,"EventsControllerTest::ShouldNot_PostEvent_ModelStateError@138-150@/home/alex/dev/Bachelor/baseline/angularbooking/AngularBooking.Tests/Controller/Site/EventsControllerTest.cs","/home/alex/dev/Bachelor/baseline/angularbooking/AngularBooking.Tests/Controller/Site/EventsControllerTest.cs","EventsControllerTest::ShouldNot_PostEvent_ModelStateError","AngularBooking.Tests.Controller.Site::EventsControllerTest::ShouldNot_PostEvent_ModelStateError()",138,150
10,1,103,0,12,"EventsControllerTest::Should_DeleteEvent@153-164@/home/alex/dev/Bachelor/baseline/angularbooking/AngularBooking.Tests/Controller/Site/EventsControllerTest.cs","/home/alex/dev/Bachelor/baseline/angularbooking/AngularBooking.Tests/Controller/Site/EventsControllerTest.cs","EventsControllerTest::Should_DeleteEvent","AngularBooking.Tests.Controller.Site::EventsControllerTest::Should_DeleteEvent()",153,164
10,1,93,0,12,"EventsControllerTest::ShouldNot_DeleteEvent_ModelStateError@167-178@/home/alex/dev/Bachelor/baseline/angularbooking/AngularBooking.Tests/Controller/Site/EventsControllerTest.cs","/home/alex/dev/Bachelor/baseline/angularbooking/AngularBooking.Tests/Controller/Site/EventsControllerTest.cs","EventsControllerTest::ShouldNot_DeleteEvent_ModelStateError","AngularBooking.Tests.Controller.Site::EventsControllerTest::ShouldNot_DeleteEvent_ModelStateError()",167,178
9,1,85,0,11,"EventsControllerTest::ShouldNot_DeleteEvent_NotFound@181-191@/home/alex/dev/Bachelor/baseline/angularbooking/AngularBooking.Tests/Controller/Site/EventsControllerTest.cs","/home/alex/dev/Bachelor/baseline/angularbooking/AngularBooking.Tests/Controller/Site/EventsControllerTest.cs","EventsControllerTest::ShouldNot_DeleteEvent_NotFound","AngularBooking.Tests.Controller.Site::EventsControllerTest::ShouldNot_DeleteEvent_NotFound()",181,191
38,2,462,0,49,"EventsControllerTest::Should_GetEvents_Top5@194-242@/home/alex/dev/Bachelor/baseline/angularbooking/AngularBooking.Tests/Controller/Site/EventsControllerTest.cs","/home/alex/dev/Bachelor/baseline/angularbooking/AngularBooking.Tests/Controller/Site/EventsControllerTest.cs","EventsControllerTest::Should_GetEvents_Top5","AngularBooking.Tests.Controller.Site::EventsControllerTest::Should_GetEvents_Top5()",194,242
34,3,379,0,45,"EventsControllerTest::Should_GetEvents_Select@245-289@/home/alex/dev/Bachelor/baseline/angularbooking/AngularBooking.Tests/Controller/Site/EventsControllerTest.cs","/home/alex/dev/Bachelor/baseline/angularbooking/AngularBooking.Tests/Controller/Site/EventsControllerTest.cs","EventsControllerTest::Should_GetEvents_Select","AngularBooking.Tests.Controller.Site::EventsControllerTest::Should_GetEvents_Select()",245,289
34,2,357,1,44,"EventsControllerTest::Should_GetEvents_FilterName@296-339@/home/alex/dev/Bachelor/baseline/angularbooking/AngularBooking.Tests/Controller/Site/EventsControllerTest.cs","/home/alex/dev/Bachelor/baseline/angularbooking/AngularBooking.Tests/Controller/Site/EventsControllerTest.cs","EventsControllerTest::Should_GetEvents_FilterName","AngularBooking.Tests.Controller.Site::EventsControllerTest::Should_GetEvents_FilterName( string filter)",296,339
17,1,117,1,22,"FeaturesControllerTest::FeaturesControllerTest@27-48@/home/alex/dev/Bachelor/baseline/angularbooking/AngularBooking.Tests/Controller/Site/FeaturesControllerTest.cs","/home/alex/dev/Bachelor/baseline/angularbooking/AngularBooking.Tests/Controller/Site/FeaturesControllerTest.cs","FeaturesControllerTest::FeaturesControllerTest","AngularBooking.Tests.Controller.Site::FeaturesControllerTest::FeaturesControllerTest( WebApplicationFactory<Startup> factory)",27,48
14,1,178,0,16,"FeaturesControllerTest::Should_GetFeatures@51-66@/home/alex/dev/Bachelor/baseline/angularbooking/AngularBooking.Tests/Controller/Site/FeaturesControllerTest.cs","/home/alex/dev/Bachelor/baseline/angularbooking/AngularBooking.Tests/Controller/Site/FeaturesControllerTest.cs","FeaturesControllerTest::Should_GetFeatures","AngularBooking.Tests.Controller.Site::FeaturesControllerTest::Should_GetFeatures()",51,66
9,1,106,0,11,"FeaturesControllerTest::Should_GetFeature@69-79@/home/alex/dev/Bachelor/baseline/angularbooking/AngularBooking.Tests/Controller/Site/FeaturesControllerTest.cs","/home/alex/dev/Bachelor/baseline/angularbooking/AngularBooking.Tests/Controller/Site/FeaturesControllerTest.cs","FeaturesControllerTest::Should_GetFeature","AngularBooking.Tests.Controller.Site::FeaturesControllerTest::Should_GetFeature()",69,79
9,1,108,0,11,"FeaturesControllerTest::Should_PutFeature@82-92@/home/alex/dev/Bachelor/baseline/angularbooking/AngularBooking.Tests/Controller/Site/FeaturesControllerTest.cs","/home/alex/dev/Bachelor/baseline/angularbooking/AngularBooking.Tests/Controller/Site/FeaturesControllerTest.cs","FeaturesControllerTest::Should_PutFeature","AngularBooking.Tests.Controller.Site::FeaturesControllerTest::Should_PutFeature()",82,92
10,1,119,0,12,"FeaturesControllerTest::ShouldNot_PutFeature_ModelStateError@95-106@/home/alex/dev/Bachelor/baseline/angularbooking/AngularBooking.Tests/Controller/Site/FeaturesControllerTest.cs","/home/alex/dev/Bachelor/baseline/angularbooking/AngularBooking.Tests/Controller/Site/FeaturesControllerTest.cs","FeaturesControllerTest::ShouldNot_PutFeature_ModelStateError","AngularBooking.Tests.Controller.Site::FeaturesControllerTest::ShouldNot_PutFeature_ModelStateError()",95,106
9,1,108,0,11,"FeaturesControllerTest::ShouldNot_PutFeature_IdMismatch@109-119@/home/alex/dev/Bachelor/baseline/angularbooking/AngularBooking.Tests/Controller/Site/FeaturesControllerTest.cs","/home/alex/dev/Bachelor/baseline/angularbooking/AngularBooking.Tests/Controller/Site/FeaturesControllerTest.cs","FeaturesControllerTest::ShouldNot_PutFeature_IdMismatch","AngularBooking.Tests.Controller.Site::FeaturesControllerTest::ShouldNot_PutFeature_IdMismatch()",109,119
9,1,106,0,12,"FeaturesControllerTest::Should_PostFeature@122-133@/home/alex/dev/Bachelor/baseline/angularbooking/AngularBooking.Tests/Controller/Site/FeaturesControllerTest.cs","/home/alex/dev/Bachelor/baseline/angularbooking/AngularBooking.Tests/Controller/Site/FeaturesControllerTest.cs","FeaturesControllerTest::Should_PostFeature","AngularBooking.Tests.Controller.Site::FeaturesControllerTest::Should_PostFeature()",122,133
11,1,138,0,13,"FeaturesControllerTest::ShouldNot_PostFeature_ModelStateError@136-148@/home/alex/dev/Bachelor/baseline/angularbooking/AngularBooking.Tests/Controller/Site/FeaturesControllerTest.cs","/home/alex/dev/Bachelor/baseline/angularbooking/AngularBooking.Tests/Controller/Site/FeaturesControllerTest.cs","FeaturesControllerTest::ShouldNot_PostFeature_ModelStateError","AngularBooking.Tests.Controller.Site::FeaturesControllerTest::ShouldNot_PostFeature_ModelStateError()",136,148
10,1,103,0,12,"FeaturesControllerTest::Should_DeleteFeature@151-162@/home/alex/dev/Bachelor/baseline/angularbooking/AngularBooking.Tests/Controller/Site/FeaturesControllerTest.cs","/home/alex/dev/Bachelor/baseline/angularbooking/AngularBooking.Tests/Controller/Site/FeaturesControllerTest.cs","FeaturesControllerTest::Should_DeleteFeature","AngularBooking.Tests.Controller.Site::FeaturesControllerTest::Should_DeleteFeature()",151,162
10,1,93,0,12,"FeaturesControllerTest::ShouldNot_DeleteFeature_ModelStateError@165-176@/home/alex/dev/Bachelor/baseline/angularbooking/AngularBooking.Tests/Controller/Site/FeaturesControllerTest.cs","/home/alex/dev/Bachelor/baseline/angularbooking/AngularBooking.Tests/Controller/Site/FeaturesControllerTest.cs","FeaturesControllerTest::ShouldNot_DeleteFeature_ModelStateError","AngularBooking.Tests.Controller.Site::FeaturesControllerTest::ShouldNot_DeleteFeature_ModelStateError()",165,176
9,1,85,0,11,"FeaturesControllerTest::ShouldNot_DeleteFeature_NotFound@179-189@/home/alex/dev/Bachelor/baseline/angularbooking/AngularBooking.Tests/Controller/Site/FeaturesControllerTest.cs","/home/alex/dev/Bachelor/baseline/angularbooking/AngularBooking.Tests/Controller/Site/FeaturesControllerTest.cs","FeaturesControllerTest::ShouldNot_DeleteFeature_NotFound","AngularBooking.Tests.Controller.Site::FeaturesControllerTest::ShouldNot_DeleteFeature_NotFound()",179,189
40,2,573,0,51,"FeaturesControllerTest::Should_GetFeatures_Top5@192-242@/home/alex/dev/Bachelor/baseline/angularbooking/AngularBooking.Tests/Controller/Site/FeaturesControllerTest.cs","/home/alex/dev/Bachelor/baseline/angularbooking/AngularBooking.Tests/Controller/Site/FeaturesControllerTest.cs","FeaturesControllerTest::Should_GetFeatures_Top5","AngularBooking.Tests.Controller.Site::FeaturesControllerTest::Should_GetFeatures_Top5()",192,242
34,3,401,0,45,"FeaturesControllerTest::Should_GetFeatures_Select@245-289@/home/alex/dev/Bachelor/baseline/angularbooking/AngularBooking.Tests/Controller/Site/FeaturesControllerTest.cs","/home/alex/dev/Bachelor/baseline/angularbooking/AngularBooking.Tests/Controller/Site/FeaturesControllerTest.cs","FeaturesControllerTest::Should_GetFeatures_Select","AngularBooking.Tests.Controller.Site::FeaturesControllerTest::Should_GetFeatures_Select()",245,289
34,2,379,1,44,"FeaturesControllerTest::Should_GetFeatures_FilterName@296-339@/home/alex/dev/Bachelor/baseline/angularbooking/AngularBooking.Tests/Controller/Site/FeaturesControllerTest.cs","/home/alex/dev/Bachelor/baseline/angularbooking/AngularBooking.Tests/Controller/Site/FeaturesControllerTest.cs","FeaturesControllerTest::Should_GetFeatures_FilterName","AngularBooking.Tests.Controller.Site::FeaturesControllerTest::Should_GetFeatures_FilterName( string filter)",296,339
16,1,212,0,18,"PricingStrategiesControllerTest::Should_GetPricingStrategies@17-34@/home/alex/dev/Bachelor/baseline/angularbooking/AngularBooking.Tests/Controller/Site/PricingStrategiesControllerTest.cs","/home/alex/dev/Bachelor/baseline/angularbooking/AngularBooking.Tests/Controller/Site/PricingStrategiesControllerTest.cs","PricingStrategiesControllerTest::Should_GetPricingStrategies","AngularBooking.Tests.Controller.Site::PricingStrategiesControllerTest::Should_GetPricingStrategies()",17,34
9,1,100,0,11,"PricingStrategiesControllerTest::Should_GetPricingStrategy@37-47@/home/alex/dev/Bachelor/baseline/angularbooking/AngularBooking.Tests/Controller/Site/PricingStrategiesControllerTest.cs","/home/alex/dev/Bachelor/baseline/angularbooking/AngularBooking.Tests/Controller/Site/PricingStrategiesControllerTest.cs","PricingStrategiesControllerTest::Should_GetPricingStrategy","AngularBooking.Tests.Controller.Site::PricingStrategiesControllerTest::Should_GetPricingStrategy()",37,47
9,1,84,0,11,"PricingStrategiesControllerTest::Should_PutPricingStrategy@50-60@/home/alex/dev/Bachelor/baseline/angularbooking/AngularBooking.Tests/Controller/Site/PricingStrategiesControllerTest.cs","/home/alex/dev/Bachelor/baseline/angularbooking/AngularBooking.Tests/Controller/Site/PricingStrategiesControllerTest.cs","PricingStrategiesControllerTest::Should_PutPricingStrategy","AngularBooking.Tests.Controller.Site::PricingStrategiesControllerTest::Should_PutPricingStrategy()",50,60
10,1,95,0,12,"PricingStrategiesControllerTest::ShouldNot_PutPricingStrategy_ModelStateError@63-74@/home/alex/dev/Bachelor/baseline/angularbooking/AngularBooking.Tests/Controller/Site/PricingStrategiesControllerTest.cs","/home/alex/dev/Bachelor/baseline/angularbooking/AngularBooking.Tests/Controller/Site/PricingStrategiesControllerTest.cs","PricingStrategiesControllerTest::ShouldNot_PutPricingStrategy_ModelStateError","AngularBooking.Tests.Controller.Site::PricingStrategiesControllerTest::ShouldNot_PutPricingStrategy_ModelStateError()",63,74
9,1,84,0,11,"PricingStrategiesControllerTest::ShouldNot_PutPricingStrategy_IdMismatch@77-87@/home/alex/dev/Bachelor/baseline/angularbooking/AngularBooking.Tests/Controller/Site/PricingStrategiesControllerTest.cs","/home/alex/dev/Bachelor/baseline/angularbooking/AngularBooking.Tests/Controller/Site/PricingStrategiesControllerTest.cs","PricingStrategiesControllerTest::ShouldNot_PutPricingStrategy_IdMismatch","AngularBooking.Tests.Controller.Site::PricingStrategiesControllerTest::ShouldNot_PutPricingStrategy_IdMismatch()",77,87
9,1,100,0,11,"PricingStrategiesControllerTest::Should_PostPricingStrategy@90-100@/home/alex/dev/Bachelor/baseline/angularbooking/AngularBooking.Tests/Controller/Site/PricingStrategiesControllerTest.cs","/home/alex/dev/Bachelor/baseline/angularbooking/AngularBooking.Tests/Controller/Site/PricingStrategiesControllerTest.cs","PricingStrategiesControllerTest::Should_PostPricingStrategy","AngularBooking.Tests.Controller.Site::PricingStrategiesControllerTest::Should_PostPricingStrategy()",90,100
11,1,132,0,13,"PricingStrategiesControllerTest::ShouldNot_PostPricingStrategy_ModelStateError@103-115@/home/alex/dev/Bachelor/baseline/angularbooking/AngularBooking.Tests/Controller/Site/PricingStrategiesControllerTest.cs","/home/alex/dev/Bachelor/baseline/angularbooking/AngularBooking.Tests/Controller/Site/PricingStrategiesControllerTest.cs","PricingStrategiesControllerTest::ShouldNot_PostPricingStrategy_ModelStateError","AngularBooking.Tests.Controller.Site::PricingStrategiesControllerTest::ShouldNot_PostPricingStrategy_ModelStateError()",103,115
10,1,103,0,12,"PricingStrategiesControllerTest::Should_DeletePricingStrategy@118-129@/home/alex/dev/Bachelor/baseline/angularbooking/AngularBooking.Tests/Controller/Site/PricingStrategiesControllerTest.cs","/home/alex/dev/Bachelor/baseline/angularbooking/AngularBooking.Tests/Controller/Site/PricingStrategiesControllerTest.cs","PricingStrategiesControllerTest::Should_DeletePricingStrategy","AngularBooking.Tests.Controller.Site::PricingStrategiesControllerTest::Should_DeletePricingStrategy()",118,129
10,1,93,0,12,"PricingStrategiesControllerTest::ShouldNot_DeletePricingStrategy_ModelStateError@132-143@/home/alex/dev/Bachelor/baseline/angularbooking/AngularBooking.Tests/Controller/Site/PricingStrategiesControllerTest.cs","/home/alex/dev/Bachelor/baseline/angularbooking/AngularBooking.Tests/Controller/Site/PricingStrategiesControllerTest.cs","PricingStrategiesControllerTest::ShouldNot_DeletePricingStrategy_ModelStateError","AngularBooking.Tests.Controller.Site::PricingStrategiesControllerTest::ShouldNot_DeletePricingStrategy_ModelStateError()",132,143
9,1,85,0,11,"PricingStrategiesControllerTest::ShouldNot_DeletePricingStrategy_NotFound@146-156@/home/alex/dev/Bachelor/baseline/angularbooking/AngularBooking.Tests/Controller/Site/PricingStrategiesControllerTest.cs","/home/alex/dev/Bachelor/baseline/angularbooking/AngularBooking.Tests/Controller/Site/PricingStrategiesControllerTest.cs","PricingStrategiesControllerTest::ShouldNot_DeletePricingStrategy_NotFound","AngularBooking.Tests.Controller.Site::PricingStrategiesControllerTest::ShouldNot_DeletePricingStrategy_NotFound()",146,156
16,1,202,0,18,"PricingStrategyItemsControllerTest::Should_GetPricingStrategyItems@17-34@/home/alex/dev/Bachelor/baseline/angularbooking/AngularBooking.Tests/Controller/Site/PricingStrategyItemsControllerTest.cs","/home/alex/dev/Bachelor/baseline/angularbooking/AngularBooking.Tests/Controller/Site/PricingStrategyItemsControllerTest.cs","PricingStrategyItemsControllerTest::Should_GetPricingStrategyItems","AngularBooking.Tests.Controller.Site::PricingStrategyItemsControllerTest::Should_GetPricingStrategyItems()",17,34
9,1,98,0,11,"PricingStrategyItemsControllerTest::Should_GetPricingStrategyItem@37-47@/home/alex/dev/Bachelor/baseline/angularbooking/AngularBooking.Tests/Controller/Site/PricingStrategyItemsControllerTest.cs","/home/alex/dev/Bachelor/baseline/angularbooking/AngularBooking.Tests/Controller/Site/PricingStrategyItemsControllerTest.cs","PricingStrategyItemsControllerTest::Should_GetPricingStrategyItem","AngularBooking.Tests.Controller.Site::PricingStrategyItemsControllerTest::Should_GetPricingStrategyItem()",37,47
9,1,84,0,11,"PricingStrategyItemsControllerTest::Should_PutPricingStrategyItem@50-60@/home/alex/dev/Bachelor/baseline/angularbooking/AngularBooking.Tests/Controller/Site/PricingStrategyItemsControllerTest.cs","/home/alex/dev/Bachelor/baseline/angularbooking/AngularBooking.Tests/Controller/Site/PricingStrategyItemsControllerTest.cs","PricingStrategyItemsControllerTest::Should_PutPricingStrategyItem","AngularBooking.Tests.Controller.Site::PricingStrategyItemsControllerTest::Should_PutPricingStrategyItem()",50,60
10,1,95,0,12,"PricingStrategyItemsControllerTest::ShouldNot_PutPricingStrategyItem_ModelStateError@63-74@/home/alex/dev/Bachelor/baseline/angularbooking/AngularBooking.Tests/Controller/Site/PricingStrategyItemsControllerTest.cs","/home/alex/dev/Bachelor/baseline/angularbooking/AngularBooking.Tests/Controller/Site/PricingStrategyItemsControllerTest.cs","PricingStrategyItemsControllerTest::ShouldNot_PutPricingStrategyItem_ModelStateError","AngularBooking.Tests.Controller.Site::PricingStrategyItemsControllerTest::ShouldNot_PutPricingStrategyItem_ModelStateError()",63,74
9,1,84,0,11,"PricingStrategyItemsControllerTest::ShouldNot_PutPricingStrategyItem_IdMismatch@77-87@/home/alex/dev/Bachelor/baseline/angularbooking/AngularBooking.Tests/Controller/Site/PricingStrategyItemsControllerTest.cs","/home/alex/dev/Bachelor/baseline/angularbooking/AngularBooking.Tests/Controller/Site/PricingStrategyItemsControllerTest.cs","PricingStrategyItemsControllerTest::ShouldNot_PutPricingStrategyItem_IdMismatch","AngularBooking.Tests.Controller.Site::PricingStrategyItemsControllerTest::ShouldNot_PutPricingStrategyItem_IdMismatch()",77,87
9,1,98,0,12,"PricingStrategyItemsControllerTest::Should_PostPricingStrategyItem@90-101@/home/alex/dev/Bachelor/baseline/angularbooking/AngularBooking.Tests/Controller/Site/PricingStrategyItemsControllerTest.cs","/home/alex/dev/Bachelor/baseline/angularbooking/AngularBooking.Tests/Controller/Site/PricingStrategyItemsControllerTest.cs","PricingStrategyItemsControllerTest::Should_PostPricingStrategyItem","AngularBooking.Tests.Controller.Site::PricingStrategyItemsControllerTest::Should_PostPricingStrategyItem()",90,101
11,1,130,0,13,"PricingStrategyItemsControllerTest::ShouldNot_PostPricingStrategyItem_ModelStateError@104-116@/home/alex/dev/Bachelor/baseline/angularbooking/AngularBooking.Tests/Controller/Site/PricingStrategyItemsControllerTest.cs","/home/alex/dev/Bachelor/baseline/angularbooking/AngularBooking.Tests/Controller/Site/PricingStrategyItemsControllerTest.cs","PricingStrategyItemsControllerTest::ShouldNot_PostPricingStrategyItem_ModelStateError","AngularBooking.Tests.Controller.Site::PricingStrategyItemsControllerTest::ShouldNot_PostPricingStrategyItem_ModelStateError()",104,116
10,1,103,0,12,"PricingStrategyItemsControllerTest::Should_DeletePricingStrategyItem@119-130@/home/alex/dev/Bachelor/baseline/angularbooking/AngularBooking.Tests/Controller/Site/PricingStrategyItemsControllerTest.cs","/home/alex/dev/Bachelor/baseline/angularbooking/AngularBooking.Tests/Controller/Site/PricingStrategyItemsControllerTest.cs","PricingStrategyItemsControllerTest::Should_DeletePricingStrategyItem","AngularBooking.Tests.Controller.Site::PricingStrategyItemsControllerTest::Should_DeletePricingStrategyItem()",119,130
10,1,93,0,12,"PricingStrategyItemsControllerTest::ShouldNot_DeletePricingStrategyItem_ModelStateError@133-144@/home/alex/dev/Bachelor/baseline/angularbooking/AngularBooking.Tests/Controller/Site/PricingStrategyItemsControllerTest.cs","/home/alex/dev/Bachelor/baseline/angularbooking/AngularBooking.Tests/Controller/Site/PricingStrategyItemsControllerTest.cs","PricingStrategyItemsControllerTest::ShouldNot_DeletePricingStrategyItem_ModelStateError","AngularBooking.Tests.Controller.Site::PricingStrategyItemsControllerTest::ShouldNot_DeletePricingStrategyItem_ModelStateError()",133,144
9,1,85,0,11,"PricingStrategyItemsControllerTest::ShouldNot_DeletePricingStrategyItem_NotFound@147-157@/home/alex/dev/Bachelor/baseline/angularbooking/AngularBooking.Tests/Controller/Site/PricingStrategyItemsControllerTest.cs","/home/alex/dev/Bachelor/baseline/angularbooking/AngularBooking.Tests/Controller/Site/PricingStrategyItemsControllerTest.cs","PricingStrategyItemsControllerTest::ShouldNot_DeletePricingStrategyItem_NotFound","AngularBooking.Tests.Controller.Site::PricingStrategyItemsControllerTest::ShouldNot_DeletePricingStrategyItem_NotFound()",147,157
17,1,117,1,22,"RoomsControllerTest::RoomsControllerTest@27-48@/home/alex/dev/Bachelor/baseline/angularbooking/AngularBooking.Tests/Controller/Site/RoomsControllerTest.cs","/home/alex/dev/Bachelor/baseline/angularbooking/AngularBooking.Tests/Controller/Site/RoomsControllerTest.cs","RoomsControllerTest::RoomsControllerTest","AngularBooking.Tests.Controller.Site::RoomsControllerTest::RoomsControllerTest( WebApplicationFactory<Startup> factory)",27,48
16,1,241,0,18,"RoomsControllerTest::Should_GetRooms@50-67@/home/alex/dev/Bachelor/baseline/angularbooking/AngularBooking.Tests/Controller/Site/RoomsControllerTest.cs","/home/alex/dev/Bachelor/baseline/angularbooking/AngularBooking.Tests/Controller/Site/RoomsControllerTest.cs","RoomsControllerTest::Should_GetRooms","AngularBooking.Tests.Controller.Site::RoomsControllerTest::Should_GetRooms()",50,67
9,1,106,0,11,"RoomsControllerTest::Should_GetRoom@70-80@/home/alex/dev/Bachelor/baseline/angularbooking/AngularBooking.Tests/Controller/Site/RoomsControllerTest.cs","/home/alex/dev/Bachelor/baseline/angularbooking/AngularBooking.Tests/Controller/Site/RoomsControllerTest.cs","RoomsControllerTest::Should_GetRoom","AngularBooking.Tests.Controller.Site::RoomsControllerTest::Should_GetRoom()",70,80
9,1,108,0,11,"RoomsControllerTest::Should_PutRoom@83-93@/home/alex/dev/Bachelor/baseline/angularbooking/AngularBooking.Tests/Controller/Site/RoomsControllerTest.cs","/home/alex/dev/Bachelor/baseline/angularbooking/AngularBooking.Tests/Controller/Site/RoomsControllerTest.cs","RoomsControllerTest::Should_PutRoom","AngularBooking.Tests.Controller.Site::RoomsControllerTest::Should_PutRoom()",83,93
10,1,119,0,12,"RoomsControllerTest::ShouldNot_PutRoom_ModelStateError@96-107@/home/alex/dev/Bachelor/baseline/angularbooking/AngularBooking.Tests/Controller/Site/RoomsControllerTest.cs","/home/alex/dev/Bachelor/baseline/angularbooking/AngularBooking.Tests/Controller/Site/RoomsControllerTest.cs","RoomsControllerTest::ShouldNot_PutRoom_ModelStateError","AngularBooking.Tests.Controller.Site::RoomsControllerTest::ShouldNot_PutRoom_ModelStateError()",96,107
9,1,108,0,11,"RoomsControllerTest::ShouldNot_PutRoom_IdMismatch@110-120@/home/alex/dev/Bachelor/baseline/angularbooking/AngularBooking.Tests/Controller/Site/RoomsControllerTest.cs","/home/alex/dev/Bachelor/baseline/angularbooking/AngularBooking.Tests/Controller/Site/RoomsControllerTest.cs","RoomsControllerTest::ShouldNot_PutRoom_IdMismatch","AngularBooking.Tests.Controller.Site::RoomsControllerTest::ShouldNot_PutRoom_IdMismatch()",110,120
9,1,106,0,12,"RoomsControllerTest::Should_PostRoom@123-134@/home/alex/dev/Bachelor/baseline/angularbooking/AngularBooking.Tests/Controller/Site/RoomsControllerTest.cs","/home/alex/dev/Bachelor/baseline/angularbooking/AngularBooking.Tests/Controller/Site/RoomsControllerTest.cs","RoomsControllerTest::Should_PostRoom","AngularBooking.Tests.Controller.Site::RoomsControllerTest::Should_PostRoom()",123,134
11,1,138,0,13,"RoomsControllerTest::ShouldNot_PostRoom_ModelStateError@137-149@/home/alex/dev/Bachelor/baseline/angularbooking/AngularBooking.Tests/Controller/Site/RoomsControllerTest.cs","/home/alex/dev/Bachelor/baseline/angularbooking/AngularBooking.Tests/Controller/Site/RoomsControllerTest.cs","RoomsControllerTest::ShouldNot_PostRoom_ModelStateError","AngularBooking.Tests.Controller.Site::RoomsControllerTest::ShouldNot_PostRoom_ModelStateError()",137,149
10,1,103,0,12,"RoomsControllerTest::Should_DeleteRoom@152-163@/home/alex/dev/Bachelor/baseline/angularbooking/AngularBooking.Tests/Controller/Site/RoomsControllerTest.cs","/home/alex/dev/Bachelor/baseline/angularbooking/AngularBooking.Tests/Controller/Site/RoomsControllerTest.cs","RoomsControllerTest::Should_DeleteRoom","AngularBooking.Tests.Controller.Site::RoomsControllerTest::Should_DeleteRoom()",152,163
10,1,93,0,12,"RoomsControllerTest::ShouldNot_DeleteRoom_ModelStateError@166-177@/home/alex/dev/Bachelor/baseline/angularbooking/AngularBooking.Tests/Controller/Site/RoomsControllerTest.cs","/home/alex/dev/Bachelor/baseline/angularbooking/AngularBooking.Tests/Controller/Site/RoomsControllerTest.cs","RoomsControllerTest::ShouldNot_DeleteRoom_ModelStateError","AngularBooking.Tests.Controller.Site::RoomsControllerTest::ShouldNot_DeleteRoom_ModelStateError()",166,177
9,1,85,0,11,"RoomsControllerTest::ShouldNot_DeleteRoom_NotFound@180-190@/home/alex/dev/Bachelor/baseline/angularbooking/AngularBooking.Tests/Controller/Site/RoomsControllerTest.cs","/home/alex/dev/Bachelor/baseline/angularbooking/AngularBooking.Tests/Controller/Site/RoomsControllerTest.cs","RoomsControllerTest::ShouldNot_DeleteRoom_NotFound","AngularBooking.Tests.Controller.Site::RoomsControllerTest::ShouldNot_DeleteRoom_NotFound()",180,190
87,4,594,0,106,"RoomsControllerTest::Should_GetRoom_WithShowingOnSpecifiedDate@195-300@/home/alex/dev/Bachelor/baseline/angularbooking/AngularBooking.Tests/Controller/Site/RoomsControllerTest.cs","/home/alex/dev/Bachelor/baseline/angularbooking/AngularBooking.Tests/Controller/Site/RoomsControllerTest.cs","RoomsControllerTest::Should_GetRoom_WithShowingOnSpecifiedDate","AngularBooking.Tests.Controller.Site::RoomsControllerTest::Should_GetRoom_WithShowingOnSpecifiedDate()",195,300
17,1,117,1,22,"ShowingsControllerTest::ShowingsControllerTest@27-48@/home/alex/dev/Bachelor/baseline/angularbooking/AngularBooking.Tests/Controller/Site/ShowingsControllerTest.cs","/home/alex/dev/Bachelor/baseline/angularbooking/AngularBooking.Tests/Controller/Site/ShowingsControllerTest.cs","ShowingsControllerTest::ShowingsControllerTest","AngularBooking.Tests.Controller.Site::ShowingsControllerTest::ShowingsControllerTest( WebApplicationFactory<Startup> factory)",27,48
16,1,322,0,18,"ShowingsControllerTest::Should_GetShowings@51-68@/home/alex/dev/Bachelor/baseline/angularbooking/AngularBooking.Tests/Controller/Site/ShowingsControllerTest.cs","/home/alex/dev/Bachelor/baseline/angularbooking/AngularBooking.Tests/Controller/Site/ShowingsControllerTest.cs","ShowingsControllerTest::Should_GetShowings","AngularBooking.Tests.Controller.Site::ShowingsControllerTest::Should_GetShowings()",51,68
9,1,122,0,11,"ShowingsControllerTest::Should_GetShowing@71-81@/home/alex/dev/Bachelor/baseline/angularbooking/AngularBooking.Tests/Controller/Site/ShowingsControllerTest.cs","/home/alex/dev/Bachelor/baseline/angularbooking/AngularBooking.Tests/Controller/Site/ShowingsControllerTest.cs","ShowingsControllerTest::Should_GetShowing","AngularBooking.Tests.Controller.Site::ShowingsControllerTest::Should_GetShowing()",71,81
9,1,124,0,11,"ShowingsControllerTest::Should_PutShowing@84-94@/home/alex/dev/Bachelor/baseline/angularbooking/AngularBooking.Tests/Controller/Site/ShowingsControllerTest.cs","/home/alex/dev/Bachelor/baseline/angularbooking/AngularBooking.Tests/Controller/Site/ShowingsControllerTest.cs","ShowingsControllerTest::Should_PutShowing","AngularBooking.Tests.Controller.Site::ShowingsControllerTest::Should_PutShowing()",84,94
10,1,135,0,12,"ShowingsControllerTest::ShouldNot_PutShowing_ModelStateError@97-108@/home/alex/dev/Bachelor/baseline/angularbooking/AngularBooking.Tests/Controller/Site/ShowingsControllerTest.cs","/home/alex/dev/Bachelor/baseline/angularbooking/AngularBooking.Tests/Controller/Site/ShowingsControllerTest.cs","ShowingsControllerTest::ShouldNot_PutShowing_ModelStateError","AngularBooking.Tests.Controller.Site::ShowingsControllerTest::ShouldNot_PutShowing_ModelStateError()",97,108
9,1,124,0,11,"ShowingsControllerTest::ShouldNot_PutShowing_IdMismatch@111-121@/home/alex/dev/Bachelor/baseline/angularbooking/AngularBooking.Tests/Controller/Site/ShowingsControllerTest.cs","/home/alex/dev/Bachelor/baseline/angularbooking/AngularBooking.Tests/Controller/Site/ShowingsControllerTest.cs","ShowingsControllerTest::ShouldNot_PutShowing_IdMismatch","AngularBooking.Tests.Controller.Site::ShowingsControllerTest::ShouldNot_PutShowing_IdMismatch()",111,121
9,1,122,0,12,"ShowingsControllerTest::Should_PostShowing@124-135@/home/alex/dev/Bachelor/baseline/angularbooking/AngularBooking.Tests/Controller/Site/ShowingsControllerTest.cs","/home/alex/dev/Bachelor/baseline/angularbooking/AngularBooking.Tests/Controller/Site/ShowingsControllerTest.cs","ShowingsControllerTest::Should_PostShowing","AngularBooking.Tests.Controller.Site::ShowingsControllerTest::Should_PostShowing()",124,135
11,1,154,0,13,"ShowingsControllerTest::ShouldNot_PostShowing_ModelStateError@138-150@/home/alex/dev/Bachelor/baseline/angularbooking/AngularBooking.Tests/Controller/Site/ShowingsControllerTest.cs","/home/alex/dev/Bachelor/baseline/angularbooking/AngularBooking.Tests/Controller/Site/ShowingsControllerTest.cs","ShowingsControllerTest::ShouldNot_PostShowing_ModelStateError","AngularBooking.Tests.Controller.Site::ShowingsControllerTest::ShouldNot_PostShowing_ModelStateError()",138,150
10,1,103,0,12,"ShowingsControllerTest::Should_DeleteShowing@153-164@/home/alex/dev/Bachelor/baseline/angularbooking/AngularBooking.Tests/Controller/Site/ShowingsControllerTest.cs","/home/alex/dev/Bachelor/baseline/angularbooking/AngularBooking.Tests/Controller/Site/ShowingsControllerTest.cs","ShowingsControllerTest::Should_DeleteShowing","AngularBooking.Tests.Controller.Site::ShowingsControllerTest::Should_DeleteShowing()",153,164
10,1,93,0,12,"ShowingsControllerTest::ShouldNot_DeleteShowing_ModelStateError@167-178@/home/alex/dev/Bachelor/baseline/angularbooking/AngularBooking.Tests/Controller/Site/ShowingsControllerTest.cs","/home/alex/dev/Bachelor/baseline/angularbooking/AngularBooking.Tests/Controller/Site/ShowingsControllerTest.cs","ShowingsControllerTest::ShouldNot_DeleteShowing_ModelStateError","AngularBooking.Tests.Controller.Site::ShowingsControllerTest::ShouldNot_DeleteShowing_ModelStateError()",167,178
9,1,85,0,11,"ShowingsControllerTest::ShouldNot_DeleteShowing_NotFound@181-191@/home/alex/dev/Bachelor/baseline/angularbooking/AngularBooking.Tests/Controller/Site/ShowingsControllerTest.cs","/home/alex/dev/Bachelor/baseline/angularbooking/AngularBooking.Tests/Controller/Site/ShowingsControllerTest.cs","ShowingsControllerTest::ShouldNot_DeleteShowing_NotFound","AngularBooking.Tests.Controller.Site::ShowingsControllerTest::ShouldNot_DeleteShowing_NotFound()",181,191
87,6,609,1,107,"ShowingsControllerTest::Should_GetShowings_IncludeEventRoomVenue@199-305@/home/alex/dev/Bachelor/baseline/angularbooking/AngularBooking.Tests/Controller/Site/ShowingsControllerTest.cs","/home/alex/dev/Bachelor/baseline/angularbooking/AngularBooking.Tests/Controller/Site/ShowingsControllerTest.cs","ShowingsControllerTest::Should_GetShowings_IncludeEventRoomVenue","AngularBooking.Tests.Controller.Site::ShowingsControllerTest::Should_GetShowings_IncludeEventRoomVenue( string name)",199,305
120,4,770,0,146,"ShowingsControllerTest::Should_GetShowingAllocations@308-453@/home/alex/dev/Bachelor/baseline/angularbooking/AngularBooking.Tests/Controller/Site/ShowingsControllerTest.cs","/home/alex/dev/Bachelor/baseline/angularbooking/AngularBooking.Tests/Controller/Site/ShowingsControllerTest.cs","ShowingsControllerTest::Should_GetShowingAllocations","AngularBooking.Tests.Controller.Site::ShowingsControllerTest::Should_GetShowingAllocations()",308,453
17,1,117,1,22,"VenuesControllerTest::VenuesControllerTest@27-48@/home/alex/dev/Bachelor/baseline/angularbooking/AngularBooking.Tests/Controller/Site/VenuesControllerTest.cs","/home/alex/dev/Bachelor/baseline/angularbooking/AngularBooking.Tests/Controller/Site/VenuesControllerTest.cs","VenuesControllerTest::VenuesControllerTest","AngularBooking.Tests.Controller.Site::VenuesControllerTest::VenuesControllerTest( WebApplicationFactory<Startup> factory)",27,48
62,1,261,0,64,"VenuesControllerTest::Should_GetVenues@51-114@/home/alex/dev/Bachelor/baseline/angularbooking/AngularBooking.Tests/Controller/Site/VenuesControllerTest.cs","/home/alex/dev/Bachelor/baseline/angularbooking/AngularBooking.Tests/Controller/Site/VenuesControllerTest.cs","VenuesControllerTest::Should_GetVenues","AngularBooking.Tests.Controller.Site::VenuesControllerTest::Should_GetVenues()",51,114
25,1,134,0,27,"VenuesControllerTest::Should_GetVenue@117-143@/home/alex/dev/Bachelor/baseline/angularbooking/AngularBooking.Tests/Controller/Site/VenuesControllerTest.cs","/home/alex/dev/Bachelor/baseline/angularbooking/AngularBooking.Tests/Controller/Site/VenuesControllerTest.cs","VenuesControllerTest::Should_GetVenue","AngularBooking.Tests.Controller.Site::VenuesControllerTest::Should_GetVenue()",117,143
25,1,136,0,27,"VenuesControllerTest::Should_PutVenue@146-172@/home/alex/dev/Bachelor/baseline/angularbooking/AngularBooking.Tests/Controller/Site/VenuesControllerTest.cs","/home/alex/dev/Bachelor/baseline/angularbooking/AngularBooking.Tests/Controller/Site/VenuesControllerTest.cs","VenuesControllerTest::Should_PutVenue","AngularBooking.Tests.Controller.Site::VenuesControllerTest::Should_PutVenue()",146,172
26,1,147,0,28,"VenuesControllerTest::ShouldNot_PutVenue_ModelStateError@175-202@/home/alex/dev/Bachelor/baseline/angularbooking/AngularBooking.Tests/Controller/Site/VenuesControllerTest.cs","/home/alex/dev/Bachelor/baseline/angularbooking/AngularBooking.Tests/Controller/Site/VenuesControllerTest.cs","VenuesControllerTest::ShouldNot_PutVenue_ModelStateError","AngularBooking.Tests.Controller.Site::VenuesControllerTest::ShouldNot_PutVenue_ModelStateError()",175,202
25,1,136,0,27,"VenuesControllerTest::ShouldNot_PutVenue_IdMismatch@205-231@/home/alex/dev/Bachelor/baseline/angularbooking/AngularBooking.Tests/Controller/Site/VenuesControllerTest.cs","/home/alex/dev/Bachelor/baseline/angularbooking/AngularBooking.Tests/Controller/Site/VenuesControllerTest.cs","VenuesControllerTest::ShouldNot_PutVenue_IdMismatch","AngularBooking.Tests.Controller.Site::VenuesControllerTest::ShouldNot_PutVenue_IdMismatch()",205,231
25,1,134,0,28,"VenuesControllerTest::Should_PostVenue@234-261@/home/alex/dev/Bachelor/baseline/angularbooking/AngularBooking.Tests/Controller/Site/VenuesControllerTest.cs","/home/alex/dev/Bachelor/baseline/angularbooking/AngularBooking.Tests/Controller/Site/VenuesControllerTest.cs","VenuesControllerTest::Should_PostVenue","AngularBooking.Tests.Controller.Site::VenuesControllerTest::Should_PostVenue()",234,261
27,1,166,0,29,"VenuesControllerTest::ShouldNot_PostVenue_ModelStateError@264-292@/home/alex/dev/Bachelor/baseline/angularbooking/AngularBooking.Tests/Controller/Site/VenuesControllerTest.cs","/home/alex/dev/Bachelor/baseline/angularbooking/AngularBooking.Tests/Controller/Site/VenuesControllerTest.cs","VenuesControllerTest::ShouldNot_PostVenue_ModelStateError","AngularBooking.Tests.Controller.Site::VenuesControllerTest::ShouldNot_PostVenue_ModelStateError()",264,292
10,1,103,0,12,"VenuesControllerTest::Should_DeleteVenue@295-306@/home/alex/dev/Bachelor/baseline/angularbooking/AngularBooking.Tests/Controller/Site/VenuesControllerTest.cs","/home/alex/dev/Bachelor/baseline/angularbooking/AngularBooking.Tests/Controller/Site/VenuesControllerTest.cs","VenuesControllerTest::Should_DeleteVenue","AngularBooking.Tests.Controller.Site::VenuesControllerTest::Should_DeleteVenue()",295,306
10,1,93,0,12,"VenuesControllerTest::ShouldNot_DeleteVenue_ModelStateError@309-320@/home/alex/dev/Bachelor/baseline/angularbooking/AngularBooking.Tests/Controller/Site/VenuesControllerTest.cs","/home/alex/dev/Bachelor/baseline/angularbooking/AngularBooking.Tests/Controller/Site/VenuesControllerTest.cs","VenuesControllerTest::ShouldNot_DeleteVenue_ModelStateError","AngularBooking.Tests.Controller.Site::VenuesControllerTest::ShouldNot_DeleteVenue_ModelStateError()",309,320
9,1,85,0,11,"VenuesControllerTest::ShouldNot_DeleteVenue_NotFound@323-333@/home/alex/dev/Bachelor/baseline/angularbooking/AngularBooking.Tests/Controller/Site/VenuesControllerTest.cs","/home/alex/dev/Bachelor/baseline/angularbooking/AngularBooking.Tests/Controller/Site/VenuesControllerTest.cs","VenuesControllerTest::ShouldNot_DeleteVenue_NotFound","AngularBooking.Tests.Controller.Site::VenuesControllerTest::ShouldNot_DeleteVenue_NotFound()",323,333
87,6,622,1,107,"VenuesControllerTest::Should_GetVenues_IncludeShowingsEventRoom@341-447@/home/alex/dev/Bachelor/baseline/angularbooking/AngularBooking.Tests/Controller/Site/VenuesControllerTest.cs","/home/alex/dev/Bachelor/baseline/angularbooking/AngularBooking.Tests/Controller/Site/VenuesControllerTest.cs","VenuesControllerTest::Should_GetVenues_IncludeShowingsEventRoom","AngularBooking.Tests.Controller.Site::VenuesControllerTest::Should_GetVenues_IncludeShowingsEventRoom( string name)",341,447
8,1,35,0,8,"DbRepositoryBookingItemTest::Should_CreateRepository_ForBookingItem@14-21@/home/alex/dev/Bachelor/baseline/angularbooking/AngularBooking.Tests/Data/Repository/Db/DbRepositoryBookingItemTest.cs","/home/alex/dev/Bachelor/baseline/angularbooking/AngularBooking.Tests/Data/Repository/Db/DbRepositoryBookingItemTest.cs","DbRepositoryBookingItemTest::Should_CreateRepository_ForBookingItem","AngularBooking.Tests.Data.Repository.Db::DbRepositoryBookingItemTest::Should_CreateRepository_ForBookingItem()",14,21
10,1,68,0,11,"DbRepositoryBookingItemTest::Should_AddBookingItem@24-34@/home/alex/dev/Bachelor/baseline/angularbooking/AngularBooking.Tests/Data/Repository/Db/DbRepositoryBookingItemTest.cs","/home/alex/dev/Bachelor/baseline/angularbooking/AngularBooking.Tests/Data/Repository/Db/DbRepositoryBookingItemTest.cs","DbRepositoryBookingItemTest::Should_AddBookingItem","AngularBooking.Tests.Data.Repository.Db::DbRepositoryBookingItemTest::Should_AddBookingItem()",24,34
9,1,53,0,10,"DbRepositoryBookingItemTest::Should_GetBookingItems@37-46@/home/alex/dev/Bachelor/baseline/angularbooking/AngularBooking.Tests/Data/Repository/Db/DbRepositoryBookingItemTest.cs","/home/alex/dev/Bachelor/baseline/angularbooking/AngularBooking.Tests/Data/Repository/Db/DbRepositoryBookingItemTest.cs","DbRepositoryBookingItemTest::Should_GetBookingItems","AngularBooking.Tests.Data.Repository.Db::DbRepositoryBookingItemTest::Should_GetBookingItems()",37,46
9,1,47,1,9,"DbRepositoryBookingItemTest::Should_GetBookingItemById@50-58@/home/alex/dev/Bachelor/baseline/angularbooking/AngularBooking.Tests/Data/Repository/Db/DbRepositoryBookingItemTest.cs","/home/alex/dev/Bachelor/baseline/angularbooking/AngularBooking.Tests/Data/Repository/Db/DbRepositoryBookingItemTest.cs","DbRepositoryBookingItemTest::Should_GetBookingItemById","AngularBooking.Tests.Data.Repository.Db::DbRepositoryBookingItemTest::Should_GetBookingItemById( int id)",50,58
12,2,82,0,17,"DbRepositoryBookingItemTest::Should_UpdateBookingItem@61-77@/home/alex/dev/Bachelor/baseline/angularbooking/AngularBooking.Tests/Data/Repository/Db/DbRepositoryBookingItemTest.cs","/home/alex/dev/Bachelor/baseline/angularbooking/AngularBooking.Tests/Data/Repository/Db/DbRepositoryBookingItemTest.cs","DbRepositoryBookingItemTest::Should_UpdateBookingItem","AngularBooking.Tests.Data.Repository.Db::DbRepositoryBookingItemTest::Should_UpdateBookingItem()",61,77
12,2,69,0,15,"DbRepositoryBookingItemTest::Should_DeleteBookingItem@80-94@/home/alex/dev/Bachelor/baseline/angularbooking/AngularBooking.Tests/Data/Repository/Db/DbRepositoryBookingItemTest.cs","/home/alex/dev/Bachelor/baseline/angularbooking/AngularBooking.Tests/Data/Repository/Db/DbRepositoryBookingItemTest.cs","DbRepositoryBookingItemTest::Should_DeleteBookingItem","AngularBooking.Tests.Data.Repository.Db::DbRepositoryBookingItemTest::Should_DeleteBookingItem()",80,94
12,2,69,0,15,"DbRepositoryBookingItemTest::Should_BookingItemExist@97-111@/home/alex/dev/Bachelor/baseline/angularbooking/AngularBooking.Tests/Data/Repository/Db/DbRepositoryBookingItemTest.cs","/home/alex/dev/Bachelor/baseline/angularbooking/AngularBooking.Tests/Data/Repository/Db/DbRepositoryBookingItemTest.cs","DbRepositoryBookingItemTest::Should_BookingItemExist","AngularBooking.Tests.Data.Repository.Db::DbRepositoryBookingItemTest::Should_BookingItemExist()",97,111
8,1,35,0,8,"DbRepositoryBookingTest::Should_CreateRepository_ForBooking@14-21@/home/alex/dev/Bachelor/baseline/angularbooking/AngularBooking.Tests/Data/Repository/Db/DbRepositoryBookingTest.cs","/home/alex/dev/Bachelor/baseline/angularbooking/AngularBooking.Tests/Data/Repository/Db/DbRepositoryBookingTest.cs","DbRepositoryBookingTest::Should_CreateRepository_ForBooking","AngularBooking.Tests.Data.Repository.Db::DbRepositoryBookingTest::Should_CreateRepository_ForBooking()",14,21
10,1,70,0,11,"DbRepositoryBookingTest::Should_AddBooking@24-34@/home/alex/dev/Bachelor/baseline/angularbooking/AngularBooking.Tests/Data/Repository/Db/DbRepositoryBookingTest.cs","/home/alex/dev/Bachelor/baseline/angularbooking/AngularBooking.Tests/Data/Repository/Db/DbRepositoryBookingTest.cs","DbRepositoryBookingTest::Should_AddBooking","AngularBooking.Tests.Data.Repository.Db::DbRepositoryBookingTest::Should_AddBooking()",24,34
9,1,53,0,10,"DbRepositoryBookingTest::Should_GetBookings@37-46@/home/alex/dev/Bachelor/baseline/angularbooking/AngularBooking.Tests/Data/Repository/Db/DbRepositoryBookingTest.cs","/home/alex/dev/Bachelor/baseline/angularbooking/AngularBooking.Tests/Data/Repository/Db/DbRepositoryBookingTest.cs","DbRepositoryBookingTest::Should_GetBookings","AngularBooking.Tests.Data.Repository.Db::DbRepositoryBookingTest::Should_GetBookings()",37,46
9,1,47,1,9,"DbRepositoryBookingTest::Should_GetBookingById@50-58@/home/alex/dev/Bachelor/baseline/angularbooking/AngularBooking.Tests/Data/Repository/Db/DbRepositoryBookingTest.cs","/home/alex/dev/Bachelor/baseline/angularbooking/AngularBooking.Tests/Data/Repository/Db/DbRepositoryBookingTest.cs","DbRepositoryBookingTest::Should_GetBookingById","AngularBooking.Tests.Data.Repository.Db::DbRepositoryBookingTest::Should_GetBookingById( int id)",50,58
12,2,86,0,16,"DbRepositoryBookingTest::Should_UpdateBooking@61-76@/home/alex/dev/Bachelor/baseline/angularbooking/AngularBooking.Tests/Data/Repository/Db/DbRepositoryBookingTest.cs","/home/alex/dev/Bachelor/baseline/angularbooking/AngularBooking.Tests/Data/Repository/Db/DbRepositoryBookingTest.cs","DbRepositoryBookingTest::Should_UpdateBooking","AngularBooking.Tests.Data.Repository.Db::DbRepositoryBookingTest::Should_UpdateBooking()",61,76
12,2,77,0,15,"DbRepositoryBookingTest::Should_DeleteBooking@79-93@/home/alex/dev/Bachelor/baseline/angularbooking/AngularBooking.Tests/Data/Repository/Db/DbRepositoryBookingTest.cs","/home/alex/dev/Bachelor/baseline/angularbooking/AngularBooking.Tests/Data/Repository/Db/DbRepositoryBookingTest.cs","DbRepositoryBookingTest::Should_DeleteBooking","AngularBooking.Tests.Data.Repository.Db::DbRepositoryBookingTest::Should_DeleteBooking()",79,93
12,2,69,0,15,"DbRepositoryBookingTest::Should_BookingExist@96-110@/home/alex/dev/Bachelor/baseline/angularbooking/AngularBooking.Tests/Data/Repository/Db/DbRepositoryBookingTest.cs","/home/alex/dev/Bachelor/baseline/angularbooking/AngularBooking.Tests/Data/Repository/Db/DbRepositoryBookingTest.cs","DbRepositoryBookingTest::Should_BookingExist","AngularBooking.Tests.Data.Repository.Db::DbRepositoryBookingTest::Should_BookingExist()",96,110
8,1,35,0,8,"DbRepositoryEventTest::Should_CreateRepository_ForEvent@14-21@/home/alex/dev/Bachelor/baseline/angularbooking/AngularBooking.Tests/Data/Repository/Db/DbRepositoryEventTest.cs","/home/alex/dev/Bachelor/baseline/angularbooking/AngularBooking.Tests/Data/Repository/Db/DbRepositoryEventTest.cs","DbRepositoryEventTest::Should_CreateRepository_ForEvent","AngularBooking.Tests.Data.Repository.Db::DbRepositoryEventTest::Should_CreateRepository_ForEvent()",14,21
10,1,76,0,11,"DbRepositoryEventTest::Should_AddEvent@24-34@/home/alex/dev/Bachelor/baseline/angularbooking/AngularBooking.Tests/Data/Repository/Db/DbRepositoryEventTest.cs","/home/alex/dev/Bachelor/baseline/angularbooking/AngularBooking.Tests/Data/Repository/Db/DbRepositoryEventTest.cs","DbRepositoryEventTest::Should_AddEvent","AngularBooking.Tests.Data.Repository.Db::DbRepositoryEventTest::Should_AddEvent()",24,34
9,1,53,0,10,"DbRepositoryEventTest::Should_GetEvents@37-46@/home/alex/dev/Bachelor/baseline/angularbooking/AngularBooking.Tests/Data/Repository/Db/DbRepositoryEventTest.cs","/home/alex/dev/Bachelor/baseline/angularbooking/AngularBooking.Tests/Data/Repository/Db/DbRepositoryEventTest.cs","DbRepositoryEventTest::Should_GetEvents","AngularBooking.Tests.Data.Repository.Db::DbRepositoryEventTest::Should_GetEvents()",37,46
9,1,47,1,9,"DbRepositoryEventTest::Should_GetEventById@50-58@/home/alex/dev/Bachelor/baseline/angularbooking/AngularBooking.Tests/Data/Repository/Db/DbRepositoryEventTest.cs","/home/alex/dev/Bachelor/baseline/angularbooking/AngularBooking.Tests/Data/Repository/Db/DbRepositoryEventTest.cs","DbRepositoryEventTest::Should_GetEventById","AngularBooking.Tests.Data.Repository.Db::DbRepositoryEventTest::Should_GetEventById( int id)",50,58
12,2,82,0,16,"DbRepositoryEventTest::Should_UpdateEvent@61-76@/home/alex/dev/Bachelor/baseline/angularbooking/AngularBooking.Tests/Data/Repository/Db/DbRepositoryEventTest.cs","/home/alex/dev/Bachelor/baseline/angularbooking/AngularBooking.Tests/Data/Repository/Db/DbRepositoryEventTest.cs","DbRepositoryEventTest::Should_UpdateEvent","AngularBooking.Tests.Data.Repository.Db::DbRepositoryEventTest::Should_UpdateEvent()",61,76
12,2,72,0,15,"DbRepositoryEventTest::Should_DeleteEvent@79-93@/home/alex/dev/Bachelor/baseline/angularbooking/AngularBooking.Tests/Data/Repository/Db/DbRepositoryEventTest.cs","/home/alex/dev/Bachelor/baseline/angularbooking/AngularBooking.Tests/Data/Repository/Db/DbRepositoryEventTest.cs","DbRepositoryEventTest::Should_DeleteEvent","AngularBooking.Tests.Data.Repository.Db::DbRepositoryEventTest::Should_DeleteEvent()",79,93
12,2,72,0,15,"DbRepositoryEventTest::Should_EventExist@96-110@/home/alex/dev/Bachelor/baseline/angularbooking/AngularBooking.Tests/Data/Repository/Db/DbRepositoryEventTest.cs","/home/alex/dev/Bachelor/baseline/angularbooking/AngularBooking.Tests/Data/Repository/Db/DbRepositoryEventTest.cs","DbRepositoryEventTest::Should_EventExist","AngularBooking.Tests.Data.Repository.Db::DbRepositoryEventTest::Should_EventExist()",96,110
8,1,35,0,8,"DbRepositoryFeatureTest::Should_CreateRepository_ForFeature@14-21@/home/alex/dev/Bachelor/baseline/angularbooking/AngularBooking.Tests/Data/Repository/Db/DbRepositoryFeatureTest.cs","/home/alex/dev/Bachelor/baseline/angularbooking/AngularBooking.Tests/Data/Repository/Db/DbRepositoryFeatureTest.cs","DbRepositoryFeatureTest::Should_CreateRepository_ForFeature","AngularBooking.Tests.Data.Repository.Db::DbRepositoryFeatureTest::Should_CreateRepository_ForFeature()",14,21
10,1,76,0,11,"DbRepositoryFeatureTest::Should_AddFeature@24-34@/home/alex/dev/Bachelor/baseline/angularbooking/AngularBooking.Tests/Data/Repository/Db/DbRepositoryFeatureTest.cs","/home/alex/dev/Bachelor/baseline/angularbooking/AngularBooking.Tests/Data/Repository/Db/DbRepositoryFeatureTest.cs","DbRepositoryFeatureTest::Should_AddFeature","AngularBooking.Tests.Data.Repository.Db::DbRepositoryFeatureTest::Should_AddFeature()",24,34
9,1,53,0,10,"DbRepositoryFeatureTest::Should_GetFeatures@37-46@/home/alex/dev/Bachelor/baseline/angularbooking/AngularBooking.Tests/Data/Repository/Db/DbRepositoryFeatureTest.cs","/home/alex/dev/Bachelor/baseline/angularbooking/AngularBooking.Tests/Data/Repository/Db/DbRepositoryFeatureTest.cs","DbRepositoryFeatureTest::Should_GetFeatures","AngularBooking.Tests.Data.Repository.Db::DbRepositoryFeatureTest::Should_GetFeatures()",37,46
9,1,47,1,9,"DbRepositoryFeatureTest::Should_GetFeatureById@50-58@/home/alex/dev/Bachelor/baseline/angularbooking/AngularBooking.Tests/Data/Repository/Db/DbRepositoryFeatureTest.cs","/home/alex/dev/Bachelor/baseline/angularbooking/AngularBooking.Tests/Data/Repository/Db/DbRepositoryFeatureTest.cs","DbRepositoryFeatureTest::Should_GetFeatureById","AngularBooking.Tests.Data.Repository.Db::DbRepositoryFeatureTest::Should_GetFeatureById( int id)",50,58
12,2,82,0,16,"DbRepositoryFeatureTest::Should_UpdateFeature@61-76@/home/alex/dev/Bachelor/baseline/angularbooking/AngularBooking.Tests/Data/Repository/Db/DbRepositoryFeatureTest.cs","/home/alex/dev/Bachelor/baseline/angularbooking/AngularBooking.Tests/Data/Repository/Db/DbRepositoryFeatureTest.cs","DbRepositoryFeatureTest::Should_UpdateFeature","AngularBooking.Tests.Data.Repository.Db::DbRepositoryFeatureTest::Should_UpdateFeature()",61,76
12,2,69,0,15,"DbRepositoryFeatureTest::Should_DeleteFeature@79-93@/home/alex/dev/Bachelor/baseline/angularbooking/AngularBooking.Tests/Data/Repository/Db/DbRepositoryFeatureTest.cs","/home/alex/dev/Bachelor/baseline/angularbooking/AngularBooking.Tests/Data/Repository/Db/DbRepositoryFeatureTest.cs","DbRepositoryFeatureTest::Should_DeleteFeature","AngularBooking.Tests.Data.Repository.Db::DbRepositoryFeatureTest::Should_DeleteFeature()",79,93
12,2,69,0,15,"DbRepositoryFeatureTest::Should_FeatureExist@96-110@/home/alex/dev/Bachelor/baseline/angularbooking/AngularBooking.Tests/Data/Repository/Db/DbRepositoryFeatureTest.cs","/home/alex/dev/Bachelor/baseline/angularbooking/AngularBooking.Tests/Data/Repository/Db/DbRepositoryFeatureTest.cs","DbRepositoryFeatureTest::Should_FeatureExist","AngularBooking.Tests.Data.Repository.Db::DbRepositoryFeatureTest::Should_FeatureExist()",96,110
8,1,35,0,8,"DbRepositoryPricingStrategyItemTest::Should_CreateRepository_ForPricingStrategyItem@14-21@/home/alex/dev/Bachelor/baseline/angularbooking/AngularBooking.Tests/Data/Repository/Db/DbRepositoryPricingStrategyItemTest.cs","/home/alex/dev/Bachelor/baseline/angularbooking/AngularBooking.Tests/Data/Repository/Db/DbRepositoryPricingStrategyItemTest.cs","DbRepositoryPricingStrategyItemTest::Should_CreateRepository_ForPricingStrategyItem","AngularBooking.Tests.Data.Repository.Db::DbRepositoryPricingStrategyItemTest::Should_CreateRepository_ForPricingStrategyItem()",14,21
10,1,68,0,11,"DbRepositoryPricingStrategyItemTest::Should_AddPricingStrategyItem@24-34@/home/alex/dev/Bachelor/baseline/angularbooking/AngularBooking.Tests/Data/Repository/Db/DbRepositoryPricingStrategyItemTest.cs","/home/alex/dev/Bachelor/baseline/angularbooking/AngularBooking.Tests/Data/Repository/Db/DbRepositoryPricingStrategyItemTest.cs","DbRepositoryPricingStrategyItemTest::Should_AddPricingStrategyItem","AngularBooking.Tests.Data.Repository.Db::DbRepositoryPricingStrategyItemTest::Should_AddPricingStrategyItem()",24,34
9,1,53,0,10,"DbRepositoryPricingStrategyItemTest::Should_GetPricingStrategyItems@37-46@/home/alex/dev/Bachelor/baseline/angularbooking/AngularBooking.Tests/Data/Repository/Db/DbRepositoryPricingStrategyItemTest.cs","/home/alex/dev/Bachelor/baseline/angularbooking/AngularBooking.Tests/Data/Repository/Db/DbRepositoryPricingStrategyItemTest.cs","DbRepositoryPricingStrategyItemTest::Should_GetPricingStrategyItems","AngularBooking.Tests.Data.Repository.Db::DbRepositoryPricingStrategyItemTest::Should_GetPricingStrategyItems()",37,46
9,1,47,1,9,"DbRepositoryPricingStrategyItemTest::Should_GetPricingStrategyItemById@50-58@/home/alex/dev/Bachelor/baseline/angularbooking/AngularBooking.Tests/Data/Repository/Db/DbRepositoryPricingStrategyItemTest.cs","/home/alex/dev/Bachelor/baseline/angularbooking/AngularBooking.Tests/Data/Repository/Db/DbRepositoryPricingStrategyItemTest.cs","DbRepositoryPricingStrategyItemTest::Should_GetPricingStrategyItemById","AngularBooking.Tests.Data.Repository.Db::DbRepositoryPricingStrategyItemTest::Should_GetPricingStrategyItemById( int id)",50,58
12,2,82,0,16,"DbRepositoryPricingStrategyItemTest::Should_UpdatePricingStrategyItem@61-76@/home/alex/dev/Bachelor/baseline/angularbooking/AngularBooking.Tests/Data/Repository/Db/DbRepositoryPricingStrategyItemTest.cs","/home/alex/dev/Bachelor/baseline/angularbooking/AngularBooking.Tests/Data/Repository/Db/DbRepositoryPricingStrategyItemTest.cs","DbRepositoryPricingStrategyItemTest::Should_UpdatePricingStrategyItem","AngularBooking.Tests.Data.Repository.Db::DbRepositoryPricingStrategyItemTest::Should_UpdatePricingStrategyItem()",61,76
12,2,69,0,15,"DbRepositoryPricingStrategyItemTest::Should_DeletePricingStrategyItem@79-93@/home/alex/dev/Bachelor/baseline/angularbooking/AngularBooking.Tests/Data/Repository/Db/DbRepositoryPricingStrategyItemTest.cs","/home/alex/dev/Bachelor/baseline/angularbooking/AngularBooking.Tests/Data/Repository/Db/DbRepositoryPricingStrategyItemTest.cs","DbRepositoryPricingStrategyItemTest::Should_DeletePricingStrategyItem","AngularBooking.Tests.Data.Repository.Db::DbRepositoryPricingStrategyItemTest::Should_DeletePricingStrategyItem()",79,93
12,2,69,0,15,"DbRepositoryPricingStrategyItemTest::Should_PricingStrategyItemExist@96-110@/home/alex/dev/Bachelor/baseline/angularbooking/AngularBooking.Tests/Data/Repository/Db/DbRepositoryPricingStrategyItemTest.cs","/home/alex/dev/Bachelor/baseline/angularbooking/AngularBooking.Tests/Data/Repository/Db/DbRepositoryPricingStrategyItemTest.cs","DbRepositoryPricingStrategyItemTest::Should_PricingStrategyItemExist","AngularBooking.Tests.Data.Repository.Db::DbRepositoryPricingStrategyItemTest::Should_PricingStrategyItemExist()",96,110
8,1,35,0,8,"DbRepositoryPricingStrategyTest::Should_CreateRepository_ForPricingStrategy@14-21@/home/alex/dev/Bachelor/baseline/angularbooking/AngularBooking.Tests/Data/Repository/Db/DbRepositoryPricingStrategyTest.cs","/home/alex/dev/Bachelor/baseline/angularbooking/AngularBooking.Tests/Data/Repository/Db/DbRepositoryPricingStrategyTest.cs","DbRepositoryPricingStrategyTest::Should_CreateRepository_ForPricingStrategy","AngularBooking.Tests.Data.Repository.Db::DbRepositoryPricingStrategyTest::Should_CreateRepository_ForPricingStrategy()",14,21
10,1,60,0,11,"DbRepositoryPricingStrategyTest::Should_AddPricingStrategy@24-34@/home/alex/dev/Bachelor/baseline/angularbooking/AngularBooking.Tests/Data/Repository/Db/DbRepositoryPricingStrategyTest.cs","/home/alex/dev/Bachelor/baseline/angularbooking/AngularBooking.Tests/Data/Repository/Db/DbRepositoryPricingStrategyTest.cs","DbRepositoryPricingStrategyTest::Should_AddPricingStrategy","AngularBooking.Tests.Data.Repository.Db::DbRepositoryPricingStrategyTest::Should_AddPricingStrategy()",24,34
9,1,53,0,10,"DbRepositoryPricingStrategyTest::Should_GetPricingStrategys@37-46@/home/alex/dev/Bachelor/baseline/angularbooking/AngularBooking.Tests/Data/Repository/Db/DbRepositoryPricingStrategyTest.cs","/home/alex/dev/Bachelor/baseline/angularbooking/AngularBooking.Tests/Data/Repository/Db/DbRepositoryPricingStrategyTest.cs","DbRepositoryPricingStrategyTest::Should_GetPricingStrategys","AngularBooking.Tests.Data.Repository.Db::DbRepositoryPricingStrategyTest::Should_GetPricingStrategys()",37,46
9,1,47,1,9,"DbRepositoryPricingStrategyTest::Should_GetPricingStrategyById@50-58@/home/alex/dev/Bachelor/baseline/angularbooking/AngularBooking.Tests/Data/Repository/Db/DbRepositoryPricingStrategyTest.cs","/home/alex/dev/Bachelor/baseline/angularbooking/AngularBooking.Tests/Data/Repository/Db/DbRepositoryPricingStrategyTest.cs","DbRepositoryPricingStrategyTest::Should_GetPricingStrategyById","AngularBooking.Tests.Data.Repository.Db::DbRepositoryPricingStrategyTest::Should_GetPricingStrategyById( int id)",50,58
12,2,82,0,16,"DbRepositoryPricingStrategyTest::Should_UpdatePricingStrategy@61-76@/home/alex/dev/Bachelor/baseline/angularbooking/AngularBooking.Tests/Data/Repository/Db/DbRepositoryPricingStrategyTest.cs","/home/alex/dev/Bachelor/baseline/angularbooking/AngularBooking.Tests/Data/Repository/Db/DbRepositoryPricingStrategyTest.cs","DbRepositoryPricingStrategyTest::Should_UpdatePricingStrategy","AngularBooking.Tests.Data.Repository.Db::DbRepositoryPricingStrategyTest::Should_UpdatePricingStrategy()",61,76
12,2,69,0,15,"DbRepositoryPricingStrategyTest::Should_DeletePricingStrategy@79-93@/home/alex/dev/Bachelor/baseline/angularbooking/AngularBooking.Tests/Data/Repository/Db/DbRepositoryPricingStrategyTest.cs","/home/alex/dev/Bachelor/baseline/angularbooking/AngularBooking.Tests/Data/Repository/Db/DbRepositoryPricingStrategyTest.cs","DbRepositoryPricingStrategyTest::Should_DeletePricingStrategy","AngularBooking.Tests.Data.Repository.Db::DbRepositoryPricingStrategyTest::Should_DeletePricingStrategy()",79,93
12,2,69,0,15,"DbRepositoryPricingStrategyTest::Should_PricingStrategyExist@96-110@/home/alex/dev/Bachelor/baseline/angularbooking/AngularBooking.Tests/Data/Repository/Db/DbRepositoryPricingStrategyTest.cs","/home/alex/dev/Bachelor/baseline/angularbooking/AngularBooking.Tests/Data/Repository/Db/DbRepositoryPricingStrategyTest.cs","DbRepositoryPricingStrategyTest::Should_PricingStrategyExist","AngularBooking.Tests.Data.Repository.Db::DbRepositoryPricingStrategyTest::Should_PricingStrategyExist()",96,110
8,1,35,0,8,"DbRepositoryRoomTest::Should_CreateRepository_ForRoom@14-21@/home/alex/dev/Bachelor/baseline/angularbooking/AngularBooking.Tests/Data/Repository/Db/DbRepositoryRoomTest.cs","/home/alex/dev/Bachelor/baseline/angularbooking/AngularBooking.Tests/Data/Repository/Db/DbRepositoryRoomTest.cs","DbRepositoryRoomTest::Should_CreateRepository_ForRoom","AngularBooking.Tests.Data.Repository.Db::DbRepositoryRoomTest::Should_CreateRepository_ForRoom()",14,21
10,1,76,0,11,"DbRepositoryRoomTest::Should_AddRoom@24-34@/home/alex/dev/Bachelor/baseline/angularbooking/AngularBooking.Tests/Data/Repository/Db/DbRepositoryRoomTest.cs","/home/alex/dev/Bachelor/baseline/angularbooking/AngularBooking.Tests/Data/Repository/Db/DbRepositoryRoomTest.cs","DbRepositoryRoomTest::Should_AddRoom","AngularBooking.Tests.Data.Repository.Db::DbRepositoryRoomTest::Should_AddRoom()",24,34
9,1,53,0,10,"DbRepositoryRoomTest::Should_GetRooms@37-46@/home/alex/dev/Bachelor/baseline/angularbooking/AngularBooking.Tests/Data/Repository/Db/DbRepositoryRoomTest.cs","/home/alex/dev/Bachelor/baseline/angularbooking/AngularBooking.Tests/Data/Repository/Db/DbRepositoryRoomTest.cs","DbRepositoryRoomTest::Should_GetRooms","AngularBooking.Tests.Data.Repository.Db::DbRepositoryRoomTest::Should_GetRooms()",37,46
9,1,47,1,9,"DbRepositoryRoomTest::Should_GetRoomById@50-58@/home/alex/dev/Bachelor/baseline/angularbooking/AngularBooking.Tests/Data/Repository/Db/DbRepositoryRoomTest.cs","/home/alex/dev/Bachelor/baseline/angularbooking/AngularBooking.Tests/Data/Repository/Db/DbRepositoryRoomTest.cs","DbRepositoryRoomTest::Should_GetRoomById","AngularBooking.Tests.Data.Repository.Db::DbRepositoryRoomTest::Should_GetRoomById( int id)",50,58
12,2,82,0,16,"DbRepositoryRoomTest::Should_UpdateRoom@61-76@/home/alex/dev/Bachelor/baseline/angularbooking/AngularBooking.Tests/Data/Repository/Db/DbRepositoryRoomTest.cs","/home/alex/dev/Bachelor/baseline/angularbooking/AngularBooking.Tests/Data/Repository/Db/DbRepositoryRoomTest.cs","DbRepositoryRoomTest::Should_UpdateRoom","AngularBooking.Tests.Data.Repository.Db::DbRepositoryRoomTest::Should_UpdateRoom()",61,76
12,2,69,0,15,"DbRepositoryRoomTest::Should_DeleteRoom@79-93@/home/alex/dev/Bachelor/baseline/angularbooking/AngularBooking.Tests/Data/Repository/Db/DbRepositoryRoomTest.cs","/home/alex/dev/Bachelor/baseline/angularbooking/AngularBooking.Tests/Data/Repository/Db/DbRepositoryRoomTest.cs","DbRepositoryRoomTest::Should_DeleteRoom","AngularBooking.Tests.Data.Repository.Db::DbRepositoryRoomTest::Should_DeleteRoom()",79,93
12,2,69,0,15,"DbRepositoryRoomTest::Should_RoomExist@96-110@/home/alex/dev/Bachelor/baseline/angularbooking/AngularBooking.Tests/Data/Repository/Db/DbRepositoryRoomTest.cs","/home/alex/dev/Bachelor/baseline/angularbooking/AngularBooking.Tests/Data/Repository/Db/DbRepositoryRoomTest.cs","DbRepositoryRoomTest::Should_RoomExist","AngularBooking.Tests.Data.Repository.Db::DbRepositoryRoomTest::Should_RoomExist()",96,110
8,1,35,0,8,"DbRepositoryShowingTest::Should_CreateRepository_ForShowing@14-21@/home/alex/dev/Bachelor/baseline/angularbooking/AngularBooking.Tests/Data/Repository/Db/DbRepositoryShowingTest.cs","/home/alex/dev/Bachelor/baseline/angularbooking/AngularBooking.Tests/Data/Repository/Db/DbRepositoryShowingTest.cs","DbRepositoryShowingTest::Should_CreateRepository_ForShowing","AngularBooking.Tests.Data.Repository.Db::DbRepositoryShowingTest::Should_CreateRepository_ForShowing()",14,21
10,1,81,0,11,"DbRepositoryShowingTest::Should_AddShowing@24-34@/home/alex/dev/Bachelor/baseline/angularbooking/AngularBooking.Tests/Data/Repository/Db/DbRepositoryShowingTest.cs","/home/alex/dev/Bachelor/baseline/angularbooking/AngularBooking.Tests/Data/Repository/Db/DbRepositoryShowingTest.cs","DbRepositoryShowingTest::Should_AddShowing","AngularBooking.Tests.Data.Repository.Db::DbRepositoryShowingTest::Should_AddShowing()",24,34
9,1,53,0,10,"DbRepositoryShowingTest::Should_GetShowings@37-46@/home/alex/dev/Bachelor/baseline/angularbooking/AngularBooking.Tests/Data/Repository/Db/DbRepositoryShowingTest.cs","/home/alex/dev/Bachelor/baseline/angularbooking/AngularBooking.Tests/Data/Repository/Db/DbRepositoryShowingTest.cs","DbRepositoryShowingTest::Should_GetShowings","AngularBooking.Tests.Data.Repository.Db::DbRepositoryShowingTest::Should_GetShowings()",37,46
9,1,47,1,9,"DbRepositoryShowingTest::Should_GetShowingById@50-58@/home/alex/dev/Bachelor/baseline/angularbooking/AngularBooking.Tests/Data/Repository/Db/DbRepositoryShowingTest.cs","/home/alex/dev/Bachelor/baseline/angularbooking/AngularBooking.Tests/Data/Repository/Db/DbRepositoryShowingTest.cs","DbRepositoryShowingTest::Should_GetShowingById","AngularBooking.Tests.Data.Repository.Db::DbRepositoryShowingTest::Should_GetShowingById( int id)",50,58
15,3,114,0,21,"DbRepositoryShowingTest::Should_UpdateShowing@61-81@/home/alex/dev/Bachelor/baseline/angularbooking/AngularBooking.Tests/Data/Repository/Db/DbRepositoryShowingTest.cs","/home/alex/dev/Bachelor/baseline/angularbooking/AngularBooking.Tests/Data/Repository/Db/DbRepositoryShowingTest.cs","DbRepositoryShowingTest::Should_UpdateShowing","AngularBooking.Tests.Data.Repository.Db::DbRepositoryShowingTest::Should_UpdateShowing()",61,81
15,3,114,0,21,"DbRepositoryShowingTest::ShouldNot_UpdateShowing_OverlapsNextShowing@84-104@/home/alex/dev/Bachelor/baseline/angularbooking/AngularBooking.Tests/Data/Repository/Db/DbRepositoryShowingTest.cs","/home/alex/dev/Bachelor/baseline/angularbooking/AngularBooking.Tests/Data/Repository/Db/DbRepositoryShowingTest.cs","DbRepositoryShowingTest::ShouldNot_UpdateShowing_OverlapsNextShowing","AngularBooking.Tests.Data.Repository.Db::DbRepositoryShowingTest::ShouldNot_UpdateShowing_OverlapsNextShowing()",84,104
12,2,69,0,15,"DbRepositoryShowingTest::Should_DeleteShowing@107-121@/home/alex/dev/Bachelor/baseline/angularbooking/AngularBooking.Tests/Data/Repository/Db/DbRepositoryShowingTest.cs","/home/alex/dev/Bachelor/baseline/angularbooking/AngularBooking.Tests/Data/Repository/Db/DbRepositoryShowingTest.cs","DbRepositoryShowingTest::Should_DeleteShowing","AngularBooking.Tests.Data.Repository.Db::DbRepositoryShowingTest::Should_DeleteShowing()",107,121
12,2,69,0,15,"DbRepositoryShowingTest::Should_ShowingExist@124-138@/home/alex/dev/Bachelor/baseline/angularbooking/AngularBooking.Tests/Data/Repository/Db/DbRepositoryShowingTest.cs","/home/alex/dev/Bachelor/baseline/angularbooking/AngularBooking.Tests/Data/Repository/Db/DbRepositoryShowingTest.cs","DbRepositoryShowingTest::Should_ShowingExist","AngularBooking.Tests.Data.Repository.Db::DbRepositoryShowingTest::Should_ShowingExist()",124,138
235,1,1241,0,263,"DbRepositoryTestBase::SeedContext@13-275@/home/alex/dev/Bachelor/baseline/angularbooking/AngularBooking.Tests/Data/Repository/Db/DbRepositoryTestBase.cs","/home/alex/dev/Bachelor/baseline/angularbooking/AngularBooking.Tests/Data/Repository/Db/DbRepositoryTestBase.cs","DbRepositoryTestBase::SeedContext","AngularBooking.Tests.Data.Repository.Db::DbRepositoryTestBase::SeedContext()",13,275
8,1,35,0,8,"DbRepositoryVenueTest::Should_CreateRepository_ForVenue@14-21@/home/alex/dev/Bachelor/baseline/angularbooking/AngularBooking.Tests/Data/Repository/Db/DbRepositoryVenueTest.cs","/home/alex/dev/Bachelor/baseline/angularbooking/AngularBooking.Tests/Data/Repository/Db/DbRepositoryVenueTest.cs","DbRepositoryVenueTest::Should_CreateRepository_ForVenue","AngularBooking.Tests.Data.Repository.Db::DbRepositoryVenueTest::Should_CreateRepository_ForVenue()",14,21
27,1,114,0,28,"DbRepositoryVenueTest::Should_AddVenue@24-51@/home/alex/dev/Bachelor/baseline/angularbooking/AngularBooking.Tests/Data/Repository/Db/DbRepositoryVenueTest.cs","/home/alex/dev/Bachelor/baseline/angularbooking/AngularBooking.Tests/Data/Repository/Db/DbRepositoryVenueTest.cs","DbRepositoryVenueTest::Should_AddVenue","AngularBooking.Tests.Data.Repository.Db::DbRepositoryVenueTest::Should_AddVenue()",24,51
9,1,53,0,10,"DbRepositoryVenueTest::Should_GetVenues@54-63@/home/alex/dev/Bachelor/baseline/angularbooking/AngularBooking.Tests/Data/Repository/Db/DbRepositoryVenueTest.cs","/home/alex/dev/Bachelor/baseline/angularbooking/AngularBooking.Tests/Data/Repository/Db/DbRepositoryVenueTest.cs","DbRepositoryVenueTest::Should_GetVenues","AngularBooking.Tests.Data.Repository.Db::DbRepositoryVenueTest::Should_GetVenues()",54,63
9,1,47,1,9,"DbRepositoryVenueTest::Should_GetVenueById@67-75@/home/alex/dev/Bachelor/baseline/angularbooking/AngularBooking.Tests/Data/Repository/Db/DbRepositoryVenueTest.cs","/home/alex/dev/Bachelor/baseline/angularbooking/AngularBooking.Tests/Data/Repository/Db/DbRepositoryVenueTest.cs","DbRepositoryVenueTest::Should_GetVenueById","AngularBooking.Tests.Data.Repository.Db::DbRepositoryVenueTest::Should_GetVenueById( int id)",67,75
12,2,86,0,16,"DbRepositoryVenueTest::Should_UpdateVenue@78-93@/home/alex/dev/Bachelor/baseline/angularbooking/AngularBooking.Tests/Data/Repository/Db/DbRepositoryVenueTest.cs","/home/alex/dev/Bachelor/baseline/angularbooking/AngularBooking.Tests/Data/Repository/Db/DbRepositoryVenueTest.cs","DbRepositoryVenueTest::Should_UpdateVenue","AngularBooking.Tests.Data.Repository.Db::DbRepositoryVenueTest::Should_UpdateVenue()",78,93
12,2,69,0,15,"DbRepositoryVenueTest::Should_DeleteVenue@96-110@/home/alex/dev/Bachelor/baseline/angularbooking/AngularBooking.Tests/Data/Repository/Db/DbRepositoryVenueTest.cs","/home/alex/dev/Bachelor/baseline/angularbooking/AngularBooking.Tests/Data/Repository/Db/DbRepositoryVenueTest.cs","DbRepositoryVenueTest::Should_DeleteVenue","AngularBooking.Tests.Data.Repository.Db::DbRepositoryVenueTest::Should_DeleteVenue()",96,110
12,2,69,0,15,"DbRepositoryVenueTest::Should_VenueExist@113-127@/home/alex/dev/Bachelor/baseline/angularbooking/AngularBooking.Tests/Data/Repository/Db/DbRepositoryVenueTest.cs","/home/alex/dev/Bachelor/baseline/angularbooking/AngularBooking.Tests/Data/Repository/Db/DbRepositoryVenueTest.cs","DbRepositoryVenueTest::Should_VenueExist","AngularBooking.Tests.Data.Repository.Db::DbRepositoryVenueTest::Should_VenueExist()",113,127
11,2,91,0,18,"BasicEmailServiceTest::Should_SendTestEmail@13-30@/home/alex/dev/Bachelor/baseline/angularbooking/AngularBooking.Tests/Services/Email/BasicEmailServiceTest.cs","/home/alex/dev/Bachelor/baseline/angularbooking/AngularBooking.Tests/Services/Email/BasicEmailServiceTest.cs","BasicEmailServiceTest::Should_SendTestEmail","AngularBooking.Tests.Services.Email::BasicEmailServiceTest::Should_SendTestEmail()",13,30
11,1,72,0,14,"InMemoryJwtManagerTest::InMemoryJwtManagerTest@22-35@/home/alex/dev/Bachelor/baseline/angularbooking/AngularBooking.Tests/Services/JwtManager/InMemoryJwtManagerTest.cs","/home/alex/dev/Bachelor/baseline/angularbooking/AngularBooking.Tests/Services/JwtManager/InMemoryJwtManagerTest.cs","InMemoryJwtManagerTest::InMemoryJwtManagerTest","AngularBooking.Tests.Services.JwtManager::InMemoryJwtManagerTest::InMemoryJwtManagerTest()",22,35
9,2,58,0,10,"InMemoryJwtManagerTest::Should_CreateJwtToken@38-47@/home/alex/dev/Bachelor/baseline/angularbooking/AngularBooking.Tests/Services/JwtManager/InMemoryJwtManagerTest.cs","/home/alex/dev/Bachelor/baseline/angularbooking/AngularBooking.Tests/Services/JwtManager/InMemoryJwtManagerTest.cs","InMemoryJwtManagerTest::Should_CreateJwtToken","AngularBooking.Tests.Services.JwtManager::InMemoryJwtManagerTest::Should_CreateJwtToken()",38,47
23,1,192,0,30,"InMemoryJwtManagerTest::Should_RevokeToken@50-79@/home/alex/dev/Bachelor/baseline/angularbooking/AngularBooking.Tests/Services/JwtManager/InMemoryJwtManagerTest.cs","/home/alex/dev/Bachelor/baseline/angularbooking/AngularBooking.Tests/Services/JwtManager/InMemoryJwtManagerTest.cs","InMemoryJwtManagerTest::Should_RevokeToken","AngularBooking.Tests.Services.JwtManager::InMemoryJwtManagerTest::Should_RevokeToken()",50,79
24,1,171,0,31,"InMemoryJwtManagerTest::Should_RevokeStringToken@82-112@/home/alex/dev/Bachelor/baseline/angularbooking/AngularBooking.Tests/Services/JwtManager/InMemoryJwtManagerTest.cs","/home/alex/dev/Bachelor/baseline/angularbooking/AngularBooking.Tests/Services/JwtManager/InMemoryJwtManagerTest.cs","InMemoryJwtManagerTest::Should_RevokeStringToken","AngularBooking.Tests.Services.JwtManager::InMemoryJwtManagerTest::Should_RevokeStringToken()",82,112
22,1,140,0,28,"InMemoryJwtManagerTest::Should_CheckTokenIsRevoked_ReturnTrue@115-142@/home/alex/dev/Bachelor/baseline/angularbooking/AngularBooking.Tests/Services/JwtManager/InMemoryJwtManagerTest.cs","/home/alex/dev/Bachelor/baseline/angularbooking/AngularBooking.Tests/Services/JwtManager/InMemoryJwtManagerTest.cs","InMemoryJwtManagerTest::Should_CheckTokenIsRevoked_ReturnTrue","AngularBooking.Tests.Services.JwtManager::InMemoryJwtManagerTest::Should_CheckTokenIsRevoked_ReturnTrue()",115,142
21,1,133,0,26,"InMemoryJwtManagerTest::Should_CheckTokenIsRevoked_ReturnFalse@145-170@/home/alex/dev/Bachelor/baseline/angularbooking/AngularBooking.Tests/Services/JwtManager/InMemoryJwtManagerTest.cs","/home/alex/dev/Bachelor/baseline/angularbooking/AngularBooking.Tests/Services/JwtManager/InMemoryJwtManagerTest.cs","InMemoryJwtManagerTest::Should_CheckTokenIsRevoked_ReturnFalse","AngularBooking.Tests.Services.JwtManager::InMemoryJwtManagerTest::Should_CheckTokenIsRevoked_ReturnFalse()",145,170
5,1,30,0,5,"InMemoryJwtManagerTest::Should_ReturnDefaultTokenDuration@173-177@/home/alex/dev/Bachelor/baseline/angularbooking/AngularBooking.Tests/Services/JwtManager/InMemoryJwtManagerTest.cs","/home/alex/dev/Bachelor/baseline/angularbooking/AngularBooking.Tests/Services/JwtManager/InMemoryJwtManagerTest.cs","InMemoryJwtManagerTest::Should_ReturnDefaultTokenDuration","AngularBooking.Tests.Services.JwtManager::InMemoryJwtManagerTest::Should_ReturnDefaultTokenDuration()",173,177
5,1,39,1,5,"InMemoryJwtManagerTest::Should_ReturnSpecifiedTokenDuration@183-187@/home/alex/dev/Bachelor/baseline/angularbooking/AngularBooking.Tests/Services/JwtManager/InMemoryJwtManagerTest.cs","/home/alex/dev/Bachelor/baseline/angularbooking/AngularBooking.Tests/Services/JwtManager/InMemoryJwtManagerTest.cs","InMemoryJwtManagerTest::Should_ReturnSpecifiedTokenDuration","AngularBooking.Tests.Services.JwtManager::InMemoryJwtManagerTest::Should_ReturnSpecifiedTokenDuration( int minutes)",183,187
3,1,9,0,3,"(anonymous)@6-8@/home/alex/dev/Bachelor/baseline/angularbooking/AngularBooking/ClientApp/e2e/src/app.e2e-spec.ts","/home/alex/dev/Bachelor/baseline/angularbooking/AngularBooking/ClientApp/e2e/src/app.e2e-spec.ts","(anonymous)","(anonymous)",6,8
4,1,22,0,4,"(anonymous)@10-13@/home/alex/dev/Bachelor/baseline/angularbooking/AngularBooking/ClientApp/e2e/src/app.e2e-spec.ts","/home/alex/dev/Bachelor/baseline/angularbooking/AngularBooking/ClientApp/e2e/src/app.e2e-spec.ts","(anonymous)","(anonymous)",10,13
5,1,25,0,12,"(anonymous)@3-14@/home/alex/dev/Bachelor/baseline/angularbooking/AngularBooking/ClientApp/e2e/src/app.e2e-spec.ts","/home/alex/dev/Bachelor/baseline/angularbooking/AngularBooking/ClientApp/e2e/src/app.e2e-spec.ts","(anonymous)","(anonymous)",3,14
3,1,12,0,3,"navigateTo@4-6@/home/alex/dev/Bachelor/baseline/angularbooking/AngularBooking/ClientApp/e2e/src/app.po.ts","/home/alex/dev/Bachelor/baseline/angularbooking/AngularBooking/ClientApp/e2e/src/app.po.ts","navigateTo","navigateTo ( )",4,6
3,1,19,0,3,"getParagraphText@8-10@/home/alex/dev/Bachelor/baseline/angularbooking/AngularBooking/ClientApp/e2e/src/app.po.ts","/home/alex/dev/Bachelor/baseline/angularbooking/AngularBooking/ClientApp/e2e/src/app.po.ts","getParagraphText","getParagraphText ( )",8,10
1,1,4,0,1,"print@20-20@/home/alex/dev/Bachelor/baseline/angularbooking/AngularBooking/ClientApp/e2e/protractor.conf.js","/home/alex/dev/Bachelor/baseline/angularbooking/AngularBooking/ClientApp/e2e/protractor.conf.js","print","print ( )",20,20
6,1,51,0,6,"onPrepare@22-27@/home/alex/dev/Bachelor/baseline/angularbooking/AngularBooking/ClientApp/e2e/protractor.conf.js","/home/alex/dev/Bachelor/baseline/angularbooking/AngularBooking/ClientApp/e2e/protractor.conf.js","onPrepare","onPrepare ( )",22,27
13,1,41,0,16,"(anonymous)@20-35@/home/alex/dev/Bachelor/baseline/angularbooking/AngularBooking/ClientApp/src/app/admin/_services/admin.service.spec.ts","/home/alex/dev/Bachelor/baseline/angularbooking/AngularBooking/ClientApp/src/app/admin/_services/admin.service.spec.ts","(anonymous)","(anonymous)",20,35
3,1,11,0,3,"(anonymous)@37-39@/home/alex/dev/Bachelor/baseline/angularbooking/AngularBooking/ClientApp/src/app/admin/_services/admin.service.spec.ts","/home/alex/dev/Bachelor/baseline/angularbooking/AngularBooking/ClientApp/src/app/admin/_services/admin.service.spec.ts","(anonymous)","(anonymous)",37,39
4,1,15,0,4,"(anonymous)@43-46@/home/alex/dev/Bachelor/baseline/angularbooking/AngularBooking/ClientApp/src/app/admin/_services/admin.service.spec.ts","/home/alex/dev/Bachelor/baseline/angularbooking/AngularBooking/ClientApp/src/app/admin/_services/admin.service.spec.ts","(anonymous)","(anonymous)",43,46
5,1,52,0,10,"(anonymous)@42-51@/home/alex/dev/Bachelor/baseline/angularbooking/AngularBooking/ClientApp/src/app/admin/_services/admin.service.spec.ts","/home/alex/dev/Bachelor/baseline/angularbooking/AngularBooking/ClientApp/src/app/admin/_services/admin.service.spec.ts","(anonymous)","(anonymous)",42,51
4,1,16,0,4,"(anonymous)@54-57@/home/alex/dev/Bachelor/baseline/angularbooking/AngularBooking/ClientApp/src/app/admin/_services/admin.service.spec.ts","/home/alex/dev/Bachelor/baseline/angularbooking/AngularBooking/ClientApp/src/app/admin/_services/admin.service.spec.ts","(anonymous)","(anonymous)",54,57
5,1,48,0,9,"(anonymous)@53-61@/home/alex/dev/Bachelor/baseline/angularbooking/AngularBooking/ClientApp/src/app/admin/_services/admin.service.spec.ts","/home/alex/dev/Bachelor/baseline/angularbooking/AngularBooking/ClientApp/src/app/admin/_services/admin.service.spec.ts","(anonymous)","(anonymous)",53,61
4,1,16,0,4,"(anonymous)@64-67@/home/alex/dev/Bachelor/baseline/angularbooking/AngularBooking/ClientApp/src/app/admin/_services/admin.service.spec.ts","/home/alex/dev/Bachelor/baseline/angularbooking/AngularBooking/ClientApp/src/app/admin/_services/admin.service.spec.ts","(anonymous)","(anonymous)",64,67
5,1,48,0,9,"(anonymous)@63-71@/home/alex/dev/Bachelor/baseline/angularbooking/AngularBooking/ClientApp/src/app/admin/_services/admin.service.spec.ts","/home/alex/dev/Bachelor/baseline/angularbooking/AngularBooking/ClientApp/src/app/admin/_services/admin.service.spec.ts","(anonymous)","(anonymous)",63,71
4,1,15,0,4,"(anonymous)@75-78@/home/alex/dev/Bachelor/baseline/angularbooking/AngularBooking/ClientApp/src/app/admin/_services/admin.service.spec.ts","/home/alex/dev/Bachelor/baseline/angularbooking/AngularBooking/ClientApp/src/app/admin/_services/admin.service.spec.ts","(anonymous)","(anonymous)",75,78
5,1,52,0,10,"(anonymous)@74-83@/home/alex/dev/Bachelor/baseline/angularbooking/AngularBooking/ClientApp/src/app/admin/_services/admin.service.spec.ts","/home/alex/dev/Bachelor/baseline/angularbooking/AngularBooking/ClientApp/src/app/admin/_services/admin.service.spec.ts","(anonymous)","(anonymous)",74,83
4,1,16,0,4,"(anonymous)@86-89@/home/alex/dev/Bachelor/baseline/angularbooking/AngularBooking/ClientApp/src/app/admin/_services/admin.service.spec.ts","/home/alex/dev/Bachelor/baseline/angularbooking/AngularBooking/ClientApp/src/app/admin/_services/admin.service.spec.ts","(anonymous)","(anonymous)",86,89
5,1,48,0,9,"(anonymous)@85-93@/home/alex/dev/Bachelor/baseline/angularbooking/AngularBooking/ClientApp/src/app/admin/_services/admin.service.spec.ts","/home/alex/dev/Bachelor/baseline/angularbooking/AngularBooking/ClientApp/src/app/admin/_services/admin.service.spec.ts","(anonymous)","(anonymous)",85,93
4,1,16,0,4,"(anonymous)@96-99@/home/alex/dev/Bachelor/baseline/angularbooking/AngularBooking/ClientApp/src/app/admin/_services/admin.service.spec.ts","/home/alex/dev/Bachelor/baseline/angularbooking/AngularBooking/ClientApp/src/app/admin/_services/admin.service.spec.ts","(anonymous)","(anonymous)",96,99
5,1,48,0,9,"(anonymous)@95-103@/home/alex/dev/Bachelor/baseline/angularbooking/AngularBooking/ClientApp/src/app/admin/_services/admin.service.spec.ts","/home/alex/dev/Bachelor/baseline/angularbooking/AngularBooking/ClientApp/src/app/admin/_services/admin.service.spec.ts","(anonymous)","(anonymous)",95,103
4,1,15,0,4,"(anonymous)@107-110@/home/alex/dev/Bachelor/baseline/angularbooking/AngularBooking/ClientApp/src/app/admin/_services/admin.service.spec.ts","/home/alex/dev/Bachelor/baseline/angularbooking/AngularBooking/ClientApp/src/app/admin/_services/admin.service.spec.ts","(anonymous)","(anonymous)",107,110
5,1,52,0,10,"(anonymous)@106-115@/home/alex/dev/Bachelor/baseline/angularbooking/AngularBooking/ClientApp/src/app/admin/_services/admin.service.spec.ts","/home/alex/dev/Bachelor/baseline/angularbooking/AngularBooking/ClientApp/src/app/admin/_services/admin.service.spec.ts","(anonymous)","(anonymous)",106,115
4,1,16,0,4,"(anonymous)@118-121@/home/alex/dev/Bachelor/baseline/angularbooking/AngularBooking/ClientApp/src/app/admin/_services/admin.service.spec.ts","/home/alex/dev/Bachelor/baseline/angularbooking/AngularBooking/ClientApp/src/app/admin/_services/admin.service.spec.ts","(anonymous)","(anonymous)",118,121
5,1,48,0,9,"(anonymous)@117-125@/home/alex/dev/Bachelor/baseline/angularbooking/AngularBooking/ClientApp/src/app/admin/_services/admin.service.spec.ts","/home/alex/dev/Bachelor/baseline/angularbooking/AngularBooking/ClientApp/src/app/admin/_services/admin.service.spec.ts","(anonymous)","(anonymous)",117,125
4,1,16,0,4,"(anonymous)@128-131@/home/alex/dev/Bachelor/baseline/angularbooking/AngularBooking/ClientApp/src/app/admin/_services/admin.service.spec.ts","/home/alex/dev/Bachelor/baseline/angularbooking/AngularBooking/ClientApp/src/app/admin/_services/admin.service.spec.ts","(anonymous)","(anonymous)",128,131
5,1,48,0,9,"(anonymous)@127-135@/home/alex/dev/Bachelor/baseline/angularbooking/AngularBooking/ClientApp/src/app/admin/_services/admin.service.spec.ts","/home/alex/dev/Bachelor/baseline/angularbooking/AngularBooking/ClientApp/src/app/admin/_services/admin.service.spec.ts","(anonymous)","(anonymous)",127,135
4,1,15,0,4,"(anonymous)@139-142@/home/alex/dev/Bachelor/baseline/angularbooking/AngularBooking/ClientApp/src/app/admin/_services/admin.service.spec.ts","/home/alex/dev/Bachelor/baseline/angularbooking/AngularBooking/ClientApp/src/app/admin/_services/admin.service.spec.ts","(anonymous)","(anonymous)",139,142
5,1,52,0,10,"(anonymous)@138-147@/home/alex/dev/Bachelor/baseline/angularbooking/AngularBooking/ClientApp/src/app/admin/_services/admin.service.spec.ts","/home/alex/dev/Bachelor/baseline/angularbooking/AngularBooking/ClientApp/src/app/admin/_services/admin.service.spec.ts","(anonymous)","(anonymous)",138,147
4,1,16,0,4,"(anonymous)@150-153@/home/alex/dev/Bachelor/baseline/angularbooking/AngularBooking/ClientApp/src/app/admin/_services/admin.service.spec.ts","/home/alex/dev/Bachelor/baseline/angularbooking/AngularBooking/ClientApp/src/app/admin/_services/admin.service.spec.ts","(anonymous)","(anonymous)",150,153
5,1,48,0,9,"(anonymous)@149-157@/home/alex/dev/Bachelor/baseline/angularbooking/AngularBooking/ClientApp/src/app/admin/_services/admin.service.spec.ts","/home/alex/dev/Bachelor/baseline/angularbooking/AngularBooking/ClientApp/src/app/admin/_services/admin.service.spec.ts","(anonymous)","(anonymous)",149,157
4,1,16,0,4,"(anonymous)@160-163@/home/alex/dev/Bachelor/baseline/angularbooking/AngularBooking/ClientApp/src/app/admin/_services/admin.service.spec.ts","/home/alex/dev/Bachelor/baseline/angularbooking/AngularBooking/ClientApp/src/app/admin/_services/admin.service.spec.ts","(anonymous)","(anonymous)",160,163
5,1,48,0,9,"(anonymous)@159-167@/home/alex/dev/Bachelor/baseline/angularbooking/AngularBooking/ClientApp/src/app/admin/_services/admin.service.spec.ts","/home/alex/dev/Bachelor/baseline/angularbooking/AngularBooking/ClientApp/src/app/admin/_services/admin.service.spec.ts","(anonymous)","(anonymous)",159,167
4,1,15,0,4,"(anonymous)@171-174@/home/alex/dev/Bachelor/baseline/angularbooking/AngularBooking/ClientApp/src/app/admin/_services/admin.service.spec.ts","/home/alex/dev/Bachelor/baseline/angularbooking/AngularBooking/ClientApp/src/app/admin/_services/admin.service.spec.ts","(anonymous)","(anonymous)",171,174
5,1,52,0,10,"(anonymous)@170-179@/home/alex/dev/Bachelor/baseline/angularbooking/AngularBooking/ClientApp/src/app/admin/_services/admin.service.spec.ts","/home/alex/dev/Bachelor/baseline/angularbooking/AngularBooking/ClientApp/src/app/admin/_services/admin.service.spec.ts","(anonymous)","(anonymous)",170,179
4,1,16,0,4,"(anonymous)@182-185@/home/alex/dev/Bachelor/baseline/angularbooking/AngularBooking/ClientApp/src/app/admin/_services/admin.service.spec.ts","/home/alex/dev/Bachelor/baseline/angularbooking/AngularBooking/ClientApp/src/app/admin/_services/admin.service.spec.ts","(anonymous)","(anonymous)",182,185
5,1,48,0,9,"(anonymous)@181-189@/home/alex/dev/Bachelor/baseline/angularbooking/AngularBooking/ClientApp/src/app/admin/_services/admin.service.spec.ts","/home/alex/dev/Bachelor/baseline/angularbooking/AngularBooking/ClientApp/src/app/admin/_services/admin.service.spec.ts","(anonymous)","(anonymous)",181,189
4,1,16,0,4,"(anonymous)@192-195@/home/alex/dev/Bachelor/baseline/angularbooking/AngularBooking/ClientApp/src/app/admin/_services/admin.service.spec.ts","/home/alex/dev/Bachelor/baseline/angularbooking/AngularBooking/ClientApp/src/app/admin/_services/admin.service.spec.ts","(anonymous)","(anonymous)",192,195
5,1,48,0,9,"(anonymous)@191-199@/home/alex/dev/Bachelor/baseline/angularbooking/AngularBooking/ClientApp/src/app/admin/_services/admin.service.spec.ts","/home/alex/dev/Bachelor/baseline/angularbooking/AngularBooking/ClientApp/src/app/admin/_services/admin.service.spec.ts","(anonymous)","(anonymous)",191,199
4,1,15,0,4,"(anonymous)@203-206@/home/alex/dev/Bachelor/baseline/angularbooking/AngularBooking/ClientApp/src/app/admin/_services/admin.service.spec.ts","/home/alex/dev/Bachelor/baseline/angularbooking/AngularBooking/ClientApp/src/app/admin/_services/admin.service.spec.ts","(anonymous)","(anonymous)",203,206
5,1,52,0,10,"(anonymous)@202-211@/home/alex/dev/Bachelor/baseline/angularbooking/AngularBooking/ClientApp/src/app/admin/_services/admin.service.spec.ts","/home/alex/dev/Bachelor/baseline/angularbooking/AngularBooking/ClientApp/src/app/admin/_services/admin.service.spec.ts","(anonymous)","(anonymous)",202,211
4,1,16,0,4,"(anonymous)@214-217@/home/alex/dev/Bachelor/baseline/angularbooking/AngularBooking/ClientApp/src/app/admin/_services/admin.service.spec.ts","/home/alex/dev/Bachelor/baseline/angularbooking/AngularBooking/ClientApp/src/app/admin/_services/admin.service.spec.ts","(anonymous)","(anonymous)",214,217
5,1,48,0,9,"(anonymous)@213-221@/home/alex/dev/Bachelor/baseline/angularbooking/AngularBooking/ClientApp/src/app/admin/_services/admin.service.spec.ts","/home/alex/dev/Bachelor/baseline/angularbooking/AngularBooking/ClientApp/src/app/admin/_services/admin.service.spec.ts","(anonymous)","(anonymous)",213,221
4,1,16,0,4,"(anonymous)@224-227@/home/alex/dev/Bachelor/baseline/angularbooking/AngularBooking/ClientApp/src/app/admin/_services/admin.service.spec.ts","/home/alex/dev/Bachelor/baseline/angularbooking/AngularBooking/ClientApp/src/app/admin/_services/admin.service.spec.ts","(anonymous)","(anonymous)",224,227
5,1,48,0,9,"(anonymous)@223-231@/home/alex/dev/Bachelor/baseline/angularbooking/AngularBooking/ClientApp/src/app/admin/_services/admin.service.spec.ts","/home/alex/dev/Bachelor/baseline/angularbooking/AngularBooking/ClientApp/src/app/admin/_services/admin.service.spec.ts","(anonymous)","(anonymous)",223,231
4,1,15,0,4,"(anonymous)@235-238@/home/alex/dev/Bachelor/baseline/angularbooking/AngularBooking/ClientApp/src/app/admin/_services/admin.service.spec.ts","/home/alex/dev/Bachelor/baseline/angularbooking/AngularBooking/ClientApp/src/app/admin/_services/admin.service.spec.ts","(anonymous)","(anonymous)",235,238
5,1,52,0,10,"(anonymous)@234-243@/home/alex/dev/Bachelor/baseline/angularbooking/AngularBooking/ClientApp/src/app/admin/_services/admin.service.spec.ts","/home/alex/dev/Bachelor/baseline/angularbooking/AngularBooking/ClientApp/src/app/admin/_services/admin.service.spec.ts","(anonymous)","(anonymous)",234,243
4,1,16,0,4,"(anonymous)@246-249@/home/alex/dev/Bachelor/baseline/angularbooking/AngularBooking/ClientApp/src/app/admin/_services/admin.service.spec.ts","/home/alex/dev/Bachelor/baseline/angularbooking/AngularBooking/ClientApp/src/app/admin/_services/admin.service.spec.ts","(anonymous)","(anonymous)",246,249
5,1,48,0,9,"(anonymous)@245-253@/home/alex/dev/Bachelor/baseline/angularbooking/AngularBooking/ClientApp/src/app/admin/_services/admin.service.spec.ts","/home/alex/dev/Bachelor/baseline/angularbooking/AngularBooking/ClientApp/src/app/admin/_services/admin.service.spec.ts","(anonymous)","(anonymous)",245,253
4,1,16,0,4,"(anonymous)@256-259@/home/alex/dev/Bachelor/baseline/angularbooking/AngularBooking/ClientApp/src/app/admin/_services/admin.service.spec.ts","/home/alex/dev/Bachelor/baseline/angularbooking/AngularBooking/ClientApp/src/app/admin/_services/admin.service.spec.ts","(anonymous)","(anonymous)",256,259
5,1,48,0,9,"(anonymous)@255-263@/home/alex/dev/Bachelor/baseline/angularbooking/AngularBooking/ClientApp/src/app/admin/_services/admin.service.spec.ts","/home/alex/dev/Bachelor/baseline/angularbooking/AngularBooking/ClientApp/src/app/admin/_services/admin.service.spec.ts","(anonymous)","(anonymous)",255,263
4,1,15,0,4,"(anonymous)@267-270@/home/alex/dev/Bachelor/baseline/angularbooking/AngularBooking/ClientApp/src/app/admin/_services/admin.service.spec.ts","/home/alex/dev/Bachelor/baseline/angularbooking/AngularBooking/ClientApp/src/app/admin/_services/admin.service.spec.ts","(anonymous)","(anonymous)",267,270
5,1,52,0,10,"(anonymous)@266-275@/home/alex/dev/Bachelor/baseline/angularbooking/AngularBooking/ClientApp/src/app/admin/_services/admin.service.spec.ts","/home/alex/dev/Bachelor/baseline/angularbooking/AngularBooking/ClientApp/src/app/admin/_services/admin.service.spec.ts","(anonymous)","(anonymous)",266,275
4,1,16,0,4,"(anonymous)@278-281@/home/alex/dev/Bachelor/baseline/angularbooking/AngularBooking/ClientApp/src/app/admin/_services/admin.service.spec.ts","/home/alex/dev/Bachelor/baseline/angularbooking/AngularBooking/ClientApp/src/app/admin/_services/admin.service.spec.ts","(anonymous)","(anonymous)",278,281
5,1,48,0,9,"(anonymous)@277-285@/home/alex/dev/Bachelor/baseline/angularbooking/AngularBooking/ClientApp/src/app/admin/_services/admin.service.spec.ts","/home/alex/dev/Bachelor/baseline/angularbooking/AngularBooking/ClientApp/src/app/admin/_services/admin.service.spec.ts","(anonymous)","(anonymous)",277,285
4,1,16,0,4,"(anonymous)@288-291@/home/alex/dev/Bachelor/baseline/angularbooking/AngularBooking/ClientApp/src/app/admin/_services/admin.service.spec.ts","/home/alex/dev/Bachelor/baseline/angularbooking/AngularBooking/ClientApp/src/app/admin/_services/admin.service.spec.ts","(anonymous)","(anonymous)",288,291
5,1,48,0,9,"(anonymous)@287-295@/home/alex/dev/Bachelor/baseline/angularbooking/AngularBooking/ClientApp/src/app/admin/_services/admin.service.spec.ts","/home/alex/dev/Bachelor/baseline/angularbooking/AngularBooking/ClientApp/src/app/admin/_services/admin.service.spec.ts","(anonymous)","(anonymous)",287,295
4,1,15,0,4,"(anonymous)@299-302@/home/alex/dev/Bachelor/baseline/angularbooking/AngularBooking/ClientApp/src/app/admin/_services/admin.service.spec.ts","/home/alex/dev/Bachelor/baseline/angularbooking/AngularBooking/ClientApp/src/app/admin/_services/admin.service.spec.ts","(anonymous)","(anonymous)",299,302
5,1,52,0,10,"(anonymous)@298-307@/home/alex/dev/Bachelor/baseline/angularbooking/AngularBooking/ClientApp/src/app/admin/_services/admin.service.spec.ts","/home/alex/dev/Bachelor/baseline/angularbooking/AngularBooking/ClientApp/src/app/admin/_services/admin.service.spec.ts","(anonymous)","(anonymous)",298,307
4,1,16,0,4,"(anonymous)@310-313@/home/alex/dev/Bachelor/baseline/angularbooking/AngularBooking/ClientApp/src/app/admin/_services/admin.service.spec.ts","/home/alex/dev/Bachelor/baseline/angularbooking/AngularBooking/ClientApp/src/app/admin/_services/admin.service.spec.ts","(anonymous)","(anonymous)",310,313
5,1,48,0,9,"(anonymous)@309-317@/home/alex/dev/Bachelor/baseline/angularbooking/AngularBooking/ClientApp/src/app/admin/_services/admin.service.spec.ts","/home/alex/dev/Bachelor/baseline/angularbooking/AngularBooking/ClientApp/src/app/admin/_services/admin.service.spec.ts","(anonymous)","(anonymous)",309,317
4,1,16,0,4,"(anonymous)@320-323@/home/alex/dev/Bachelor/baseline/angularbooking/AngularBooking/ClientApp/src/app/admin/_services/admin.service.spec.ts","/home/alex/dev/Bachelor/baseline/angularbooking/AngularBooking/ClientApp/src/app/admin/_services/admin.service.spec.ts","(anonymous)","(anonymous)",320,323
5,1,48,0,9,"(anonymous)@319-327@/home/alex/dev/Bachelor/baseline/angularbooking/AngularBooking/ClientApp/src/app/admin/_services/admin.service.spec.ts","/home/alex/dev/Bachelor/baseline/angularbooking/AngularBooking/ClientApp/src/app/admin/_services/admin.service.spec.ts","(anonymous)","(anonymous)",319,327
33,1,337,0,314,"(anonymous)@16-329@/home/alex/dev/Bachelor/baseline/angularbooking/AngularBooking/ClientApp/src/app/admin/_services/admin.service.spec.ts","/home/alex/dev/Bachelor/baseline/angularbooking/AngularBooking/ClientApp/src/app/admin/_services/admin.service.spec.ts","(anonymous)","(anonymous)",16,329
1,1,13,2,1,"constructor@22-22@/home/alex/dev/Bachelor/baseline/angularbooking/AngularBooking/ClientApp/src/app/admin/_services/admin.service.ts","/home/alex/dev/Bachelor/baseline/angularbooking/AngularBooking/ClientApp/src/app/admin/_services/admin.service.ts","constructor","constructor ( private http HttpClient , private siteService SiteService )",22,22
6,1,52,1,7,"createEvent@25-31@/home/alex/dev/Bachelor/baseline/angularbooking/AngularBooking/ClientApp/src/app/admin/_services/admin.service.ts","/home/alex/dev/Bachelor/baseline/angularbooking/AngularBooking/ClientApp/src/app/admin/_services/admin.service.ts","createEvent","createEvent ( event Event )",25,31
6,1,58,1,7,"updateEvent@33-39@/home/alex/dev/Bachelor/baseline/angularbooking/AngularBooking/ClientApp/src/app/admin/_services/admin.service.ts","/home/alex/dev/Bachelor/baseline/angularbooking/AngularBooking/ClientApp/src/app/admin/_services/admin.service.ts","updateEvent","updateEvent ( event Event )",33,39
6,1,54,1,7,"removeEvent@41-47@/home/alex/dev/Bachelor/baseline/angularbooking/AngularBooking/ClientApp/src/app/admin/_services/admin.service.ts","/home/alex/dev/Bachelor/baseline/angularbooking/AngularBooking/ClientApp/src/app/admin/_services/admin.service.ts","removeEvent","removeEvent ( id )",41,47
3,1,22,1,3,"getEvent@49-51@/home/alex/dev/Bachelor/baseline/angularbooking/AngularBooking/ClientApp/src/app/admin/_services/admin.service.ts","/home/alex/dev/Bachelor/baseline/angularbooking/AngularBooking/ClientApp/src/app/admin/_services/admin.service.ts","getEvent","getEvent ( id )",49,51
3,1,24,1,3,"getEvents@53-55@/home/alex/dev/Bachelor/baseline/angularbooking/AngularBooking/ClientApp/src/app/admin/_services/admin.service.ts","/home/alex/dev/Bachelor/baseline/angularbooking/AngularBooking/ClientApp/src/app/admin/_services/admin.service.ts","getEvents","getEvents ( query )",53,55
6,1,52,1,7,"createVenue@58-64@/home/alex/dev/Bachelor/baseline/angularbooking/AngularBooking/ClientApp/src/app/admin/_services/admin.service.ts","/home/alex/dev/Bachelor/baseline/angularbooking/AngularBooking/ClientApp/src/app/admin/_services/admin.service.ts","createVenue","createVenue ( venue Venue )",58,64
6,1,58,1,7,"updateVenue@66-72@/home/alex/dev/Bachelor/baseline/angularbooking/AngularBooking/ClientApp/src/app/admin/_services/admin.service.ts","/home/alex/dev/Bachelor/baseline/angularbooking/AngularBooking/ClientApp/src/app/admin/_services/admin.service.ts","updateVenue","updateVenue ( venue Venue )",66,72
6,1,54,1,7,"removeVenue@74-80@/home/alex/dev/Bachelor/baseline/angularbooking/AngularBooking/ClientApp/src/app/admin/_services/admin.service.ts","/home/alex/dev/Bachelor/baseline/angularbooking/AngularBooking/ClientApp/src/app/admin/_services/admin.service.ts","removeVenue","removeVenue ( id )",74,80
3,1,22,1,3,"getVenue@82-84@/home/alex/dev/Bachelor/baseline/angularbooking/AngularBooking/ClientApp/src/app/admin/_services/admin.service.ts","/home/alex/dev/Bachelor/baseline/angularbooking/AngularBooking/ClientApp/src/app/admin/_services/admin.service.ts","getVenue","getVenue ( id )",82,84
3,1,24,1,3,"getVenues@86-88@/home/alex/dev/Bachelor/baseline/angularbooking/AngularBooking/ClientApp/src/app/admin/_services/admin.service.ts","/home/alex/dev/Bachelor/baseline/angularbooking/AngularBooking/ClientApp/src/app/admin/_services/admin.service.ts","getVenues","getVenues ( query )",86,88
6,1,52,1,7,"createRoom@91-97@/home/alex/dev/Bachelor/baseline/angularbooking/AngularBooking/ClientApp/src/app/admin/_services/admin.service.ts","/home/alex/dev/Bachelor/baseline/angularbooking/AngularBooking/ClientApp/src/app/admin/_services/admin.service.ts","createRoom","createRoom ( room Room )",91,97
6,1,58,1,7,"updateRoom@99-105@/home/alex/dev/Bachelor/baseline/angularbooking/AngularBooking/ClientApp/src/app/admin/_services/admin.service.ts","/home/alex/dev/Bachelor/baseline/angularbooking/AngularBooking/ClientApp/src/app/admin/_services/admin.service.ts","updateRoom","updateRoom ( room Room )",99,105
6,1,54,1,7,"removeRoom@107-113@/home/alex/dev/Bachelor/baseline/angularbooking/AngularBooking/ClientApp/src/app/admin/_services/admin.service.ts","/home/alex/dev/Bachelor/baseline/angularbooking/AngularBooking/ClientApp/src/app/admin/_services/admin.service.ts","removeRoom","removeRoom ( id )",107,113
3,1,22,1,3,"getRoom@115-117@/home/alex/dev/Bachelor/baseline/angularbooking/AngularBooking/ClientApp/src/app/admin/_services/admin.service.ts","/home/alex/dev/Bachelor/baseline/angularbooking/AngularBooking/ClientApp/src/app/admin/_services/admin.service.ts","getRoom","getRoom ( id )",115,117
3,1,24,1,3,"getRooms@119-121@/home/alex/dev/Bachelor/baseline/angularbooking/AngularBooking/ClientApp/src/app/admin/_services/admin.service.ts","/home/alex/dev/Bachelor/baseline/angularbooking/AngularBooking/ClientApp/src/app/admin/_services/admin.service.ts","getRooms","getRooms ( query )",119,121
6,1,52,1,7,"createPricingStrategy@124-130@/home/alex/dev/Bachelor/baseline/angularbooking/AngularBooking/ClientApp/src/app/admin/_services/admin.service.ts","/home/alex/dev/Bachelor/baseline/angularbooking/AngularBooking/ClientApp/src/app/admin/_services/admin.service.ts","createPricingStrategy","createPricingStrategy ( pricingStrategy PricingStrategy )",124,130
6,1,58,1,7,"updatePricingStrategy@132-138@/home/alex/dev/Bachelor/baseline/angularbooking/AngularBooking/ClientApp/src/app/admin/_services/admin.service.ts","/home/alex/dev/Bachelor/baseline/angularbooking/AngularBooking/ClientApp/src/app/admin/_services/admin.service.ts","updatePricingStrategy","updatePricingStrategy ( pricingStrategy PricingStrategy )",132,138
6,1,54,1,7,"removePricingStrategy@140-146@/home/alex/dev/Bachelor/baseline/angularbooking/AngularBooking/ClientApp/src/app/admin/_services/admin.service.ts","/home/alex/dev/Bachelor/baseline/angularbooking/AngularBooking/ClientApp/src/app/admin/_services/admin.service.ts","removePricingStrategy","removePricingStrategy ( id )",140,146
9,2,68,1,11,"getPricingStrategy@148-158@/home/alex/dev/Bachelor/baseline/angularbooking/AngularBooking/ClientApp/src/app/admin/_services/admin.service.ts","/home/alex/dev/Bachelor/baseline/angularbooking/AngularBooking/ClientApp/src/app/admin/_services/admin.service.ts","getPricingStrategy","getPricingStrategy ( id )",148,158
9,3,81,1,11,"getPricingStrategies@160-170@/home/alex/dev/Bachelor/baseline/angularbooking/AngularBooking/ClientApp/src/app/admin/_services/admin.service.ts","/home/alex/dev/Bachelor/baseline/angularbooking/AngularBooking/ClientApp/src/app/admin/_services/admin.service.ts","getPricingStrategies","getPricingStrategies ( query )",160,170
6,1,52,1,7,"createPricingStrategyItem@173-179@/home/alex/dev/Bachelor/baseline/angularbooking/AngularBooking/ClientApp/src/app/admin/_services/admin.service.ts","/home/alex/dev/Bachelor/baseline/angularbooking/AngularBooking/ClientApp/src/app/admin/_services/admin.service.ts","createPricingStrategyItem","createPricingStrategyItem ( pricingStrategyItem PricingStrategyItem )",173,179
6,1,58,1,7,"updatePricingStrategyItem@181-187@/home/alex/dev/Bachelor/baseline/angularbooking/AngularBooking/ClientApp/src/app/admin/_services/admin.service.ts","/home/alex/dev/Bachelor/baseline/angularbooking/AngularBooking/ClientApp/src/app/admin/_services/admin.service.ts","updatePricingStrategyItem","updatePricingStrategyItem ( pricingStrategyItem PricingStrategyItem )",181,187
6,1,54,1,7,"removePricingStrategyItem@189-195@/home/alex/dev/Bachelor/baseline/angularbooking/AngularBooking/ClientApp/src/app/admin/_services/admin.service.ts","/home/alex/dev/Bachelor/baseline/angularbooking/AngularBooking/ClientApp/src/app/admin/_services/admin.service.ts","removePricingStrategyItem","removePricingStrategyItem ( id )",189,195
9,2,68,1,11,"getPricingStrategyItem@197-207@/home/alex/dev/Bachelor/baseline/angularbooking/AngularBooking/ClientApp/src/app/admin/_services/admin.service.ts","/home/alex/dev/Bachelor/baseline/angularbooking/AngularBooking/ClientApp/src/app/admin/_services/admin.service.ts","getPricingStrategyItem","getPricingStrategyItem ( id )",197,207
9,3,81,1,11,"getPricingStrategyItems@209-219@/home/alex/dev/Bachelor/baseline/angularbooking/AngularBooking/ClientApp/src/app/admin/_services/admin.service.ts","/home/alex/dev/Bachelor/baseline/angularbooking/AngularBooking/ClientApp/src/app/admin/_services/admin.service.ts","getPricingStrategyItems","getPricingStrategyItems ( query )",209,219
6,1,52,1,7,"createShowing@222-228@/home/alex/dev/Bachelor/baseline/angularbooking/AngularBooking/ClientApp/src/app/admin/_services/admin.service.ts","/home/alex/dev/Bachelor/baseline/angularbooking/AngularBooking/ClientApp/src/app/admin/_services/admin.service.ts","createShowing","createShowing ( showing Showing )",222,228
6,1,58,1,7,"updateShowing@230-236@/home/alex/dev/Bachelor/baseline/angularbooking/AngularBooking/ClientApp/src/app/admin/_services/admin.service.ts","/home/alex/dev/Bachelor/baseline/angularbooking/AngularBooking/ClientApp/src/app/admin/_services/admin.service.ts","updateShowing","updateShowing ( showing Showing )",230,236
6,1,54,1,7,"removeShowing@238-244@/home/alex/dev/Bachelor/baseline/angularbooking/AngularBooking/ClientApp/src/app/admin/_services/admin.service.ts","/home/alex/dev/Bachelor/baseline/angularbooking/AngularBooking/ClientApp/src/app/admin/_services/admin.service.ts","removeShowing","removeShowing ( id )",238,244
9,2,68,1,11,"getShowing@246-256@/home/alex/dev/Bachelor/baseline/angularbooking/AngularBooking/ClientApp/src/app/admin/_services/admin.service.ts","/home/alex/dev/Bachelor/baseline/angularbooking/AngularBooking/ClientApp/src/app/admin/_services/admin.service.ts","getShowing","getShowing ( id )",246,256
9,3,81,1,11,"getShowings@258-268@/home/alex/dev/Bachelor/baseline/angularbooking/AngularBooking/ClientApp/src/app/admin/_services/admin.service.ts","/home/alex/dev/Bachelor/baseline/angularbooking/AngularBooking/ClientApp/src/app/admin/_services/admin.service.ts","getShowings","getShowings ( query )",258,268
3,1,25,1,3,"getShowingAllocations@271-273@/home/alex/dev/Bachelor/baseline/angularbooking/AngularBooking/ClientApp/src/app/admin/_services/admin.service.ts","/home/alex/dev/Bachelor/baseline/angularbooking/AngularBooking/ClientApp/src/app/admin/_services/admin.service.ts","getShowingAllocations","getShowingAllocations ( showingId )",271,273
6,1,55,1,7,"createBooking@276-282@/home/alex/dev/Bachelor/baseline/angularbooking/AngularBooking/ClientApp/src/app/admin/_services/admin.service.ts","/home/alex/dev/Bachelor/baseline/angularbooking/AngularBooking/ClientApp/src/app/admin/_services/admin.service.ts","createBooking","createBooking ( booking Booking )",276,282
6,1,58,1,7,"updateBooking@284-290@/home/alex/dev/Bachelor/baseline/angularbooking/AngularBooking/ClientApp/src/app/admin/_services/admin.service.ts","/home/alex/dev/Bachelor/baseline/angularbooking/AngularBooking/ClientApp/src/app/admin/_services/admin.service.ts","updateBooking","updateBooking ( booking Booking )",284,290
6,1,54,1,7,"removeBooking@292-298@/home/alex/dev/Bachelor/baseline/angularbooking/AngularBooking/ClientApp/src/app/admin/_services/admin.service.ts","/home/alex/dev/Bachelor/baseline/angularbooking/AngularBooking/ClientApp/src/app/admin/_services/admin.service.ts","removeBooking","removeBooking ( id )",292,298
9,2,68,1,11,"getBooking@300-310@/home/alex/dev/Bachelor/baseline/angularbooking/AngularBooking/ClientApp/src/app/admin/_services/admin.service.ts","/home/alex/dev/Bachelor/baseline/angularbooking/AngularBooking/ClientApp/src/app/admin/_services/admin.service.ts","getBooking","getBooking ( id )",300,310
9,3,81,1,11,"getBookings@312-322@/home/alex/dev/Bachelor/baseline/angularbooking/AngularBooking/ClientApp/src/app/admin/_services/admin.service.ts","/home/alex/dev/Bachelor/baseline/angularbooking/AngularBooking/ClientApp/src/app/admin/_services/admin.service.ts","getBookings","getBookings ( query )",312,322
6,1,52,1,7,"createBookingItem@325-331@/home/alex/dev/Bachelor/baseline/angularbooking/AngularBooking/ClientApp/src/app/admin/_services/admin.service.ts","/home/alex/dev/Bachelor/baseline/angularbooking/AngularBooking/ClientApp/src/app/admin/_services/admin.service.ts","createBookingItem","createBookingItem ( bookingItem BookingItem )",325,331
6,1,58,1,7,"updateBookingItem@333-339@/home/alex/dev/Bachelor/baseline/angularbooking/AngularBooking/ClientApp/src/app/admin/_services/admin.service.ts","/home/alex/dev/Bachelor/baseline/angularbooking/AngularBooking/ClientApp/src/app/admin/_services/admin.service.ts","updateBookingItem","updateBookingItem ( bookingItem BookingItem )",333,339
6,1,54,1,7,"removeBookingItem@341-347@/home/alex/dev/Bachelor/baseline/angularbooking/AngularBooking/ClientApp/src/app/admin/_services/admin.service.ts","/home/alex/dev/Bachelor/baseline/angularbooking/AngularBooking/ClientApp/src/app/admin/_services/admin.service.ts","removeBookingItem","removeBookingItem ( id )",341,347
9,2,68,1,11,"getBookingItem@349-359@/home/alex/dev/Bachelor/baseline/angularbooking/AngularBooking/ClientApp/src/app/admin/_services/admin.service.ts","/home/alex/dev/Bachelor/baseline/angularbooking/AngularBooking/ClientApp/src/app/admin/_services/admin.service.ts","getBookingItem","getBookingItem ( id )",349,359
9,3,81,1,11,"getBookingItems@361-371@/home/alex/dev/Bachelor/baseline/angularbooking/AngularBooking/ClientApp/src/app/admin/_services/admin.service.ts","/home/alex/dev/Bachelor/baseline/angularbooking/AngularBooking/ClientApp/src/app/admin/_services/admin.service.ts","getBookingItems","getBookingItems ( query )",361,371
6,1,52,1,7,"createCustomer@374-380@/home/alex/dev/Bachelor/baseline/angularbooking/AngularBooking/ClientApp/src/app/admin/_services/admin.service.ts","/home/alex/dev/Bachelor/baseline/angularbooking/AngularBooking/ClientApp/src/app/admin/_services/admin.service.ts","createCustomer","createCustomer ( customer Customer )",374,380
6,1,58,1,7,"updateCustomer@382-388@/home/alex/dev/Bachelor/baseline/angularbooking/AngularBooking/ClientApp/src/app/admin/_services/admin.service.ts","/home/alex/dev/Bachelor/baseline/angularbooking/AngularBooking/ClientApp/src/app/admin/_services/admin.service.ts","updateCustomer","updateCustomer ( customer Customer )",382,388
6,1,54,1,7,"removeCustomer@390-396@/home/alex/dev/Bachelor/baseline/angularbooking/AngularBooking/ClientApp/src/app/admin/_services/admin.service.ts","/home/alex/dev/Bachelor/baseline/angularbooking/AngularBooking/ClientApp/src/app/admin/_services/admin.service.ts","removeCustomer","removeCustomer ( id )",390,396
9,2,68,1,11,"getCustomer@398-408@/home/alex/dev/Bachelor/baseline/angularbooking/AngularBooking/ClientApp/src/app/admin/_services/admin.service.ts","/home/alex/dev/Bachelor/baseline/angularbooking/AngularBooking/ClientApp/src/app/admin/_services/admin.service.ts","getCustomer","getCustomer ( id )",398,408
9,3,81,1,11,"getCustomers@410-420@/home/alex/dev/Bachelor/baseline/angularbooking/AngularBooking/ClientApp/src/app/admin/_services/admin.service.ts","/home/alex/dev/Bachelor/baseline/angularbooking/AngularBooking/ClientApp/src/app/admin/_services/admin.service.ts","getCustomers","getCustomers ( query )",410,420
6,1,52,1,7,"createFeature@423-429@/home/alex/dev/Bachelor/baseline/angularbooking/AngularBooking/ClientApp/src/app/admin/_services/admin.service.ts","/home/alex/dev/Bachelor/baseline/angularbooking/AngularBooking/ClientApp/src/app/admin/_services/admin.service.ts","createFeature","createFeature ( feature Feature )",423,429
6,1,58,1,7,"updateFeature@431-437@/home/alex/dev/Bachelor/baseline/angularbooking/AngularBooking/ClientApp/src/app/admin/_services/admin.service.ts","/home/alex/dev/Bachelor/baseline/angularbooking/AngularBooking/ClientApp/src/app/admin/_services/admin.service.ts","updateFeature","updateFeature ( feature Feature )",431,437
6,1,54,1,7,"removeFeature@439-445@/home/alex/dev/Bachelor/baseline/angularbooking/AngularBooking/ClientApp/src/app/admin/_services/admin.service.ts","/home/alex/dev/Bachelor/baseline/angularbooking/AngularBooking/ClientApp/src/app/admin/_services/admin.service.ts","removeFeature","removeFeature ( id )",439,445
9,2,68,1,11,"getFeature@447-457@/home/alex/dev/Bachelor/baseline/angularbooking/AngularBooking/ClientApp/src/app/admin/_services/admin.service.ts","/home/alex/dev/Bachelor/baseline/angularbooking/AngularBooking/ClientApp/src/app/admin/_services/admin.service.ts","getFeature","getFeature ( id )",447,457
9,3,81,1,11,"getFeatures@459-469@/home/alex/dev/Bachelor/baseline/angularbooking/AngularBooking/ClientApp/src/app/admin/_services/admin.service.ts","/home/alex/dev/Bachelor/baseline/angularbooking/AngularBooking/ClientApp/src/app/admin/_services/admin.service.ts","getFeatures","getFeatures ( query )",459,469
3,1,20,0,3,"getShowingOptions@473-475@/home/alex/dev/Bachelor/baseline/angularbooking/AngularBooking/ClientApp/src/app/admin/_services/admin.service.ts","/home/alex/dev/Bachelor/baseline/angularbooking/AngularBooking/ClientApp/src/app/admin/_services/admin.service.ts","getShowingOptions","getShowingOptions ( )",473,475
18,1,43,0,18,"(anonymous)@16-33@/home/alex/dev/Bachelor/baseline/angularbooking/AngularBooking/ClientApp/src/app/admin/bookings/bookings.component.spec.ts","/home/alex/dev/Bachelor/baseline/angularbooking/AngularBooking/ClientApp/src/app/admin/bookings/bookings.component.spec.ts","(anonymous)","(anonymous)",16,33
5,1,23,0,5,"(anonymous)@35-39@/home/alex/dev/Bachelor/baseline/angularbooking/AngularBooking/ClientApp/src/app/admin/bookings/bookings.component.spec.ts","/home/alex/dev/Bachelor/baseline/angularbooking/AngularBooking/ClientApp/src/app/admin/bookings/bookings.component.spec.ts","(anonymous)","(anonymous)",35,39
3,1,11,0,3,"(anonymous)@41-43@/home/alex/dev/Bachelor/baseline/angularbooking/AngularBooking/ClientApp/src/app/admin/bookings/bookings.component.spec.ts","/home/alex/dev/Bachelor/baseline/angularbooking/AngularBooking/ClientApp/src/app/admin/bookings/bookings.component.spec.ts","(anonymous)","(anonymous)",41,43
7,1,50,0,33,"describe@12-44@/home/alex/dev/Bachelor/baseline/angularbooking/AngularBooking/ClientApp/src/app/admin/bookings/bookings.component.spec.ts","/home/alex/dev/Bachelor/baseline/angularbooking/AngularBooking/ClientApp/src/app/admin/bookings/bookings.component.spec.ts","describe","describe ( , ( )",12,44
1,1,13,2,1,"constructor@43-43@/home/alex/dev/Bachelor/baseline/angularbooking/AngularBooking/ClientApp/src/app/admin/bookings/bookings.component.ts","/home/alex/dev/Bachelor/baseline/angularbooking/AngularBooking/ClientApp/src/app/admin/bookings/bookings.component.ts","constructor","constructor ( private adminService AdminService , private messageService MessageService )",43,43
3,1,8,0,3,"(anonymous)@80-82@/home/alex/dev/Bachelor/baseline/angularbooking/AngularBooking/ClientApp/src/app/admin/bookings/bookings.component.ts","/home/alex/dev/Bachelor/baseline/angularbooking/AngularBooking/ClientApp/src/app/admin/bookings/bookings.component.ts","(anonymous)","(anonymous)",80,82
3,1,8,0,3,"(anonymous)@85-87@/home/alex/dev/Bachelor/baseline/angularbooking/AngularBooking/ClientApp/src/app/admin/bookings/bookings.component.ts","/home/alex/dev/Bachelor/baseline/angularbooking/AngularBooking/ClientApp/src/app/admin/bookings/bookings.component.ts","(anonymous)","(anonymous)",85,87
3,1,8,0,3,"(anonymous)@90-92@/home/alex/dev/Bachelor/baseline/angularbooking/AngularBooking/ClientApp/src/app/admin/bookings/bookings.component.ts","/home/alex/dev/Bachelor/baseline/angularbooking/AngularBooking/ClientApp/src/app/admin/bookings/bookings.component.ts","(anonymous)","(anonymous)",90,92
3,1,8,0,3,"(anonymous)@95-97@/home/alex/dev/Bachelor/baseline/angularbooking/AngularBooking/ClientApp/src/app/admin/bookings/bookings.component.ts","/home/alex/dev/Bachelor/baseline/angularbooking/AngularBooking/ClientApp/src/app/admin/bookings/bookings.component.ts","(anonymous)","(anonymous)",95,97
38,1,232,0,60,"ngOnInit@45-104@/home/alex/dev/Bachelor/baseline/angularbooking/AngularBooking/ClientApp/src/app/admin/bookings/bookings.component.ts","/home/alex/dev/Bachelor/baseline/angularbooking/AngularBooking/ClientApp/src/app/admin/bookings/bookings.component.ts","ngOnInit","ngOnInit ( )",45,104
6,1,35,0,6,"showDialogToAddBooking@110-115@/home/alex/dev/Bachelor/baseline/angularbooking/AngularBooking/ClientApp/src/app/admin/bookings/bookings.component.ts","/home/alex/dev/Bachelor/baseline/angularbooking/AngularBooking/ClientApp/src/app/admin/bookings/bookings.component.ts","showDialogToAddBooking","showDialogToAddBooking ( )",110,115
32,5,221,0,43,"saveBooking@117-159@/home/alex/dev/Bachelor/baseline/angularbooking/AngularBooking/ClientApp/src/app/admin/bookings/bookings.component.ts","/home/alex/dev/Bachelor/baseline/angularbooking/AngularBooking/ClientApp/src/app/admin/bookings/bookings.component.ts","saveBooking","saveBooking ( )",117,159
1,1,4,0,1,"(anonymous)@170-170@/home/alex/dev/Bachelor/baseline/angularbooking/AngularBooking/ClientApp/src/app/admin/bookings/bookings.component.ts","/home/alex/dev/Bachelor/baseline/angularbooking/AngularBooking/ClientApp/src/app/admin/bookings/bookings.component.ts","(anonymous)","(anonymous)",170,170
11,3,95,0,14,"deleteBooking@161-174@/home/alex/dev/Bachelor/baseline/angularbooking/AngularBooking/ClientApp/src/app/admin/bookings/bookings.component.ts","/home/alex/dev/Bachelor/baseline/angularbooking/AngularBooking/ClientApp/src/app/admin/bookings/bookings.component.ts","deleteBooking","deleteBooking ( )",161,174
11,1,113,1,12,"onBookingRowEdit@176-187@/home/alex/dev/Bachelor/baseline/angularbooking/AngularBooking/ClientApp/src/app/admin/bookings/bookings.component.ts","/home/alex/dev/Bachelor/baseline/angularbooking/AngularBooking/ClientApp/src/app/admin/bookings/bookings.component.ts","onBookingRowEdit","onBookingRowEdit ( booking )",176,187
8,1,54,1,10,"showDialogToAddBookingItem@193-202@/home/alex/dev/Bachelor/baseline/angularbooking/AngularBooking/ClientApp/src/app/admin/bookings/bookings.component.ts","/home/alex/dev/Bachelor/baseline/angularbooking/AngularBooking/ClientApp/src/app/admin/bookings/bookings.component.ts","showDialogToAddBookingItem","showDialogToAddBookingItem ( bookingId )",193,202
1,1,10,0,1,"(anonymous)@236-236@/home/alex/dev/Bachelor/baseline/angularbooking/AngularBooking/ClientApp/src/app/admin/bookings/bookings.component.ts","/home/alex/dev/Bachelor/baseline/angularbooking/AngularBooking/ClientApp/src/app/admin/bookings/bookings.component.ts","(anonymous)","(anonymous)",236,236
32,5,222,0,43,"saveBookingItem@204-246@/home/alex/dev/Bachelor/baseline/angularbooking/AngularBooking/ClientApp/src/app/admin/bookings/bookings.component.ts","/home/alex/dev/Bachelor/baseline/angularbooking/AngularBooking/ClientApp/src/app/admin/bookings/bookings.component.ts","saveBookingItem","saveBookingItem ( )",204,246
1,1,10,0,1,"(anonymous)@256-256@/home/alex/dev/Bachelor/baseline/angularbooking/AngularBooking/ClientApp/src/app/admin/bookings/bookings.component.ts","/home/alex/dev/Bachelor/baseline/angularbooking/AngularBooking/ClientApp/src/app/admin/bookings/bookings.component.ts","(anonymous)","(anonymous)",256,256
1,1,4,0,1,"(anonymous)@257-257@/home/alex/dev/Bachelor/baseline/angularbooking/AngularBooking/ClientApp/src/app/admin/bookings/bookings.component.ts","/home/alex/dev/Bachelor/baseline/angularbooking/AngularBooking/ClientApp/src/app/admin/bookings/bookings.component.ts","(anonymous)","(anonymous)",257,257
11,3,94,0,14,"deleteBookingItem@248-261@/home/alex/dev/Bachelor/baseline/angularbooking/AngularBooking/ClientApp/src/app/admin/bookings/bookings.component.ts","/home/alex/dev/Bachelor/baseline/angularbooking/AngularBooking/ClientApp/src/app/admin/bookings/bookings.component.ts","deleteBookingItem","deleteBookingItem ( )",248,261
1,1,10,0,1,"(anonymous)@267-267@/home/alex/dev/Bachelor/baseline/angularbooking/AngularBooking/ClientApp/src/app/admin/bookings/bookings.component.ts","/home/alex/dev/Bachelor/baseline/angularbooking/AngularBooking/ClientApp/src/app/admin/bookings/bookings.component.ts","(anonymous)","(anonymous)",267,267
15,2,155,2,19,"onBookingItemRowEdit@263-281@/home/alex/dev/Bachelor/baseline/angularbooking/AngularBooking/ClientApp/src/app/admin/bookings/bookings.component.ts","/home/alex/dev/Bachelor/baseline/angularbooking/AngularBooking/ClientApp/src/app/admin/bookings/bookings.component.ts","onBookingItemRowEdit","onBookingItemRowEdit ( bookingItem , bookingId )",263,281
1,1,6,0,1,"(anonymous)@285-285@/home/alex/dev/Bachelor/baseline/angularbooking/AngularBooking/ClientApp/src/app/admin/bookings/bookings.component.ts","/home/alex/dev/Bachelor/baseline/angularbooking/AngularBooking/ClientApp/src/app/admin/bookings/bookings.component.ts","(anonymous)","(anonymous)",285,285
1,1,8,0,1,"(anonymous)@287-287@/home/alex/dev/Bachelor/baseline/angularbooking/AngularBooking/ClientApp/src/app/admin/bookings/bookings.component.ts","/home/alex/dev/Bachelor/baseline/angularbooking/AngularBooking/ClientApp/src/app/admin/bookings/bookings.component.ts","(anonymous)","(anonymous)",287,287
3,1,13,0,3,"(anonymous)@286-288@/home/alex/dev/Bachelor/baseline/angularbooking/AngularBooking/ClientApp/src/app/admin/bookings/bookings.component.ts","/home/alex/dev/Bachelor/baseline/angularbooking/AngularBooking/ClientApp/src/app/admin/bookings/bookings.component.ts","(anonymous)","(anonymous)",286,288
1,1,4,0,1,"(anonymous)@288-288@/home/alex/dev/Bachelor/baseline/angularbooking/AngularBooking/ClientApp/src/app/admin/bookings/bookings.component.ts","/home/alex/dev/Bachelor/baseline/angularbooking/AngularBooking/ClientApp/src/app/admin/bookings/bookings.component.ts","(anonymous)","(anonymous)",288,288
1,1,6,0,1,"(anonymous)@293-293@/home/alex/dev/Bachelor/baseline/angularbooking/AngularBooking/ClientApp/src/app/admin/bookings/bookings.component.ts","/home/alex/dev/Bachelor/baseline/angularbooking/AngularBooking/ClientApp/src/app/admin/bookings/bookings.component.ts","(anonymous)","(anonymous)",293,293
13,1,84,0,15,"(anonymous)@293-307@/home/alex/dev/Bachelor/baseline/angularbooking/AngularBooking/ClientApp/src/app/admin/bookings/bookings.component.ts","/home/alex/dev/Bachelor/baseline/angularbooking/AngularBooking/ClientApp/src/app/admin/bookings/bookings.component.ts","(anonymous)","(anonymous)",293,307
7,2,68,1,26,"getBookingItemsByBookingId@283-308@/home/alex/dev/Bachelor/baseline/angularbooking/AngularBooking/ClientApp/src/app/admin/bookings/bookings.component.ts","/home/alex/dev/Bachelor/baseline/angularbooking/AngularBooking/ClientApp/src/app/admin/bookings/bookings.component.ts","getBookingItemsByBookingId","getBookingItemsByBookingId ( id )",283,308
21,5,93,1,25,"getShowingInfoById@311-335@/home/alex/dev/Bachelor/baseline/angularbooking/AngularBooking/ClientApp/src/app/admin/bookings/bookings.component.ts","/home/alex/dev/Bachelor/baseline/angularbooking/AngularBooking/ClientApp/src/app/admin/bookings/bookings.component.ts","getShowingInfoById","getShowingInfoById ( id )",311,335
1,1,6,0,1,"(anonymous)@339-339@/home/alex/dev/Bachelor/baseline/angularbooking/AngularBooking/ClientApp/src/app/admin/bookings/bookings.component.ts","/home/alex/dev/Bachelor/baseline/angularbooking/AngularBooking/ClientApp/src/app/admin/bookings/bookings.component.ts","(anonymous)","(anonymous)",339,339
1,1,8,0,1,"(anonymous)@354-354@/home/alex/dev/Bachelor/baseline/angularbooking/AngularBooking/ClientApp/src/app/admin/bookings/bookings.component.ts","/home/alex/dev/Bachelor/baseline/angularbooking/AngularBooking/ClientApp/src/app/admin/bookings/bookings.component.ts","(anonymous)","(anonymous)",354,354
5,2,22,0,5,"(anonymous)@353-357@/home/alex/dev/Bachelor/baseline/angularbooking/AngularBooking/ClientApp/src/app/admin/bookings/bookings.component.ts","/home/alex/dev/Bachelor/baseline/angularbooking/AngularBooking/ClientApp/src/app/admin/bookings/bookings.component.ts","(anonymous)","(anonymous)",353,357
25,7,203,1,43,"updateAvailability@338-380@/home/alex/dev/Bachelor/baseline/angularbooking/AngularBooking/ClientApp/src/app/admin/bookings/bookings.component.ts","/home/alex/dev/Bachelor/baseline/angularbooking/AngularBooking/ClientApp/src/app/admin/bookings/bookings.component.ts","updateAvailability","updateAvailability ( bookingId )",338,380
18,1,43,0,18,"(anonymous)@16-33@/home/alex/dev/Bachelor/baseline/angularbooking/AngularBooking/ClientApp/src/app/admin/customers/customers.component.spec.ts","/home/alex/dev/Bachelor/baseline/angularbooking/AngularBooking/ClientApp/src/app/admin/customers/customers.component.spec.ts","(anonymous)","(anonymous)",16,33
5,1,23,0,5,"(anonymous)@35-39@/home/alex/dev/Bachelor/baseline/angularbooking/AngularBooking/ClientApp/src/app/admin/customers/customers.component.spec.ts","/home/alex/dev/Bachelor/baseline/angularbooking/AngularBooking/ClientApp/src/app/admin/customers/customers.component.spec.ts","(anonymous)","(anonymous)",35,39
3,1,11,0,3,"(anonymous)@41-43@/home/alex/dev/Bachelor/baseline/angularbooking/AngularBooking/ClientApp/src/app/admin/customers/customers.component.spec.ts","/home/alex/dev/Bachelor/baseline/angularbooking/AngularBooking/ClientApp/src/app/admin/customers/customers.component.spec.ts","(anonymous)","(anonymous)",41,43
7,1,50,0,33,"describe@12-44@/home/alex/dev/Bachelor/baseline/angularbooking/AngularBooking/ClientApp/src/app/admin/customers/customers.component.spec.ts","/home/alex/dev/Bachelor/baseline/angularbooking/AngularBooking/ClientApp/src/app/admin/customers/customers.component.spec.ts","describe","describe ( , ( )",12,44
1,1,14,0,1,"get id@25-25@/home/alex/dev/Bachelor/baseline/angularbooking/AngularBooking/ClientApp/src/app/admin/customers/customers.component.ts","/home/alex/dev/Bachelor/baseline/angularbooking/AngularBooking/ClientApp/src/app/admin/customers/customers.component.ts","get id","get id ( )",25,25
1,1,14,0,1,"get firstName@26-26@/home/alex/dev/Bachelor/baseline/angularbooking/AngularBooking/ClientApp/src/app/admin/customers/customers.component.ts","/home/alex/dev/Bachelor/baseline/angularbooking/AngularBooking/ClientApp/src/app/admin/customers/customers.component.ts","get firstName","get firstName ( )",26,26
1,1,14,0,1,"get lastName@27-27@/home/alex/dev/Bachelor/baseline/angularbooking/AngularBooking/ClientApp/src/app/admin/customers/customers.component.ts","/home/alex/dev/Bachelor/baseline/angularbooking/AngularBooking/ClientApp/src/app/admin/customers/customers.component.ts","get lastName","get lastName ( )",27,27
1,1,14,0,1,"get address1@28-28@/home/alex/dev/Bachelor/baseline/angularbooking/AngularBooking/ClientApp/src/app/admin/customers/customers.component.ts","/home/alex/dev/Bachelor/baseline/angularbooking/AngularBooking/ClientApp/src/app/admin/customers/customers.component.ts","get address1","get address1 ( )",28,28
1,1,14,0,1,"get address2@29-29@/home/alex/dev/Bachelor/baseline/angularbooking/AngularBooking/ClientApp/src/app/admin/customers/customers.component.ts","/home/alex/dev/Bachelor/baseline/angularbooking/AngularBooking/ClientApp/src/app/admin/customers/customers.component.ts","get address2","get address2 ( )",29,29
1,1,14,0,1,"get address3@30-30@/home/alex/dev/Bachelor/baseline/angularbooking/AngularBooking/ClientApp/src/app/admin/customers/customers.component.ts","/home/alex/dev/Bachelor/baseline/angularbooking/AngularBooking/ClientApp/src/app/admin/customers/customers.component.ts","get address3","get address3 ( )",30,30
1,1,14,0,1,"get address4@31-31@/home/alex/dev/Bachelor/baseline/angularbooking/AngularBooking/ClientApp/src/app/admin/customers/customers.component.ts","/home/alex/dev/Bachelor/baseline/angularbooking/AngularBooking/ClientApp/src/app/admin/customers/customers.component.ts","get address4","get address4 ( )",31,31
1,1,14,0,1,"get address5@32-32@/home/alex/dev/Bachelor/baseline/angularbooking/AngularBooking/ClientApp/src/app/admin/customers/customers.component.ts","/home/alex/dev/Bachelor/baseline/angularbooking/AngularBooking/ClientApp/src/app/admin/customers/customers.component.ts","get address5","get address5 ( )",32,32
1,1,14,0,1,"get contactPhone@33-33@/home/alex/dev/Bachelor/baseline/angularbooking/AngularBooking/ClientApp/src/app/admin/customers/customers.component.ts","/home/alex/dev/Bachelor/baseline/angularbooking/AngularBooking/ClientApp/src/app/admin/customers/customers.component.ts","get contactPhone","get contactPhone ( )",33,33
1,1,14,0,1,"get contactEmail@34-34@/home/alex/dev/Bachelor/baseline/angularbooking/AngularBooking/ClientApp/src/app/admin/customers/customers.component.ts","/home/alex/dev/Bachelor/baseline/angularbooking/AngularBooking/ClientApp/src/app/admin/customers/customers.component.ts","get contactEmail","get contactEmail ( )",34,34
1,1,13,2,1,"constructor@36-36@/home/alex/dev/Bachelor/baseline/angularbooking/AngularBooking/ClientApp/src/app/admin/customers/customers.component.ts","/home/alex/dev/Bachelor/baseline/angularbooking/AngularBooking/ClientApp/src/app/admin/customers/customers.component.ts","constructor","constructor ( private adminService AdminService , private messageService MessageService )",36,36
3,1,8,0,3,"(anonymous)@75-77@/home/alex/dev/Bachelor/baseline/angularbooking/AngularBooking/ClientApp/src/app/admin/customers/customers.component.ts","/home/alex/dev/Bachelor/baseline/angularbooking/AngularBooking/ClientApp/src/app/admin/customers/customers.component.ts","(anonymous)","(anonymous)",75,77
41,1,212,0,48,"ngOnInit@38-85@/home/alex/dev/Bachelor/baseline/angularbooking/AngularBooking/ClientApp/src/app/admin/customers/customers.component.ts","/home/alex/dev/Bachelor/baseline/angularbooking/AngularBooking/ClientApp/src/app/admin/customers/customers.component.ts","ngOnInit","ngOnInit ( )",38,85
6,1,35,0,6,"showDialogToAdd@87-92@/home/alex/dev/Bachelor/baseline/angularbooking/AngularBooking/ClientApp/src/app/admin/customers/customers.component.ts","/home/alex/dev/Bachelor/baseline/angularbooking/AngularBooking/ClientApp/src/app/admin/customers/customers.component.ts","showDialogToAdd","showDialogToAdd ( )",87,92
37,5,280,0,48,"save@94-141@/home/alex/dev/Bachelor/baseline/angularbooking/AngularBooking/ClientApp/src/app/admin/customers/customers.component.ts","/home/alex/dev/Bachelor/baseline/angularbooking/AngularBooking/ClientApp/src/app/admin/customers/customers.component.ts","save","save ( )",94,141
1,1,4,0,1,"(anonymous)@152-152@/home/alex/dev/Bachelor/baseline/angularbooking/AngularBooking/ClientApp/src/app/admin/customers/customers.component.ts","/home/alex/dev/Bachelor/baseline/angularbooking/AngularBooking/ClientApp/src/app/admin/customers/customers.component.ts","(anonymous)","(anonymous)",152,152
11,3,95,0,14,"delete@143-156@/home/alex/dev/Bachelor/baseline/angularbooking/AngularBooking/ClientApp/src/app/admin/customers/customers.component.ts","/home/alex/dev/Bachelor/baseline/angularbooking/AngularBooking/ClientApp/src/app/admin/customers/customers.component.ts","delete","delete ( )",143,156
16,1,198,1,18,"onRowEdit@158-175@/home/alex/dev/Bachelor/baseline/angularbooking/AngularBooking/ClientApp/src/app/admin/customers/customers.component.ts","/home/alex/dev/Bachelor/baseline/angularbooking/AngularBooking/ClientApp/src/app/admin/customers/customers.component.ts","onRowEdit","onRowEdit ( event )",158,175
3,2,15,0,3,"(anonymous)@182-184@/home/alex/dev/Bachelor/baseline/angularbooking/AngularBooking/ClientApp/src/app/admin/customers/customers.component.ts","/home/alex/dev/Bachelor/baseline/angularbooking/AngularBooking/ClientApp/src/app/admin/customers/customers.component.ts","(anonymous)","(anonymous)",182,184
13,2,76,1,17,"uniqueEmailValidator@178-194@/home/alex/dev/Bachelor/baseline/angularbooking/AngularBooking/ClientApp/src/app/admin/customers/customers.component.ts","/home/alex/dev/Bachelor/baseline/angularbooking/AngularBooking/ClientApp/src/app/admin/customers/customers.component.ts","uniqueEmailValidator","uniqueEmailValidator ( control AbstractControl )",178,194
6,1,19,0,6,"(anonymous)@9-14@/home/alex/dev/Bachelor/baseline/angularbooking/AngularBooking/ClientApp/src/app/admin/dashboard/dashboard.component.spec.ts","/home/alex/dev/Bachelor/baseline/angularbooking/AngularBooking/ClientApp/src/app/admin/dashboard/dashboard.component.spec.ts","(anonymous)","(anonymous)",9,14
5,1,23,0,5,"(anonymous)@16-20@/home/alex/dev/Bachelor/baseline/angularbooking/AngularBooking/ClientApp/src/app/admin/dashboard/dashboard.component.spec.ts","/home/alex/dev/Bachelor/baseline/angularbooking/AngularBooking/ClientApp/src/app/admin/dashboard/dashboard.component.spec.ts","(anonymous)","(anonymous)",16,20
3,1,11,0,3,"(anonymous)@22-24@/home/alex/dev/Bachelor/baseline/angularbooking/AngularBooking/ClientApp/src/app/admin/dashboard/dashboard.component.spec.ts","/home/alex/dev/Bachelor/baseline/angularbooking/AngularBooking/ClientApp/src/app/admin/dashboard/dashboard.component.spec.ts","(anonymous)","(anonymous)",22,24
7,1,50,0,21,"describe@5-25@/home/alex/dev/Bachelor/baseline/angularbooking/AngularBooking/ClientApp/src/app/admin/dashboard/dashboard.component.spec.ts","/home/alex/dev/Bachelor/baseline/angularbooking/AngularBooking/ClientApp/src/app/admin/dashboard/dashboard.component.spec.ts","describe","describe ( , ( )",5,25
1,1,4,0,1,"constructor@10-10@/home/alex/dev/Bachelor/baseline/angularbooking/AngularBooking/ClientApp/src/app/admin/dashboard/dashboard.component.ts","/home/alex/dev/Bachelor/baseline/angularbooking/AngularBooking/ClientApp/src/app/admin/dashboard/dashboard.component.ts","constructor","constructor ( )",10,10
2,1,4,0,2,"ngOnInit@12-13@/home/alex/dev/Bachelor/baseline/angularbooking/AngularBooking/ClientApp/src/app/admin/dashboard/dashboard.component.ts","/home/alex/dev/Bachelor/baseline/angularbooking/AngularBooking/ClientApp/src/app/admin/dashboard/dashboard.component.ts","ngOnInit","ngOnInit ( )",12,13
23,1,53,0,23,"(anonymous)@23-45@/home/alex/dev/Bachelor/baseline/angularbooking/AngularBooking/ClientApp/src/app/admin/events/events.component.spec.ts","/home/alex/dev/Bachelor/baseline/angularbooking/AngularBooking/ClientApp/src/app/admin/events/events.component.spec.ts","(anonymous)","(anonymous)",23,45
5,1,23,0,5,"(anonymous)@47-51@/home/alex/dev/Bachelor/baseline/angularbooking/AngularBooking/ClientApp/src/app/admin/events/events.component.spec.ts","/home/alex/dev/Bachelor/baseline/angularbooking/AngularBooking/ClientApp/src/app/admin/events/events.component.spec.ts","(anonymous)","(anonymous)",47,51
3,1,11,0,3,"(anonymous)@53-55@/home/alex/dev/Bachelor/baseline/angularbooking/AngularBooking/ClientApp/src/app/admin/events/events.component.spec.ts","/home/alex/dev/Bachelor/baseline/angularbooking/AngularBooking/ClientApp/src/app/admin/events/events.component.spec.ts","(anonymous)","(anonymous)",53,55
7,1,50,0,38,"describe@19-56@/home/alex/dev/Bachelor/baseline/angularbooking/AngularBooking/ClientApp/src/app/admin/events/events.component.spec.ts","/home/alex/dev/Bachelor/baseline/angularbooking/AngularBooking/ClientApp/src/app/admin/events/events.component.spec.ts","describe","describe ( , ( )",19,56
1,1,14,0,1,"get id@47-47@/home/alex/dev/Bachelor/baseline/angularbooking/AngularBooking/ClientApp/src/app/admin/events/events.component.ts","/home/alex/dev/Bachelor/baseline/angularbooking/AngularBooking/ClientApp/src/app/admin/events/events.component.ts","get id","get id ( )",47,47
1,1,14,0,1,"get name@48-48@/home/alex/dev/Bachelor/baseline/angularbooking/AngularBooking/ClientApp/src/app/admin/events/events.component.ts","/home/alex/dev/Bachelor/baseline/angularbooking/AngularBooking/ClientApp/src/app/admin/events/events.component.ts","get name","get name ( )",48,48
1,1,14,0,1,"get description@49-49@/home/alex/dev/Bachelor/baseline/angularbooking/AngularBooking/ClientApp/src/app/admin/events/events.component.ts","/home/alex/dev/Bachelor/baseline/angularbooking/AngularBooking/ClientApp/src/app/admin/events/events.component.ts","get description","get description ( )",49,49
1,1,14,0,1,"get image@50-50@/home/alex/dev/Bachelor/baseline/angularbooking/AngularBooking/ClientApp/src/app/admin/events/events.component.ts","/home/alex/dev/Bachelor/baseline/angularbooking/AngularBooking/ClientApp/src/app/admin/events/events.component.ts","get image","get image ( )",50,50
1,1,14,0,1,"get duration@51-51@/home/alex/dev/Bachelor/baseline/angularbooking/AngularBooking/ClientApp/src/app/admin/events/events.component.ts","/home/alex/dev/Bachelor/baseline/angularbooking/AngularBooking/ClientApp/src/app/admin/events/events.component.ts","get duration","get duration ( )",51,51
1,1,14,0,1,"get ageRating@52-52@/home/alex/dev/Bachelor/baseline/angularbooking/AngularBooking/ClientApp/src/app/admin/events/events.component.ts","/home/alex/dev/Bachelor/baseline/angularbooking/AngularBooking/ClientApp/src/app/admin/events/events.component.ts","get ageRating","get ageRating ( )",52,52
1,1,13,2,1,"constructor@54-54@/home/alex/dev/Bachelor/baseline/angularbooking/AngularBooking/ClientApp/src/app/admin/events/events.component.ts","/home/alex/dev/Bachelor/baseline/angularbooking/AngularBooking/ClientApp/src/app/admin/events/events.component.ts","constructor","constructor ( private adminService AdminService , private messageService MessageService )",54,54
3,1,8,0,3,"(anonymous)@81-83@/home/alex/dev/Bachelor/baseline/angularbooking/AngularBooking/ClientApp/src/app/admin/events/events.component.ts","/home/alex/dev/Bachelor/baseline/angularbooking/AngularBooking/ClientApp/src/app/admin/events/events.component.ts","(anonymous)","(anonymous)",81,83
29,1,157,0,36,"ngOnInit@56-91@/home/alex/dev/Bachelor/baseline/angularbooking/AngularBooking/ClientApp/src/app/admin/events/events.component.ts","/home/alex/dev/Bachelor/baseline/angularbooking/AngularBooking/ClientApp/src/app/admin/events/events.component.ts","ngOnInit","ngOnInit ( )",56,91
7,1,43,0,7,"showDialogToAdd@93-99@/home/alex/dev/Bachelor/baseline/angularbooking/AngularBooking/ClientApp/src/app/admin/events/events.component.ts","/home/alex/dev/Bachelor/baseline/angularbooking/AngularBooking/ClientApp/src/app/admin/events/events.component.ts","showDialogToAdd","showDialogToAdd ( )",93,99
33,5,239,0,44,"save@101-144@/home/alex/dev/Bachelor/baseline/angularbooking/AngularBooking/ClientApp/src/app/admin/events/events.component.ts","/home/alex/dev/Bachelor/baseline/angularbooking/AngularBooking/ClientApp/src/app/admin/events/events.component.ts","save","save ( )",101,144
1,1,4,0,1,"(anonymous)@155-155@/home/alex/dev/Bachelor/baseline/angularbooking/AngularBooking/ClientApp/src/app/admin/events/events.component.ts","/home/alex/dev/Bachelor/baseline/angularbooking/AngularBooking/ClientApp/src/app/admin/events/events.component.ts","(anonymous)","(anonymous)",155,155
11,3,95,0,14,"delete@146-159@/home/alex/dev/Bachelor/baseline/angularbooking/AngularBooking/ClientApp/src/app/admin/events/events.component.ts","/home/alex/dev/Bachelor/baseline/angularbooking/AngularBooking/ClientApp/src/app/admin/events/events.component.ts","delete","delete ( )",146,159
13,1,138,1,14,"onRowEdit@161-174@/home/alex/dev/Bachelor/baseline/angularbooking/AngularBooking/ClientApp/src/app/admin/events/events.component.ts","/home/alex/dev/Bachelor/baseline/angularbooking/AngularBooking/ClientApp/src/app/admin/events/events.component.ts","onRowEdit","onRowEdit ( event )",161,174
3,1,17,0,3,"fileReader.onloadend@181-183@/home/alex/dev/Bachelor/baseline/angularbooking/AngularBooking/ClientApp/src/app/admin/events/events.component.ts","/home/alex/dev/Bachelor/baseline/angularbooking/AngularBooking/ClientApp/src/app/admin/events/events.component.ts","fileReader.onloadend","fileReader.onloadend",181,183
7,2,49,1,10,"onImageFileSelect@177-186@/home/alex/dev/Bachelor/baseline/angularbooking/AngularBooking/ClientApp/src/app/admin/events/events.component.ts","/home/alex/dev/Bachelor/baseline/angularbooking/AngularBooking/ClientApp/src/app/admin/events/events.component.ts","onImageFileSelect","onImageFileSelect ( event )",177,186
3,2,15,0,3,"(anonymous)@193-195@/home/alex/dev/Bachelor/baseline/angularbooking/AngularBooking/ClientApp/src/app/admin/events/events.component.ts","/home/alex/dev/Bachelor/baseline/angularbooking/AngularBooking/ClientApp/src/app/admin/events/events.component.ts","(anonymous)","(anonymous)",193,195
13,2,76,1,17,"uniqueNameValidator@189-205@/home/alex/dev/Bachelor/baseline/angularbooking/AngularBooking/ClientApp/src/app/admin/events/events.component.ts","/home/alex/dev/Bachelor/baseline/angularbooking/AngularBooking/ClientApp/src/app/admin/events/events.component.ts","uniqueNameValidator","uniqueNameValidator ( control AbstractControl )",189,205
21,1,53,0,21,"(anonymous)@19-39@/home/alex/dev/Bachelor/baseline/angularbooking/AngularBooking/ClientApp/src/app/admin/features/features.component.spec.ts","/home/alex/dev/Bachelor/baseline/angularbooking/AngularBooking/ClientApp/src/app/admin/features/features.component.spec.ts","(anonymous)","(anonymous)",19,39
5,1,23,0,5,"(anonymous)@41-45@/home/alex/dev/Bachelor/baseline/angularbooking/AngularBooking/ClientApp/src/app/admin/features/features.component.spec.ts","/home/alex/dev/Bachelor/baseline/angularbooking/AngularBooking/ClientApp/src/app/admin/features/features.component.spec.ts","(anonymous)","(anonymous)",41,45
3,1,11,0,3,"(anonymous)@47-49@/home/alex/dev/Bachelor/baseline/angularbooking/AngularBooking/ClientApp/src/app/admin/features/features.component.spec.ts","/home/alex/dev/Bachelor/baseline/angularbooking/AngularBooking/ClientApp/src/app/admin/features/features.component.spec.ts","(anonymous)","(anonymous)",47,49
7,1,50,0,36,"describe@15-50@/home/alex/dev/Bachelor/baseline/angularbooking/AngularBooking/ClientApp/src/app/admin/features/features.component.spec.ts","/home/alex/dev/Bachelor/baseline/angularbooking/AngularBooking/ClientApp/src/app/admin/features/features.component.spec.ts","describe","describe ( , ( )",15,50
1,1,14,0,1,"get id@28-28@/home/alex/dev/Bachelor/baseline/angularbooking/AngularBooking/ClientApp/src/app/admin/features/features.component.ts","/home/alex/dev/Bachelor/baseline/angularbooking/AngularBooking/ClientApp/src/app/admin/features/features.component.ts","get id","get id ( )",28,28
1,1,14,0,1,"get name@29-29@/home/alex/dev/Bachelor/baseline/angularbooking/AngularBooking/ClientApp/src/app/admin/features/features.component.ts","/home/alex/dev/Bachelor/baseline/angularbooking/AngularBooking/ClientApp/src/app/admin/features/features.component.ts","get name","get name ( )",29,29
1,1,14,0,1,"get title@30-30@/home/alex/dev/Bachelor/baseline/angularbooking/AngularBooking/ClientApp/src/app/admin/features/features.component.ts","/home/alex/dev/Bachelor/baseline/angularbooking/AngularBooking/ClientApp/src/app/admin/features/features.component.ts","get title","get title ( )",30,30
1,1,14,0,1,"get detail@31-31@/home/alex/dev/Bachelor/baseline/angularbooking/AngularBooking/ClientApp/src/app/admin/features/features.component.ts","/home/alex/dev/Bachelor/baseline/angularbooking/AngularBooking/ClientApp/src/app/admin/features/features.component.ts","get detail","get detail ( )",31,31
1,1,14,0,1,"get link@32-32@/home/alex/dev/Bachelor/baseline/angularbooking/AngularBooking/ClientApp/src/app/admin/features/features.component.ts","/home/alex/dev/Bachelor/baseline/angularbooking/AngularBooking/ClientApp/src/app/admin/features/features.component.ts","get link","get link ( )",32,32
1,1,14,0,1,"get image@33-33@/home/alex/dev/Bachelor/baseline/angularbooking/AngularBooking/ClientApp/src/app/admin/features/features.component.ts","/home/alex/dev/Bachelor/baseline/angularbooking/AngularBooking/ClientApp/src/app/admin/features/features.component.ts","get image","get image ( )",33,33
1,1,14,0,1,"get order@34-34@/home/alex/dev/Bachelor/baseline/angularbooking/AngularBooking/ClientApp/src/app/admin/features/features.component.ts","/home/alex/dev/Bachelor/baseline/angularbooking/AngularBooking/ClientApp/src/app/admin/features/features.component.ts","get order","get order ( )",34,34
1,1,13,2,1,"constructor@36-36@/home/alex/dev/Bachelor/baseline/angularbooking/AngularBooking/ClientApp/src/app/admin/features/features.component.ts","/home/alex/dev/Bachelor/baseline/angularbooking/AngularBooking/ClientApp/src/app/admin/features/features.component.ts","constructor","constructor ( private adminService AdminService , private messageService MessageService )",36,36
3,1,8,0,3,"(anonymous)@66-68@/home/alex/dev/Bachelor/baseline/angularbooking/AngularBooking/ClientApp/src/app/admin/features/features.component.ts","/home/alex/dev/Bachelor/baseline/angularbooking/AngularBooking/ClientApp/src/app/admin/features/features.component.ts","(anonymous)","(anonymous)",66,68
32,1,170,0,39,"ngOnInit@38-76@/home/alex/dev/Bachelor/baseline/angularbooking/AngularBooking/ClientApp/src/app/admin/features/features.component.ts","/home/alex/dev/Bachelor/baseline/angularbooking/AngularBooking/ClientApp/src/app/admin/features/features.component.ts","ngOnInit","ngOnInit ( )",38,76
7,1,43,0,7,"showDialogToAdd@78-84@/home/alex/dev/Bachelor/baseline/angularbooking/AngularBooking/ClientApp/src/app/admin/features/features.component.ts","/home/alex/dev/Bachelor/baseline/angularbooking/AngularBooking/ClientApp/src/app/admin/features/features.component.ts","showDialogToAdd","showDialogToAdd ( )",78,84
34,5,249,0,45,"save@86-130@/home/alex/dev/Bachelor/baseline/angularbooking/AngularBooking/ClientApp/src/app/admin/features/features.component.ts","/home/alex/dev/Bachelor/baseline/angularbooking/AngularBooking/ClientApp/src/app/admin/features/features.component.ts","save","save ( )",86,130
1,1,4,0,1,"(anonymous)@141-141@/home/alex/dev/Bachelor/baseline/angularbooking/AngularBooking/ClientApp/src/app/admin/features/features.component.ts","/home/alex/dev/Bachelor/baseline/angularbooking/AngularBooking/ClientApp/src/app/admin/features/features.component.ts","(anonymous)","(anonymous)",141,141
11,3,95,0,14,"delete@132-145@/home/alex/dev/Bachelor/baseline/angularbooking/AngularBooking/ClientApp/src/app/admin/features/features.component.ts","/home/alex/dev/Bachelor/baseline/angularbooking/AngularBooking/ClientApp/src/app/admin/features/features.component.ts","delete","delete ( )",132,145
14,1,155,1,15,"onRowEdit@147-161@/home/alex/dev/Bachelor/baseline/angularbooking/AngularBooking/ClientApp/src/app/admin/features/features.component.ts","/home/alex/dev/Bachelor/baseline/angularbooking/AngularBooking/ClientApp/src/app/admin/features/features.component.ts","onRowEdit","onRowEdit ( event )",147,161
3,1,17,0,3,"fileReader.onloadend@168-170@/home/alex/dev/Bachelor/baseline/angularbooking/AngularBooking/ClientApp/src/app/admin/features/features.component.ts","/home/alex/dev/Bachelor/baseline/angularbooking/AngularBooking/ClientApp/src/app/admin/features/features.component.ts","fileReader.onloadend","fileReader.onloadend",168,170
7,2,49,1,10,"onImageFileSelect@164-173@/home/alex/dev/Bachelor/baseline/angularbooking/AngularBooking/ClientApp/src/app/admin/features/features.component.ts","/home/alex/dev/Bachelor/baseline/angularbooking/AngularBooking/ClientApp/src/app/admin/features/features.component.ts","onImageFileSelect","onImageFileSelect ( event )",164,173
3,2,15,0,3,"(anonymous)@180-182@/home/alex/dev/Bachelor/baseline/angularbooking/AngularBooking/ClientApp/src/app/admin/features/features.component.ts","/home/alex/dev/Bachelor/baseline/angularbooking/AngularBooking/ClientApp/src/app/admin/features/features.component.ts","(anonymous)","(anonymous)",180,182
13,2,76,1,17,"uniqueNameValidator@176-192@/home/alex/dev/Bachelor/baseline/angularbooking/AngularBooking/ClientApp/src/app/admin/features/features.component.ts","/home/alex/dev/Bachelor/baseline/angularbooking/AngularBooking/ClientApp/src/app/admin/features/features.component.ts","uniqueNameValidator","uniqueNameValidator ( control AbstractControl )",176,192
6,1,19,0,6,"(anonymous)@9-14@/home/alex/dev/Bachelor/baseline/angularbooking/AngularBooking/ClientApp/src/app/admin/navbar/navbar.component.spec.ts","/home/alex/dev/Bachelor/baseline/angularbooking/AngularBooking/ClientApp/src/app/admin/navbar/navbar.component.spec.ts","(anonymous)","(anonymous)",9,14
5,1,23,0,5,"(anonymous)@16-20@/home/alex/dev/Bachelor/baseline/angularbooking/AngularBooking/ClientApp/src/app/admin/navbar/navbar.component.spec.ts","/home/alex/dev/Bachelor/baseline/angularbooking/AngularBooking/ClientApp/src/app/admin/navbar/navbar.component.spec.ts","(anonymous)","(anonymous)",16,20
3,1,11,0,3,"(anonymous)@22-24@/home/alex/dev/Bachelor/baseline/angularbooking/AngularBooking/ClientApp/src/app/admin/navbar/navbar.component.spec.ts","/home/alex/dev/Bachelor/baseline/angularbooking/AngularBooking/ClientApp/src/app/admin/navbar/navbar.component.spec.ts","(anonymous)","(anonymous)",22,24
7,1,50,0,21,"describe@5-25@/home/alex/dev/Bachelor/baseline/angularbooking/AngularBooking/ClientApp/src/app/admin/navbar/navbar.component.spec.ts","/home/alex/dev/Bachelor/baseline/angularbooking/AngularBooking/ClientApp/src/app/admin/navbar/navbar.component.spec.ts","describe","describe ( , ( )",5,25
1,1,4,0,1,"constructor@12-12@/home/alex/dev/Bachelor/baseline/angularbooking/AngularBooking/ClientApp/src/app/admin/navbar/navbar.component.ts","/home/alex/dev/Bachelor/baseline/angularbooking/AngularBooking/ClientApp/src/app/admin/navbar/navbar.component.ts","constructor","constructor ( )",12,12
2,1,4,0,3,"ngOnInit@14-16@/home/alex/dev/Bachelor/baseline/angularbooking/AngularBooking/ClientApp/src/app/admin/navbar/navbar.component.ts","/home/alex/dev/Bachelor/baseline/angularbooking/AngularBooking/ClientApp/src/app/admin/navbar/navbar.component.ts","ngOnInit","ngOnInit ( )",14,16
23,1,53,0,23,"(anonymous)@21-43@/home/alex/dev/Bachelor/baseline/angularbooking/AngularBooking/ClientApp/src/app/admin/pricing/pricing.component.spec.ts","/home/alex/dev/Bachelor/baseline/angularbooking/AngularBooking/ClientApp/src/app/admin/pricing/pricing.component.spec.ts","(anonymous)","(anonymous)",21,43
5,1,23,0,5,"(anonymous)@45-49@/home/alex/dev/Bachelor/baseline/angularbooking/AngularBooking/ClientApp/src/app/admin/pricing/pricing.component.spec.ts","/home/alex/dev/Bachelor/baseline/angularbooking/AngularBooking/ClientApp/src/app/admin/pricing/pricing.component.spec.ts","(anonymous)","(anonymous)",45,49
3,1,11,0,3,"(anonymous)@51-53@/home/alex/dev/Bachelor/baseline/angularbooking/AngularBooking/ClientApp/src/app/admin/pricing/pricing.component.spec.ts","/home/alex/dev/Bachelor/baseline/angularbooking/AngularBooking/ClientApp/src/app/admin/pricing/pricing.component.spec.ts","(anonymous)","(anonymous)",51,53
7,1,50,0,38,"describe@17-54@/home/alex/dev/Bachelor/baseline/angularbooking/AngularBooking/ClientApp/src/app/admin/pricing/pricing.component.spec.ts","/home/alex/dev/Bachelor/baseline/angularbooking/AngularBooking/ClientApp/src/app/admin/pricing/pricing.component.spec.ts","describe","describe ( , ( )",17,54
1,1,14,0,1,"get id@34-34@/home/alex/dev/Bachelor/baseline/angularbooking/AngularBooking/ClientApp/src/app/admin/pricing/pricing.component.ts","/home/alex/dev/Bachelor/baseline/angularbooking/AngularBooking/ClientApp/src/app/admin/pricing/pricing.component.ts","get id","get id ( )",34,34
1,1,14,0,1,"get name@35-35@/home/alex/dev/Bachelor/baseline/angularbooking/AngularBooking/ClientApp/src/app/admin/pricing/pricing.component.ts","/home/alex/dev/Bachelor/baseline/angularbooking/AngularBooking/ClientApp/src/app/admin/pricing/pricing.component.ts","get name","get name ( )",35,35
1,1,14,0,1,"get description@36-36@/home/alex/dev/Bachelor/baseline/angularbooking/AngularBooking/ClientApp/src/app/admin/pricing/pricing.component.ts","/home/alex/dev/Bachelor/baseline/angularbooking/AngularBooking/ClientApp/src/app/admin/pricing/pricing.component.ts","get description","get description ( )",36,36
1,1,14,0,1,"get price@37-37@/home/alex/dev/Bachelor/baseline/angularbooking/AngularBooking/ClientApp/src/app/admin/pricing/pricing.component.ts","/home/alex/dev/Bachelor/baseline/angularbooking/AngularBooking/ClientApp/src/app/admin/pricing/pricing.component.ts","get price","get price ( )",37,37
1,1,13,2,1,"constructor@39-39@/home/alex/dev/Bachelor/baseline/angularbooking/AngularBooking/ClientApp/src/app/admin/pricing/pricing.component.ts","/home/alex/dev/Bachelor/baseline/angularbooking/AngularBooking/ClientApp/src/app/admin/pricing/pricing.component.ts","constructor","constructor ( private adminService AdminService , private messageService MessageService )",39,39
3,1,8,0,3,"(anonymous)@60-62@/home/alex/dev/Bachelor/baseline/angularbooking/AngularBooking/ClientApp/src/app/admin/pricing/pricing.component.ts","/home/alex/dev/Bachelor/baseline/angularbooking/AngularBooking/ClientApp/src/app/admin/pricing/pricing.component.ts","(anonymous)","(anonymous)",60,62
3,1,8,0,3,"(anonymous)@65-67@/home/alex/dev/Bachelor/baseline/angularbooking/AngularBooking/ClientApp/src/app/admin/pricing/pricing.component.ts","/home/alex/dev/Bachelor/baseline/angularbooking/AngularBooking/ClientApp/src/app/admin/pricing/pricing.component.ts","(anonymous)","(anonymous)",65,67
22,1,126,0,34,"ngOnInit@41-74@/home/alex/dev/Bachelor/baseline/angularbooking/AngularBooking/ClientApp/src/app/admin/pricing/pricing.component.ts","/home/alex/dev/Bachelor/baseline/angularbooking/AngularBooking/ClientApp/src/app/admin/pricing/pricing.component.ts","ngOnInit","ngOnInit ( )",41,74
6,1,39,0,6,"showDialogToAddPricingStrategy@80-85@/home/alex/dev/Bachelor/baseline/angularbooking/AngularBooking/ClientApp/src/app/admin/pricing/pricing.component.ts","/home/alex/dev/Bachelor/baseline/angularbooking/AngularBooking/ClientApp/src/app/admin/pricing/pricing.component.ts","showDialogToAddPricingStrategy","showDialogToAddPricingStrategy ( )",80,85
30,5,209,0,41,"savePricingStrategy@87-127@/home/alex/dev/Bachelor/baseline/angularbooking/AngularBooking/ClientApp/src/app/admin/pricing/pricing.component.ts","/home/alex/dev/Bachelor/baseline/angularbooking/AngularBooking/ClientApp/src/app/admin/pricing/pricing.component.ts","savePricingStrategy","savePricingStrategy ( )",87,127
1,1,4,0,1,"(anonymous)@138-138@/home/alex/dev/Bachelor/baseline/angularbooking/AngularBooking/ClientApp/src/app/admin/pricing/pricing.component.ts","/home/alex/dev/Bachelor/baseline/angularbooking/AngularBooking/ClientApp/src/app/admin/pricing/pricing.component.ts","(anonymous)","(anonymous)",138,138
11,3,95,0,14,"deletePricingStrategy@129-142@/home/alex/dev/Bachelor/baseline/angularbooking/AngularBooking/ClientApp/src/app/admin/pricing/pricing.component.ts","/home/alex/dev/Bachelor/baseline/angularbooking/AngularBooking/ClientApp/src/app/admin/pricing/pricing.component.ts","deletePricingStrategy","deletePricingStrategy ( )",129,142
9,1,79,1,10,"onPricingStrategyRowEdit@144-153@/home/alex/dev/Bachelor/baseline/angularbooking/AngularBooking/ClientApp/src/app/admin/pricing/pricing.component.ts","/home/alex/dev/Bachelor/baseline/angularbooking/AngularBooking/ClientApp/src/app/admin/pricing/pricing.component.ts","onPricingStrategyRowEdit","onPricingStrategyRowEdit ( pricingStrategy )",144,153
7,1,42,1,7,"showDialogToAddPricingStrategyItem@159-165@/home/alex/dev/Bachelor/baseline/angularbooking/AngularBooking/ClientApp/src/app/admin/pricing/pricing.component.ts","/home/alex/dev/Bachelor/baseline/angularbooking/AngularBooking/ClientApp/src/app/admin/pricing/pricing.component.ts","showDialogToAddPricingStrategyItem","showDialogToAddPricingStrategyItem ( pricingStrategyId )",159,165
32,5,223,0,43,"savePricingStrategyItem@167-209@/home/alex/dev/Bachelor/baseline/angularbooking/AngularBooking/ClientApp/src/app/admin/pricing/pricing.component.ts","/home/alex/dev/Bachelor/baseline/angularbooking/AngularBooking/ClientApp/src/app/admin/pricing/pricing.component.ts","savePricingStrategyItem","savePricingStrategyItem ( )",167,209
1,1,4,0,1,"(anonymous)@220-220@/home/alex/dev/Bachelor/baseline/angularbooking/AngularBooking/ClientApp/src/app/admin/pricing/pricing.component.ts","/home/alex/dev/Bachelor/baseline/angularbooking/AngularBooking/ClientApp/src/app/admin/pricing/pricing.component.ts","(anonymous)","(anonymous)",220,220
11,3,95,0,14,"deletePricingStrategyItem@211-224@/home/alex/dev/Bachelor/baseline/angularbooking/AngularBooking/ClientApp/src/app/admin/pricing/pricing.component.ts","/home/alex/dev/Bachelor/baseline/angularbooking/AngularBooking/ClientApp/src/app/admin/pricing/pricing.component.ts","deletePricingStrategyItem","deletePricingStrategyItem ( )",211,224
11,1,104,2,12,"onPricingStrategyItemRowEdit@226-237@/home/alex/dev/Bachelor/baseline/angularbooking/AngularBooking/ClientApp/src/app/admin/pricing/pricing.component.ts","/home/alex/dev/Bachelor/baseline/angularbooking/AngularBooking/ClientApp/src/app/admin/pricing/pricing.component.ts","onPricingStrategyItemRowEdit","onPricingStrategyItemRowEdit ( pricingStrategyItem , pricingStrategyId )",226,237
1,1,6,0,1,"(anonymous)@240-240@/home/alex/dev/Bachelor/baseline/angularbooking/AngularBooking/ClientApp/src/app/admin/pricing/pricing.component.ts","/home/alex/dev/Bachelor/baseline/angularbooking/AngularBooking/ClientApp/src/app/admin/pricing/pricing.component.ts","(anonymous)","(anonymous)",240,240
3,1,18,1,3,"getPricingItemsByStrategyId@239-241@/home/alex/dev/Bachelor/baseline/angularbooking/AngularBooking/ClientApp/src/app/admin/pricing/pricing.component.ts","/home/alex/dev/Bachelor/baseline/angularbooking/AngularBooking/ClientApp/src/app/admin/pricing/pricing.component.ts","getPricingItemsByStrategyId","getPricingItemsByStrategyId ( id )",239,241
3,2,15,0,3,"(anonymous)@251-253@/home/alex/dev/Bachelor/baseline/angularbooking/AngularBooking/ClientApp/src/app/admin/pricing/pricing.component.ts","/home/alex/dev/Bachelor/baseline/angularbooking/AngularBooking/ClientApp/src/app/admin/pricing/pricing.component.ts","(anonymous)","(anonymous)",251,253
3,3,23,0,3,"(anonymous)@257-259@/home/alex/dev/Bachelor/baseline/angularbooking/AngularBooking/ClientApp/src/app/admin/pricing/pricing.component.ts","/home/alex/dev/Bachelor/baseline/angularbooking/AngularBooking/ClientApp/src/app/admin/pricing/pricing.component.ts","(anonymous)","(anonymous)",257,259
21,4,127,1,28,"uniquePricingNameValidator@244-271@/home/alex/dev/Bachelor/baseline/angularbooking/AngularBooking/ClientApp/src/app/admin/pricing/pricing.component.ts","/home/alex/dev/Bachelor/baseline/angularbooking/AngularBooking/ClientApp/src/app/admin/pricing/pricing.component.ts","uniquePricingNameValidator","uniquePricingNameValidator ( control AbstractControl )",244,271
6,1,19,0,6,"(anonymous)@9-14@/home/alex/dev/Bachelor/baseline/angularbooking/AngularBooking/ClientApp/src/app/admin/rooms/room-layout.component.spec.ts","/home/alex/dev/Bachelor/baseline/angularbooking/AngularBooking/ClientApp/src/app/admin/rooms/room-layout.component.spec.ts","(anonymous)","(anonymous)",9,14
5,1,23,0,5,"(anonymous)@16-20@/home/alex/dev/Bachelor/baseline/angularbooking/AngularBooking/ClientApp/src/app/admin/rooms/room-layout.component.spec.ts","/home/alex/dev/Bachelor/baseline/angularbooking/AngularBooking/ClientApp/src/app/admin/rooms/room-layout.component.spec.ts","(anonymous)","(anonymous)",16,20
3,1,11,0,3,"(anonymous)@22-24@/home/alex/dev/Bachelor/baseline/angularbooking/AngularBooking/ClientApp/src/app/admin/rooms/room-layout.component.spec.ts","/home/alex/dev/Bachelor/baseline/angularbooking/AngularBooking/ClientApp/src/app/admin/rooms/room-layout.component.spec.ts","(anonymous)","(anonymous)",22,24
7,1,50,0,21,"describe@5-25@/home/alex/dev/Bachelor/baseline/angularbooking/AngularBooking/ClientApp/src/app/admin/rooms/room-layout.component.spec.ts","/home/alex/dev/Bachelor/baseline/angularbooking/AngularBooking/ClientApp/src/app/admin/rooms/room-layout.component.spec.ts","describe","describe ( , ( )",5,25
1,1,4,0,1,"constructor@29-29@/home/alex/dev/Bachelor/baseline/angularbooking/AngularBooking/ClientApp/src/app/admin/rooms/room-layout.component.ts","/home/alex/dev/Bachelor/baseline/angularbooking/AngularBooking/ClientApp/src/app/admin/rooms/room-layout.component.ts","constructor","constructor ( )",29,29
4,1,28,0,4,"ngOnInit@31-34@/home/alex/dev/Bachelor/baseline/angularbooking/AngularBooking/ClientApp/src/app/admin/rooms/room-layout.component.ts","/home/alex/dev/Bachelor/baseline/angularbooking/AngularBooking/ClientApp/src/app/admin/rooms/room-layout.component.ts","ngOnInit","ngOnInit ( )",31,34
14,2,105,1,19,"ngOnChanges@36-54@/home/alex/dev/Bachelor/baseline/angularbooking/AngularBooking/ClientApp/src/app/admin/rooms/room-layout.component.ts","/home/alex/dev/Bachelor/baseline/angularbooking/AngularBooking/ClientApp/src/app/admin/rooms/room-layout.component.ts","ngOnChanges","ngOnChanges ( changes SimpleChanges )",36,54
9,4,58,1,10,"onColumnsChange@57-66@/home/alex/dev/Bachelor/baseline/angularbooking/AngularBooking/ClientApp/src/app/admin/rooms/room-layout.component.ts","/home/alex/dev/Bachelor/baseline/angularbooking/AngularBooking/ClientApp/src/app/admin/rooms/room-layout.component.ts","onColumnsChange","onColumnsChange ( event )",57,66
9,4,58,1,9,"onRowsChange@68-76@/home/alex/dev/Bachelor/baseline/angularbooking/AngularBooking/ClientApp/src/app/admin/rooms/room-layout.component.ts","/home/alex/dev/Bachelor/baseline/angularbooking/AngularBooking/ClientApp/src/app/admin/rooms/room-layout.component.ts","onRowsChange","onRowsChange ( event )",68,76
12,2,76,1,17,"onIslesRowChange@79-95@/home/alex/dev/Bachelor/baseline/angularbooking/AngularBooking/ClientApp/src/app/admin/rooms/room-layout.component.ts","/home/alex/dev/Bachelor/baseline/angularbooking/AngularBooking/ClientApp/src/app/admin/rooms/room-layout.component.ts","onIslesRowChange","onIslesRowChange ( event )",79,95
12,2,76,1,17,"onIslesColumnChange@97-113@/home/alex/dev/Bachelor/baseline/angularbooking/AngularBooking/ClientApp/src/app/admin/rooms/room-layout.component.ts","/home/alex/dev/Bachelor/baseline/angularbooking/AngularBooking/ClientApp/src/app/admin/rooms/room-layout.component.ts","onIslesColumnChange","onIslesColumnChange ( event )",97,113
5,2,29,1,5,"isRowIsle@116-120@/home/alex/dev/Bachelor/baseline/angularbooking/AngularBooking/ClientApp/src/app/admin/rooms/room-layout.component.ts","/home/alex/dev/Bachelor/baseline/angularbooking/AngularBooking/ClientApp/src/app/admin/rooms/room-layout.component.ts","isRowIsle","isRowIsle ( index )",116,120
5,2,29,1,5,"isColumnIsle@122-126@/home/alex/dev/Bachelor/baseline/angularbooking/AngularBooking/ClientApp/src/app/admin/rooms/room-layout.component.ts","/home/alex/dev/Bachelor/baseline/angularbooking/AngularBooking/ClientApp/src/app/admin/rooms/room-layout.component.ts","isColumnIsle","isColumnIsle ( index )",122,126
10,4,63,0,10,"columnIsleCount@128-137@/home/alex/dev/Bachelor/baseline/angularbooking/AngularBooking/ClientApp/src/app/admin/rooms/room-layout.component.ts","/home/alex/dev/Bachelor/baseline/angularbooking/AngularBooking/ClientApp/src/app/admin/rooms/room-layout.component.ts","columnIsleCount","columnIsleCount ( )",128,137
20,1,53,0,20,"(anonymous)@20-39@/home/alex/dev/Bachelor/baseline/angularbooking/AngularBooking/ClientApp/src/app/admin/rooms/rooms.component.spec.ts","/home/alex/dev/Bachelor/baseline/angularbooking/AngularBooking/ClientApp/src/app/admin/rooms/rooms.component.spec.ts","(anonymous)","(anonymous)",20,39
5,1,23,0,5,"(anonymous)@41-45@/home/alex/dev/Bachelor/baseline/angularbooking/AngularBooking/ClientApp/src/app/admin/rooms/rooms.component.spec.ts","/home/alex/dev/Bachelor/baseline/angularbooking/AngularBooking/ClientApp/src/app/admin/rooms/rooms.component.spec.ts","(anonymous)","(anonymous)",41,45
3,1,11,0,3,"(anonymous)@47-49@/home/alex/dev/Bachelor/baseline/angularbooking/AngularBooking/ClientApp/src/app/admin/rooms/rooms.component.spec.ts","/home/alex/dev/Bachelor/baseline/angularbooking/AngularBooking/ClientApp/src/app/admin/rooms/rooms.component.spec.ts","(anonymous)","(anonymous)",47,49
7,1,50,0,35,"describe@16-50@/home/alex/dev/Bachelor/baseline/angularbooking/AngularBooking/ClientApp/src/app/admin/rooms/rooms.component.spec.ts","/home/alex/dev/Bachelor/baseline/angularbooking/AngularBooking/ClientApp/src/app/admin/rooms/rooms.component.spec.ts","describe","describe ( , ( )",16,50
1,1,14,0,1,"get id@27-27@/home/alex/dev/Bachelor/baseline/angularbooking/AngularBooking/ClientApp/src/app/admin/rooms/rooms.component.ts","/home/alex/dev/Bachelor/baseline/angularbooking/AngularBooking/ClientApp/src/app/admin/rooms/rooms.component.ts","get id","get id ( )",27,27
1,1,14,0,1,"get venueId@28-28@/home/alex/dev/Bachelor/baseline/angularbooking/AngularBooking/ClientApp/src/app/admin/rooms/rooms.component.ts","/home/alex/dev/Bachelor/baseline/angularbooking/AngularBooking/ClientApp/src/app/admin/rooms/rooms.component.ts","get venueId","get venueId ( )",28,28
1,1,14,0,1,"get name@29-29@/home/alex/dev/Bachelor/baseline/angularbooking/AngularBooking/ClientApp/src/app/admin/rooms/rooms.component.ts","/home/alex/dev/Bachelor/baseline/angularbooking/AngularBooking/ClientApp/src/app/admin/rooms/rooms.component.ts","get name","get name ( )",29,29
1,1,14,0,1,"get description@30-30@/home/alex/dev/Bachelor/baseline/angularbooking/AngularBooking/ClientApp/src/app/admin/rooms/rooms.component.ts","/home/alex/dev/Bachelor/baseline/angularbooking/AngularBooking/ClientApp/src/app/admin/rooms/rooms.component.ts","get description","get description ( )",30,30
1,1,14,0,1,"get rows@32-32@/home/alex/dev/Bachelor/baseline/angularbooking/AngularBooking/ClientApp/src/app/admin/rooms/rooms.component.ts","/home/alex/dev/Bachelor/baseline/angularbooking/AngularBooking/ClientApp/src/app/admin/rooms/rooms.component.ts","get rows","get rows ( )",32,32
1,1,14,0,1,"get columns@33-33@/home/alex/dev/Bachelor/baseline/angularbooking/AngularBooking/ClientApp/src/app/admin/rooms/rooms.component.ts","/home/alex/dev/Bachelor/baseline/angularbooking/AngularBooking/ClientApp/src/app/admin/rooms/rooms.component.ts","get columns","get columns ( )",33,33
1,1,14,0,1,"get isles@34-34@/home/alex/dev/Bachelor/baseline/angularbooking/AngularBooking/ClientApp/src/app/admin/rooms/rooms.component.ts","/home/alex/dev/Bachelor/baseline/angularbooking/AngularBooking/ClientApp/src/app/admin/rooms/rooms.component.ts","get isles","get isles ( )",34,34
1,1,16,0,1,"get rowsValue@37-37@/home/alex/dev/Bachelor/baseline/angularbooking/AngularBooking/ClientApp/src/app/admin/rooms/rooms.component.ts","/home/alex/dev/Bachelor/baseline/angularbooking/AngularBooking/ClientApp/src/app/admin/rooms/rooms.component.ts","get rowsValue","get rowsValue ( )",37,37
1,1,16,0,1,"get columnsValue@38-38@/home/alex/dev/Bachelor/baseline/angularbooking/AngularBooking/ClientApp/src/app/admin/rooms/rooms.component.ts","/home/alex/dev/Bachelor/baseline/angularbooking/AngularBooking/ClientApp/src/app/admin/rooms/rooms.component.ts","get columnsValue","get columnsValue ( )",38,38
1,1,16,0,1,"get islesValue@39-39@/home/alex/dev/Bachelor/baseline/angularbooking/AngularBooking/ClientApp/src/app/admin/rooms/rooms.component.ts","/home/alex/dev/Bachelor/baseline/angularbooking/AngularBooking/ClientApp/src/app/admin/rooms/rooms.component.ts","get islesValue","get islesValue ( )",39,39
1,1,17,1,1,"set rowsValue@41-41@/home/alex/dev/Bachelor/baseline/angularbooking/AngularBooking/ClientApp/src/app/admin/rooms/rooms.component.ts","/home/alex/dev/Bachelor/baseline/angularbooking/AngularBooking/ClientApp/src/app/admin/rooms/rooms.component.ts","set rowsValue","set rowsValue ( value )",41,41
1,1,17,1,1,"set columnsValue@42-42@/home/alex/dev/Bachelor/baseline/angularbooking/AngularBooking/ClientApp/src/app/admin/rooms/rooms.component.ts","/home/alex/dev/Bachelor/baseline/angularbooking/AngularBooking/ClientApp/src/app/admin/rooms/rooms.component.ts","set columnsValue","set columnsValue ( value )",42,42
1,1,17,1,1,"set islesValue@43-43@/home/alex/dev/Bachelor/baseline/angularbooking/AngularBooking/ClientApp/src/app/admin/rooms/rooms.component.ts","/home/alex/dev/Bachelor/baseline/angularbooking/AngularBooking/ClientApp/src/app/admin/rooms/rooms.component.ts","set islesValue","set islesValue ( value )",43,43
5,3,37,0,5,"get basicValid@46-50@/home/alex/dev/Bachelor/baseline/angularbooking/AngularBooking/ClientApp/src/app/admin/rooms/rooms.component.ts","/home/alex/dev/Bachelor/baseline/angularbooking/AngularBooking/ClientApp/src/app/admin/rooms/rooms.component.ts","get basicValid","get basicValid ( )",46,50
5,3,37,0,5,"get layoutValid@52-56@/home/alex/dev/Bachelor/baseline/angularbooking/AngularBooking/ClientApp/src/app/admin/rooms/rooms.component.ts","/home/alex/dev/Bachelor/baseline/angularbooking/AngularBooking/ClientApp/src/app/admin/rooms/rooms.component.ts","get layoutValid","get layoutValid ( )",52,56
1,1,13,2,1,"constructor@58-58@/home/alex/dev/Bachelor/baseline/angularbooking/AngularBooking/ClientApp/src/app/admin/rooms/rooms.component.ts","/home/alex/dev/Bachelor/baseline/angularbooking/AngularBooking/ClientApp/src/app/admin/rooms/rooms.component.ts","constructor","constructor ( private adminService AdminService , private messageService MessageService )",58,58
3,1,8,0,3,"(anonymous)@88-90@/home/alex/dev/Bachelor/baseline/angularbooking/AngularBooking/ClientApp/src/app/admin/rooms/rooms.component.ts","/home/alex/dev/Bachelor/baseline/angularbooking/AngularBooking/ClientApp/src/app/admin/rooms/rooms.component.ts","(anonymous)","(anonymous)",88,90
3,1,8,0,3,"(anonymous)@93-95@/home/alex/dev/Bachelor/baseline/angularbooking/AngularBooking/ClientApp/src/app/admin/rooms/rooms.component.ts","/home/alex/dev/Bachelor/baseline/angularbooking/AngularBooking/ClientApp/src/app/admin/rooms/rooms.component.ts","(anonymous)","(anonymous)",93,95
31,1,165,0,42,"ngOnInit@60-101@/home/alex/dev/Bachelor/baseline/angularbooking/AngularBooking/ClientApp/src/app/admin/rooms/rooms.component.ts","/home/alex/dev/Bachelor/baseline/angularbooking/AngularBooking/ClientApp/src/app/admin/rooms/rooms.component.ts","ngOnInit","ngOnInit ( )",60,101
9,1,74,0,9,"showDialogToAdd@103-111@/home/alex/dev/Bachelor/baseline/angularbooking/AngularBooking/ClientApp/src/app/admin/rooms/rooms.component.ts","/home/alex/dev/Bachelor/baseline/angularbooking/AngularBooking/ClientApp/src/app/admin/rooms/rooms.component.ts","showDialogToAdd","showDialogToAdd ( )",103,111
34,5,249,0,45,"save@113-157@/home/alex/dev/Bachelor/baseline/angularbooking/AngularBooking/ClientApp/src/app/admin/rooms/rooms.component.ts","/home/alex/dev/Bachelor/baseline/angularbooking/AngularBooking/ClientApp/src/app/admin/rooms/rooms.component.ts","save","save ( )",113,157
1,1,4,0,1,"(anonymous)@168-168@/home/alex/dev/Bachelor/baseline/angularbooking/AngularBooking/ClientApp/src/app/admin/rooms/rooms.component.ts","/home/alex/dev/Bachelor/baseline/angularbooking/AngularBooking/ClientApp/src/app/admin/rooms/rooms.component.ts","(anonymous)","(anonymous)",168,168
11,3,95,0,14,"delete@159-172@/home/alex/dev/Bachelor/baseline/angularbooking/AngularBooking/ClientApp/src/app/admin/rooms/rooms.component.ts","/home/alex/dev/Bachelor/baseline/angularbooking/AngularBooking/ClientApp/src/app/admin/rooms/rooms.component.ts","delete","delete ( )",159,172
13,1,147,1,14,"onRowEdit@174-187@/home/alex/dev/Bachelor/baseline/angularbooking/AngularBooking/ClientApp/src/app/admin/rooms/rooms.component.ts","/home/alex/dev/Bachelor/baseline/angularbooking/AngularBooking/ClientApp/src/app/admin/rooms/rooms.component.ts","onRowEdit","onRowEdit ( event )",174,187
3,1,9,0,3,"(anonymous)@190-192@/home/alex/dev/Bachelor/baseline/angularbooking/AngularBooking/ClientApp/src/app/admin/rooms/rooms.component.ts","/home/alex/dev/Bachelor/baseline/angularbooking/AngularBooking/ClientApp/src/app/admin/rooms/rooms.component.ts","(anonymous)","(anonymous)",190,192
6,2,35,1,9,"venueNameLookup@189-197@/home/alex/dev/Bachelor/baseline/angularbooking/AngularBooking/ClientApp/src/app/admin/rooms/rooms.component.ts","/home/alex/dev/Bachelor/baseline/angularbooking/AngularBooking/ClientApp/src/app/admin/rooms/rooms.component.ts","venueNameLookup","venueNameLookup ( id )",189,197
3,3,21,0,3,"(anonymous)@205-207@/home/alex/dev/Bachelor/baseline/angularbooking/AngularBooking/ClientApp/src/app/admin/rooms/rooms.component.ts","/home/alex/dev/Bachelor/baseline/angularbooking/AngularBooking/ClientApp/src/app/admin/rooms/rooms.component.ts","(anonymous)","(anonymous)",205,207
14,2,88,1,19,"uniqueNameValidator@200-218@/home/alex/dev/Bachelor/baseline/angularbooking/AngularBooking/ClientApp/src/app/admin/rooms/rooms.component.ts","/home/alex/dev/Bachelor/baseline/angularbooking/AngularBooking/ClientApp/src/app/admin/rooms/rooms.component.ts","uniqueNameValidator","uniqueNameValidator ( control AbstractControl )",200,218
21,1,53,0,21,"(anonymous)@19-39@/home/alex/dev/Bachelor/baseline/angularbooking/AngularBooking/ClientApp/src/app/admin/showing/showing.component.spec.ts","/home/alex/dev/Bachelor/baseline/angularbooking/AngularBooking/ClientApp/src/app/admin/showing/showing.component.spec.ts","(anonymous)","(anonymous)",19,39
5,1,23,0,5,"(anonymous)@41-45@/home/alex/dev/Bachelor/baseline/angularbooking/AngularBooking/ClientApp/src/app/admin/showing/showing.component.spec.ts","/home/alex/dev/Bachelor/baseline/angularbooking/AngularBooking/ClientApp/src/app/admin/showing/showing.component.spec.ts","(anonymous)","(anonymous)",41,45
3,1,11,0,3,"(anonymous)@47-49@/home/alex/dev/Bachelor/baseline/angularbooking/AngularBooking/ClientApp/src/app/admin/showing/showing.component.spec.ts","/home/alex/dev/Bachelor/baseline/angularbooking/AngularBooking/ClientApp/src/app/admin/showing/showing.component.spec.ts","(anonymous)","(anonymous)",47,49
7,1,50,0,36,"describe@15-50@/home/alex/dev/Bachelor/baseline/angularbooking/AngularBooking/ClientApp/src/app/admin/showing/showing.component.spec.ts","/home/alex/dev/Bachelor/baseline/angularbooking/AngularBooking/ClientApp/src/app/admin/showing/showing.component.spec.ts","describe","describe ( , ( )",15,50
1,1,14,0,1,"get id@33-33@/home/alex/dev/Bachelor/baseline/angularbooking/AngularBooking/ClientApp/src/app/admin/showing/showing.component.ts","/home/alex/dev/Bachelor/baseline/angularbooking/AngularBooking/ClientApp/src/app/admin/showing/showing.component.ts","get id","get id ( )",33,33
1,1,14,0,1,"get eventId@34-34@/home/alex/dev/Bachelor/baseline/angularbooking/AngularBooking/ClientApp/src/app/admin/showing/showing.component.ts","/home/alex/dev/Bachelor/baseline/angularbooking/AngularBooking/ClientApp/src/app/admin/showing/showing.component.ts","get eventId","get eventId ( )",34,34
1,1,14,0,1,"get roomId@35-35@/home/alex/dev/Bachelor/baseline/angularbooking/AngularBooking/ClientApp/src/app/admin/showing/showing.component.ts","/home/alex/dev/Bachelor/baseline/angularbooking/AngularBooking/ClientApp/src/app/admin/showing/showing.component.ts","get roomId","get roomId ( )",35,35
1,1,14,0,1,"get startTime@36-36@/home/alex/dev/Bachelor/baseline/angularbooking/AngularBooking/ClientApp/src/app/admin/showing/showing.component.ts","/home/alex/dev/Bachelor/baseline/angularbooking/AngularBooking/ClientApp/src/app/admin/showing/showing.component.ts","get startTime","get startTime ( )",36,36
1,1,14,0,1,"get endTime@37-37@/home/alex/dev/Bachelor/baseline/angularbooking/AngularBooking/ClientApp/src/app/admin/showing/showing.component.ts","/home/alex/dev/Bachelor/baseline/angularbooking/AngularBooking/ClientApp/src/app/admin/showing/showing.component.ts","get endTime","get endTime ( )",37,37
1,1,14,0,1,"get pricingStrategyId@38-38@/home/alex/dev/Bachelor/baseline/angularbooking/AngularBooking/ClientApp/src/app/admin/showing/showing.component.ts","/home/alex/dev/Bachelor/baseline/angularbooking/AngularBooking/ClientApp/src/app/admin/showing/showing.component.ts","get pricingStrategyId","get pricingStrategyId ( )",38,38
1,1,13,2,1,"constructor@40-40@/home/alex/dev/Bachelor/baseline/angularbooking/AngularBooking/ClientApp/src/app/admin/showing/showing.component.ts","/home/alex/dev/Bachelor/baseline/angularbooking/AngularBooking/ClientApp/src/app/admin/showing/showing.component.ts","constructor","constructor ( private adminService AdminService , private messageService MessageService )",40,40
3,1,8,0,3,"(anonymous)@67-69@/home/alex/dev/Bachelor/baseline/angularbooking/AngularBooking/ClientApp/src/app/admin/showing/showing.component.ts","/home/alex/dev/Bachelor/baseline/angularbooking/AngularBooking/ClientApp/src/app/admin/showing/showing.component.ts","(anonymous)","(anonymous)",67,69
3,1,8,0,3,"(anonymous)@72-74@/home/alex/dev/Bachelor/baseline/angularbooking/AngularBooking/ClientApp/src/app/admin/showing/showing.component.ts","/home/alex/dev/Bachelor/baseline/angularbooking/AngularBooking/ClientApp/src/app/admin/showing/showing.component.ts","(anonymous)","(anonymous)",72,74
3,1,8,0,3,"(anonymous)@75-77@/home/alex/dev/Bachelor/baseline/angularbooking/AngularBooking/ClientApp/src/app/admin/showing/showing.component.ts","/home/alex/dev/Bachelor/baseline/angularbooking/AngularBooking/ClientApp/src/app/admin/showing/showing.component.ts","(anonymous)","(anonymous)",75,77
3,1,8,0,3,"(anonymous)@78-80@/home/alex/dev/Bachelor/baseline/angularbooking/AngularBooking/ClientApp/src/app/admin/showing/showing.component.ts","/home/alex/dev/Bachelor/baseline/angularbooking/AngularBooking/ClientApp/src/app/admin/showing/showing.component.ts","(anonymous)","(anonymous)",78,80
31,1,194,0,46,"ngOnInit@42-87@/home/alex/dev/Bachelor/baseline/angularbooking/AngularBooking/ClientApp/src/app/admin/showing/showing.component.ts","/home/alex/dev/Bachelor/baseline/angularbooking/AngularBooking/ClientApp/src/app/admin/showing/showing.component.ts","ngOnInit","ngOnInit ( )",42,87
6,1,35,0,6,"showDialogToAdd@89-94@/home/alex/dev/Bachelor/baseline/angularbooking/AngularBooking/ClientApp/src/app/admin/showing/showing.component.ts","/home/alex/dev/Bachelor/baseline/angularbooking/AngularBooking/ClientApp/src/app/admin/showing/showing.component.ts","showDialogToAdd","showDialogToAdd ( )",89,94
35,5,257,0,48,"save@96-143@/home/alex/dev/Bachelor/baseline/angularbooking/AngularBooking/ClientApp/src/app/admin/showing/showing.component.ts","/home/alex/dev/Bachelor/baseline/angularbooking/AngularBooking/ClientApp/src/app/admin/showing/showing.component.ts","save","save ( )",96,143
1,1,4,0,1,"(anonymous)@154-154@/home/alex/dev/Bachelor/baseline/angularbooking/AngularBooking/ClientApp/src/app/admin/showing/showing.component.ts","/home/alex/dev/Bachelor/baseline/angularbooking/AngularBooking/ClientApp/src/app/admin/showing/showing.component.ts","(anonymous)","(anonymous)",154,154
11,3,95,0,14,"delete@145-158@/home/alex/dev/Bachelor/baseline/angularbooking/AngularBooking/ClientApp/src/app/admin/showing/showing.component.ts","/home/alex/dev/Bachelor/baseline/angularbooking/AngularBooking/ClientApp/src/app/admin/showing/showing.component.ts","delete","delete ( )",145,158
14,1,153,1,17,"onRowEdit@160-176@/home/alex/dev/Bachelor/baseline/angularbooking/AngularBooking/ClientApp/src/app/admin/showing/showing.component.ts","/home/alex/dev/Bachelor/baseline/angularbooking/AngularBooking/ClientApp/src/app/admin/showing/showing.component.ts","onRowEdit","onRowEdit ( showing )",160,176
3,1,9,0,3,"(anonymous)@183-185@/home/alex/dev/Bachelor/baseline/angularbooking/AngularBooking/ClientApp/src/app/admin/showing/showing.component.ts","/home/alex/dev/Bachelor/baseline/angularbooking/AngularBooking/ClientApp/src/app/admin/showing/showing.component.ts","(anonymous)","(anonymous)",183,185
6,3,42,1,9,"getEventName@179-187@/home/alex/dev/Bachelor/baseline/angularbooking/AngularBooking/ClientApp/src/app/admin/showing/showing.component.ts","/home/alex/dev/Bachelor/baseline/angularbooking/AngularBooking/ClientApp/src/app/admin/showing/showing.component.ts","getEventName","getEventName ( id )",179,187
3,1,9,0,3,"(anonymous)@194-196@/home/alex/dev/Bachelor/baseline/angularbooking/AngularBooking/ClientApp/src/app/admin/showing/showing.component.ts","/home/alex/dev/Bachelor/baseline/angularbooking/AngularBooking/ClientApp/src/app/admin/showing/showing.component.ts","(anonymous)","(anonymous)",194,196
3,1,16,0,5,"(anonymous)@193-197@/home/alex/dev/Bachelor/baseline/angularbooking/AngularBooking/ClientApp/src/app/admin/showing/showing.component.ts","/home/alex/dev/Bachelor/baseline/angularbooking/AngularBooking/ClientApp/src/app/admin/showing/showing.component.ts","(anonymous)","(anonymous)",193,197
6,3,42,1,11,"getVenueNameFromRoomId@189-199@/home/alex/dev/Bachelor/baseline/angularbooking/AngularBooking/ClientApp/src/app/admin/showing/showing.component.ts","/home/alex/dev/Bachelor/baseline/angularbooking/AngularBooking/ClientApp/src/app/admin/showing/showing.component.ts","getVenueNameFromRoomId","getVenueNameFromRoomId ( id )",189,199
18,12,126,0,22,"(anonymous)@210-231@/home/alex/dev/Bachelor/baseline/angularbooking/AngularBooking/ClientApp/src/app/admin/showing/showing.component.ts","/home/alex/dev/Bachelor/baseline/angularbooking/AngularBooking/ClientApp/src/app/admin/showing/showing.component.ts","(anonymous)","(anonymous)",210,231
17,2,119,1,40,"availableSlotValidator@202-241@/home/alex/dev/Bachelor/baseline/angularbooking/AngularBooking/ClientApp/src/app/admin/showing/showing.component.ts","/home/alex/dev/Bachelor/baseline/angularbooking/AngularBooking/ClientApp/src/app/admin/showing/showing.component.ts","availableSlotValidator","availableSlotValidator ( control AbstractControl )",202,241
23,1,57,0,23,"(anonymous)@22-44@/home/alex/dev/Bachelor/baseline/angularbooking/AngularBooking/ClientApp/src/app/admin/venues/venues.component.spec.ts","/home/alex/dev/Bachelor/baseline/angularbooking/AngularBooking/ClientApp/src/app/admin/venues/venues.component.spec.ts","(anonymous)","(anonymous)",22,44
5,1,23,0,5,"(anonymous)@46-50@/home/alex/dev/Bachelor/baseline/angularbooking/AngularBooking/ClientApp/src/app/admin/venues/venues.component.spec.ts","/home/alex/dev/Bachelor/baseline/angularbooking/AngularBooking/ClientApp/src/app/admin/venues/venues.component.spec.ts","(anonymous)","(anonymous)",46,50
3,1,11,0,3,"(anonymous)@52-54@/home/alex/dev/Bachelor/baseline/angularbooking/AngularBooking/ClientApp/src/app/admin/venues/venues.component.spec.ts","/home/alex/dev/Bachelor/baseline/angularbooking/AngularBooking/ClientApp/src/app/admin/venues/venues.component.spec.ts","(anonymous)","(anonymous)",52,54
7,1,50,0,38,"describe@18-55@/home/alex/dev/Bachelor/baseline/angularbooking/AngularBooking/ClientApp/src/app/admin/venues/venues.component.spec.ts","/home/alex/dev/Bachelor/baseline/angularbooking/AngularBooking/ClientApp/src/app/admin/venues/venues.component.spec.ts","describe","describe ( , ( )",18,55
1,1,14,0,1,"get id@41-41@/home/alex/dev/Bachelor/baseline/angularbooking/AngularBooking/ClientApp/src/app/admin/venues/venues.component.ts","/home/alex/dev/Bachelor/baseline/angularbooking/AngularBooking/ClientApp/src/app/admin/venues/venues.component.ts","get id","get id ( )",41,41
1,1,14,0,1,"get name@42-42@/home/alex/dev/Bachelor/baseline/angularbooking/AngularBooking/ClientApp/src/app/admin/venues/venues.component.ts","/home/alex/dev/Bachelor/baseline/angularbooking/AngularBooking/ClientApp/src/app/admin/venues/venues.component.ts","get name","get name ( )",42,42
1,1,14,0,1,"get description@43-43@/home/alex/dev/Bachelor/baseline/angularbooking/AngularBooking/ClientApp/src/app/admin/venues/venues.component.ts","/home/alex/dev/Bachelor/baseline/angularbooking/AngularBooking/ClientApp/src/app/admin/venues/venues.component.ts","get description","get description ( )",43,43
1,1,14,0,1,"get image@44-44@/home/alex/dev/Bachelor/baseline/angularbooking/AngularBooking/ClientApp/src/app/admin/venues/venues.component.ts","/home/alex/dev/Bachelor/baseline/angularbooking/AngularBooking/ClientApp/src/app/admin/venues/venues.component.ts","get image","get image ( )",44,44
1,1,14,0,1,"get address1@45-45@/home/alex/dev/Bachelor/baseline/angularbooking/AngularBooking/ClientApp/src/app/admin/venues/venues.component.ts","/home/alex/dev/Bachelor/baseline/angularbooking/AngularBooking/ClientApp/src/app/admin/venues/venues.component.ts","get address1","get address1 ( )",45,45
1,1,14,0,1,"get address2@46-46@/home/alex/dev/Bachelor/baseline/angularbooking/AngularBooking/ClientApp/src/app/admin/venues/venues.component.ts","/home/alex/dev/Bachelor/baseline/angularbooking/AngularBooking/ClientApp/src/app/admin/venues/venues.component.ts","get address2","get address2 ( )",46,46
1,1,14,0,1,"get address3@47-47@/home/alex/dev/Bachelor/baseline/angularbooking/AngularBooking/ClientApp/src/app/admin/venues/venues.component.ts","/home/alex/dev/Bachelor/baseline/angularbooking/AngularBooking/ClientApp/src/app/admin/venues/venues.component.ts","get address3","get address3 ( )",47,47
1,1,14,0,1,"get address4@48-48@/home/alex/dev/Bachelor/baseline/angularbooking/AngularBooking/ClientApp/src/app/admin/venues/venues.component.ts","/home/alex/dev/Bachelor/baseline/angularbooking/AngularBooking/ClientApp/src/app/admin/venues/venues.component.ts","get address4","get address4 ( )",48,48
1,1,14,0,1,"get address5@49-49@/home/alex/dev/Bachelor/baseline/angularbooking/AngularBooking/ClientApp/src/app/admin/venues/venues.component.ts","/home/alex/dev/Bachelor/baseline/angularbooking/AngularBooking/ClientApp/src/app/admin/venues/venues.component.ts","get address5","get address5 ( )",49,49
1,1,14,0,1,"get contactPhone@50-50@/home/alex/dev/Bachelor/baseline/angularbooking/AngularBooking/ClientApp/src/app/admin/venues/venues.component.ts","/home/alex/dev/Bachelor/baseline/angularbooking/AngularBooking/ClientApp/src/app/admin/venues/venues.component.ts","get contactPhone","get contactPhone ( )",50,50
1,1,14,0,1,"get latLong@51-51@/home/alex/dev/Bachelor/baseline/angularbooking/AngularBooking/ClientApp/src/app/admin/venues/venues.component.ts","/home/alex/dev/Bachelor/baseline/angularbooking/AngularBooking/ClientApp/src/app/admin/venues/venues.component.ts","get latLong","get latLong ( )",51,51
1,1,14,0,1,"get website@52-52@/home/alex/dev/Bachelor/baseline/angularbooking/AngularBooking/ClientApp/src/app/admin/venues/venues.component.ts","/home/alex/dev/Bachelor/baseline/angularbooking/AngularBooking/ClientApp/src/app/admin/venues/venues.component.ts","get website","get website ( )",52,52
1,1,14,0,1,"get facebook@53-53@/home/alex/dev/Bachelor/baseline/angularbooking/AngularBooking/ClientApp/src/app/admin/venues/venues.component.ts","/home/alex/dev/Bachelor/baseline/angularbooking/AngularBooking/ClientApp/src/app/admin/venues/venues.component.ts","get facebook","get facebook ( )",53,53
1,1,14,0,1,"get twitter@54-54@/home/alex/dev/Bachelor/baseline/angularbooking/AngularBooking/ClientApp/src/app/admin/venues/venues.component.ts","/home/alex/dev/Bachelor/baseline/angularbooking/AngularBooking/ClientApp/src/app/admin/venues/venues.component.ts","get twitter","get twitter ( )",54,54
1,1,14,0,1,"get instagram@55-55@/home/alex/dev/Bachelor/baseline/angularbooking/AngularBooking/ClientApp/src/app/admin/venues/venues.component.ts","/home/alex/dev/Bachelor/baseline/angularbooking/AngularBooking/ClientApp/src/app/admin/venues/venues.component.ts","get instagram","get instagram ( )",55,55
1,1,14,0,1,"get facilities@56-56@/home/alex/dev/Bachelor/baseline/angularbooking/AngularBooking/ClientApp/src/app/admin/venues/venues.component.ts","/home/alex/dev/Bachelor/baseline/angularbooking/AngularBooking/ClientApp/src/app/admin/venues/venues.component.ts","get facilities","get facilities ( )",56,56
6,4,49,0,6,"get basicValid@59-64@/home/alex/dev/Bachelor/baseline/angularbooking/AngularBooking/ClientApp/src/app/admin/venues/venues.component.ts","/home/alex/dev/Bachelor/baseline/angularbooking/AngularBooking/ClientApp/src/app/admin/venues/venues.component.ts","get basicValid","get basicValid ( )",59,64
9,7,82,0,9,"get addressValid@66-74@/home/alex/dev/Bachelor/baseline/angularbooking/AngularBooking/ClientApp/src/app/admin/venues/venues.component.ts","/home/alex/dev/Bachelor/baseline/angularbooking/AngularBooking/ClientApp/src/app/admin/venues/venues.component.ts","get addressValid","get addressValid ( )",66,74
5,3,38,0,5,"get socialValid@76-80@/home/alex/dev/Bachelor/baseline/angularbooking/AngularBooking/ClientApp/src/app/admin/venues/venues.component.ts","/home/alex/dev/Bachelor/baseline/angularbooking/AngularBooking/ClientApp/src/app/admin/venues/venues.component.ts","get socialValid","get socialValid ( )",76,80
1,1,13,2,1,"constructor@82-82@/home/alex/dev/Bachelor/baseline/angularbooking/AngularBooking/ClientApp/src/app/admin/venues/venues.component.ts","/home/alex/dev/Bachelor/baseline/angularbooking/AngularBooking/ClientApp/src/app/admin/venues/venues.component.ts","constructor","constructor ( private adminService AdminService , private messageService MessageService )",82,82
3,1,8,0,3,"(anonymous)@129-131@/home/alex/dev/Bachelor/baseline/angularbooking/AngularBooking/ClientApp/src/app/admin/venues/venues.component.ts","/home/alex/dev/Bachelor/baseline/angularbooking/AngularBooking/ClientApp/src/app/admin/venues/venues.component.ts","(anonymous)","(anonymous)",129,131
48,1,273,0,55,"ngOnInit@84-138@/home/alex/dev/Bachelor/baseline/angularbooking/AngularBooking/ClientApp/src/app/admin/venues/venues.component.ts","/home/alex/dev/Bachelor/baseline/angularbooking/AngularBooking/ClientApp/src/app/admin/venues/venues.component.ts","ngOnInit","ngOnInit ( )",84,138
7,1,43,0,7,"showDialogToAdd@140-146@/home/alex/dev/Bachelor/baseline/angularbooking/AngularBooking/ClientApp/src/app/admin/venues/venues.component.ts","/home/alex/dev/Bachelor/baseline/angularbooking/AngularBooking/ClientApp/src/app/admin/venues/venues.component.ts","showDialogToAdd","showDialogToAdd ( )",140,146
1,1,6,0,1,"(anonymous)@159-159@/home/alex/dev/Bachelor/baseline/angularbooking/AngularBooking/ClientApp/src/app/admin/venues/venues.component.ts","/home/alex/dev/Bachelor/baseline/angularbooking/AngularBooking/ClientApp/src/app/admin/venues/venues.component.ts","(anonymous)","(anonymous)",159,159
47,6,323,0,60,"save@148-207@/home/alex/dev/Bachelor/baseline/angularbooking/AngularBooking/ClientApp/src/app/admin/venues/venues.component.ts","/home/alex/dev/Bachelor/baseline/angularbooking/AngularBooking/ClientApp/src/app/admin/venues/venues.component.ts","save","save ( )",148,207
1,1,4,0,1,"(anonymous)@218-218@/home/alex/dev/Bachelor/baseline/angularbooking/AngularBooking/ClientApp/src/app/admin/venues/venues.component.ts","/home/alex/dev/Bachelor/baseline/angularbooking/AngularBooking/ClientApp/src/app/admin/venues/venues.component.ts","(anonymous)","(anonymous)",218,218
11,3,95,0,14,"delete@209-222@/home/alex/dev/Bachelor/baseline/angularbooking/AngularBooking/ClientApp/src/app/admin/venues/venues.component.ts","/home/alex/dev/Bachelor/baseline/angularbooking/AngularBooking/ClientApp/src/app/admin/venues/venues.component.ts","delete","delete ( )",209,222
27,3,352,1,30,"onRowEdit@224-253@/home/alex/dev/Bachelor/baseline/angularbooking/AngularBooking/ClientApp/src/app/admin/venues/venues.component.ts","/home/alex/dev/Bachelor/baseline/angularbooking/AngularBooking/ClientApp/src/app/admin/venues/venues.component.ts","onRowEdit","onRowEdit ( event )",224,253
3,1,11,1,3,"onRowRooms@255-257@/home/alex/dev/Bachelor/baseline/angularbooking/AngularBooking/ClientApp/src/app/admin/venues/venues.component.ts","/home/alex/dev/Bachelor/baseline/angularbooking/AngularBooking/ClientApp/src/app/admin/venues/venues.component.ts","onRowRooms","onRowRooms ( event )",255,257
3,1,17,0,3,"fileReader.onloadend@264-266@/home/alex/dev/Bachelor/baseline/angularbooking/AngularBooking/ClientApp/src/app/admin/venues/venues.component.ts","/home/alex/dev/Bachelor/baseline/angularbooking/AngularBooking/ClientApp/src/app/admin/venues/venues.component.ts","fileReader.onloadend","fileReader.onloadend",264,266
7,2,49,1,10,"onImageFileSelect@260-269@/home/alex/dev/Bachelor/baseline/angularbooking/AngularBooking/ClientApp/src/app/admin/venues/venues.component.ts","/home/alex/dev/Bachelor/baseline/angularbooking/AngularBooking/ClientApp/src/app/admin/venues/venues.component.ts","onImageFileSelect","onImageFileSelect ( event )",260,269
3,2,15,0,3,"(anonymous)@276-278@/home/alex/dev/Bachelor/baseline/angularbooking/AngularBooking/ClientApp/src/app/admin/venues/venues.component.ts","/home/alex/dev/Bachelor/baseline/angularbooking/AngularBooking/ClientApp/src/app/admin/venues/venues.component.ts","(anonymous)","(anonymous)",276,278
13,2,76,1,18,"uniqueNameValidator@272-289@/home/alex/dev/Bachelor/baseline/angularbooking/AngularBooking/ClientApp/src/app/admin/venues/venues.component.ts","/home/alex/dev/Bachelor/baseline/angularbooking/AngularBooking/ClientApp/src/app/admin/venues/venues.component.ts","uniqueNameValidator","uniqueNameValidator ( control AbstractControl )",272,289
3,1,9,0,3,"(anonymous)@6-8@/home/alex/dev/Bachelor/baseline/angularbooking/AngularBooking/ClientApp/src/app/admin/admin-routing.module.spec.ts","/home/alex/dev/Bachelor/baseline/angularbooking/AngularBooking/ClientApp/src/app/admin/admin-routing.module.spec.ts","(anonymous)","(anonymous)",6,8
3,1,11,0,3,"(anonymous)@10-12@/home/alex/dev/Bachelor/baseline/angularbooking/AngularBooking/ClientApp/src/app/admin/admin-routing.module.spec.ts","/home/alex/dev/Bachelor/baseline/angularbooking/AngularBooking/ClientApp/src/app/admin/admin-routing.module.spec.ts","(anonymous)","(anonymous)",10,12
5,1,25,0,11,"(anonymous)@3-13@/home/alex/dev/Bachelor/baseline/angularbooking/AngularBooking/ClientApp/src/app/admin/admin-routing.module.spec.ts","/home/alex/dev/Bachelor/baseline/angularbooking/AngularBooking/ClientApp/src/app/admin/admin-routing.module.spec.ts","(anonymous)","(anonymous)",3,13
7,1,29,0,7,"(anonymous)@13-19@/home/alex/dev/Bachelor/baseline/angularbooking/AngularBooking/ClientApp/src/app/admin/admin.component.spec.ts","/home/alex/dev/Bachelor/baseline/angularbooking/AngularBooking/ClientApp/src/app/admin/admin.component.spec.ts","(anonymous)","(anonymous)",13,19
5,1,23,0,5,"(anonymous)@21-25@/home/alex/dev/Bachelor/baseline/angularbooking/AngularBooking/ClientApp/src/app/admin/admin.component.spec.ts","/home/alex/dev/Bachelor/baseline/angularbooking/AngularBooking/ClientApp/src/app/admin/admin.component.spec.ts","(anonymous)","(anonymous)",21,25
3,1,11,0,3,"(anonymous)@27-29@/home/alex/dev/Bachelor/baseline/angularbooking/AngularBooking/ClientApp/src/app/admin/admin.component.spec.ts","/home/alex/dev/Bachelor/baseline/angularbooking/AngularBooking/ClientApp/src/app/admin/admin.component.spec.ts","(anonymous)","(anonymous)",27,29
7,1,50,0,22,"describe@9-30@/home/alex/dev/Bachelor/baseline/angularbooking/AngularBooking/ClientApp/src/app/admin/admin.component.spec.ts","/home/alex/dev/Bachelor/baseline/angularbooking/AngularBooking/ClientApp/src/app/admin/admin.component.spec.ts","describe","describe ( , ( )",9,30
1,1,4,0,1,"constructor@10-10@/home/alex/dev/Bachelor/baseline/angularbooking/AngularBooking/ClientApp/src/app/admin/admin.component.ts","/home/alex/dev/Bachelor/baseline/angularbooking/AngularBooking/ClientApp/src/app/admin/admin.component.ts","constructor","constructor ( )",10,10
2,1,4,0,2,"ngOnInit@12-13@/home/alex/dev/Bachelor/baseline/angularbooking/AngularBooking/ClientApp/src/app/admin/admin.component.ts","/home/alex/dev/Bachelor/baseline/angularbooking/AngularBooking/ClientApp/src/app/admin/admin.component.ts","ngOnInit","ngOnInit ( )",12,13
3,1,9,0,3,"(anonymous)@6-8@/home/alex/dev/Bachelor/baseline/angularbooking/AngularBooking/ClientApp/src/app/admin/admin.module.spec.ts","/home/alex/dev/Bachelor/baseline/angularbooking/AngularBooking/ClientApp/src/app/admin/admin.module.spec.ts","(anonymous)","(anonymous)",6,8
3,1,11,0,3,"(anonymous)@10-12@/home/alex/dev/Bachelor/baseline/angularbooking/AngularBooking/ClientApp/src/app/admin/admin.module.spec.ts","/home/alex/dev/Bachelor/baseline/angularbooking/AngularBooking/ClientApp/src/app/admin/admin.module.spec.ts","(anonymous)","(anonymous)",10,12
5,1,25,0,11,"(anonymous)@3-13@/home/alex/dev/Bachelor/baseline/angularbooking/AngularBooking/ClientApp/src/app/admin/admin.module.spec.ts","/home/alex/dev/Bachelor/baseline/angularbooking/AngularBooking/ClientApp/src/app/admin/admin.module.spec.ts","(anonymous)","(anonymous)",3,13
8,1,21,0,8,"(anonymous)@7-14@/home/alex/dev/Bachelor/baseline/angularbooking/AngularBooking/ClientApp/src/app/booking/_services/booking.service.spec.ts","/home/alex/dev/Bachelor/baseline/angularbooking/AngularBooking/ClientApp/src/app/booking/_services/booking.service.spec.ts","(anonymous)","(anonymous)",7,14
3,1,11,0,3,"(anonymous)@16-18@/home/alex/dev/Bachelor/baseline/angularbooking/AngularBooking/ClientApp/src/app/booking/_services/booking.service.spec.ts","/home/alex/dev/Bachelor/baseline/angularbooking/AngularBooking/ClientApp/src/app/booking/_services/booking.service.spec.ts","(anonymous)","(anonymous)",16,18
4,1,30,0,14,"(anonymous)@6-19@/home/alex/dev/Bachelor/baseline/angularbooking/AngularBooking/ClientApp/src/app/booking/_services/booking.service.spec.ts","/home/alex/dev/Bachelor/baseline/angularbooking/AngularBooking/ClientApp/src/app/booking/_services/booking.service.spec.ts","(anonymous)","(anonymous)",6,19
1,1,8,1,1,"constructor@13-13@/home/alex/dev/Bachelor/baseline/angularbooking/AngularBooking/ClientApp/src/app/booking/_services/booking.service.ts","/home/alex/dev/Bachelor/baseline/angularbooking/AngularBooking/ClientApp/src/app/booking/_services/booking.service.ts","constructor","constructor ( private http HttpClient )",13,13
8,2,61,1,11,"getAllocationData@15-25@/home/alex/dev/Bachelor/baseline/angularbooking/AngularBooking/ClientApp/src/app/booking/_services/booking.service.ts","/home/alex/dev/Bachelor/baseline/angularbooking/AngularBooking/ClientApp/src/app/booking/_services/booking.service.ts","getAllocationData","getAllocationData ( id )",15,25
20,2,169,1,32,"getShowingData@27-58@/home/alex/dev/Bachelor/baseline/angularbooking/AngularBooking/ClientApp/src/app/booking/_services/booking.service.ts","/home/alex/dev/Bachelor/baseline/angularbooking/AngularBooking/ClientApp/src/app/booking/_services/booking.service.ts","getShowingData","getShowingData ( id )",27,58
12,3,84,1,14,"createBooking@60-73@/home/alex/dev/Bachelor/baseline/angularbooking/AngularBooking/ClientApp/src/app/booking/_services/booking.service.ts","/home/alex/dev/Bachelor/baseline/angularbooking/AngularBooking/ClientApp/src/app/booking/_services/booking.service.ts","createBooking","createBooking ( bookingData )",60,73
6,1,19,0,6,"(anonymous)@9-14@/home/alex/dev/Bachelor/baseline/angularbooking/AngularBooking/ClientApp/src/app/booking/allocation/allocation-unit.component.spec.ts","/home/alex/dev/Bachelor/baseline/angularbooking/AngularBooking/ClientApp/src/app/booking/allocation/allocation-unit.component.spec.ts","(anonymous)","(anonymous)",9,14
5,1,23,0,5,"(anonymous)@16-20@/home/alex/dev/Bachelor/baseline/angularbooking/AngularBooking/ClientApp/src/app/booking/allocation/allocation-unit.component.spec.ts","/home/alex/dev/Bachelor/baseline/angularbooking/AngularBooking/ClientApp/src/app/booking/allocation/allocation-unit.component.spec.ts","(anonymous)","(anonymous)",16,20
3,1,11,0,3,"(anonymous)@22-24@/home/alex/dev/Bachelor/baseline/angularbooking/AngularBooking/ClientApp/src/app/booking/allocation/allocation-unit.component.spec.ts","/home/alex/dev/Bachelor/baseline/angularbooking/AngularBooking/ClientApp/src/app/booking/allocation/allocation-unit.component.spec.ts","(anonymous)","(anonymous)",22,24
7,1,50,0,21,"describe@5-25@/home/alex/dev/Bachelor/baseline/angularbooking/AngularBooking/ClientApp/src/app/booking/allocation/allocation-unit.component.spec.ts","/home/alex/dev/Bachelor/baseline/angularbooking/AngularBooking/ClientApp/src/app/booking/allocation/allocation-unit.component.spec.ts","describe","describe ( , ( )",5,25
1,1,4,0,1,"constructor@18-18@/home/alex/dev/Bachelor/baseline/angularbooking/AngularBooking/ClientApp/src/app/booking/allocation/allocation-unit.component.ts","/home/alex/dev/Bachelor/baseline/angularbooking/AngularBooking/ClientApp/src/app/booking/allocation/allocation-unit.component.ts","constructor","constructor ( )",18,18
2,1,4,0,3,"ngOnInit@20-22@/home/alex/dev/Bachelor/baseline/angularbooking/AngularBooking/ClientApp/src/app/booking/allocation/allocation-unit.component.ts","/home/alex/dev/Bachelor/baseline/angularbooking/AngularBooking/ClientApp/src/app/booking/allocation/allocation-unit.component.ts","ngOnInit","ngOnInit ( )",20,22
10,1,29,0,10,"(anonymous)@11-20@/home/alex/dev/Bachelor/baseline/angularbooking/AngularBooking/ClientApp/src/app/booking/allocation/allocation.component.spec.ts","/home/alex/dev/Bachelor/baseline/angularbooking/AngularBooking/ClientApp/src/app/booking/allocation/allocation.component.spec.ts","(anonymous)","(anonymous)",11,20
5,1,23,0,5,"(anonymous)@22-26@/home/alex/dev/Bachelor/baseline/angularbooking/AngularBooking/ClientApp/src/app/booking/allocation/allocation.component.spec.ts","/home/alex/dev/Bachelor/baseline/angularbooking/AngularBooking/ClientApp/src/app/booking/allocation/allocation.component.spec.ts","(anonymous)","(anonymous)",22,26
3,1,11,0,3,"(anonymous)@28-30@/home/alex/dev/Bachelor/baseline/angularbooking/AngularBooking/ClientApp/src/app/booking/allocation/allocation.component.spec.ts","/home/alex/dev/Bachelor/baseline/angularbooking/AngularBooking/ClientApp/src/app/booking/allocation/allocation.component.spec.ts","(anonymous)","(anonymous)",28,30
7,1,50,0,25,"describe@7-31@/home/alex/dev/Bachelor/baseline/angularbooking/AngularBooking/ClientApp/src/app/booking/allocation/allocation.component.spec.ts","/home/alex/dev/Bachelor/baseline/angularbooking/AngularBooking/ClientApp/src/app/booking/allocation/allocation.component.spec.ts","describe","describe ( , ( )",7,31
17,5,168,1,21,"set allocations@22-42@/home/alex/dev/Bachelor/baseline/angularbooking/AngularBooking/ClientApp/src/app/booking/allocation/allocation.component.ts","/home/alex/dev/Bachelor/baseline/angularbooking/AngularBooking/ClientApp/src/app/booking/allocation/allocation.component.ts","set allocations","set allocations ( value )",22,42
1,1,4,0,1,"constructor@66-66@/home/alex/dev/Bachelor/baseline/angularbooking/AngularBooking/ClientApp/src/app/booking/allocation/allocation.component.ts","/home/alex/dev/Bachelor/baseline/angularbooking/AngularBooking/ClientApp/src/app/booking/allocation/allocation.component.ts","constructor","constructor ( )",66,66
14,4,150,0,18,"ngOnInit@68-85@/home/alex/dev/Bachelor/baseline/angularbooking/AngularBooking/ClientApp/src/app/booking/allocation/allocation.component.ts","/home/alex/dev/Bachelor/baseline/angularbooking/AngularBooking/ClientApp/src/app/booking/allocation/allocation.component.ts","ngOnInit","ngOnInit ( )",68,85
3,1,22,1,3,"rowIsleExists@88-90@/home/alex/dev/Bachelor/baseline/angularbooking/AngularBooking/ClientApp/src/app/booking/allocation/allocation.component.ts","/home/alex/dev/Bachelor/baseline/angularbooking/AngularBooking/ClientApp/src/app/booking/allocation/allocation.component.ts","rowIsleExists","rowIsleExists ( row )",88,90
3,1,22,1,3,"columnIsleExists@92-94@/home/alex/dev/Bachelor/baseline/angularbooking/AngularBooking/ClientApp/src/app/booking/allocation/allocation.component.ts","/home/alex/dev/Bachelor/baseline/angularbooking/AngularBooking/ClientApp/src/app/booking/allocation/allocation.component.ts","columnIsleExists","columnIsleExists ( column )",92,94
12,4,97,0,13,"calculateBookingTotal@96-108@/home/alex/dev/Bachelor/baseline/angularbooking/AngularBooking/ClientApp/src/app/booking/allocation/allocation.component.ts","/home/alex/dev/Bachelor/baseline/angularbooking/AngularBooking/ClientApp/src/app/booking/allocation/allocation.component.ts","calculateBookingTotal","calculateBookingTotal ( )",96,108
11,3,123,2,14,"onAllocationClick@111-124@/home/alex/dev/Bachelor/baseline/angularbooking/AngularBooking/ClientApp/src/app/booking/allocation/allocation.component.ts","/home/alex/dev/Bachelor/baseline/angularbooking/AngularBooking/ClientApp/src/app/booking/allocation/allocation.component.ts","onAllocationClick","onAllocationClick ( row , column )",111,124
32,6,255,0,39,"allocationChange@127-165@/home/alex/dev/Bachelor/baseline/angularbooking/AngularBooking/ClientApp/src/app/booking/allocation/allocation.component.ts","/home/alex/dev/Bachelor/baseline/angularbooking/AngularBooking/ClientApp/src/app/booking/allocation/allocation.component.ts","allocationChange","allocationChange ( )",127,165
3,1,9,0,3,"(anonymous)@6-8@/home/alex/dev/Bachelor/baseline/angularbooking/AngularBooking/ClientApp/src/app/booking/booking-routing.module.spec.ts","/home/alex/dev/Bachelor/baseline/angularbooking/AngularBooking/ClientApp/src/app/booking/booking-routing.module.spec.ts","(anonymous)","(anonymous)",6,8
3,1,11,0,3,"(anonymous)@10-12@/home/alex/dev/Bachelor/baseline/angularbooking/AngularBooking/ClientApp/src/app/booking/booking-routing.module.spec.ts","/home/alex/dev/Bachelor/baseline/angularbooking/AngularBooking/ClientApp/src/app/booking/booking-routing.module.spec.ts","(anonymous)","(anonymous)",10,12
5,1,25,0,11,"(anonymous)@3-13@/home/alex/dev/Bachelor/baseline/angularbooking/AngularBooking/ClientApp/src/app/booking/booking-routing.module.spec.ts","/home/alex/dev/Bachelor/baseline/angularbooking/AngularBooking/ClientApp/src/app/booking/booking-routing.module.spec.ts","(anonymous)","(anonymous)",3,13
6,1,19,0,6,"(anonymous)@9-14@/home/alex/dev/Bachelor/baseline/angularbooking/AngularBooking/ClientApp/src/app/booking/booking-status.component.spec.ts","/home/alex/dev/Bachelor/baseline/angularbooking/AngularBooking/ClientApp/src/app/booking/booking-status.component.spec.ts","(anonymous)","(anonymous)",9,14
5,1,23,0,5,"(anonymous)@16-20@/home/alex/dev/Bachelor/baseline/angularbooking/AngularBooking/ClientApp/src/app/booking/booking-status.component.spec.ts","/home/alex/dev/Bachelor/baseline/angularbooking/AngularBooking/ClientApp/src/app/booking/booking-status.component.spec.ts","(anonymous)","(anonymous)",16,20
3,1,11,0,3,"(anonymous)@22-24@/home/alex/dev/Bachelor/baseline/angularbooking/AngularBooking/ClientApp/src/app/booking/booking-status.component.spec.ts","/home/alex/dev/Bachelor/baseline/angularbooking/AngularBooking/ClientApp/src/app/booking/booking-status.component.spec.ts","(anonymous)","(anonymous)",22,24
7,1,50,0,21,"describe@5-25@/home/alex/dev/Bachelor/baseline/angularbooking/AngularBooking/ClientApp/src/app/booking/booking-status.component.spec.ts","/home/alex/dev/Bachelor/baseline/angularbooking/AngularBooking/ClientApp/src/app/booking/booking-status.component.spec.ts","describe","describe ( , ( )",5,25
1,1,4,0,1,"constructor@10-10@/home/alex/dev/Bachelor/baseline/angularbooking/AngularBooking/ClientApp/src/app/booking/booking-status.component.ts","/home/alex/dev/Bachelor/baseline/angularbooking/AngularBooking/ClientApp/src/app/booking/booking-status.component.ts","constructor","constructor ( )",10,10
2,1,4,0,2,"ngOnInit@12-13@/home/alex/dev/Bachelor/baseline/angularbooking/AngularBooking/ClientApp/src/app/booking/booking-status.component.ts","/home/alex/dev/Bachelor/baseline/angularbooking/AngularBooking/ClientApp/src/app/booking/booking-status.component.ts","ngOnInit","ngOnInit ( )",12,13
19,1,57,0,19,"(anonymous)@19-37@/home/alex/dev/Bachelor/baseline/angularbooking/AngularBooking/ClientApp/src/app/booking/booking.component.spec.ts","/home/alex/dev/Bachelor/baseline/angularbooking/AngularBooking/ClientApp/src/app/booking/booking.component.spec.ts","(anonymous)","(anonymous)",19,37
5,1,23,0,5,"(anonymous)@39-43@/home/alex/dev/Bachelor/baseline/angularbooking/AngularBooking/ClientApp/src/app/booking/booking.component.spec.ts","/home/alex/dev/Bachelor/baseline/angularbooking/AngularBooking/ClientApp/src/app/booking/booking.component.spec.ts","(anonymous)","(anonymous)",39,43
3,1,11,0,3,"(anonymous)@45-47@/home/alex/dev/Bachelor/baseline/angularbooking/AngularBooking/ClientApp/src/app/booking/booking.component.spec.ts","/home/alex/dev/Bachelor/baseline/angularbooking/AngularBooking/ClientApp/src/app/booking/booking.component.spec.ts","(anonymous)","(anonymous)",45,47
7,1,50,0,34,"describe@15-48@/home/alex/dev/Bachelor/baseline/angularbooking/AngularBooking/ClientApp/src/app/booking/booking.component.spec.ts","/home/alex/dev/Bachelor/baseline/angularbooking/AngularBooking/ClientApp/src/app/booking/booking.component.spec.ts","describe","describe ( , ( )",15,48
10,1,43,8,10,"constructor@47-56@/home/alex/dev/Bachelor/baseline/angularbooking/AngularBooking/ClientApp/src/app/booking/booking.component.ts","/home/alex/dev/Bachelor/baseline/angularbooking/AngularBooking/ClientApp/src/app/booking/booking.component.ts","constructor","constructor ( private bookingService BookingService , private siteService SiteService , private authService AuthService , private router Router , private activatedRoute ActivatedRoute , private messageService MessageService , private modalService NgbModal , private spinnerService Ng4LoadingSpinnerService )",47,56
3,1,8,0,3,"(anonymous)@75-77@/home/alex/dev/Bachelor/baseline/angularbooking/AngularBooking/ClientApp/src/app/booking/booking.component.ts","/home/alex/dev/Bachelor/baseline/angularbooking/AngularBooking/ClientApp/src/app/booking/booking.component.ts","(anonymous)","(anonymous)",75,77
3,1,8,0,3,"(anonymous)@80-82@/home/alex/dev/Bachelor/baseline/angularbooking/AngularBooking/ClientApp/src/app/booking/booking.component.ts","/home/alex/dev/Bachelor/baseline/angularbooking/AngularBooking/ClientApp/src/app/booking/booking.component.ts","(anonymous)","(anonymous)",80,82
5,1,47,0,15,"(anonymous)@71-85@/home/alex/dev/Bachelor/baseline/angularbooking/AngularBooking/ClientApp/src/app/booking/booking.component.ts","/home/alex/dev/Bachelor/baseline/angularbooking/AngularBooking/ClientApp/src/app/booking/booking.component.ts","(anonymous)","(anonymous)",71,85
10,1,52,0,30,"ngOnInit@58-87@/home/alex/dev/Bachelor/baseline/angularbooking/AngularBooking/ClientApp/src/app/booking/booking.component.ts","/home/alex/dev/Bachelor/baseline/angularbooking/AngularBooking/ClientApp/src/app/booking/booking.component.ts","ngOnInit","ngOnInit ( )",58,87
17,2,96,0,17,"(anonymous)@131-147@/home/alex/dev/Bachelor/baseline/angularbooking/AngularBooking/ClientApp/src/app/booking/booking.component.ts","/home/alex/dev/Bachelor/baseline/angularbooking/AngularBooking/ClientApp/src/app/booking/booking.component.ts","(anonymous)","(anonymous)",131,147
40,2,202,0,60,"initIdentityStep@93-152@/home/alex/dev/Bachelor/baseline/angularbooking/AngularBooking/ClientApp/src/app/booking/booking.component.ts","/home/alex/dev/Bachelor/baseline/angularbooking/AngularBooking/ClientApp/src/app/booking/booking.component.ts","initIdentityStep","initIdentityStep ( )",93,152
15,3,109,2,19,"componentInstance.loginCallback@160-178@/home/alex/dev/Bachelor/baseline/angularbooking/AngularBooking/ClientApp/src/app/booking/booking.component.ts","/home/alex/dev/Bachelor/baseline/angularbooking/AngularBooking/ClientApp/src/app/booking/booking.component.ts","componentInstance.loginCallback","componentInstance.loginCallback ( email , password )",160,178
3,1,7,0,3,"(anonymous)@182-184@/home/alex/dev/Bachelor/baseline/angularbooking/AngularBooking/ClientApp/src/app/booking/booking.component.ts","/home/alex/dev/Bachelor/baseline/angularbooking/AngularBooking/ClientApp/src/app/booking/booking.component.ts","(anonymous)","(anonymous)",182,184
4,1,15,0,4,"modalObj._removeModalElements@187-190@/home/alex/dev/Bachelor/baseline/angularbooking/AngularBooking/ClientApp/src/app/booking/booking.component.ts","/home/alex/dev/Bachelor/baseline/angularbooking/AngularBooking/ClientApp/src/app/booking/booking.component.ts","modalObj._removeModalElements","modalObj._removeModalElements",187,190
13,1,84,0,39,"login@155-193@/home/alex/dev/Bachelor/baseline/angularbooking/AngularBooking/ClientApp/src/app/booking/booking.component.ts","/home/alex/dev/Bachelor/baseline/angularbooking/AngularBooking/ClientApp/src/app/booking/booking.component.ts","login","login ( )",155,193
3,2,21,0,4,"allocationsValid@196-199@/home/alex/dev/Bachelor/baseline/angularbooking/AngularBooking/ClientApp/src/app/booking/booking.component.ts","/home/alex/dev/Bachelor/baseline/angularbooking/AngularBooking/ClientApp/src/app/booking/booking.component.ts","allocationsValid","allocationsValid ( )",196,199
3,1,11,1,3,"updateBookingAllocations@202-204@/home/alex/dev/Bachelor/baseline/angularbooking/AngularBooking/ClientApp/src/app/booking/booking.component.ts","/home/alex/dev/Bachelor/baseline/angularbooking/AngularBooking/ClientApp/src/app/booking/booking.component.ts","updateBookingAllocations","updateBookingAllocations ( data )",202,204
7,1,49,0,7,"(anonymous)@243-249@/home/alex/dev/Bachelor/baseline/angularbooking/AngularBooking/ClientApp/src/app/booking/booking.component.ts","/home/alex/dev/Bachelor/baseline/angularbooking/AngularBooking/ClientApp/src/app/booking/booking.component.ts","(anonymous)","(anonymous)",243,249
6,1,43,0,6,"(anonymous)@249-254@/home/alex/dev/Bachelor/baseline/angularbooking/AngularBooking/ClientApp/src/app/booking/booking.component.ts","/home/alex/dev/Bachelor/baseline/angularbooking/AngularBooking/ClientApp/src/app/booking/booking.component.ts","(anonymous)","(anonymous)",249,254
7,1,49,0,7,"(anonymous)@259-265@/home/alex/dev/Bachelor/baseline/angularbooking/AngularBooking/ClientApp/src/app/booking/booking.component.ts","/home/alex/dev/Bachelor/baseline/angularbooking/AngularBooking/ClientApp/src/app/booking/booking.component.ts","(anonymous)","(anonymous)",259,265
6,1,43,0,6,"(anonymous)@265-270@/home/alex/dev/Bachelor/baseline/angularbooking/AngularBooking/ClientApp/src/app/booking/booking.component.ts","/home/alex/dev/Bachelor/baseline/angularbooking/AngularBooking/ClientApp/src/app/booking/booking.component.ts","(anonymous)","(anonymous)",265,270
35,7,282,0,68,"confirmBooking@206-273@/home/alex/dev/Bachelor/baseline/angularbooking/AngularBooking/ClientApp/src/app/booking/booking.component.ts","/home/alex/dev/Bachelor/baseline/angularbooking/AngularBooking/ClientApp/src/app/booking/booking.component.ts","confirmBooking","confirmBooking ( )",206,273
3,1,9,0,3,"(anonymous)@6-8@/home/alex/dev/Bachelor/baseline/angularbooking/AngularBooking/ClientApp/src/app/booking/booking.module.spec.ts","/home/alex/dev/Bachelor/baseline/angularbooking/AngularBooking/ClientApp/src/app/booking/booking.module.spec.ts","(anonymous)","(anonymous)",6,8
3,1,11,0,3,"(anonymous)@10-12@/home/alex/dev/Bachelor/baseline/angularbooking/AngularBooking/ClientApp/src/app/booking/booking.module.spec.ts","/home/alex/dev/Bachelor/baseline/angularbooking/AngularBooking/ClientApp/src/app/booking/booking.module.spec.ts","(anonymous)","(anonymous)",10,12
5,1,25,0,11,"(anonymous)@3-13@/home/alex/dev/Bachelor/baseline/angularbooking/AngularBooking/ClientApp/src/app/booking/booking.module.spec.ts","/home/alex/dev/Bachelor/baseline/angularbooking/AngularBooking/ClientApp/src/app/booking/booking.module.spec.ts","(anonymous)","(anonymous)",3,13
7,1,29,5,8,"constructor@5-12@/home/alex/dev/Bachelor/baseline/angularbooking/AngularBooking/ClientApp/src/app/core/_models/entity/booking-item.ts","/home/alex/dev/Bachelor/baseline/angularbooking/AngularBooking/ClientApp/src/app/core/_models/entity/booking-item.ts","constructor","constructor ( public id , public bookingId , public location , public agreedPrice , public agreedPriceName , )",5,12
8,1,35,6,9,"constructor@7-15@/home/alex/dev/Bachelor/baseline/angularbooking/AngularBooking/ClientApp/src/app/core/_models/entity/booking.ts","/home/alex/dev/Bachelor/baseline/angularbooking/AngularBooking/ClientApp/src/app/core/_models/entity/booking.ts","constructor","constructor ( public id , public bookedDate , public status BookingStatus , public showingId , public customerId , public bookingItems BookingItem )",7,15
10,3,42,0,10,"totalPrice@17-26@/home/alex/dev/Bachelor/baseline/angularbooking/AngularBooking/ClientApp/src/app/core/_models/entity/booking.ts","/home/alex/dev/Bachelor/baseline/angularbooking/AngularBooking/ClientApp/src/app/core/_models/entity/booking.ts","totalPrice","totalPrice ( )",17,26
12,1,53,10,12,"constructor@2-13@/home/alex/dev/Bachelor/baseline/angularbooking/AngularBooking/ClientApp/src/app/core/_models/entity/customer.ts","/home/alex/dev/Bachelor/baseline/angularbooking/AngularBooking/ClientApp/src/app/core/_models/entity/customer.ts","constructor","constructor ( public id , public firstName , public lastName , public address1 , public address2 , public address3 , public address4 , public address5 , public contactPhone , public contactEmail )",2,13
8,1,33,6,8,"constructor@4-11@/home/alex/dev/Bachelor/baseline/angularbooking/AngularBooking/ClientApp/src/app/core/_models/entity/event.ts","/home/alex/dev/Bachelor/baseline/angularbooking/AngularBooking/ClientApp/src/app/core/_models/entity/event.ts","constructor","constructor ( public id , public name , public description , public image , public duration , public ageRating AgeRatingType )",4,11
9,1,38,7,9,"constructor@3-11@/home/alex/dev/Bachelor/baseline/angularbooking/AngularBooking/ClientApp/src/app/core/_models/entity/feature.ts","/home/alex/dev/Bachelor/baseline/angularbooking/AngularBooking/ClientApp/src/app/core/_models/entity/feature.ts","constructor","constructor ( public id , public name , public title , public detail , public link , public image , public order )",3,11
7,1,28,5,7,"constructor@2-8@/home/alex/dev/Bachelor/baseline/angularbooking/AngularBooking/ClientApp/src/app/core/_models/entity/pricing-strategy-item.ts","/home/alex/dev/Bachelor/baseline/angularbooking/AngularBooking/ClientApp/src/app/core/_models/entity/pricing-strategy-item.ts","constructor","constructor ( public id , public pricingStrategyId , public name , public description , public price )",2,8
6,1,25,4,6,"constructor@4-9@/home/alex/dev/Bachelor/baseline/angularbooking/AngularBooking/ClientApp/src/app/core/_models/entity/pricing-strategy.ts","/home/alex/dev/Bachelor/baseline/angularbooking/AngularBooking/ClientApp/src/app/core/_models/entity/pricing-strategy.ts","constructor","constructor ( public id , public name , public description , public pricingStrategyItems PricingStrategyItem )",4,9
10,1,45,8,10,"constructor@4-13@/home/alex/dev/Bachelor/baseline/angularbooking/AngularBooking/ClientApp/src/app/core/_models/entity/room.ts","/home/alex/dev/Bachelor/baseline/angularbooking/AngularBooking/ClientApp/src/app/core/_models/entity/room.ts","constructor","constructor ( public id , public venueId , public name , public description , public rows , public columns , public isles , public showings Showing )",4,13
11,1,48,9,11,"constructor@7-17@/home/alex/dev/Bachelor/baseline/angularbooking/AngularBooking/ClientApp/src/app/core/_models/entity/showing.ts","/home/alex/dev/Bachelor/baseline/angularbooking/AngularBooking/ClientApp/src/app/core/_models/entity/showing.ts","constructor","constructor ( public id , public eventId , public roomId , public startTime , public endTime , public pricingStrategyId , public event Event , public room Room , public pricingStrategy PricingStrategy )",7,17
19,1,90,17,19,"constructor@5-23@/home/alex/dev/Bachelor/baseline/angularbooking/AngularBooking/ClientApp/src/app/core/_models/entity/venue.ts","/home/alex/dev/Bachelor/baseline/angularbooking/AngularBooking/ClientApp/src/app/core/_models/entity/venue.ts","constructor","constructor ( public id , public name , public description , public image , public address1 , public address2 , public address3 , public address4 , public address5 , public contactPhone , public latLong , public website , public facebook , public twitter , public instagram , public facilities FacilityFlags , public rooms Room )",5,23
4,1,13,2,4,"constructor@2-5@/home/alex/dev/Bachelor/baseline/angularbooking/AngularBooking/ClientApp/src/app/core/_models/csrf-response.ts","/home/alex/dev/Bachelor/baseline/angularbooking/AngularBooking/ClientApp/src/app/core/_models/csrf-response.ts","constructor","constructor ( public token , public tokenName )",2,5
5,1,18,3,5,"constructor@3-7@/home/alex/dev/Bachelor/baseline/angularbooking/AngularBooking/ClientApp/src/app/core/_models/login-user-response.ts","/home/alex/dev/Bachelor/baseline/angularbooking/AngularBooking/ClientApp/src/app/core/_models/login-user-response.ts","constructor","constructor ( public status , public name , public role )",3,7
4,1,13,2,4,"constructor@2-5@/home/alex/dev/Bachelor/baseline/angularbooking/AngularBooking/ClientApp/src/app/core/_models/register-user-response.ts","/home/alex/dev/Bachelor/baseline/angularbooking/AngularBooking/ClientApp/src/app/core/_models/register-user-response.ts","constructor","constructor ( public status , public error )",2,5
10,1,31,0,10,"(anonymous)@10-19@/home/alex/dev/Bachelor/baseline/angularbooking/AngularBooking/ClientApp/src/app/core/_services/auth-guard.service.spec.ts","/home/alex/dev/Bachelor/baseline/angularbooking/AngularBooking/ClientApp/src/app/core/_services/auth-guard.service.spec.ts","(anonymous)","(anonymous)",10,19
3,1,11,0,3,"(anonymous)@21-23@/home/alex/dev/Bachelor/baseline/angularbooking/AngularBooking/ClientApp/src/app/core/_services/auth-guard.service.spec.ts","/home/alex/dev/Bachelor/baseline/angularbooking/AngularBooking/ClientApp/src/app/core/_services/auth-guard.service.spec.ts","(anonymous)","(anonymous)",21,23
4,1,30,0,16,"(anonymous)@9-24@/home/alex/dev/Bachelor/baseline/angularbooking/AngularBooking/ClientApp/src/app/core/_services/auth-guard.service.spec.ts","/home/alex/dev/Bachelor/baseline/angularbooking/AngularBooking/ClientApp/src/app/core/_services/auth-guard.service.spec.ts","(anonymous)","(anonymous)",9,24
3,1,8,0,3,"(anonymous)@14-16@/home/alex/dev/Bachelor/baseline/angularbooking/AngularBooking/ClientApp/src/app/core/_services/auth-guard.service.ts","/home/alex/dev/Bachelor/baseline/angularbooking/AngularBooking/ClientApp/src/app/core/_services/auth-guard.service.ts","(anonymous)","(anonymous)",14,16
3,1,26,2,5,"constructor@13-17@/home/alex/dev/Bachelor/baseline/angularbooking/AngularBooking/ClientApp/src/app/core/_services/auth-guard.service.ts","/home/alex/dev/Bachelor/baseline/angularbooking/AngularBooking/ClientApp/src/app/core/_services/auth-guard.service.ts","constructor","constructor ( private authService AuthService , private router Router )",13,17
15,4,93,2,23,"canActivate@19-41@/home/alex/dev/Bachelor/baseline/angularbooking/AngularBooking/ClientApp/src/app/core/_services/auth-guard.service.ts","/home/alex/dev/Bachelor/baseline/angularbooking/AngularBooking/ClientApp/src/app/core/_services/auth-guard.service.ts","canActivate","canActivate ( route ActivatedRouteSnapshot , state RouterStateSnapshot )",19,41
15,1,45,0,18,"(anonymous)@18-35@/home/alex/dev/Bachelor/baseline/angularbooking/AngularBooking/ClientApp/src/app/core/_services/auth.service.spec.ts","/home/alex/dev/Bachelor/baseline/angularbooking/AngularBooking/ClientApp/src/app/core/_services/auth.service.spec.ts","(anonymous)","(anonymous)",18,35
4,1,15,0,4,"(anonymous)@37-40@/home/alex/dev/Bachelor/baseline/angularbooking/AngularBooking/ClientApp/src/app/core/_services/auth.service.spec.ts","/home/alex/dev/Bachelor/baseline/angularbooking/AngularBooking/ClientApp/src/app/core/_services/auth.service.spec.ts","(anonymous)","(anonymous)",37,40
4,1,18,0,5,"(anonymous)@44-48@/home/alex/dev/Bachelor/baseline/angularbooking/AngularBooking/ClientApp/src/app/core/_services/auth.service.spec.ts","/home/alex/dev/Bachelor/baseline/angularbooking/AngularBooking/ClientApp/src/app/core/_services/auth.service.spec.ts","(anonymous)","(anonymous)",44,48
7,1,78,0,14,"(anonymous)@42-55@/home/alex/dev/Bachelor/baseline/angularbooking/AngularBooking/ClientApp/src/app/core/_services/auth.service.spec.ts","/home/alex/dev/Bachelor/baseline/angularbooking/AngularBooking/ClientApp/src/app/core/_services/auth.service.spec.ts","(anonymous)","(anonymous)",42,55
4,1,18,0,4,"(anonymous)@59-62@/home/alex/dev/Bachelor/baseline/angularbooking/AngularBooking/ClientApp/src/app/core/_services/auth.service.spec.ts","/home/alex/dev/Bachelor/baseline/angularbooking/AngularBooking/ClientApp/src/app/core/_services/auth.service.spec.ts","(anonymous)","(anonymous)",59,62
7,1,86,0,12,"(anonymous)@57-68@/home/alex/dev/Bachelor/baseline/angularbooking/AngularBooking/ClientApp/src/app/core/_services/auth.service.spec.ts","/home/alex/dev/Bachelor/baseline/angularbooking/AngularBooking/ClientApp/src/app/core/_services/auth.service.spec.ts","(anonymous)","(anonymous)",57,68
3,1,14,0,3,"(anonymous)@71-73@/home/alex/dev/Bachelor/baseline/angularbooking/AngularBooking/ClientApp/src/app/core/_services/auth.service.spec.ts","/home/alex/dev/Bachelor/baseline/angularbooking/AngularBooking/ClientApp/src/app/core/_services/auth.service.spec.ts","(anonymous)","(anonymous)",71,73
8,1,67,0,11,"(anonymous)@70-80@/home/alex/dev/Bachelor/baseline/angularbooking/AngularBooking/ClientApp/src/app/core/_services/auth.service.spec.ts","/home/alex/dev/Bachelor/baseline/angularbooking/AngularBooking/ClientApp/src/app/core/_services/auth.service.spec.ts","(anonymous)","(anonymous)",70,80
6,2,26,0,6,"(anonymous)@84-89@/home/alex/dev/Bachelor/baseline/angularbooking/AngularBooking/ClientApp/src/app/core/_services/auth.service.spec.ts","/home/alex/dev/Bachelor/baseline/angularbooking/AngularBooking/ClientApp/src/app/core/_services/auth.service.spec.ts","(anonymous)","(anonymous)",84,89
6,1,44,0,13,"(anonymous)@82-94@/home/alex/dev/Bachelor/baseline/angularbooking/AngularBooking/ClientApp/src/app/core/_services/auth.service.spec.ts","/home/alex/dev/Bachelor/baseline/angularbooking/AngularBooking/ClientApp/src/app/core/_services/auth.service.spec.ts","(anonymous)","(anonymous)",82,94
3,1,12,0,3,"(anonymous)@97-99@/home/alex/dev/Bachelor/baseline/angularbooking/AngularBooking/ClientApp/src/app/core/_services/auth.service.spec.ts","/home/alex/dev/Bachelor/baseline/angularbooking/AngularBooking/ClientApp/src/app/core/_services/auth.service.spec.ts","(anonymous)","(anonymous)",97,99
6,1,38,0,9,"(anonymous)@96-104@/home/alex/dev/Bachelor/baseline/angularbooking/AngularBooking/ClientApp/src/app/core/_services/auth.service.spec.ts","/home/alex/dev/Bachelor/baseline/angularbooking/AngularBooking/ClientApp/src/app/core/_services/auth.service.spec.ts","(anonymous)","(anonymous)",96,104
11,1,84,0,94,"(anonymous)@13-106@/home/alex/dev/Bachelor/baseline/angularbooking/AngularBooking/ClientApp/src/app/core/_services/auth.service.spec.ts","/home/alex/dev/Bachelor/baseline/angularbooking/AngularBooking/ClientApp/src/app/core/_services/auth.service.spec.ts","(anonymous)","(anonymous)",13,106
1,1,18,3,1,"constructor@18-18@/home/alex/dev/Bachelor/baseline/angularbooking/AngularBooking/ClientApp/src/app/core/_services/auth.service.ts","/home/alex/dev/Bachelor/baseline/angularbooking/AngularBooking/ClientApp/src/app/core/_services/auth.service.ts","constructor","constructor ( private http HttpClient , private modalService NgbModal , private router Router )",18,18
20,3,166,1,29,"login@28-56@/home/alex/dev/Bachelor/baseline/angularbooking/AngularBooking/ClientApp/src/app/core/_services/auth.service.ts","/home/alex/dev/Bachelor/baseline/angularbooking/AngularBooking/ClientApp/src/app/core/_services/auth.service.ts","login","login ( user LoginUser )",28,56
20,3,126,0,27,"logout@58-84@/home/alex/dev/Bachelor/baseline/angularbooking/AngularBooking/ClientApp/src/app/core/_services/auth.service.ts","/home/alex/dev/Bachelor/baseline/angularbooking/AngularBooking/ClientApp/src/app/core/_services/auth.service.ts","logout","logout ( )",58,84
17,3,107,1,20,"register@86-105@/home/alex/dev/Bachelor/baseline/angularbooking/AngularBooking/ClientApp/src/app/core/_services/auth.service.ts","/home/alex/dev/Bachelor/baseline/angularbooking/AngularBooking/ClientApp/src/app/core/_services/auth.service.ts","register","register ( user RegisterUser )",86,105
6,1,46,0,8,"updateCsrfToken@107-114@/home/alex/dev/Bachelor/baseline/angularbooking/AngularBooking/ClientApp/src/app/core/_services/auth.service.ts","/home/alex/dev/Bachelor/baseline/angularbooking/AngularBooking/ClientApp/src/app/core/_services/auth.service.ts","updateCsrfToken","updateCsrfToken ( )",107,114
32,7,272,1,50,"refreshAuth@116-165@/home/alex/dev/Bachelor/baseline/angularbooking/AngularBooking/ClientApp/src/app/core/_services/auth.service.ts","/home/alex/dev/Bachelor/baseline/angularbooking/AngularBooking/ClientApp/src/app/core/_services/auth.service.ts","refreshAuth","refreshAuth ( forced )",116,165
10,3,63,0,10,"isAuth@167-176@/home/alex/dev/Bachelor/baseline/angularbooking/AngularBooking/ClientApp/src/app/core/_services/auth.service.ts","/home/alex/dev/Bachelor/baseline/angularbooking/AngularBooking/ClientApp/src/app/core/_services/auth.service.ts","isAuth","isAuth ( )",167,176
20,1,53,0,20,"(anonymous)@13-32@/home/alex/dev/Bachelor/baseline/angularbooking/AngularBooking/ClientApp/src/app/core/_services/refresh-interceptor.service.spec.ts","/home/alex/dev/Bachelor/baseline/angularbooking/AngularBooking/ClientApp/src/app/core/_services/refresh-interceptor.service.spec.ts","(anonymous)","(anonymous)",13,32
3,1,11,0,3,"(anonymous)@34-36@/home/alex/dev/Bachelor/baseline/angularbooking/AngularBooking/ClientApp/src/app/core/_services/refresh-interceptor.service.spec.ts","/home/alex/dev/Bachelor/baseline/angularbooking/AngularBooking/ClientApp/src/app/core/_services/refresh-interceptor.service.spec.ts","(anonymous)","(anonymous)",34,36
4,1,30,0,26,"(anonymous)@12-37@/home/alex/dev/Bachelor/baseline/angularbooking/AngularBooking/ClientApp/src/app/core/_services/refresh-interceptor.service.spec.ts","/home/alex/dev/Bachelor/baseline/angularbooking/AngularBooking/ClientApp/src/app/core/_services/refresh-interceptor.service.spec.ts","(anonymous)","(anonymous)",12,37
1,1,13,2,1,"constructor@17-17@/home/alex/dev/Bachelor/baseline/angularbooking/AngularBooking/ClientApp/src/app/core/_services/refresh-interceptor.service.ts","/home/alex/dev/Bachelor/baseline/angularbooking/AngularBooking/ClientApp/src/app/core/_services/refresh-interceptor.service.ts","constructor","constructor ( private authService AuthService , private spinnerService Ng4LoadingSpinnerService )",17,17
6,2,31,0,7,"(anonymous)@34-40@/home/alex/dev/Bachelor/baseline/angularbooking/AngularBooking/ClientApp/src/app/core/_services/refresh-interceptor.service.ts","/home/alex/dev/Bachelor/baseline/angularbooking/AngularBooking/ClientApp/src/app/core/_services/refresh-interceptor.service.ts","(anonymous)","(anonymous)",34,40
7,3,31,0,7,"(anonymous)@41-47@/home/alex/dev/Bachelor/baseline/angularbooking/AngularBooking/ClientApp/src/app/core/_services/refresh-interceptor.service.ts","/home/alex/dev/Bachelor/baseline/angularbooking/AngularBooking/ClientApp/src/app/core/_services/refresh-interceptor.service.ts","(anonymous)","(anonymous)",41,47
7,1,44,0,22,"(anonymous)@29-50@/home/alex/dev/Bachelor/baseline/angularbooking/AngularBooking/ClientApp/src/app/core/_services/refresh-interceptor.service.ts","/home/alex/dev/Bachelor/baseline/angularbooking/AngularBooking/ClientApp/src/app/core/_services/refresh-interceptor.service.ts","(anonymous)","(anonymous)",29,50
9,2,86,2,35,"intercept@19-53@/home/alex/dev/Bachelor/baseline/angularbooking/AngularBooking/ClientApp/src/app/core/_services/refresh-interceptor.service.ts","/home/alex/dev/Bachelor/baseline/angularbooking/AngularBooking/ClientApp/src/app/core/_services/refresh-interceptor.service.ts","intercept","intercept ( req HttpRequest , next HttpHandler )",19,53
6,1,19,0,6,"(anonymous)@9-14@/home/alex/dev/Bachelor/baseline/angularbooking/AngularBooking/ClientApp/src/app/core/registration/email-confirmed.component.spec.ts","/home/alex/dev/Bachelor/baseline/angularbooking/AngularBooking/ClientApp/src/app/core/registration/email-confirmed.component.spec.ts","(anonymous)","(anonymous)",9,14
5,1,23,0,5,"(anonymous)@16-20@/home/alex/dev/Bachelor/baseline/angularbooking/AngularBooking/ClientApp/src/app/core/registration/email-confirmed.component.spec.ts","/home/alex/dev/Bachelor/baseline/angularbooking/AngularBooking/ClientApp/src/app/core/registration/email-confirmed.component.spec.ts","(anonymous)","(anonymous)",16,20
3,1,11,0,3,"(anonymous)@22-24@/home/alex/dev/Bachelor/baseline/angularbooking/AngularBooking/ClientApp/src/app/core/registration/email-confirmed.component.spec.ts","/home/alex/dev/Bachelor/baseline/angularbooking/AngularBooking/ClientApp/src/app/core/registration/email-confirmed.component.spec.ts","(anonymous)","(anonymous)",22,24
7,1,50,0,21,"describe@5-25@/home/alex/dev/Bachelor/baseline/angularbooking/AngularBooking/ClientApp/src/app/core/registration/email-confirmed.component.spec.ts","/home/alex/dev/Bachelor/baseline/angularbooking/AngularBooking/ClientApp/src/app/core/registration/email-confirmed.component.spec.ts","describe","describe ( , ( )",5,25
1,1,4,0,1,"constructor@10-10@/home/alex/dev/Bachelor/baseline/angularbooking/AngularBooking/ClientApp/src/app/core/registration/email-confirmed.component.ts","/home/alex/dev/Bachelor/baseline/angularbooking/AngularBooking/ClientApp/src/app/core/registration/email-confirmed.component.ts","constructor","constructor ( )",10,10
2,1,4,0,2,"ngOnInit@12-13@/home/alex/dev/Bachelor/baseline/angularbooking/AngularBooking/ClientApp/src/app/core/registration/email-confirmed.component.ts","/home/alex/dev/Bachelor/baseline/angularbooking/AngularBooking/ClientApp/src/app/core/registration/email-confirmed.component.ts","ngOnInit","ngOnInit ( )",12,13
6,1,19,0,6,"(anonymous)@9-14@/home/alex/dev/Bachelor/baseline/angularbooking/AngularBooking/ClientApp/src/app/core/registration/registration-complete.component.spec.ts","/home/alex/dev/Bachelor/baseline/angularbooking/AngularBooking/ClientApp/src/app/core/registration/registration-complete.component.spec.ts","(anonymous)","(anonymous)",9,14
5,1,23,0,5,"(anonymous)@16-20@/home/alex/dev/Bachelor/baseline/angularbooking/AngularBooking/ClientApp/src/app/core/registration/registration-complete.component.spec.ts","/home/alex/dev/Bachelor/baseline/angularbooking/AngularBooking/ClientApp/src/app/core/registration/registration-complete.component.spec.ts","(anonymous)","(anonymous)",16,20
3,1,11,0,3,"(anonymous)@22-24@/home/alex/dev/Bachelor/baseline/angularbooking/AngularBooking/ClientApp/src/app/core/registration/registration-complete.component.spec.ts","/home/alex/dev/Bachelor/baseline/angularbooking/AngularBooking/ClientApp/src/app/core/registration/registration-complete.component.spec.ts","(anonymous)","(anonymous)",22,24
7,1,50,0,21,"describe@5-25@/home/alex/dev/Bachelor/baseline/angularbooking/AngularBooking/ClientApp/src/app/core/registration/registration-complete.component.spec.ts","/home/alex/dev/Bachelor/baseline/angularbooking/AngularBooking/ClientApp/src/app/core/registration/registration-complete.component.spec.ts","describe","describe ( , ( )",5,25
1,1,4,0,1,"constructor@10-10@/home/alex/dev/Bachelor/baseline/angularbooking/AngularBooking/ClientApp/src/app/core/registration/registration-complete.component.ts","/home/alex/dev/Bachelor/baseline/angularbooking/AngularBooking/ClientApp/src/app/core/registration/registration-complete.component.ts","constructor","constructor ( )",10,10
2,1,4,0,2,"ngOnInit@12-13@/home/alex/dev/Bachelor/baseline/angularbooking/AngularBooking/ClientApp/src/app/core/registration/registration-complete.component.ts","/home/alex/dev/Bachelor/baseline/angularbooking/AngularBooking/ClientApp/src/app/core/registration/registration-complete.component.ts","ngOnInit","ngOnInit ( )",12,13
18,1,47,0,18,"(anonymous)@17-34@/home/alex/dev/Bachelor/baseline/angularbooking/AngularBooking/ClientApp/src/app/core/registration/registration.component.spec.ts","/home/alex/dev/Bachelor/baseline/angularbooking/AngularBooking/ClientApp/src/app/core/registration/registration.component.spec.ts","(anonymous)","(anonymous)",17,34
5,1,23,0,5,"(anonymous)@36-40@/home/alex/dev/Bachelor/baseline/angularbooking/AngularBooking/ClientApp/src/app/core/registration/registration.component.spec.ts","/home/alex/dev/Bachelor/baseline/angularbooking/AngularBooking/ClientApp/src/app/core/registration/registration.component.spec.ts","(anonymous)","(anonymous)",36,40
3,1,11,0,3,"(anonymous)@42-44@/home/alex/dev/Bachelor/baseline/angularbooking/AngularBooking/ClientApp/src/app/core/registration/registration.component.spec.ts","/home/alex/dev/Bachelor/baseline/angularbooking/AngularBooking/ClientApp/src/app/core/registration/registration.component.spec.ts","(anonymous)","(anonymous)",42,44
7,1,50,0,33,"describe@13-45@/home/alex/dev/Bachelor/baseline/angularbooking/AngularBooking/ClientApp/src/app/core/registration/registration.component.spec.ts","/home/alex/dev/Bachelor/baseline/angularbooking/AngularBooking/ClientApp/src/app/core/registration/registration.component.spec.ts","describe","describe ( , ( )",13,45
1,1,18,3,1,"constructor@16-16@/home/alex/dev/Bachelor/baseline/angularbooking/AngularBooking/ClientApp/src/app/core/registration/registration.component.ts","/home/alex/dev/Bachelor/baseline/angularbooking/AngularBooking/ClientApp/src/app/core/registration/registration.component.ts","constructor","constructor ( private router Router , private authService AuthService , private messageService MessageService )",16,16
20,4,177,0,25,"register@20-44@/home/alex/dev/Bachelor/baseline/angularbooking/AngularBooking/ClientApp/src/app/core/registration/registration.component.ts","/home/alex/dev/Bachelor/baseline/angularbooking/AngularBooking/ClientApp/src/app/core/registration/registration.component.ts","register","register ( )",20,44
4,1,16,0,4,"cancel@46-49@/home/alex/dev/Bachelor/baseline/angularbooking/AngularBooking/ClientApp/src/app/core/registration/registration.component.ts","/home/alex/dev/Bachelor/baseline/angularbooking/AngularBooking/ClientApp/src/app/core/registration/registration.component.ts","cancel","cancel ( )",46,49
8,2,39,0,8,"(anonymous)@71-78@/home/alex/dev/Bachelor/baseline/angularbooking/AngularBooking/ClientApp/src/app/core/registration/registration.component.ts","/home/alex/dev/Bachelor/baseline/angularbooking/AngularBooking/ClientApp/src/app/core/registration/registration.component.ts","(anonymous)","(anonymous)",71,78
22,1,110,0,29,"ngOnInit@51-79@/home/alex/dev/Bachelor/baseline/angularbooking/AngularBooking/ClientApp/src/app/core/registration/registration.component.ts","/home/alex/dev/Bachelor/baseline/angularbooking/AngularBooking/ClientApp/src/app/core/registration/registration.component.ts","ngOnInit","ngOnInit ( )",51,79
3,1,9,0,3,"(anonymous)@6-8@/home/alex/dev/Bachelor/baseline/angularbooking/AngularBooking/ClientApp/src/app/core/core-routing.module.spec.ts","/home/alex/dev/Bachelor/baseline/angularbooking/AngularBooking/ClientApp/src/app/core/core-routing.module.spec.ts","(anonymous)","(anonymous)",6,8
3,1,11,0,3,"(anonymous)@10-12@/home/alex/dev/Bachelor/baseline/angularbooking/AngularBooking/ClientApp/src/app/core/core-routing.module.spec.ts","/home/alex/dev/Bachelor/baseline/angularbooking/AngularBooking/ClientApp/src/app/core/core-routing.module.spec.ts","(anonymous)","(anonymous)",10,12
5,1,25,0,11,"(anonymous)@3-13@/home/alex/dev/Bachelor/baseline/angularbooking/AngularBooking/ClientApp/src/app/core/core-routing.module.spec.ts","/home/alex/dev/Bachelor/baseline/angularbooking/AngularBooking/ClientApp/src/app/core/core-routing.module.spec.ts","(anonymous)","(anonymous)",3,13
3,1,9,0,3,"(anonymous)@6-8@/home/alex/dev/Bachelor/baseline/angularbooking/AngularBooking/ClientApp/src/app/core/core.module.spec.ts","/home/alex/dev/Bachelor/baseline/angularbooking/AngularBooking/ClientApp/src/app/core/core.module.spec.ts","(anonymous)","(anonymous)",6,8
3,1,11,0,3,"(anonymous)@10-12@/home/alex/dev/Bachelor/baseline/angularbooking/AngularBooking/ClientApp/src/app/core/core.module.spec.ts","/home/alex/dev/Bachelor/baseline/angularbooking/AngularBooking/ClientApp/src/app/core/core.module.spec.ts","(anonymous)","(anonymous)",10,12
5,1,25,0,11,"(anonymous)@3-13@/home/alex/dev/Bachelor/baseline/angularbooking/AngularBooking/ClientApp/src/app/core/core.module.spec.ts","/home/alex/dev/Bachelor/baseline/angularbooking/AngularBooking/ClientApp/src/app/core/core.module.spec.ts","(anonymous)","(anonymous)",3,13
21,1,49,0,21,"(anonymous)@20-40@/home/alex/dev/Bachelor/baseline/angularbooking/AngularBooking/ClientApp/src/app/shared/login/login-status.component.spec.ts","/home/alex/dev/Bachelor/baseline/angularbooking/AngularBooking/ClientApp/src/app/shared/login/login-status.component.spec.ts","(anonymous)","(anonymous)",20,40
5,1,23,0,5,"(anonymous)@42-46@/home/alex/dev/Bachelor/baseline/angularbooking/AngularBooking/ClientApp/src/app/shared/login/login-status.component.spec.ts","/home/alex/dev/Bachelor/baseline/angularbooking/AngularBooking/ClientApp/src/app/shared/login/login-status.component.spec.ts","(anonymous)","(anonymous)",42,46
3,1,11,0,3,"(anonymous)@48-50@/home/alex/dev/Bachelor/baseline/angularbooking/AngularBooking/ClientApp/src/app/shared/login/login-status.component.spec.ts","/home/alex/dev/Bachelor/baseline/angularbooking/AngularBooking/ClientApp/src/app/shared/login/login-status.component.spec.ts","(anonymous)","(anonymous)",48,50
7,1,50,0,37,"describe@16-52@/home/alex/dev/Bachelor/baseline/angularbooking/AngularBooking/ClientApp/src/app/shared/login/login-status.component.spec.ts","/home/alex/dev/Bachelor/baseline/angularbooking/AngularBooking/ClientApp/src/app/shared/login/login-status.component.spec.ts","describe","describe ( , ( )",16,52
1,1,23,4,1,"constructor@19-19@/home/alex/dev/Bachelor/baseline/angularbooking/AngularBooking/ClientApp/src/app/shared/login/login-status.component.ts","/home/alex/dev/Bachelor/baseline/angularbooking/AngularBooking/ClientApp/src/app/shared/login/login-status.component.ts","constructor","constructor ( private authService AuthService , private modalService NgbModal , private router Router , private messageService MessageService )",19,19
13,3,138,2,17,"componentInstance.loginCallback@32-48@/home/alex/dev/Bachelor/baseline/angularbooking/AngularBooking/ClientApp/src/app/shared/login/login-status.component.ts","/home/alex/dev/Bachelor/baseline/angularbooking/AngularBooking/ClientApp/src/app/shared/login/login-status.component.ts","componentInstance.loginCallback","componentInstance.loginCallback ( email , password )",32,48
3,1,7,0,3,"(anonymous)@52-54@/home/alex/dev/Bachelor/baseline/angularbooking/AngularBooking/ClientApp/src/app/shared/login/login-status.component.ts","/home/alex/dev/Bachelor/baseline/angularbooking/AngularBooking/ClientApp/src/app/shared/login/login-status.component.ts","(anonymous)","(anonymous)",52,54
4,1,15,0,4,"modalObj._removeModalElements@57-60@/home/alex/dev/Bachelor/baseline/angularbooking/AngularBooking/ClientApp/src/app/shared/login/login-status.component.ts","/home/alex/dev/Bachelor/baseline/angularbooking/AngularBooking/ClientApp/src/app/shared/login/login-status.component.ts","modalObj._removeModalElements","modalObj._removeModalElements",57,60
13,1,84,0,37,"login@27-63@/home/alex/dev/Bachelor/baseline/angularbooking/AngularBooking/ClientApp/src/app/shared/login/login-status.component.ts","/home/alex/dev/Bachelor/baseline/angularbooking/AngularBooking/ClientApp/src/app/shared/login/login-status.component.ts","login","login ( )",27,63
3,1,7,0,3,"(anonymous)@78-80@/home/alex/dev/Bachelor/baseline/angularbooking/AngularBooking/ClientApp/src/app/shared/login/login-status.component.ts","/home/alex/dev/Bachelor/baseline/angularbooking/AngularBooking/ClientApp/src/app/shared/login/login-status.component.ts","(anonymous)","(anonymous)",78,80
4,1,15,0,4,"modalObj._removeModalElements@83-86@/home/alex/dev/Bachelor/baseline/angularbooking/AngularBooking/ClientApp/src/app/shared/login/login-status.component.ts","/home/alex/dev/Bachelor/baseline/angularbooking/AngularBooking/ClientApp/src/app/shared/login/login-status.component.ts","modalObj._removeModalElements","modalObj._removeModalElements",83,86
15,2,94,0,25,"profile@65-89@/home/alex/dev/Bachelor/baseline/angularbooking/AngularBooking/ClientApp/src/app/shared/login/login-status.component.ts","/home/alex/dev/Bachelor/baseline/angularbooking/AngularBooking/ClientApp/src/app/shared/login/login-status.component.ts","profile","profile ( )",65,89
3,1,27,0,3,"(anonymous)@92-94@/home/alex/dev/Bachelor/baseline/angularbooking/AngularBooking/ClientApp/src/app/shared/login/login-status.component.ts","/home/alex/dev/Bachelor/baseline/angularbooking/AngularBooking/ClientApp/src/app/shared/login/login-status.component.ts","(anonymous)","(anonymous)",92,94
3,1,31,0,3,"(anonymous)@94-96@/home/alex/dev/Bachelor/baseline/angularbooking/AngularBooking/ClientApp/src/app/shared/login/login-status.component.ts","/home/alex/dev/Bachelor/baseline/angularbooking/AngularBooking/ClientApp/src/app/shared/login/login-status.component.ts","(anonymous)","(anonymous)",94,96
3,2,26,0,8,"logout@91-98@/home/alex/dev/Bachelor/baseline/angularbooking/AngularBooking/ClientApp/src/app/shared/login/login-status.component.ts","/home/alex/dev/Bachelor/baseline/angularbooking/AngularBooking/ClientApp/src/app/shared/login/login-status.component.ts","logout","logout ( )",91,98
4,1,16,0,4,"register@100-103@/home/alex/dev/Bachelor/baseline/angularbooking/AngularBooking/ClientApp/src/app/shared/login/login-status.component.ts","/home/alex/dev/Bachelor/baseline/angularbooking/AngularBooking/ClientApp/src/app/shared/login/login-status.component.ts","register","register ( )",100,103
4,1,16,0,4,"routeToAdmin@105-108@/home/alex/dev/Bachelor/baseline/angularbooking/AngularBooking/ClientApp/src/app/shared/login/login-status.component.ts","/home/alex/dev/Bachelor/baseline/angularbooking/AngularBooking/ClientApp/src/app/shared/login/login-status.component.ts","routeToAdmin","routeToAdmin ( )",105,108
3,1,8,0,3,"(anonymous)@111-113@/home/alex/dev/Bachelor/baseline/angularbooking/AngularBooking/ClientApp/src/app/shared/login/login-status.component.ts","/home/alex/dev/Bachelor/baseline/angularbooking/AngularBooking/ClientApp/src/app/shared/login/login-status.component.ts","(anonymous)","(anonymous)",111,113
3,1,8,0,3,"(anonymous)@114-116@/home/alex/dev/Bachelor/baseline/angularbooking/AngularBooking/ClientApp/src/app/shared/login/login-status.component.ts","/home/alex/dev/Bachelor/baseline/angularbooking/AngularBooking/ClientApp/src/app/shared/login/login-status.component.ts","(anonymous)","(anonymous)",114,116
3,1,8,0,3,"(anonymous)@117-119@/home/alex/dev/Bachelor/baseline/angularbooking/AngularBooking/ClientApp/src/app/shared/login/login-status.component.ts","/home/alex/dev/Bachelor/baseline/angularbooking/AngularBooking/ClientApp/src/app/shared/login/login-status.component.ts","(anonymous)","(anonymous)",117,119
5,1,43,0,11,"ngOnInit@110-120@/home/alex/dev/Bachelor/baseline/angularbooking/AngularBooking/ClientApp/src/app/shared/login/login-status.component.ts","/home/alex/dev/Bachelor/baseline/angularbooking/AngularBooking/ClientApp/src/app/shared/login/login-status.component.ts","ngOnInit","ngOnInit ( )",110,120
16,1,39,0,16,"(anonymous)@15-30@/home/alex/dev/Bachelor/baseline/angularbooking/AngularBooking/ClientApp/src/app/shared/login/login.component.spec.ts","/home/alex/dev/Bachelor/baseline/angularbooking/AngularBooking/ClientApp/src/app/shared/login/login.component.spec.ts","(anonymous)","(anonymous)",15,30
5,1,23,0,5,"(anonymous)@32-36@/home/alex/dev/Bachelor/baseline/angularbooking/AngularBooking/ClientApp/src/app/shared/login/login.component.spec.ts","/home/alex/dev/Bachelor/baseline/angularbooking/AngularBooking/ClientApp/src/app/shared/login/login.component.spec.ts","(anonymous)","(anonymous)",32,36
3,1,11,0,3,"(anonymous)@38-40@/home/alex/dev/Bachelor/baseline/angularbooking/AngularBooking/ClientApp/src/app/shared/login/login.component.spec.ts","/home/alex/dev/Bachelor/baseline/angularbooking/AngularBooking/ClientApp/src/app/shared/login/login.component.spec.ts","(anonymous)","(anonymous)",38,40
7,1,50,0,31,"describe@11-41@/home/alex/dev/Bachelor/baseline/angularbooking/AngularBooking/ClientApp/src/app/shared/login/login.component.spec.ts","/home/alex/dev/Bachelor/baseline/angularbooking/AngularBooking/ClientApp/src/app/shared/login/login.component.spec.ts","describe","describe ( , ( )",11,41
3,1,8,1,3,"constructor@14-16@/home/alex/dev/Bachelor/baseline/angularbooking/AngularBooking/ClientApp/src/app/shared/login/login.component.ts","/home/alex/dev/Bachelor/baseline/angularbooking/AngularBooking/ClientApp/src/app/shared/login/login.component.ts","constructor","constructor ( private activeModal NgbActiveModal )",14,16
10,1,42,0,10,"ngOnInit@22-31@/home/alex/dev/Bachelor/baseline/angularbooking/AngularBooking/ClientApp/src/app/shared/login/login.component.ts","/home/alex/dev/Bachelor/baseline/angularbooking/AngularBooking/ClientApp/src/app/shared/login/login.component.ts","ngOnInit","ngOnInit ( )",22,31
1,1,11,2,1,"loginCallback@34-34@/home/alex/dev/Bachelor/baseline/angularbooking/AngularBooking/ClientApp/src/app/shared/login/login.component.ts","/home/alex/dev/Bachelor/baseline/angularbooking/AngularBooking/ClientApp/src/app/shared/login/login.component.ts","loginCallback","loginCallback ( email , password )",34,34
5,2,56,0,9,"login@36-44@/home/alex/dev/Bachelor/baseline/angularbooking/AngularBooking/ClientApp/src/app/shared/login/login.component.ts","/home/alex/dev/Bachelor/baseline/angularbooking/AngularBooking/ClientApp/src/app/shared/login/login.component.ts","login","login ( )",36,44
16,1,43,0,16,"(anonymous)@13-28@/home/alex/dev/Bachelor/baseline/angularbooking/AngularBooking/ClientApp/src/app/shared/profile/profile.component.spec.ts","/home/alex/dev/Bachelor/baseline/angularbooking/AngularBooking/ClientApp/src/app/shared/profile/profile.component.spec.ts","(anonymous)","(anonymous)",13,28
5,1,23,0,5,"(anonymous)@30-34@/home/alex/dev/Bachelor/baseline/angularbooking/AngularBooking/ClientApp/src/app/shared/profile/profile.component.spec.ts","/home/alex/dev/Bachelor/baseline/angularbooking/AngularBooking/ClientApp/src/app/shared/profile/profile.component.spec.ts","(anonymous)","(anonymous)",30,34
3,1,11,0,3,"(anonymous)@36-38@/home/alex/dev/Bachelor/baseline/angularbooking/AngularBooking/ClientApp/src/app/shared/profile/profile.component.spec.ts","/home/alex/dev/Bachelor/baseline/angularbooking/AngularBooking/ClientApp/src/app/shared/profile/profile.component.spec.ts","(anonymous)","(anonymous)",36,38
7,1,50,0,31,"describe@9-39@/home/alex/dev/Bachelor/baseline/angularbooking/AngularBooking/ClientApp/src/app/shared/profile/profile.component.spec.ts","/home/alex/dev/Bachelor/baseline/angularbooking/AngularBooking/ClientApp/src/app/shared/profile/profile.component.spec.ts","describe","describe ( , ( )",9,39
1,1,14,0,1,"get id@20-20@/home/alex/dev/Bachelor/baseline/angularbooking/AngularBooking/ClientApp/src/app/shared/profile/profile.component.ts","/home/alex/dev/Bachelor/baseline/angularbooking/AngularBooking/ClientApp/src/app/shared/profile/profile.component.ts","get id","get id ( )",20,20
1,1,14,0,1,"get firstName@21-21@/home/alex/dev/Bachelor/baseline/angularbooking/AngularBooking/ClientApp/src/app/shared/profile/profile.component.ts","/home/alex/dev/Bachelor/baseline/angularbooking/AngularBooking/ClientApp/src/app/shared/profile/profile.component.ts","get firstName","get firstName ( )",21,21
1,1,14,0,1,"get lastName@22-22@/home/alex/dev/Bachelor/baseline/angularbooking/AngularBooking/ClientApp/src/app/shared/profile/profile.component.ts","/home/alex/dev/Bachelor/baseline/angularbooking/AngularBooking/ClientApp/src/app/shared/profile/profile.component.ts","get lastName","get lastName ( )",22,22
1,1,14,0,1,"get address1@23-23@/home/alex/dev/Bachelor/baseline/angularbooking/AngularBooking/ClientApp/src/app/shared/profile/profile.component.ts","/home/alex/dev/Bachelor/baseline/angularbooking/AngularBooking/ClientApp/src/app/shared/profile/profile.component.ts","get address1","get address1 ( )",23,23
1,1,14,0,1,"get address2@24-24@/home/alex/dev/Bachelor/baseline/angularbooking/AngularBooking/ClientApp/src/app/shared/profile/profile.component.ts","/home/alex/dev/Bachelor/baseline/angularbooking/AngularBooking/ClientApp/src/app/shared/profile/profile.component.ts","get address2","get address2 ( )",24,24
1,1,14,0,1,"get address3@25-25@/home/alex/dev/Bachelor/baseline/angularbooking/AngularBooking/ClientApp/src/app/shared/profile/profile.component.ts","/home/alex/dev/Bachelor/baseline/angularbooking/AngularBooking/ClientApp/src/app/shared/profile/profile.component.ts","get address3","get address3 ( )",25,25
1,1,14,0,1,"get address4@26-26@/home/alex/dev/Bachelor/baseline/angularbooking/AngularBooking/ClientApp/src/app/shared/profile/profile.component.ts","/home/alex/dev/Bachelor/baseline/angularbooking/AngularBooking/ClientApp/src/app/shared/profile/profile.component.ts","get address4","get address4 ( )",26,26
1,1,14,0,1,"get address5@27-27@/home/alex/dev/Bachelor/baseline/angularbooking/AngularBooking/ClientApp/src/app/shared/profile/profile.component.ts","/home/alex/dev/Bachelor/baseline/angularbooking/AngularBooking/ClientApp/src/app/shared/profile/profile.component.ts","get address5","get address5 ( )",27,27
1,1,14,0,1,"get contactPhone@28-28@/home/alex/dev/Bachelor/baseline/angularbooking/AngularBooking/ClientApp/src/app/shared/profile/profile.component.ts","/home/alex/dev/Bachelor/baseline/angularbooking/AngularBooking/ClientApp/src/app/shared/profile/profile.component.ts","get contactPhone","get contactPhone ( )",28,28
1,1,14,0,1,"get contactEmail@29-29@/home/alex/dev/Bachelor/baseline/angularbooking/AngularBooking/ClientApp/src/app/shared/profile/profile.component.ts","/home/alex/dev/Bachelor/baseline/angularbooking/AngularBooking/ClientApp/src/app/shared/profile/profile.component.ts","get contactEmail","get contactEmail ( )",29,29
4,1,30,3,4,"constructor@41-44@/home/alex/dev/Bachelor/baseline/angularbooking/AngularBooking/ClientApp/src/app/shared/profile/profile.component.ts","/home/alex/dev/Bachelor/baseline/angularbooking/AngularBooking/ClientApp/src/app/shared/profile/profile.component.ts","constructor","constructor ( private siteService SiteService , private activeModal NgbActiveModal , private paginatorConfig NgbPaginationConfig )",41,44
14,1,71,0,14,"(anonymous)@65-78@/home/alex/dev/Bachelor/baseline/angularbooking/AngularBooking/ClientApp/src/app/shared/profile/profile.component.ts","/home/alex/dev/Bachelor/baseline/angularbooking/AngularBooking/ClientApp/src/app/shared/profile/profile.component.ts","(anonymous)","(anonymous)",65,78
4,1,17,0,4,"(anonymous)@84-87@/home/alex/dev/Bachelor/baseline/angularbooking/AngularBooking/ClientApp/src/app/shared/profile/profile.component.ts","/home/alex/dev/Bachelor/baseline/angularbooking/AngularBooking/ClientApp/src/app/shared/profile/profile.component.ts","(anonymous)","(anonymous)",84,87
4,1,24,0,8,"(anonymous)@81-88@/home/alex/dev/Bachelor/baseline/angularbooking/AngularBooking/ClientApp/src/app/shared/profile/profile.component.ts","/home/alex/dev/Bachelor/baseline/angularbooking/AngularBooking/ClientApp/src/app/shared/profile/profile.component.ts","(anonymous)","(anonymous)",81,88
18,1,158,0,45,"ngOnInit@46-90@/home/alex/dev/Bachelor/baseline/angularbooking/AngularBooking/ClientApp/src/app/shared/profile/profile.component.ts","/home/alex/dev/Bachelor/baseline/angularbooking/AngularBooking/ClientApp/src/app/shared/profile/profile.component.ts","ngOnInit","ngOnInit ( )",46,90
4,1,17,0,4,"closeModal@92-95@/home/alex/dev/Bachelor/baseline/angularbooking/AngularBooking/ClientApp/src/app/shared/profile/profile.component.ts","/home/alex/dev/Bachelor/baseline/angularbooking/AngularBooking/ClientApp/src/app/shared/profile/profile.component.ts","closeModal","closeModal ( )",92,95
20,3,145,0,28,"update@98-125@/home/alex/dev/Bachelor/baseline/angularbooking/AngularBooking/ClientApp/src/app/shared/profile/profile.component.ts","/home/alex/dev/Bachelor/baseline/angularbooking/AngularBooking/ClientApp/src/app/shared/profile/profile.component.ts","update","update ( )",98,125
3,2,11,0,3,"(anonymous)@131-133@/home/alex/dev/Bachelor/baseline/angularbooking/AngularBooking/ClientApp/src/app/shared/profile/profile.component.ts","/home/alex/dev/Bachelor/baseline/angularbooking/AngularBooking/ClientApp/src/app/shared/profile/profile.component.ts","(anonymous)","(anonymous)",131,133
5,1,47,1,9,"bookingPageChanged@127-135@/home/alex/dev/Bachelor/baseline/angularbooking/AngularBooking/ClientApp/src/app/shared/profile/profile.component.ts","/home/alex/dev/Bachelor/baseline/angularbooking/AngularBooking/ClientApp/src/app/shared/profile/profile.component.ts","bookingPageChanged","bookingPageChanged ( pageNumber )",127,135
3,1,9,0,3,"(anonymous)@140-142@/home/alex/dev/Bachelor/baseline/angularbooking/AngularBooking/ClientApp/src/app/shared/profile/profile.component.ts","/home/alex/dev/Bachelor/baseline/angularbooking/AngularBooking/ClientApp/src/app/shared/profile/profile.component.ts","(anonymous)","(anonymous)",140,142
12,2,52,0,17,"(anonymous)@139-155@/home/alex/dev/Bachelor/baseline/angularbooking/AngularBooking/ClientApp/src/app/shared/profile/profile.component.ts","/home/alex/dev/Bachelor/baseline/angularbooking/AngularBooking/ClientApp/src/app/shared/profile/profile.component.ts","(anonymous)","(anonymous)",139,155
1,1,4,0,1,"(anonymous)@155-155@/home/alex/dev/Bachelor/baseline/angularbooking/AngularBooking/ClientApp/src/app/shared/profile/profile.component.ts","/home/alex/dev/Bachelor/baseline/angularbooking/AngularBooking/ClientApp/src/app/shared/profile/profile.component.ts","(anonymous)","(anonymous)",155,155
13,2,69,1,32,"getShowingInfo@138-169@/home/alex/dev/Bachelor/baseline/angularbooking/AngularBooking/ClientApp/src/app/shared/profile/profile.component.ts","/home/alex/dev/Bachelor/baseline/angularbooking/AngularBooking/ClientApp/src/app/shared/profile/profile.component.ts","getShowingInfo","getShowingInfo ( showingId )",138,169
4,1,17,0,4,"(anonymous)@175-178@/home/alex/dev/Bachelor/baseline/angularbooking/AngularBooking/ClientApp/src/app/shared/profile/profile.component.ts","/home/alex/dev/Bachelor/baseline/angularbooking/AngularBooking/ClientApp/src/app/shared/profile/profile.component.ts","(anonymous)","(anonymous)",175,178
3,1,18,0,7,"(anonymous)@173-179@/home/alex/dev/Bachelor/baseline/angularbooking/AngularBooking/ClientApp/src/app/shared/profile/profile.component.ts","/home/alex/dev/Bachelor/baseline/angularbooking/AngularBooking/ClientApp/src/app/shared/profile/profile.component.ts","(anonymous)","(anonymous)",173,179
4,1,26,1,11,"cancelBooking@172-182@/home/alex/dev/Bachelor/baseline/angularbooking/AngularBooking/ClientApp/src/app/shared/profile/profile.component.ts","/home/alex/dev/Bachelor/baseline/angularbooking/AngularBooking/ClientApp/src/app/shared/profile/profile.component.ts","cancelBooking","cancelBooking ( id )",172,182
3,1,9,0,3,"(anonymous)@6-8@/home/alex/dev/Bachelor/baseline/angularbooking/AngularBooking/ClientApp/src/app/shared/shared.module.spec.ts","/home/alex/dev/Bachelor/baseline/angularbooking/AngularBooking/ClientApp/src/app/shared/shared.module.spec.ts","(anonymous)","(anonymous)",6,8
3,1,11,0,3,"(anonymous)@10-12@/home/alex/dev/Bachelor/baseline/angularbooking/AngularBooking/ClientApp/src/app/shared/shared.module.spec.ts","/home/alex/dev/Bachelor/baseline/angularbooking/AngularBooking/ClientApp/src/app/shared/shared.module.spec.ts","(anonymous)","(anonymous)",10,12
5,1,25,0,11,"(anonymous)@3-13@/home/alex/dev/Bachelor/baseline/angularbooking/AngularBooking/ClientApp/src/app/shared/shared.module.spec.ts","/home/alex/dev/Bachelor/baseline/angularbooking/AngularBooking/ClientApp/src/app/shared/shared.module.spec.ts","(anonymous)","(anonymous)",3,13
11,1,41,0,14,"(anonymous)@21-34@/home/alex/dev/Bachelor/baseline/angularbooking/AngularBooking/ClientApp/src/app/site/_services/site.service.spec.ts","/home/alex/dev/Bachelor/baseline/angularbooking/AngularBooking/ClientApp/src/app/site/_services/site.service.spec.ts","(anonymous)","(anonymous)",21,34
3,1,11,0,3,"(anonymous)@36-38@/home/alex/dev/Bachelor/baseline/angularbooking/AngularBooking/ClientApp/src/app/site/_services/site.service.spec.ts","/home/alex/dev/Bachelor/baseline/angularbooking/AngularBooking/ClientApp/src/app/site/_services/site.service.spec.ts","(anonymous)","(anonymous)",36,38
4,1,20,0,4,"(anonymous)@41-44@/home/alex/dev/Bachelor/baseline/angularbooking/AngularBooking/ClientApp/src/app/site/_services/site.service.spec.ts","/home/alex/dev/Bachelor/baseline/angularbooking/AngularBooking/ClientApp/src/app/site/_services/site.service.spec.ts","(anonymous)","(anonymous)",41,44
7,1,39,0,12,"(anonymous)@40-51@/home/alex/dev/Bachelor/baseline/angularbooking/AngularBooking/ClientApp/src/app/site/_services/site.service.spec.ts","/home/alex/dev/Bachelor/baseline/angularbooking/AngularBooking/ClientApp/src/app/site/_services/site.service.spec.ts","(anonymous)","(anonymous)",40,51
4,1,20,0,4,"(anonymous)@54-57@/home/alex/dev/Bachelor/baseline/angularbooking/AngularBooking/ClientApp/src/app/site/_services/site.service.spec.ts","/home/alex/dev/Bachelor/baseline/angularbooking/AngularBooking/ClientApp/src/app/site/_services/site.service.spec.ts","(anonymous)","(anonymous)",54,57
7,1,39,0,12,"(anonymous)@53-64@/home/alex/dev/Bachelor/baseline/angularbooking/AngularBooking/ClientApp/src/app/site/_services/site.service.spec.ts","/home/alex/dev/Bachelor/baseline/angularbooking/AngularBooking/ClientApp/src/app/site/_services/site.service.spec.ts","(anonymous)","(anonymous)",53,64
4,1,20,0,4,"(anonymous)@67-70@/home/alex/dev/Bachelor/baseline/angularbooking/AngularBooking/ClientApp/src/app/site/_services/site.service.spec.ts","/home/alex/dev/Bachelor/baseline/angularbooking/AngularBooking/ClientApp/src/app/site/_services/site.service.spec.ts","(anonymous)","(anonymous)",67,70
7,1,39,0,12,"(anonymous)@66-77@/home/alex/dev/Bachelor/baseline/angularbooking/AngularBooking/ClientApp/src/app/site/_services/site.service.spec.ts","/home/alex/dev/Bachelor/baseline/angularbooking/AngularBooking/ClientApp/src/app/site/_services/site.service.spec.ts","(anonymous)","(anonymous)",66,77
4,1,18,0,4,"(anonymous)@81-84@/home/alex/dev/Bachelor/baseline/angularbooking/AngularBooking/ClientApp/src/app/site/_services/site.service.spec.ts","/home/alex/dev/Bachelor/baseline/angularbooking/AngularBooking/ClientApp/src/app/site/_services/site.service.spec.ts","(anonymous)","(anonymous)",81,84
9,1,52,0,14,"(anonymous)@80-93@/home/alex/dev/Bachelor/baseline/angularbooking/AngularBooking/ClientApp/src/app/site/_services/site.service.spec.ts","/home/alex/dev/Bachelor/baseline/angularbooking/AngularBooking/ClientApp/src/app/site/_services/site.service.spec.ts","(anonymous)","(anonymous)",80,93
4,1,18,0,4,"(anonymous)@96-99@/home/alex/dev/Bachelor/baseline/angularbooking/AngularBooking/ClientApp/src/app/site/_services/site.service.spec.ts","/home/alex/dev/Bachelor/baseline/angularbooking/AngularBooking/ClientApp/src/app/site/_services/site.service.spec.ts","(anonymous)","(anonymous)",96,99
9,1,51,0,14,"(anonymous)@95-108@/home/alex/dev/Bachelor/baseline/angularbooking/AngularBooking/ClientApp/src/app/site/_services/site.service.spec.ts","/home/alex/dev/Bachelor/baseline/angularbooking/AngularBooking/ClientApp/src/app/site/_services/site.service.spec.ts","(anonymous)","(anonymous)",95,108
4,1,18,0,4,"(anonymous)@111-114@/home/alex/dev/Bachelor/baseline/angularbooking/AngularBooking/ClientApp/src/app/site/_services/site.service.spec.ts","/home/alex/dev/Bachelor/baseline/angularbooking/AngularBooking/ClientApp/src/app/site/_services/site.service.spec.ts","(anonymous)","(anonymous)",111,114
9,1,51,0,14,"(anonymous)@110-123@/home/alex/dev/Bachelor/baseline/angularbooking/AngularBooking/ClientApp/src/app/site/_services/site.service.spec.ts","/home/alex/dev/Bachelor/baseline/angularbooking/AngularBooking/ClientApp/src/app/site/_services/site.service.spec.ts","(anonymous)","(anonymous)",110,123
7,1,72,0,7,"(anonymous)@126-132@/home/alex/dev/Bachelor/baseline/angularbooking/AngularBooking/ClientApp/src/app/site/_services/site.service.spec.ts","/home/alex/dev/Bachelor/baseline/angularbooking/AngularBooking/ClientApp/src/app/site/_services/site.service.spec.ts","(anonymous)","(anonymous)",126,132
4,1,21,0,4,"(anonymous)@143-146@/home/alex/dev/Bachelor/baseline/angularbooking/AngularBooking/ClientApp/src/app/site/_services/site.service.spec.ts","/home/alex/dev/Bachelor/baseline/angularbooking/AngularBooking/ClientApp/src/app/site/_services/site.service.spec.ts","(anonymous)","(anonymous)",143,146
10,1,162,0,26,"(anonymous)@125-150@/home/alex/dev/Bachelor/baseline/angularbooking/AngularBooking/ClientApp/src/app/site/_services/site.service.spec.ts","/home/alex/dev/Bachelor/baseline/angularbooking/AngularBooking/ClientApp/src/app/site/_services/site.service.spec.ts","(anonymous)","(anonymous)",125,150
7,1,72,0,7,"(anonymous)@153-159@/home/alex/dev/Bachelor/baseline/angularbooking/AngularBooking/ClientApp/src/app/site/_services/site.service.spec.ts","/home/alex/dev/Bachelor/baseline/angularbooking/AngularBooking/ClientApp/src/app/site/_services/site.service.spec.ts","(anonymous)","(anonymous)",153,159
4,1,21,0,4,"(anonymous)@170-173@/home/alex/dev/Bachelor/baseline/angularbooking/AngularBooking/ClientApp/src/app/site/_services/site.service.spec.ts","/home/alex/dev/Bachelor/baseline/angularbooking/AngularBooking/ClientApp/src/app/site/_services/site.service.spec.ts","(anonymous)","(anonymous)",170,173
10,1,142,0,25,"(anonymous)@152-176@/home/alex/dev/Bachelor/baseline/angularbooking/AngularBooking/ClientApp/src/app/site/_services/site.service.spec.ts","/home/alex/dev/Bachelor/baseline/angularbooking/AngularBooking/ClientApp/src/app/site/_services/site.service.spec.ts","(anonymous)","(anonymous)",152,176
4,1,18,0,4,"(anonymous)@180-183@/home/alex/dev/Bachelor/baseline/angularbooking/AngularBooking/ClientApp/src/app/site/_services/site.service.spec.ts","/home/alex/dev/Bachelor/baseline/angularbooking/AngularBooking/ClientApp/src/app/site/_services/site.service.spec.ts","(anonymous)","(anonymous)",180,183
9,1,77,0,16,"(anonymous)@178-193@/home/alex/dev/Bachelor/baseline/angularbooking/AngularBooking/ClientApp/src/app/site/_services/site.service.spec.ts","/home/alex/dev/Bachelor/baseline/angularbooking/AngularBooking/ClientApp/src/app/site/_services/site.service.spec.ts","(anonymous)","(anonymous)",178,193
15,1,144,0,180,"describe@16-195@/home/alex/dev/Bachelor/baseline/angularbooking/AngularBooking/ClientApp/src/app/site/_services/site.service.spec.ts","/home/alex/dev/Bachelor/baseline/angularbooking/AngularBooking/ClientApp/src/app/site/_services/site.service.spec.ts","describe","describe ( , ( )",16,195
1,1,8,1,1,"constructor@19-19@/home/alex/dev/Bachelor/baseline/angularbooking/AngularBooking/ClientApp/src/app/site/_services/site.service.ts","/home/alex/dev/Bachelor/baseline/angularbooking/AngularBooking/ClientApp/src/app/site/_services/site.service.ts","constructor","constructor ( private http HttpClient )",19,19
9,2,68,1,11,"getEvent@21-31@/home/alex/dev/Bachelor/baseline/angularbooking/AngularBooking/ClientApp/src/app/site/_services/site.service.ts","/home/alex/dev/Bachelor/baseline/angularbooking/AngularBooking/ClientApp/src/app/site/_services/site.service.ts","getEvent","getEvent ( id )",21,31
9,2,68,1,11,"getVenue@33-43@/home/alex/dev/Bachelor/baseline/angularbooking/AngularBooking/ClientApp/src/app/site/_services/site.service.ts","/home/alex/dev/Bachelor/baseline/angularbooking/AngularBooking/ClientApp/src/app/site/_services/site.service.ts","getVenue","getVenue ( id )",33,43
9,2,68,1,11,"getRoom@45-55@/home/alex/dev/Bachelor/baseline/angularbooking/AngularBooking/ClientApp/src/app/site/_services/site.service.ts","/home/alex/dev/Bachelor/baseline/angularbooking/AngularBooking/ClientApp/src/app/site/_services/site.service.ts","getRoom","getRoom ( id )",45,55
9,3,81,1,11,"getEvents@57-67@/home/alex/dev/Bachelor/baseline/angularbooking/AngularBooking/ClientApp/src/app/site/_services/site.service.ts","/home/alex/dev/Bachelor/baseline/angularbooking/AngularBooking/ClientApp/src/app/site/_services/site.service.ts","getEvents","getEvents ( query )",57,67
9,3,81,1,11,"getVenues@69-79@/home/alex/dev/Bachelor/baseline/angularbooking/AngularBooking/ClientApp/src/app/site/_services/site.service.ts","/home/alex/dev/Bachelor/baseline/angularbooking/AngularBooking/ClientApp/src/app/site/_services/site.service.ts","getVenues","getVenues ( query )",69,79
9,3,81,1,11,"getRooms@81-91@/home/alex/dev/Bachelor/baseline/angularbooking/AngularBooking/ClientApp/src/app/site/_services/site.service.ts","/home/alex/dev/Bachelor/baseline/angularbooking/AngularBooking/ClientApp/src/app/site/_services/site.service.ts","getRooms","getRooms ( query )",81,91
9,2,70,0,11,"getFeatures@93-103@/home/alex/dev/Bachelor/baseline/angularbooking/AngularBooking/ClientApp/src/app/site/_services/site.service.ts","/home/alex/dev/Bachelor/baseline/angularbooking/AngularBooking/ClientApp/src/app/site/_services/site.service.ts","getFeatures","getFeatures ( )",93,103
3,1,11,0,3,"(anonymous)@222-224@/home/alex/dev/Bachelor/baseline/angularbooking/AngularBooking/ClientApp/src/app/site/_services/site.service.ts","/home/alex/dev/Bachelor/baseline/angularbooking/AngularBooking/ClientApp/src/app/site/_services/site.service.ts","(anonymous)","(anonymous)",222,224
113,20,849,5,160,"getShowingListing@106-265@/home/alex/dev/Bachelor/baseline/angularbooking/AngularBooking/ClientApp/src/app/site/_services/site.service.ts","/home/alex/dev/Bachelor/baseline/angularbooking/AngularBooking/ClientApp/src/app/site/_services/site.service.ts","getShowingListing","getShowingListing ( filterBy , filterId , startDate , endDate , fullDate )",106,265
12,3,72,0,17,"getProfile@269-285@/home/alex/dev/Bachelor/baseline/angularbooking/AngularBooking/ClientApp/src/app/site/_services/site.service.ts","/home/alex/dev/Bachelor/baseline/angularbooking/AngularBooking/ClientApp/src/app/site/_services/site.service.ts","getProfile","getProfile ( )",269,285
6,1,51,1,7,"updateProfile@287-293@/home/alex/dev/Bachelor/baseline/angularbooking/AngularBooking/ClientApp/src/app/site/_services/site.service.ts","/home/alex/dev/Bachelor/baseline/angularbooking/AngularBooking/ClientApp/src/app/site/_services/site.service.ts","updateProfile","updateProfile ( profile Customer )",287,293
3,1,31,0,3,"(anonymous)@305-307@/home/alex/dev/Bachelor/baseline/angularbooking/AngularBooking/ClientApp/src/app/site/_services/site.service.ts","/home/alex/dev/Bachelor/baseline/angularbooking/AngularBooking/ClientApp/src/app/site/_services/site.service.ts","(anonymous)","(anonymous)",305,307
13,3,98,1,20,"getBookings@297-316@/home/alex/dev/Bachelor/baseline/angularbooking/AngularBooking/ClientApp/src/app/site/_services/site.service.ts","/home/alex/dev/Bachelor/baseline/angularbooking/AngularBooking/ClientApp/src/app/site/_services/site.service.ts","getBookings","getBookings ( includeItems )",297,316
11,3,74,1,14,"cancelBooking@318-331@/home/alex/dev/Bachelor/baseline/angularbooking/AngularBooking/ClientApp/src/app/site/_services/site.service.ts","/home/alex/dev/Bachelor/baseline/angularbooking/AngularBooking/ClientApp/src/app/site/_services/site.service.ts","cancelBooking","cancelBooking ( id )",318,331
11,3,83,1,14,"getShowingAllocations@333-346@/home/alex/dev/Bachelor/baseline/angularbooking/AngularBooking/ClientApp/src/app/site/_services/site.service.ts","/home/alex/dev/Bachelor/baseline/angularbooking/AngularBooking/ClientApp/src/app/site/_services/site.service.ts","getShowingAllocations","getShowingAllocations ( showingId )",333,346
1,1,8,0,1,"(anonymous)@375-375@/home/alex/dev/Bachelor/baseline/angularbooking/AngularBooking/ClientApp/src/app/site/_services/site.service.ts","/home/alex/dev/Bachelor/baseline/angularbooking/AngularBooking/ClientApp/src/app/site/_services/site.service.ts","(anonymous)","(anonymous)",375,375
41,7,303,0,61,"getShowingOptions@348-408@/home/alex/dev/Bachelor/baseline/angularbooking/AngularBooking/ClientApp/src/app/site/_services/site.service.ts","/home/alex/dev/Bachelor/baseline/angularbooking/AngularBooking/ClientApp/src/app/site/_services/site.service.ts","getShowingOptions","getShowingOptions ( )",348,408
6,1,19,0,6,"(anonymous)@9-14@/home/alex/dev/Bachelor/baseline/angularbooking/AngularBooking/ClientApp/src/app/site/event-detail/event-detail.component.spec.ts","/home/alex/dev/Bachelor/baseline/angularbooking/AngularBooking/ClientApp/src/app/site/event-detail/event-detail.component.spec.ts","(anonymous)","(anonymous)",9,14
5,1,23,0,5,"(anonymous)@16-20@/home/alex/dev/Bachelor/baseline/angularbooking/AngularBooking/ClientApp/src/app/site/event-detail/event-detail.component.spec.ts","/home/alex/dev/Bachelor/baseline/angularbooking/AngularBooking/ClientApp/src/app/site/event-detail/event-detail.component.spec.ts","(anonymous)","(anonymous)",16,20
3,1,11,0,3,"(anonymous)@22-24@/home/alex/dev/Bachelor/baseline/angularbooking/AngularBooking/ClientApp/src/app/site/event-detail/event-detail.component.spec.ts","/home/alex/dev/Bachelor/baseline/angularbooking/AngularBooking/ClientApp/src/app/site/event-detail/event-detail.component.spec.ts","(anonymous)","(anonymous)",22,24
7,1,50,0,21,"describe@5-25@/home/alex/dev/Bachelor/baseline/angularbooking/AngularBooking/ClientApp/src/app/site/event-detail/event-detail.component.spec.ts","/home/alex/dev/Bachelor/baseline/angularbooking/AngularBooking/ClientApp/src/app/site/event-detail/event-detail.component.spec.ts","describe","describe ( , ( )",5,25
1,1,4,0,1,"constructor@10-10@/home/alex/dev/Bachelor/baseline/angularbooking/AngularBooking/ClientApp/src/app/site/event-detail/event-detail.component.ts","/home/alex/dev/Bachelor/baseline/angularbooking/AngularBooking/ClientApp/src/app/site/event-detail/event-detail.component.ts","constructor","constructor ( )",10,10
2,1,4,0,2,"ngOnInit@12-13@/home/alex/dev/Bachelor/baseline/angularbooking/AngularBooking/ClientApp/src/app/site/event-detail/event-detail.component.ts","/home/alex/dev/Bachelor/baseline/angularbooking/AngularBooking/ClientApp/src/app/site/event-detail/event-detail.component.ts","ngOnInit","ngOnInit ( )",12,13
8,1,33,0,8,"(anonymous)@11-18@/home/alex/dev/Bachelor/baseline/angularbooking/AngularBooking/ClientApp/src/app/site/feature/feature.component.spec.ts","/home/alex/dev/Bachelor/baseline/angularbooking/AngularBooking/ClientApp/src/app/site/feature/feature.component.spec.ts","(anonymous)","(anonymous)",11,18
5,1,23,0,5,"(anonymous)@20-24@/home/alex/dev/Bachelor/baseline/angularbooking/AngularBooking/ClientApp/src/app/site/feature/feature.component.spec.ts","/home/alex/dev/Bachelor/baseline/angularbooking/AngularBooking/ClientApp/src/app/site/feature/feature.component.spec.ts","(anonymous)","(anonymous)",20,24
3,1,11,0,3,"(anonymous)@26-28@/home/alex/dev/Bachelor/baseline/angularbooking/AngularBooking/ClientApp/src/app/site/feature/feature.component.spec.ts","/home/alex/dev/Bachelor/baseline/angularbooking/AngularBooking/ClientApp/src/app/site/feature/feature.component.spec.ts","(anonymous)","(anonymous)",26,28
7,1,50,0,23,"describe@7-29@/home/alex/dev/Bachelor/baseline/angularbooking/AngularBooking/ClientApp/src/app/site/feature/feature.component.spec.ts","/home/alex/dev/Bachelor/baseline/angularbooking/AngularBooking/ClientApp/src/app/site/feature/feature.component.spec.ts","describe","describe ( , ( )",7,29
1,1,8,1,1,"constructor@14-14@/home/alex/dev/Bachelor/baseline/angularbooking/AngularBooking/ClientApp/src/app/site/feature/feature.component.ts","/home/alex/dev/Bachelor/baseline/angularbooking/AngularBooking/ClientApp/src/app/site/feature/feature.component.ts","constructor","constructor ( private siteService SiteService )",14,14
1,1,8,0,1,"(anonymous)@22-22@/home/alex/dev/Bachelor/baseline/angularbooking/AngularBooking/ClientApp/src/app/site/feature/feature.component.ts","/home/alex/dev/Bachelor/baseline/angularbooking/AngularBooking/ClientApp/src/app/site/feature/feature.component.ts","(anonymous)","(anonymous)",22,22
3,1,22,0,4,"(anonymous)@20-23@/home/alex/dev/Bachelor/baseline/angularbooking/AngularBooking/ClientApp/src/app/site/feature/feature.component.ts","/home/alex/dev/Bachelor/baseline/angularbooking/AngularBooking/ClientApp/src/app/site/feature/feature.component.ts","(anonymous)","(anonymous)",20,23
3,1,19,0,8,"ngOnInit@18-25@/home/alex/dev/Bachelor/baseline/angularbooking/AngularBooking/ClientApp/src/app/site/feature/feature.component.ts","/home/alex/dev/Bachelor/baseline/angularbooking/AngularBooking/ClientApp/src/app/site/feature/feature.component.ts","ngOnInit","ngOnInit ( )",18,25
8,1,49,0,8,"(anonymous)@18-25@/home/alex/dev/Bachelor/baseline/angularbooking/AngularBooking/ClientApp/src/app/site/navbar/navbar.component.spec.ts","/home/alex/dev/Bachelor/baseline/angularbooking/AngularBooking/ClientApp/src/app/site/navbar/navbar.component.spec.ts","(anonymous)","(anonymous)",18,25
5,1,23,0,5,"(anonymous)@27-31@/home/alex/dev/Bachelor/baseline/angularbooking/AngularBooking/ClientApp/src/app/site/navbar/navbar.component.spec.ts","/home/alex/dev/Bachelor/baseline/angularbooking/AngularBooking/ClientApp/src/app/site/navbar/navbar.component.spec.ts","(anonymous)","(anonymous)",27,31
3,1,11,0,3,"(anonymous)@33-35@/home/alex/dev/Bachelor/baseline/angularbooking/AngularBooking/ClientApp/src/app/site/navbar/navbar.component.spec.ts","/home/alex/dev/Bachelor/baseline/angularbooking/AngularBooking/ClientApp/src/app/site/navbar/navbar.component.spec.ts","(anonymous)","(anonymous)",33,35
7,1,50,0,23,"describe@14-36@/home/alex/dev/Bachelor/baseline/angularbooking/AngularBooking/ClientApp/src/app/site/navbar/navbar.component.spec.ts","/home/alex/dev/Bachelor/baseline/angularbooking/AngularBooking/ClientApp/src/app/site/navbar/navbar.component.spec.ts","describe","describe ( , ( )",14,36
1,1,4,0,1,"constructor@15-15@/home/alex/dev/Bachelor/baseline/angularbooking/AngularBooking/ClientApp/src/app/site/navbar/navbar.component.ts","/home/alex/dev/Bachelor/baseline/angularbooking/AngularBooking/ClientApp/src/app/site/navbar/navbar.component.ts","constructor","constructor ( )",15,15
2,1,4,0,2,"ngOnInit@17-18@/home/alex/dev/Bachelor/baseline/angularbooking/AngularBooking/ClientApp/src/app/site/navbar/navbar.component.ts","/home/alex/dev/Bachelor/baseline/angularbooking/AngularBooking/ClientApp/src/app/site/navbar/navbar.component.ts","ngOnInit","ngOnInit ( )",17,18
10,1,27,0,10,"(anonymous)@11-20@/home/alex/dev/Bachelor/baseline/angularbooking/AngularBooking/ClientApp/src/app/site/showing-list/showing-list-entry.component.spec.ts","/home/alex/dev/Bachelor/baseline/angularbooking/AngularBooking/ClientApp/src/app/site/showing-list/showing-list-entry.component.spec.ts","(anonymous)","(anonymous)",11,20
5,1,23,0,5,"(anonymous)@22-26@/home/alex/dev/Bachelor/baseline/angularbooking/AngularBooking/ClientApp/src/app/site/showing-list/showing-list-entry.component.spec.ts","/home/alex/dev/Bachelor/baseline/angularbooking/AngularBooking/ClientApp/src/app/site/showing-list/showing-list-entry.component.spec.ts","(anonymous)","(anonymous)",22,26
3,1,11,0,3,"(anonymous)@28-30@/home/alex/dev/Bachelor/baseline/angularbooking/AngularBooking/ClientApp/src/app/site/showing-list/showing-list-entry.component.spec.ts","/home/alex/dev/Bachelor/baseline/angularbooking/AngularBooking/ClientApp/src/app/site/showing-list/showing-list-entry.component.spec.ts","(anonymous)","(anonymous)",28,30
7,1,50,0,25,"describe@7-31@/home/alex/dev/Bachelor/baseline/angularbooking/AngularBooking/ClientApp/src/app/site/showing-list/showing-list-entry.component.spec.ts","/home/alex/dev/Bachelor/baseline/angularbooking/AngularBooking/ClientApp/src/app/site/showing-list/showing-list-entry.component.spec.ts","describe","describe ( , ( )",7,31
1,1,8,1,1,"constructor@13-13@/home/alex/dev/Bachelor/baseline/angularbooking/AngularBooking/ClientApp/src/app/site/showing-list/showing-list-entry.component.ts","/home/alex/dev/Bachelor/baseline/angularbooking/AngularBooking/ClientApp/src/app/site/showing-list/showing-list-entry.component.ts","constructor","constructor ( private router Router )",13,13
2,1,4,0,2,"ngOnInit@17-18@/home/alex/dev/Bachelor/baseline/angularbooking/AngularBooking/ClientApp/src/app/site/showing-list/showing-list-entry.component.ts","/home/alex/dev/Bachelor/baseline/angularbooking/AngularBooking/ClientApp/src/app/site/showing-list/showing-list-entry.component.ts","ngOnInit","ngOnInit ( )",17,18
3,2,18,1,3,"hasFacility@40-42@/home/alex/dev/Bachelor/baseline/angularbooking/AngularBooking/ClientApp/src/app/site/showing-list/showing-list-entry.component.ts","/home/alex/dev/Bachelor/baseline/angularbooking/AngularBooking/ClientApp/src/app/site/showing-list/showing-list-entry.component.ts","hasFacility","hasFacility ( flag )",40,42
3,1,13,1,3,"lookupAgeRating@45-47@/home/alex/dev/Bachelor/baseline/angularbooking/AngularBooking/ClientApp/src/app/site/showing-list/showing-list-entry.component.ts","/home/alex/dev/Bachelor/baseline/angularbooking/AngularBooking/ClientApp/src/app/site/showing-list/showing-list-entry.component.ts","lookupAgeRating","lookupAgeRating ( rating )",45,47
4,1,22,1,4,"bookShowing@50-53@/home/alex/dev/Bachelor/baseline/angularbooking/AngularBooking/ClientApp/src/app/site/showing-list/showing-list-entry.component.ts","/home/alex/dev/Bachelor/baseline/angularbooking/AngularBooking/ClientApp/src/app/site/showing-list/showing-list-entry.component.ts","bookShowing","bookShowing ( id )",50,53
8,1,43,0,8,"(anonymous)@15-22@/home/alex/dev/Bachelor/baseline/angularbooking/AngularBooking/ClientApp/src/app/site/showing-list/showing-list.component.spec.ts","/home/alex/dev/Bachelor/baseline/angularbooking/AngularBooking/ClientApp/src/app/site/showing-list/showing-list.component.spec.ts","(anonymous)","(anonymous)",15,22
5,1,23,0,5,"(anonymous)@24-28@/home/alex/dev/Bachelor/baseline/angularbooking/AngularBooking/ClientApp/src/app/site/showing-list/showing-list.component.spec.ts","/home/alex/dev/Bachelor/baseline/angularbooking/AngularBooking/ClientApp/src/app/site/showing-list/showing-list.component.spec.ts","(anonymous)","(anonymous)",24,28
3,1,11,0,3,"(anonymous)@30-32@/home/alex/dev/Bachelor/baseline/angularbooking/AngularBooking/ClientApp/src/app/site/showing-list/showing-list.component.spec.ts","/home/alex/dev/Bachelor/baseline/angularbooking/AngularBooking/ClientApp/src/app/site/showing-list/showing-list.component.spec.ts","(anonymous)","(anonymous)",30,32
7,1,50,0,23,"describe@11-33@/home/alex/dev/Bachelor/baseline/angularbooking/AngularBooking/ClientApp/src/app/site/showing-list/showing-list.component.spec.ts","/home/alex/dev/Bachelor/baseline/angularbooking/AngularBooking/ClientApp/src/app/site/showing-list/showing-list.component.spec.ts","describe","describe ( , ( )",11,33
1,1,8,1,1,"constructor@18-18@/home/alex/dev/Bachelor/baseline/angularbooking/AngularBooking/ClientApp/src/app/site/showing-list/showing-list.component.ts","/home/alex/dev/Bachelor/baseline/angularbooking/AngularBooking/ClientApp/src/app/site/showing-list/showing-list.component.ts","constructor","constructor ( private siteService SiteService )",18,18
5,1,20,0,6,"(anonymous)@36-41@/home/alex/dev/Bachelor/baseline/angularbooking/AngularBooking/ClientApp/src/app/site/showing-list/showing-list.component.ts","/home/alex/dev/Bachelor/baseline/angularbooking/AngularBooking/ClientApp/src/app/site/showing-list/showing-list.component.ts","(anonymous)","(anonymous)",36,41
3,1,18,0,8,"(anonymous)@35-42@/home/alex/dev/Bachelor/baseline/angularbooking/AngularBooking/ClientApp/src/app/site/showing-list/showing-list.component.ts","/home/alex/dev/Bachelor/baseline/angularbooking/AngularBooking/ClientApp/src/app/site/showing-list/showing-list.component.ts","(anonymous)","(anonymous)",35,42
5,1,69,0,16,"ngOnInit@29-44@/home/alex/dev/Bachelor/baseline/angularbooking/AngularBooking/ClientApp/src/app/site/showing-list/showing-list.component.ts","/home/alex/dev/Bachelor/baseline/angularbooking/AngularBooking/ClientApp/src/app/site/showing-list/showing-list.component.ts","ngOnInit","ngOnInit ( )",29,44
3,1,13,1,4,"onFilterChange@46-49@/home/alex/dev/Bachelor/baseline/angularbooking/AngularBooking/ClientApp/src/app/site/showing-list/showing-list.component.ts","/home/alex/dev/Bachelor/baseline/angularbooking/AngularBooking/ClientApp/src/app/site/showing-list/showing-list.component.ts","onFilterChange","onFilterChange ( change )",46,49
5,1,62,1,5,"setFilterDateToday@51-55@/home/alex/dev/Bachelor/baseline/angularbooking/AngularBooking/ClientApp/src/app/site/showing-list/showing-list.component.ts","/home/alex/dev/Bachelor/baseline/angularbooking/AngularBooking/ClientApp/src/app/site/showing-list/showing-list.component.ts","setFilterDateToday","setFilterDateToday ( datepicker NgbDatepicker )",51,55
6,1,75,1,6,"setFilterDateTomorrow@57-62@/home/alex/dev/Bachelor/baseline/angularbooking/AngularBooking/ClientApp/src/app/site/showing-list/showing-list.component.ts","/home/alex/dev/Bachelor/baseline/angularbooking/AngularBooking/ClientApp/src/app/site/showing-list/showing-list.component.ts","setFilterDateTomorrow","setFilterDateTomorrow ( datepicker NgbDatepicker )",57,62
3,1,8,0,3,"(anonymous)@68-70@/home/alex/dev/Bachelor/baseline/angularbooking/AngularBooking/ClientApp/src/app/site/showing-list/showing-list.component.ts","/home/alex/dev/Bachelor/baseline/angularbooking/AngularBooking/ClientApp/src/app/site/showing-list/showing-list.component.ts","(anonymous)","(anonymous)",68,70
2,1,2,0,2,"(anonymous)@70-71@/home/alex/dev/Bachelor/baseline/angularbooking/AngularBooking/ClientApp/src/app/site/showing-list/showing-list.component.ts","/home/alex/dev/Bachelor/baseline/angularbooking/AngularBooking/ClientApp/src/app/site/showing-list/showing-list.component.ts","(anonymous)","(anonymous)",70,71
5,2,105,0,10,"populateListing@64-73@/home/alex/dev/Bachelor/baseline/angularbooking/AngularBooking/ClientApp/src/app/site/showing-list/showing-list.component.ts","/home/alex/dev/Bachelor/baseline/angularbooking/AngularBooking/ClientApp/src/app/site/showing-list/showing-list.component.ts","populateListing","populateListing ( )",64,73
6,1,19,0,6,"(anonymous)@9-14@/home/alex/dev/Bachelor/baseline/angularbooking/AngularBooking/ClientApp/src/app/site/site-detail/site-detail.component.spec.ts","/home/alex/dev/Bachelor/baseline/angularbooking/AngularBooking/ClientApp/src/app/site/site-detail/site-detail.component.spec.ts","(anonymous)","(anonymous)",9,14
5,1,23,0,5,"(anonymous)@16-20@/home/alex/dev/Bachelor/baseline/angularbooking/AngularBooking/ClientApp/src/app/site/site-detail/site-detail.component.spec.ts","/home/alex/dev/Bachelor/baseline/angularbooking/AngularBooking/ClientApp/src/app/site/site-detail/site-detail.component.spec.ts","(anonymous)","(anonymous)",16,20
3,1,11,0,3,"(anonymous)@22-24@/home/alex/dev/Bachelor/baseline/angularbooking/AngularBooking/ClientApp/src/app/site/site-detail/site-detail.component.spec.ts","/home/alex/dev/Bachelor/baseline/angularbooking/AngularBooking/ClientApp/src/app/site/site-detail/site-detail.component.spec.ts","(anonymous)","(anonymous)",22,24
7,1,50,0,21,"describe@5-25@/home/alex/dev/Bachelor/baseline/angularbooking/AngularBooking/ClientApp/src/app/site/site-detail/site-detail.component.spec.ts","/home/alex/dev/Bachelor/baseline/angularbooking/AngularBooking/ClientApp/src/app/site/site-detail/site-detail.component.spec.ts","describe","describe ( , ( )",5,25
1,1,4,0,1,"constructor@11-11@/home/alex/dev/Bachelor/baseline/angularbooking/AngularBooking/ClientApp/src/app/site/site-detail/site-detail.component.ts","/home/alex/dev/Bachelor/baseline/angularbooking/AngularBooking/ClientApp/src/app/site/site-detail/site-detail.component.ts","constructor","constructor ( )",11,11
2,1,4,0,2,"ngOnInit@13-14@/home/alex/dev/Bachelor/baseline/angularbooking/AngularBooking/ClientApp/src/app/site/site-detail/site-detail.component.ts","/home/alex/dev/Bachelor/baseline/angularbooking/AngularBooking/ClientApp/src/app/site/site-detail/site-detail.component.ts","ngOnInit","ngOnInit ( )",13,14
10,1,27,0,10,"(anonymous)@11-20@/home/alex/dev/Bachelor/baseline/angularbooking/AngularBooking/ClientApp/src/app/site/venue-detail/venue-detail.component.spec.ts","/home/alex/dev/Bachelor/baseline/angularbooking/AngularBooking/ClientApp/src/app/site/venue-detail/venue-detail.component.spec.ts","(anonymous)","(anonymous)",11,20
5,1,23,0,5,"(anonymous)@22-26@/home/alex/dev/Bachelor/baseline/angularbooking/AngularBooking/ClientApp/src/app/site/venue-detail/venue-detail.component.spec.ts","/home/alex/dev/Bachelor/baseline/angularbooking/AngularBooking/ClientApp/src/app/site/venue-detail/venue-detail.component.spec.ts","(anonymous)","(anonymous)",22,26
3,1,11,0,3,"(anonymous)@28-30@/home/alex/dev/Bachelor/baseline/angularbooking/AngularBooking/ClientApp/src/app/site/venue-detail/venue-detail.component.spec.ts","/home/alex/dev/Bachelor/baseline/angularbooking/AngularBooking/ClientApp/src/app/site/venue-detail/venue-detail.component.spec.ts","(anonymous)","(anonymous)",28,30
7,1,50,0,25,"describe@7-31@/home/alex/dev/Bachelor/baseline/angularbooking/AngularBooking/ClientApp/src/app/site/venue-detail/venue-detail.component.spec.ts","/home/alex/dev/Bachelor/baseline/angularbooking/AngularBooking/ClientApp/src/app/site/venue-detail/venue-detail.component.spec.ts","describe","describe ( , ( )",7,31
1,1,13,2,1,"constructor@15-15@/home/alex/dev/Bachelor/baseline/angularbooking/AngularBooking/ClientApp/src/app/site/venue-detail/venue-detail.component.ts","/home/alex/dev/Bachelor/baseline/angularbooking/AngularBooking/ClientApp/src/app/site/venue-detail/venue-detail.component.ts","constructor","constructor ( private siteService SiteService , private activatedRoute ActivatedRoute )",15,15
3,1,8,0,3,"(anonymous)@19-21@/home/alex/dev/Bachelor/baseline/angularbooking/AngularBooking/ClientApp/src/app/site/venue-detail/venue-detail.component.ts","/home/alex/dev/Bachelor/baseline/angularbooking/AngularBooking/ClientApp/src/app/site/venue-detail/venue-detail.component.ts","(anonymous)","(anonymous)",19,21
3,1,21,0,5,"(anonymous)@18-22@/home/alex/dev/Bachelor/baseline/angularbooking/AngularBooking/ClientApp/src/app/site/venue-detail/venue-detail.component.ts","/home/alex/dev/Bachelor/baseline/angularbooking/AngularBooking/ClientApp/src/app/site/venue-detail/venue-detail.component.ts","(anonymous)","(anonymous)",18,22
3,1,17,0,7,"ngOnInit@17-23@/home/alex/dev/Bachelor/baseline/angularbooking/AngularBooking/ClientApp/src/app/site/venue-detail/venue-detail.component.ts","/home/alex/dev/Bachelor/baseline/angularbooking/AngularBooking/ClientApp/src/app/site/venue-detail/venue-detail.component.ts","ngOnInit","ngOnInit ( )",17,23
3,2,18,2,3,"hasFacility@25-27@/home/alex/dev/Bachelor/baseline/angularbooking/AngularBooking/ClientApp/src/app/site/venue-detail/venue-detail.component.ts","/home/alex/dev/Bachelor/baseline/angularbooking/AngularBooking/ClientApp/src/app/site/venue-detail/venue-detail.component.ts","hasFacility","hasFacility ( facilities , flag )",25,27
10,1,27,0,10,"(anonymous)@11-20@/home/alex/dev/Bachelor/baseline/angularbooking/AngularBooking/ClientApp/src/app/site/venue-list/venue-list.component.spec.ts","/home/alex/dev/Bachelor/baseline/angularbooking/AngularBooking/ClientApp/src/app/site/venue-list/venue-list.component.spec.ts","(anonymous)","(anonymous)",11,20
5,1,23,0,5,"(anonymous)@22-26@/home/alex/dev/Bachelor/baseline/angularbooking/AngularBooking/ClientApp/src/app/site/venue-list/venue-list.component.spec.ts","/home/alex/dev/Bachelor/baseline/angularbooking/AngularBooking/ClientApp/src/app/site/venue-list/venue-list.component.spec.ts","(anonymous)","(anonymous)",22,26
3,1,11,0,3,"(anonymous)@28-30@/home/alex/dev/Bachelor/baseline/angularbooking/AngularBooking/ClientApp/src/app/site/venue-list/venue-list.component.spec.ts","/home/alex/dev/Bachelor/baseline/angularbooking/AngularBooking/ClientApp/src/app/site/venue-list/venue-list.component.spec.ts","(anonymous)","(anonymous)",28,30
7,1,50,0,25,"describe@7-31@/home/alex/dev/Bachelor/baseline/angularbooking/AngularBooking/ClientApp/src/app/site/venue-list/venue-list.component.spec.ts","/home/alex/dev/Bachelor/baseline/angularbooking/AngularBooking/ClientApp/src/app/site/venue-list/venue-list.component.spec.ts","describe","describe ( , ( )",7,31
1,1,8,1,1,"constructor@14-14@/home/alex/dev/Bachelor/baseline/angularbooking/AngularBooking/ClientApp/src/app/site/venue-list/venue-list.component.ts","/home/alex/dev/Bachelor/baseline/angularbooking/AngularBooking/ClientApp/src/app/site/venue-list/venue-list.component.ts","constructor","constructor ( private siteService SiteService )",14,14
3,1,8,0,3,"(anonymous)@17-19@/home/alex/dev/Bachelor/baseline/angularbooking/AngularBooking/ClientApp/src/app/site/venue-list/venue-list.component.ts","/home/alex/dev/Bachelor/baseline/angularbooking/AngularBooking/ClientApp/src/app/site/venue-list/venue-list.component.ts","(anonymous)","(anonymous)",17,19
3,1,19,0,5,"ngOnInit@16-20@/home/alex/dev/Bachelor/baseline/angularbooking/AngularBooking/ClientApp/src/app/site/venue-list/venue-list.component.ts","/home/alex/dev/Bachelor/baseline/angularbooking/AngularBooking/ClientApp/src/app/site/venue-list/venue-list.component.ts","ngOnInit","ngOnInit ( )",16,20
3,2,18,2,3,"hasFacility@22-24@/home/alex/dev/Bachelor/baseline/angularbooking/AngularBooking/ClientApp/src/app/site/venue-list/venue-list.component.ts","/home/alex/dev/Bachelor/baseline/angularbooking/AngularBooking/ClientApp/src/app/site/venue-list/venue-list.component.ts","hasFacility","hasFacility ( facilities , flag )",22,24
3,1,9,0,3,"(anonymous)@6-8@/home/alex/dev/Bachelor/baseline/angularbooking/AngularBooking/ClientApp/src/app/site/site-routing.module.spec.ts","/home/alex/dev/Bachelor/baseline/angularbooking/AngularBooking/ClientApp/src/app/site/site-routing.module.spec.ts","(anonymous)","(anonymous)",6,8
3,1,11,0,3,"(anonymous)@10-12@/home/alex/dev/Bachelor/baseline/angularbooking/AngularBooking/ClientApp/src/app/site/site-routing.module.spec.ts","/home/alex/dev/Bachelor/baseline/angularbooking/AngularBooking/ClientApp/src/app/site/site-routing.module.spec.ts","(anonymous)","(anonymous)",10,12
5,1,25,0,11,"(anonymous)@3-13@/home/alex/dev/Bachelor/baseline/angularbooking/AngularBooking/ClientApp/src/app/site/site-routing.module.spec.ts","/home/alex/dev/Bachelor/baseline/angularbooking/AngularBooking/ClientApp/src/app/site/site-routing.module.spec.ts","(anonymous)","(anonymous)",3,13
9,1,76,0,11,"(anonymous)@33-43@/home/alex/dev/Bachelor/baseline/angularbooking/AngularBooking/ClientApp/src/app/site/site.component.spec.ts","/home/alex/dev/Bachelor/baseline/angularbooking/AngularBooking/ClientApp/src/app/site/site.component.spec.ts","(anonymous)","(anonymous)",33,43
5,1,23,0,5,"(anonymous)@45-49@/home/alex/dev/Bachelor/baseline/angularbooking/AngularBooking/ClientApp/src/app/site/site.component.spec.ts","/home/alex/dev/Bachelor/baseline/angularbooking/AngularBooking/ClientApp/src/app/site/site.component.spec.ts","(anonymous)","(anonymous)",45,49
5,1,51,0,5,"(anonymous)@51-55@/home/alex/dev/Bachelor/baseline/angularbooking/AngularBooking/ClientApp/src/app/site/site.component.spec.ts","/home/alex/dev/Bachelor/baseline/angularbooking/AngularBooking/ClientApp/src/app/site/site.component.spec.ts","(anonymous)","(anonymous)",51,55
8,1,55,0,30,"describe@27-56@/home/alex/dev/Bachelor/baseline/angularbooking/AngularBooking/ClientApp/src/app/site/site.component.spec.ts","/home/alex/dev/Bachelor/baseline/angularbooking/AngularBooking/ClientApp/src/app/site/site.component.spec.ts","describe","describe ( , ( )",27,56
1,1,8,1,1,"constructor@17-17@/home/alex/dev/Bachelor/baseline/angularbooking/AngularBooking/ClientApp/src/app/site/site.component.ts","/home/alex/dev/Bachelor/baseline/angularbooking/AngularBooking/ClientApp/src/app/site/site.component.ts","constructor","constructor ( private authService AuthService )",17,17
5,2,17,0,5,"(anonymous)@24-28@/home/alex/dev/Bachelor/baseline/angularbooking/AngularBooking/ClientApp/src/app/site/site.component.ts","/home/alex/dev/Bachelor/baseline/angularbooking/AngularBooking/ClientApp/src/app/site/site.component.ts","(anonymous)","(anonymous)",24,28
4,1,27,0,12,"ngOnInit@19-30@/home/alex/dev/Bachelor/baseline/angularbooking/AngularBooking/ClientApp/src/app/site/site.component.ts","/home/alex/dev/Bachelor/baseline/angularbooking/AngularBooking/ClientApp/src/app/site/site.component.ts","ngOnInit","ngOnInit ( )",19,30
3,1,9,0,3,"(anonymous)@6-8@/home/alex/dev/Bachelor/baseline/angularbooking/AngularBooking/ClientApp/src/app/site/site.module.spec.ts","/home/alex/dev/Bachelor/baseline/angularbooking/AngularBooking/ClientApp/src/app/site/site.module.spec.ts","(anonymous)","(anonymous)",6,8
3,1,11,0,3,"(anonymous)@10-12@/home/alex/dev/Bachelor/baseline/angularbooking/AngularBooking/ClientApp/src/app/site/site.module.spec.ts","/home/alex/dev/Bachelor/baseline/angularbooking/AngularBooking/ClientApp/src/app/site/site.module.spec.ts","(anonymous)","(anonymous)",10,12
5,1,25,0,11,"(anonymous)@3-13@/home/alex/dev/Bachelor/baseline/angularbooking/AngularBooking/ClientApp/src/app/site/site.module.spec.ts","/home/alex/dev/Bachelor/baseline/angularbooking/AngularBooking/ClientApp/src/app/site/site.module.spec.ts","(anonymous)","(anonymous)",3,13
10,1,25,0,10,"(anonymous)@6-15@/home/alex/dev/Bachelor/baseline/angularbooking/AngularBooking/ClientApp/src/app/app.component.spec.ts","/home/alex/dev/Bachelor/baseline/angularbooking/AngularBooking/ClientApp/src/app/app.component.spec.ts","(anonymous)","(anonymous)",6,15
3,1,19,0,13,"describe@5-17@/home/alex/dev/Bachelor/baseline/angularbooking/AngularBooking/ClientApp/src/app/app.component.spec.ts","/home/alex/dev/Bachelor/baseline/angularbooking/AngularBooking/ClientApp/src/app/app.component.spec.ts","describe","describe ( , ( )",5,17
1,1,8,1,1,"constructor@16-16@/home/alex/dev/Bachelor/baseline/angularbooking/AngularBooking/ClientApp/src/app/app.component.ts","/home/alex/dev/Bachelor/baseline/angularbooking/AngularBooking/ClientApp/src/app/app.component.ts","constructor","constructor ( private titleService Title )",16,16
3,1,15,0,3,"ngOnInit@18-20@/home/alex/dev/Bachelor/baseline/angularbooking/AngularBooking/ClientApp/src/app/app.component.ts","/home/alex/dev/Bachelor/baseline/angularbooking/AngularBooking/ClientApp/src/app/app.component.ts","ngOnInit","ngOnInit ( )",18,20
28,1,127,1,28,"module.exports@4-31@/home/alex/dev/Bachelor/baseline/angularbooking/AngularBooking/ClientApp/src/karma.conf.js","/home/alex/dev/Bachelor/baseline/angularbooking/AngularBooking/ClientApp/src/karma.conf.js","module.exports","module.exports ( config )",4,31
1,1,7,0,1,"(anonymous)@12-12@/home/alex/dev/Bachelor/baseline/angularbooking/AngularBooking/ClientApp/src/main.ts","/home/alex/dev/Bachelor/baseline/angularbooking/AngularBooking/ClientApp/src/main.ts","(anonymous)","(anonymous)",12,12
11,1,69,8,11,"AccountController::AccountController@42-52@/home/alex/dev/Bachelor/baseline/angularbooking/AngularBooking/Controllers/Account/AccountController.cs","/home/alex/dev/Bachelor/baseline/angularbooking/AngularBooking/Controllers/Account/AccountController.cs","AccountController::AccountController","AngularBooking.Controllers.Account::AccountController::AccountController( IUnitOfWork unitOfWork , UserManager<User> userManager , RoleManager<IdentityRole> roleManager , SignInManager<User> signInManager , IJwtManager jwtManager , IEmailService emailService , IConfiguration configuration , IAntiforgery antiforgery)",42,52
6,1,49,0,7,"AccountController::GetAntiForgeryToken@56-62@/home/alex/dev/Bachelor/baseline/angularbooking/AngularBooking/Controllers/Account/AccountController.cs","/home/alex/dev/Bachelor/baseline/angularbooking/AngularBooking/Controllers/Account/AccountController.cs","AccountController::GetAntiForgeryToken","AngularBooking.Controllers.Account::AccountController::GetAntiForgeryToken()",56,62
12,2,43,0,14,"AccountController::IsAuth@66-79@/home/alex/dev/Bachelor/baseline/angularbooking/AngularBooking/Controllers/Account/AccountController.cs","/home/alex/dev/Bachelor/baseline/angularbooking/AngularBooking/Controllers/Account/AccountController.cs","AccountController::IsAuth","AngularBooking.Controllers.Account::AccountController::IsAuth()",66,79
47,6,301,1,64,"AccountController::Register@84-147@/home/alex/dev/Bachelor/baseline/angularbooking/AngularBooking/Controllers/Account/AccountController.cs","/home/alex/dev/Bachelor/baseline/angularbooking/AngularBooking/Controllers/Account/AccountController.cs","AccountController::Register","AngularBooking.Controllers.Account::AccountController::Register( [ FromBody ] RegisterViewModel model)",84,147
18,5,83,2,22,"AccountController::ConfirmEmail@151-172@/home/alex/dev/Bachelor/baseline/angularbooking/AngularBooking/Controllers/Account/AccountController.cs","/home/alex/dev/Bachelor/baseline/angularbooking/AngularBooking/Controllers/Account/AccountController.cs","AccountController::ConfirmEmail","AngularBooking.Controllers.Account::AccountController::ConfirmEmail( string userId , string code)",151,172
44,8,272,1,55,"AccountController::Login@177-231@/home/alex/dev/Bachelor/baseline/angularbooking/AngularBooking/Controllers/Account/AccountController.cs","/home/alex/dev/Bachelor/baseline/angularbooking/AngularBooking/Controllers/Account/AccountController.cs","AccountController::Login","AngularBooking.Controllers.Account::AccountController::Login( [ FromBody ] LoginViewModel model)",177,231
11,2,64,0,15,"AccountController::Logout@235-249@/home/alex/dev/Bachelor/baseline/angularbooking/AngularBooking/Controllers/Account/AccountController.cs","/home/alex/dev/Bachelor/baseline/angularbooking/AngularBooking/Controllers/Account/AccountController.cs","AccountController::Logout","AngularBooking.Controllers.Account::AccountController::Logout()",235,249
28,5,220,0,41,"AccountController::RefreshAuthToken@253-293@/home/alex/dev/Bachelor/baseline/angularbooking/AngularBooking/Controllers/Account/AccountController.cs","/home/alex/dev/Bachelor/baseline/angularbooking/AngularBooking/Controllers/Account/AccountController.cs","AccountController::RefreshAuthToken","AngularBooking.Controllers.Account::AccountController::RefreshAuthToken()",253,293
21,7,131,1,27,"AccountController::ChangePassword@298-324@/home/alex/dev/Bachelor/baseline/angularbooking/AngularBooking/Controllers/Account/AccountController.cs","/home/alex/dev/Bachelor/baseline/angularbooking/AngularBooking/Controllers/Account/AccountController.cs","AccountController::ChangePassword","AngularBooking.Controllers.Account::AccountController::ChangePassword( [ FromBody ] ChangePasswordViewModel model)",298,324
4,1,11,1,4,"BookingItemsController::BookingItemsController@21-24@/home/alex/dev/Bachelor/baseline/angularbooking/AngularBooking/Controllers/Site/BookingItemsController.cs","/home/alex/dev/Bachelor/baseline/angularbooking/AngularBooking/Controllers/Site/BookingItemsController.cs","BookingItemsController::BookingItemsController","AngularBooking.Controllers.Site::BookingItemsController::BookingItemsController( IUnitOfWork unitOfWork)",21,24
4,1,14,0,4,"BookingItemsController::GetBookingItems@29-32@/home/alex/dev/Bachelor/baseline/angularbooking/AngularBooking/Controllers/Site/BookingItemsController.cs","/home/alex/dev/Bachelor/baseline/angularbooking/AngularBooking/Controllers/Site/BookingItemsController.cs","BookingItemsController::GetBookingItems","AngularBooking.Controllers.Site::BookingItemsController::GetBookingItems()",29,32
13,3,56,1,16,"BookingItemsController::GetBookingItem@37-52@/home/alex/dev/Bachelor/baseline/angularbooking/AngularBooking/Controllers/Site/BookingItemsController.cs","/home/alex/dev/Bachelor/baseline/angularbooking/AngularBooking/Controllers/Site/BookingItemsController.cs","BookingItemsController::GetBookingItem","AngularBooking.Controllers.Site::BookingItemsController::GetBookingItem( [ FromRoute ] int id)",37,52
27,5,89,2,30,"BookingItemsController::PutBookingItem@57-86@/home/alex/dev/Bachelor/baseline/angularbooking/AngularBooking/Controllers/Site/BookingItemsController.cs","/home/alex/dev/Bachelor/baseline/angularbooking/AngularBooking/Controllers/Site/BookingItemsController.cs","BookingItemsController::PutBookingItem","AngularBooking.Controllers.Site::BookingItemsController::PutBookingItem( [ FromRoute ] int id , [ FromBody ] BookingItem bookingItem)",57,86
9,2,51,1,11,"BookingItemsController::PostBookingItem@91-101@/home/alex/dev/Bachelor/baseline/angularbooking/AngularBooking/Controllers/Site/BookingItemsController.cs","/home/alex/dev/Bachelor/baseline/angularbooking/AngularBooking/Controllers/Site/BookingItemsController.cs","BookingItemsController::PostBookingItem","AngularBooking.Controllers.Site::BookingItemsController::PostBookingItem( [ FromBody ] BookingItem bookingItem)",91,101
14,3,65,1,17,"BookingItemsController::DeleteBookingItem@106-122@/home/alex/dev/Bachelor/baseline/angularbooking/AngularBooking/Controllers/Site/BookingItemsController.cs","/home/alex/dev/Bachelor/baseline/angularbooking/AngularBooking/Controllers/Site/BookingItemsController.cs","BookingItemsController::DeleteBookingItem","AngularBooking.Controllers.Site::BookingItemsController::DeleteBookingItem( [ FromRoute ] int id)",106,122
4,1,23,1,4,"BookingItemsController::BookingItemExists@125-128@/home/alex/dev/Bachelor/baseline/angularbooking/AngularBooking/Controllers/Site/BookingItemsController.cs","/home/alex/dev/Bachelor/baseline/angularbooking/AngularBooking/Controllers/Site/BookingItemsController.cs","BookingItemsController::BookingItemExists","AngularBooking.Controllers.Site::BookingItemsController::BookingItemExists( int id)",125,128
6,1,28,3,6,"BookingsController::BookingsController@29-34@/home/alex/dev/Bachelor/baseline/angularbooking/AngularBooking/Controllers/Site/BookingsController.cs","/home/alex/dev/Bachelor/baseline/angularbooking/AngularBooking/Controllers/Site/BookingsController.cs","BookingsController::BookingsController","AngularBooking.Controllers.Site::BookingsController::BookingsController( IUnitOfWork unitOfWork , UserManager<User> userManager , IEmailService emailService)",29,34
18,5,188,0,34,"BookingsController::GetBookings@40-73@/home/alex/dev/Bachelor/baseline/angularbooking/AngularBooking/Controllers/Site/BookingsController.cs","/home/alex/dev/Bachelor/baseline/angularbooking/AngularBooking/Controllers/Site/BookingsController.cs","BookingsController::GetBookings","AngularBooking.Controllers.Site::BookingsController::GetBookings()",40,73
33,9,237,1,52,"BookingsController::GetBooking@78-129@/home/alex/dev/Bachelor/baseline/angularbooking/AngularBooking/Controllers/Site/BookingsController.cs","/home/alex/dev/Bachelor/baseline/angularbooking/AngularBooking/Controllers/Site/BookingsController.cs","BookingsController::GetBooking","AngularBooking.Controllers.Site::BookingsController::GetBooking( [ FromRoute ] int id)",78,129
27,5,89,2,30,"BookingsController::PutBooking@134-163@/home/alex/dev/Bachelor/baseline/angularbooking/AngularBooking/Controllers/Site/BookingsController.cs","/home/alex/dev/Bachelor/baseline/angularbooking/AngularBooking/Controllers/Site/BookingsController.cs","BookingsController::PutBooking","AngularBooking.Controllers.Site::BookingsController::PutBooking( [ FromRoute ] int id , [ FromBody ] Booking booking)",134,163
9,2,51,1,11,"BookingsController::PostBooking@168-178@/home/alex/dev/Bachelor/baseline/angularbooking/AngularBooking/Controllers/Site/BookingsController.cs","/home/alex/dev/Bachelor/baseline/angularbooking/AngularBooking/Controllers/Site/BookingsController.cs","BookingsController::PostBooking","AngularBooking.Controllers.Site::BookingsController::PostBooking( [ FromBody ] Booking booking)",168,178
14,3,65,1,17,"BookingsController::DeleteBooking@183-199@/home/alex/dev/Bachelor/baseline/angularbooking/AngularBooking/Controllers/Site/BookingsController.cs","/home/alex/dev/Bachelor/baseline/angularbooking/AngularBooking/Controllers/Site/BookingsController.cs","BookingsController::DeleteBooking","AngularBooking.Controllers.Site::BookingsController::DeleteBooking( [ FromRoute ] int id)",183,199
99,11,683,1,138,"BookingsController::CreateBooking@203-340@/home/alex/dev/Bachelor/baseline/angularbooking/AngularBooking/Controllers/Site/BookingsController.cs","/home/alex/dev/Bachelor/baseline/angularbooking/AngularBooking/Controllers/Site/BookingsController.cs","BookingsController::CreateBooking","AngularBooking.Controllers.Site::BookingsController::CreateBooking( [ FromBody ] CreateBookingViewModel model)",203,340
35,9,293,1,56,"BookingsController::CancelBooking@345-400@/home/alex/dev/Bachelor/baseline/angularbooking/AngularBooking/Controllers/Site/BookingsController.cs","/home/alex/dev/Bachelor/baseline/angularbooking/AngularBooking/Controllers/Site/BookingsController.cs","BookingsController::CancelBooking","AngularBooking.Controllers.Site::BookingsController::CancelBooking( [ FromBody ] int id)",345,400
4,1,23,1,4,"BookingsController::BookingExists@403-406@/home/alex/dev/Bachelor/baseline/angularbooking/AngularBooking/Controllers/Site/BookingsController.cs","/home/alex/dev/Bachelor/baseline/angularbooking/AngularBooking/Controllers/Site/BookingsController.cs","BookingsController::BookingExists","AngularBooking.Controllers.Site::BookingsController::BookingExists( int id)",403,406
12,2,67,2,17,"BookingsController::calculateLocationName@409-425@/home/alex/dev/Bachelor/baseline/angularbooking/AngularBooking/Controllers/Site/BookingsController.cs","/home/alex/dev/Bachelor/baseline/angularbooking/AngularBooking/Controllers/Site/BookingsController.cs","BookingsController::calculateLocationName","AngularBooking.Controllers.Site::BookingsController::calculateLocationName( int row , int column)",409,425
5,1,21,2,5,"CustomersController::CustomersController@24-28@/home/alex/dev/Bachelor/baseline/angularbooking/AngularBooking/Controllers/Site/CustomersController.cs","/home/alex/dev/Bachelor/baseline/angularbooking/AngularBooking/Controllers/Site/CustomersController.cs","CustomersController::CustomersController","AngularBooking.Controllers.Site::CustomersController::CustomersController( IUnitOfWork unitOfWork , UserManager<User> userManager)",24,28
4,1,14,0,4,"CustomersController::GetCustomers@33-36@/home/alex/dev/Bachelor/baseline/angularbooking/AngularBooking/Controllers/Site/CustomersController.cs","/home/alex/dev/Bachelor/baseline/angularbooking/AngularBooking/Controllers/Site/CustomersController.cs","CustomersController::GetCustomers","AngularBooking.Controllers.Site::CustomersController::GetCustomers()",33,36
13,3,56,1,16,"CustomersController::GetCustomer@41-56@/home/alex/dev/Bachelor/baseline/angularbooking/AngularBooking/Controllers/Site/CustomersController.cs","/home/alex/dev/Bachelor/baseline/angularbooking/AngularBooking/Controllers/Site/CustomersController.cs","CustomersController::GetCustomer","AngularBooking.Controllers.Site::CustomersController::GetCustomer( [ FromRoute ] int id)",41,56
23,5,127,0,31,"CustomersController::GetCustomer@61-91@/home/alex/dev/Bachelor/baseline/angularbooking/AngularBooking/Controllers/Site/CustomersController.cs","/home/alex/dev/Bachelor/baseline/angularbooking/AngularBooking/Controllers/Site/CustomersController.cs","CustomersController::GetCustomer","AngularBooking.Controllers.Site::CustomersController::GetCustomer()",61,91
27,5,89,2,30,"CustomersController::PutCustomer@96-125@/home/alex/dev/Bachelor/baseline/angularbooking/AngularBooking/Controllers/Site/CustomersController.cs","/home/alex/dev/Bachelor/baseline/angularbooking/AngularBooking/Controllers/Site/CustomersController.cs","CustomersController::PutCustomer","AngularBooking.Controllers.Site::CustomersController::PutCustomer( [ FromRoute ] int id , [ FromBody ] Customer customer)",96,125
35,7,170,1,46,"CustomersController::PutCurrentCustomer@130-175@/home/alex/dev/Bachelor/baseline/angularbooking/AngularBooking/Controllers/Site/CustomersController.cs","/home/alex/dev/Bachelor/baseline/angularbooking/AngularBooking/Controllers/Site/CustomersController.cs","CustomersController::PutCurrentCustomer","AngularBooking.Controllers.Site::CustomersController::PutCurrentCustomer( [ FromBody ] Customer customer)",130,175
9,2,51,1,11,"CustomersController::PostCustomer@180-190@/home/alex/dev/Bachelor/baseline/angularbooking/AngularBooking/Controllers/Site/CustomersController.cs","/home/alex/dev/Bachelor/baseline/angularbooking/AngularBooking/Controllers/Site/CustomersController.cs","CustomersController::PostCustomer","AngularBooking.Controllers.Site::CustomersController::PostCustomer( [ FromBody ] Customer customer)",180,190
28,5,130,1,36,"CustomersController::DeleteCustomer@195-230@/home/alex/dev/Bachelor/baseline/angularbooking/AngularBooking/Controllers/Site/CustomersController.cs","/home/alex/dev/Bachelor/baseline/angularbooking/AngularBooking/Controllers/Site/CustomersController.cs","CustomersController::DeleteCustomer","AngularBooking.Controllers.Site::CustomersController::DeleteCustomer( [ FromRoute ] int id)",195,230
4,1,23,1,4,"CustomersController::CustomerExists@233-236@/home/alex/dev/Bachelor/baseline/angularbooking/AngularBooking/Controllers/Site/CustomersController.cs","/home/alex/dev/Bachelor/baseline/angularbooking/AngularBooking/Controllers/Site/CustomersController.cs","CustomersController::CustomerExists","AngularBooking.Controllers.Site::CustomersController::CustomerExists( int id)",233,236
4,1,11,1,4,"EventsController::EventsController@22-25@/home/alex/dev/Bachelor/baseline/angularbooking/AngularBooking/Controllers/Site/EventsController.cs","/home/alex/dev/Bachelor/baseline/angularbooking/AngularBooking/Controllers/Site/EventsController.cs","EventsController::EventsController","AngularBooking.Controllers.Site::EventsController::EventsController( IUnitOfWork unitOfWork)",22,25
4,1,14,0,4,"EventsController::GetEvents@30-33@/home/alex/dev/Bachelor/baseline/angularbooking/AngularBooking/Controllers/Site/EventsController.cs","/home/alex/dev/Bachelor/baseline/angularbooking/AngularBooking/Controllers/Site/EventsController.cs","EventsController::GetEvents","AngularBooking.Controllers.Site::EventsController::GetEvents()",30,33
13,3,59,1,16,"EventsController::GetEvent@37-52@/home/alex/dev/Bachelor/baseline/angularbooking/AngularBooking/Controllers/Site/EventsController.cs","/home/alex/dev/Bachelor/baseline/angularbooking/AngularBooking/Controllers/Site/EventsController.cs","EventsController::GetEvent","AngularBooking.Controllers.Site::EventsController::GetEvent( [ FromRoute ] int id)",37,52
27,5,92,2,30,"EventsController::PutEvent@57-86@/home/alex/dev/Bachelor/baseline/angularbooking/AngularBooking/Controllers/Site/EventsController.cs","/home/alex/dev/Bachelor/baseline/angularbooking/AngularBooking/Controllers/Site/EventsController.cs","EventsController::PutEvent","AngularBooking.Controllers.Site::EventsController::PutEvent( [ FromRoute ] int id , [ FromBody ] Event @ event)",57,86
9,2,55,1,11,"EventsController::PostEvent@91-101@/home/alex/dev/Bachelor/baseline/angularbooking/AngularBooking/Controllers/Site/EventsController.cs","/home/alex/dev/Bachelor/baseline/angularbooking/AngularBooking/Controllers/Site/EventsController.cs","EventsController::PostEvent","AngularBooking.Controllers.Site::EventsController::PostEvent( [ FromBody ] Event @ event)",91,101
14,3,69,1,17,"EventsController::DeleteEvent@106-122@/home/alex/dev/Bachelor/baseline/angularbooking/AngularBooking/Controllers/Site/EventsController.cs","/home/alex/dev/Bachelor/baseline/angularbooking/AngularBooking/Controllers/Site/EventsController.cs","EventsController::DeleteEvent","AngularBooking.Controllers.Site::EventsController::DeleteEvent( [ FromRoute ] int id)",106,122
4,1,23,1,4,"EventsController::EventExists@125-128@/home/alex/dev/Bachelor/baseline/angularbooking/AngularBooking/Controllers/Site/EventsController.cs","/home/alex/dev/Bachelor/baseline/angularbooking/AngularBooking/Controllers/Site/EventsController.cs","EventsController::EventExists","AngularBooking.Controllers.Site::EventsController::EventExists( int id)",125,128
4,1,11,1,4,"FeaturesController::FeaturesController@22-25@/home/alex/dev/Bachelor/baseline/angularbooking/AngularBooking/Controllers/Site/FeaturesController.cs","/home/alex/dev/Bachelor/baseline/angularbooking/AngularBooking/Controllers/Site/FeaturesController.cs","FeaturesController::FeaturesController","AngularBooking.Controllers.Site::FeaturesController::FeaturesController( IUnitOfWork unitOfWork)",22,25
4,1,14,0,4,"FeaturesController::GetFeatures@30-33@/home/alex/dev/Bachelor/baseline/angularbooking/AngularBooking/Controllers/Site/FeaturesController.cs","/home/alex/dev/Bachelor/baseline/angularbooking/AngularBooking/Controllers/Site/FeaturesController.cs","FeaturesController::GetFeatures","AngularBooking.Controllers.Site::FeaturesController::GetFeatures()",30,33
13,3,56,1,16,"FeaturesController::GetFeature@37-52@/home/alex/dev/Bachelor/baseline/angularbooking/AngularBooking/Controllers/Site/FeaturesController.cs","/home/alex/dev/Bachelor/baseline/angularbooking/AngularBooking/Controllers/Site/FeaturesController.cs","FeaturesController::GetFeature","AngularBooking.Controllers.Site::FeaturesController::GetFeature( [ FromRoute ] int id)",37,52
27,5,89,2,30,"FeaturesController::PutFeature@57-86@/home/alex/dev/Bachelor/baseline/angularbooking/AngularBooking/Controllers/Site/FeaturesController.cs","/home/alex/dev/Bachelor/baseline/angularbooking/AngularBooking/Controllers/Site/FeaturesController.cs","FeaturesController::PutFeature","AngularBooking.Controllers.Site::FeaturesController::PutFeature( [ FromRoute ] int id , [ FromBody ] Feature feature)",57,86
9,2,51,1,11,"FeaturesController::PostFeature@91-101@/home/alex/dev/Bachelor/baseline/angularbooking/AngularBooking/Controllers/Site/FeaturesController.cs","/home/alex/dev/Bachelor/baseline/angularbooking/AngularBooking/Controllers/Site/FeaturesController.cs","FeaturesController::PostFeature","AngularBooking.Controllers.Site::FeaturesController::PostFeature( [ FromBody ] Feature feature)",91,101
14,3,65,1,17,"FeaturesController::DeleteFeature@106-122@/home/alex/dev/Bachelor/baseline/angularbooking/AngularBooking/Controllers/Site/FeaturesController.cs","/home/alex/dev/Bachelor/baseline/angularbooking/AngularBooking/Controllers/Site/FeaturesController.cs","FeaturesController::DeleteFeature","AngularBooking.Controllers.Site::FeaturesController::DeleteFeature( [ FromRoute ] int id)",106,122
4,1,23,1,4,"FeaturesController::FeatureExists@125-128@/home/alex/dev/Bachelor/baseline/angularbooking/AngularBooking/Controllers/Site/FeaturesController.cs","/home/alex/dev/Bachelor/baseline/angularbooking/AngularBooking/Controllers/Site/FeaturesController.cs","FeaturesController::FeatureExists","AngularBooking.Controllers.Site::FeaturesController::FeatureExists( int id)",125,128
4,1,11,1,4,"PricingStrategiesController::PricingStrategiesController@21-24@/home/alex/dev/Bachelor/baseline/angularbooking/AngularBooking/Controllers/Site/PricingStrategiesController.cs","/home/alex/dev/Bachelor/baseline/angularbooking/AngularBooking/Controllers/Site/PricingStrategiesController.cs","PricingStrategiesController::PricingStrategiesController","AngularBooking.Controllers.Site::PricingStrategiesController::PricingStrategiesController( IUnitOfWork unitOfWork)",21,24
4,1,14,0,4,"PricingStrategiesController::GetPricingStrategies@28-31@/home/alex/dev/Bachelor/baseline/angularbooking/AngularBooking/Controllers/Site/PricingStrategiesController.cs","/home/alex/dev/Bachelor/baseline/angularbooking/AngularBooking/Controllers/Site/PricingStrategiesController.cs","PricingStrategiesController::GetPricingStrategies","AngularBooking.Controllers.Site::PricingStrategiesController::GetPricingStrategies()",28,31
13,3,56,1,16,"PricingStrategiesController::GetPricingStrategy@35-50@/home/alex/dev/Bachelor/baseline/angularbooking/AngularBooking/Controllers/Site/PricingStrategiesController.cs","/home/alex/dev/Bachelor/baseline/angularbooking/AngularBooking/Controllers/Site/PricingStrategiesController.cs","PricingStrategiesController::GetPricingStrategy","AngularBooking.Controllers.Site::PricingStrategiesController::GetPricingStrategy( [ FromRoute ] int id)",35,50
27,5,89,2,30,"PricingStrategiesController::PutPricingStrategy@55-84@/home/alex/dev/Bachelor/baseline/angularbooking/AngularBooking/Controllers/Site/PricingStrategiesController.cs","/home/alex/dev/Bachelor/baseline/angularbooking/AngularBooking/Controllers/Site/PricingStrategiesController.cs","PricingStrategiesController::PutPricingStrategy","AngularBooking.Controllers.Site::PricingStrategiesController::PutPricingStrategy( [ FromRoute ] int id , [ FromBody ] PricingStrategy pricingStrategy)",55,84
9,2,51,1,11,"PricingStrategiesController::PostPricingStrategy@89-99@/home/alex/dev/Bachelor/baseline/angularbooking/AngularBooking/Controllers/Site/PricingStrategiesController.cs","/home/alex/dev/Bachelor/baseline/angularbooking/AngularBooking/Controllers/Site/PricingStrategiesController.cs","PricingStrategiesController::PostPricingStrategy","AngularBooking.Controllers.Site::PricingStrategiesController::PostPricingStrategy( [ FromBody ] PricingStrategy pricingStrategy)",89,99
14,3,65,1,17,"PricingStrategiesController::DeletePricingStrategy@104-120@/home/alex/dev/Bachelor/baseline/angularbooking/AngularBooking/Controllers/Site/PricingStrategiesController.cs","/home/alex/dev/Bachelor/baseline/angularbooking/AngularBooking/Controllers/Site/PricingStrategiesController.cs","PricingStrategiesController::DeletePricingStrategy","AngularBooking.Controllers.Site::PricingStrategiesController::DeletePricingStrategy( [ FromRoute ] int id)",104,120
4,1,23,1,4,"PricingStrategiesController::PricingStrategiesExists@123-126@/home/alex/dev/Bachelor/baseline/angularbooking/AngularBooking/Controllers/Site/PricingStrategiesController.cs","/home/alex/dev/Bachelor/baseline/angularbooking/AngularBooking/Controllers/Site/PricingStrategiesController.cs","PricingStrategiesController::PricingStrategiesExists","AngularBooking.Controllers.Site::PricingStrategiesController::PricingStrategiesExists( int id)",123,126
4,1,11,1,4,"PricingStrategyItemsController::PricingStrategyItemsController@21-24@/home/alex/dev/Bachelor/baseline/angularbooking/AngularBooking/Controllers/Site/PricingStrategyItemsController.cs","/home/alex/dev/Bachelor/baseline/angularbooking/AngularBooking/Controllers/Site/PricingStrategyItemsController.cs","PricingStrategyItemsController::PricingStrategyItemsController","AngularBooking.Controllers.Site::PricingStrategyItemsController::PricingStrategyItemsController( IUnitOfWork unitOfWork)",21,24
4,1,14,0,4,"PricingStrategyItemsController::GetPricingStrategyItems@28-31@/home/alex/dev/Bachelor/baseline/angularbooking/AngularBooking/Controllers/Site/PricingStrategyItemsController.cs","/home/alex/dev/Bachelor/baseline/angularbooking/AngularBooking/Controllers/Site/PricingStrategyItemsController.cs","PricingStrategyItemsController::GetPricingStrategyItems","AngularBooking.Controllers.Site::PricingStrategyItemsController::GetPricingStrategyItems()",28,31
13,3,56,1,16,"PricingStrategyItemsController::GetPricingStrategyItem@35-50@/home/alex/dev/Bachelor/baseline/angularbooking/AngularBooking/Controllers/Site/PricingStrategyItemsController.cs","/home/alex/dev/Bachelor/baseline/angularbooking/AngularBooking/Controllers/Site/PricingStrategyItemsController.cs","PricingStrategyItemsController::GetPricingStrategyItem","AngularBooking.Controllers.Site::PricingStrategyItemsController::GetPricingStrategyItem( [ FromRoute ] int id)",35,50
27,5,89,2,30,"PricingStrategyItemsController::PutPricingStrategyItem@55-84@/home/alex/dev/Bachelor/baseline/angularbooking/AngularBooking/Controllers/Site/PricingStrategyItemsController.cs","/home/alex/dev/Bachelor/baseline/angularbooking/AngularBooking/Controllers/Site/PricingStrategyItemsController.cs","PricingStrategyItemsController::PutPricingStrategyItem","AngularBooking.Controllers.Site::PricingStrategyItemsController::PutPricingStrategyItem( [ FromRoute ] int id , [ FromBody ] PricingStrategyItem pricingStrategyItem)",55,84
9,2,51,1,11,"PricingStrategyItemsController::PostPricingStrategyItem@89-99@/home/alex/dev/Bachelor/baseline/angularbooking/AngularBooking/Controllers/Site/PricingStrategyItemsController.cs","/home/alex/dev/Bachelor/baseline/angularbooking/AngularBooking/Controllers/Site/PricingStrategyItemsController.cs","PricingStrategyItemsController::PostPricingStrategyItem","AngularBooking.Controllers.Site::PricingStrategyItemsController::PostPricingStrategyItem( [ FromBody ] PricingStrategyItem pricingStrategyItem)",89,99
14,3,65,1,17,"PricingStrategyItemsController::DeletePricingStrategyItem@104-120@/home/alex/dev/Bachelor/baseline/angularbooking/AngularBooking/Controllers/Site/PricingStrategyItemsController.cs","/home/alex/dev/Bachelor/baseline/angularbooking/AngularBooking/Controllers/Site/PricingStrategyItemsController.cs","PricingStrategyItemsController::DeletePricingStrategyItem","AngularBooking.Controllers.Site::PricingStrategyItemsController::DeletePricingStrategyItem( [ FromRoute ] int id)",104,120
4,1,23,1,4,"PricingStrategyItemsController::PricingStrategyItemExists@123-126@/home/alex/dev/Bachelor/baseline/angularbooking/AngularBooking/Controllers/Site/PricingStrategyItemsController.cs","/home/alex/dev/Bachelor/baseline/angularbooking/AngularBooking/Controllers/Site/PricingStrategyItemsController.cs","PricingStrategyItemsController::PricingStrategyItemExists","AngularBooking.Controllers.Site::PricingStrategyItemsController::PricingStrategyItemExists( int id)",123,126
4,1,11,1,4,"RoomsController::RoomsController@22-25@/home/alex/dev/Bachelor/baseline/angularbooking/AngularBooking/Controllers/Site/RoomsController.cs","/home/alex/dev/Bachelor/baseline/angularbooking/AngularBooking/Controllers/Site/RoomsController.cs","RoomsController::RoomsController","AngularBooking.Controllers.Site::RoomsController::RoomsController( IUnitOfWork unitOfWork)",22,25
4,1,14,0,4,"RoomsController::GetRooms@30-33@/home/alex/dev/Bachelor/baseline/angularbooking/AngularBooking/Controllers/Site/RoomsController.cs","/home/alex/dev/Bachelor/baseline/angularbooking/AngularBooking/Controllers/Site/RoomsController.cs","RoomsController::GetRooms","AngularBooking.Controllers.Site::RoomsController::GetRooms()",30,33
13,3,56,1,16,"RoomsController::GetRoom@37-52@/home/alex/dev/Bachelor/baseline/angularbooking/AngularBooking/Controllers/Site/RoomsController.cs","/home/alex/dev/Bachelor/baseline/angularbooking/AngularBooking/Controllers/Site/RoomsController.cs","RoomsController::GetRoom","AngularBooking.Controllers.Site::RoomsController::GetRoom( [ FromRoute ] int id)",37,52
27,5,89,2,30,"RoomsController::PutRoom@57-86@/home/alex/dev/Bachelor/baseline/angularbooking/AngularBooking/Controllers/Site/RoomsController.cs","/home/alex/dev/Bachelor/baseline/angularbooking/AngularBooking/Controllers/Site/RoomsController.cs","RoomsController::PutRoom","AngularBooking.Controllers.Site::RoomsController::PutRoom( [ FromRoute ] int id , [ FromBody ] Room room)",57,86
9,2,51,1,11,"RoomsController::PostRoom@91-101@/home/alex/dev/Bachelor/baseline/angularbooking/AngularBooking/Controllers/Site/RoomsController.cs","/home/alex/dev/Bachelor/baseline/angularbooking/AngularBooking/Controllers/Site/RoomsController.cs","RoomsController::PostRoom","AngularBooking.Controllers.Site::RoomsController::PostRoom( [ FromBody ] Room room)",91,101
14,3,65,1,17,"RoomsController::DeleteRoom@106-122@/home/alex/dev/Bachelor/baseline/angularbooking/AngularBooking/Controllers/Site/RoomsController.cs","/home/alex/dev/Bachelor/baseline/angularbooking/AngularBooking/Controllers/Site/RoomsController.cs","RoomsController::DeleteRoom","AngularBooking.Controllers.Site::RoomsController::DeleteRoom( [ FromRoute ] int id)",106,122
4,1,23,1,4,"RoomsController::RoomExists@125-128@/home/alex/dev/Bachelor/baseline/angularbooking/AngularBooking/Controllers/Site/RoomsController.cs","/home/alex/dev/Bachelor/baseline/angularbooking/AngularBooking/Controllers/Site/RoomsController.cs","RoomsController::RoomExists","AngularBooking.Controllers.Site::RoomsController::RoomExists( int id)",125,128
4,1,11,1,4,"ShowingsController::ShowingsController@22-25@/home/alex/dev/Bachelor/baseline/angularbooking/AngularBooking/Controllers/Site/ShowingsController.cs","/home/alex/dev/Bachelor/baseline/angularbooking/AngularBooking/Controllers/Site/ShowingsController.cs","ShowingsController::ShowingsController","AngularBooking.Controllers.Site::ShowingsController::ShowingsController( IUnitOfWork unitOfWork)",22,25
4,1,14,0,4,"ShowingsController::GetShowings@30-33@/home/alex/dev/Bachelor/baseline/angularbooking/AngularBooking/Controllers/Site/ShowingsController.cs","/home/alex/dev/Bachelor/baseline/angularbooking/AngularBooking/Controllers/Site/ShowingsController.cs","ShowingsController::GetShowings","AngularBooking.Controllers.Site::ShowingsController::GetShowings()",30,33
13,3,56,1,16,"ShowingsController::GetShowing@37-52@/home/alex/dev/Bachelor/baseline/angularbooking/AngularBooking/Controllers/Site/ShowingsController.cs","/home/alex/dev/Bachelor/baseline/angularbooking/AngularBooking/Controllers/Site/ShowingsController.cs","ShowingsController::GetShowing","AngularBooking.Controllers.Site::ShowingsController::GetShowing( [ FromRoute ] int id)",37,52
27,5,89,2,30,"ShowingsController::PutShowing@57-86@/home/alex/dev/Bachelor/baseline/angularbooking/AngularBooking/Controllers/Site/ShowingsController.cs","/home/alex/dev/Bachelor/baseline/angularbooking/AngularBooking/Controllers/Site/ShowingsController.cs","ShowingsController::PutShowing","AngularBooking.Controllers.Site::ShowingsController::PutShowing( [ FromRoute ] int id , [ FromBody ] Showing showing)",57,86
9,2,51,1,11,"ShowingsController::PostShowing@91-101@/home/alex/dev/Bachelor/baseline/angularbooking/AngularBooking/Controllers/Site/ShowingsController.cs","/home/alex/dev/Bachelor/baseline/angularbooking/AngularBooking/Controllers/Site/ShowingsController.cs","ShowingsController::PostShowing","AngularBooking.Controllers.Site::ShowingsController::PostShowing( [ FromBody ] Showing showing)",91,101
14,3,65,1,17,"ShowingsController::DeleteShowing@106-122@/home/alex/dev/Bachelor/baseline/angularbooking/AngularBooking/Controllers/Site/ShowingsController.cs","/home/alex/dev/Bachelor/baseline/angularbooking/AngularBooking/Controllers/Site/ShowingsController.cs","ShowingsController::DeleteShowing","AngularBooking.Controllers.Site::ShowingsController::DeleteShowing( [ FromRoute ] int id)",106,122
9,2,111,1,15,"ShowingsController::GetAllocatedSeating@125-139@/home/alex/dev/Bachelor/baseline/angularbooking/AngularBooking/Controllers/Site/ShowingsController.cs","/home/alex/dev/Bachelor/baseline/angularbooking/AngularBooking/Controllers/Site/ShowingsController.cs","ShowingsController::GetAllocatedSeating","AngularBooking.Controllers.Site::ShowingsController::GetAllocatedSeating( [ FromRoute ] int id)",125,139
4,1,23,1,4,"ShowingsController::ShowingExists@142-145@/home/alex/dev/Bachelor/baseline/angularbooking/AngularBooking/Controllers/Site/ShowingsController.cs","/home/alex/dev/Bachelor/baseline/angularbooking/AngularBooking/Controllers/Site/ShowingsController.cs","ShowingsController::ShowingExists","AngularBooking.Controllers.Site::ShowingsController::ShowingExists( int id)",142,145
4,1,11,1,4,"VenuesController::VenuesController@22-25@/home/alex/dev/Bachelor/baseline/angularbooking/AngularBooking/Controllers/Site/VenuesController.cs","/home/alex/dev/Bachelor/baseline/angularbooking/AngularBooking/Controllers/Site/VenuesController.cs","VenuesController::VenuesController","AngularBooking.Controllers.Site::VenuesController::VenuesController( IUnitOfWork unitOfWork)",22,25
4,1,14,0,4,"VenuesController::GetVenues@30-33@/home/alex/dev/Bachelor/baseline/angularbooking/AngularBooking/Controllers/Site/VenuesController.cs","/home/alex/dev/Bachelor/baseline/angularbooking/AngularBooking/Controllers/Site/VenuesController.cs","VenuesController::GetVenues","AngularBooking.Controllers.Site::VenuesController::GetVenues()",30,33
13,3,56,1,16,"VenuesController::GetVenue@37-52@/home/alex/dev/Bachelor/baseline/angularbooking/AngularBooking/Controllers/Site/VenuesController.cs","/home/alex/dev/Bachelor/baseline/angularbooking/AngularBooking/Controllers/Site/VenuesController.cs","VenuesController::GetVenue","AngularBooking.Controllers.Site::VenuesController::GetVenue( [ FromRoute ] int id)",37,52
27,5,89,2,30,"VenuesController::PutVenue@57-86@/home/alex/dev/Bachelor/baseline/angularbooking/AngularBooking/Controllers/Site/VenuesController.cs","/home/alex/dev/Bachelor/baseline/angularbooking/AngularBooking/Controllers/Site/VenuesController.cs","VenuesController::PutVenue","AngularBooking.Controllers.Site::VenuesController::PutVenue( [ FromRoute ] int id , [ FromBody ] Venue venue)",57,86
9,2,51,1,11,"VenuesController::PostVenue@91-101@/home/alex/dev/Bachelor/baseline/angularbooking/AngularBooking/Controllers/Site/VenuesController.cs","/home/alex/dev/Bachelor/baseline/angularbooking/AngularBooking/Controllers/Site/VenuesController.cs","VenuesController::PostVenue","AngularBooking.Controllers.Site::VenuesController::PostVenue( [ FromBody ] Venue venue)",91,101
14,3,65,1,17,"VenuesController::DeleteVenue@106-122@/home/alex/dev/Bachelor/baseline/angularbooking/AngularBooking/Controllers/Site/VenuesController.cs","/home/alex/dev/Bachelor/baseline/angularbooking/AngularBooking/Controllers/Site/VenuesController.cs","VenuesController::DeleteVenue","AngularBooking.Controllers.Site::VenuesController::DeleteVenue( [ FromRoute ] int id)",106,122
4,1,23,1,4,"VenuesController::VenueExists@125-128@/home/alex/dev/Bachelor/baseline/angularbooking/AngularBooking/Controllers/Site/VenuesController.cs","/home/alex/dev/Bachelor/baseline/angularbooking/AngularBooking/Controllers/Site/VenuesController.cs","VenuesController::VenueExists","AngularBooking.Controllers.Site::VenuesController::VenueExists( int id)",125,128
1,1,5,0,1,"ApplicationDbContext::ApplicationDbContext@13-13@/home/alex/dev/Bachelor/baseline/angularbooking/AngularBooking/Data/ApplicationDbContext.cs","/home/alex/dev/Bachelor/baseline/angularbooking/AngularBooking/Data/ApplicationDbContext.cs","ApplicationDbContext::ApplicationDbContext","AngularBooking.Data::ApplicationDbContext::ApplicationDbContext()",13,13
1,1,15,1,1,"ApplicationDbContext::ApplicationDbContext@14-14@/home/alex/dev/Bachelor/baseline/angularbooking/AngularBooking/Data/ApplicationDbContext.cs","/home/alex/dev/Bachelor/baseline/angularbooking/AngularBooking/Data/ApplicationDbContext.cs","ApplicationDbContext::ApplicationDbContext","AngularBooking.Data::ApplicationDbContext::ApplicationDbContext( DbContextOptions<ApplicationDbContext> options)",14,14
4,1,14,1,4,"ApplicationDbContext::OnModelCreating@27-30@/home/alex/dev/Bachelor/baseline/angularbooking/AngularBooking/Data/ApplicationDbContext.cs","/home/alex/dev/Bachelor/baseline/angularbooking/AngularBooking/Data/ApplicationDbContext.cs","ApplicationDbContext::OnModelCreating","AngularBooking.Data::ApplicationDbContext::OnModelCreating( ModelBuilder builder)",27,30
4,1,11,1,4,"DbRepository::DbRepository@18-21@/home/alex/dev/Bachelor/baseline/angularbooking/AngularBooking/Data/DbRepository.cs","/home/alex/dev/Bachelor/baseline/angularbooking/AngularBooking/Data/DbRepository.cs","DbRepository::DbRepository","AngularBooking.Data::DbRepository::DbRepository( ApplicationDbContext context)",18,21
13,2,48,1,15,"DbRepository::Create@23-37@/home/alex/dev/Bachelor/baseline/angularbooking/AngularBooking/Data/DbRepository.cs","/home/alex/dev/Bachelor/baseline/angularbooking/AngularBooking/Data/DbRepository.cs","DbRepository::Create","AngularBooking.Data::DbRepository::Create( T entity)",23,37
18,3,80,1,22,"DbRepository::Delete@39-60@/home/alex/dev/Bachelor/baseline/angularbooking/AngularBooking/Data/DbRepository.cs","/home/alex/dev/Bachelor/baseline/angularbooking/AngularBooking/Data/DbRepository.cs","DbRepository::Delete","AngularBooking.Data::DbRepository::Delete( T entity)",39,60
19,3,96,1,24,"DbRepository::Update@62-85@/home/alex/dev/Bachelor/baseline/angularbooking/AngularBooking/Data/DbRepository.cs","/home/alex/dev/Bachelor/baseline/angularbooking/AngularBooking/Data/DbRepository.cs","DbRepository::Update","AngularBooking.Data::DbRepository::Update( T entity)",62,85
14,3,51,1,15,"DbRepository::Exists@87-101@/home/alex/dev/Bachelor/baseline/angularbooking/AngularBooking/Data/DbRepository.cs","/home/alex/dev/Bachelor/baseline/angularbooking/AngularBooking/Data/DbRepository.cs","DbRepository::Exists","AngularBooking.Data::DbRepository::Exists( T entity)",87,101
11,2,38,0,13,"DbRepository::Get@103-115@/home/alex/dev/Bachelor/baseline/angularbooking/AngularBooking/Data/DbRepository.cs","/home/alex/dev/Bachelor/baseline/angularbooking/AngularBooking/Data/DbRepository.cs","DbRepository::Get","AngularBooking.Data::DbRepository::Get()",103,115
11,2,41,1,13,"DbRepository::GetById@117-129@/home/alex/dev/Bachelor/baseline/angularbooking/AngularBooking/Data/DbRepository.cs","/home/alex/dev/Bachelor/baseline/angularbooking/AngularBooking/Data/DbRepository.cs","DbRepository::GetById","AngularBooking.Data::DbRepository::GetById( int id)",117,129
13,1,117,1,13,"DbUnitOfWork::DbUnitOfWork@11-23@/home/alex/dev/Bachelor/baseline/angularbooking/AngularBooking/Data/DbUnitOfWork.cs","/home/alex/dev/Bachelor/baseline/angularbooking/AngularBooking/Data/DbUnitOfWork.cs","DbUnitOfWork::DbUnitOfWork","AngularBooking.Data::DbUnitOfWork::DbUnitOfWork( ApplicationDbContext context)",11,23
199,6,1097,7,231,"SeedDataProvider::Generate@12-242@/home/alex/dev/Bachelor/baseline/angularbooking/AngularBooking/Data/SeedDataProvider.cs","/home/alex/dev/Bachelor/baseline/angularbooking/AngularBooking/Data/SeedDataProvider.cs","SeedDataProvider::Generate","AngularBooking.Data::SeedDataProvider::Generate( ApplicationDbContext context , int days = 7 , int rooms = 5 , int minCols = 6 , int maxCols = 12 , int minRows = 6 , int maxRows = 12)",12,242
8,2,43,1,13,"SeedDataProvider::ImageToBase64@244-256@/home/alex/dev/Bachelor/baseline/angularbooking/AngularBooking/Data/SeedDataProvider.cs","/home/alex/dev/Bachelor/baseline/angularbooking/AngularBooking/Data/SeedDataProvider.cs","SeedDataProvider::ImageToBase64","AngularBooking.Data::SeedDataProvider::ImageToBase64( string path)",244,256
8,1,39,5,8,"RegisterViewModel::RegisterViewModel@11-18@/home/alex/dev/Bachelor/baseline/angularbooking/AngularBooking/Models/View/Account/RegisterViewModel.cs","/home/alex/dev/Bachelor/baseline/angularbooking/AngularBooking/Models/View/Account/RegisterViewModel.cs","RegisterViewModel::RegisterViewModel","AngularBooking.Models.View.Account::RegisterViewModel::RegisterViewModel( string firstName , string lastName , string email , string password , string confirmPassword)",11,18
20,5,138,2,25,"BasicEmailService::BasicEmailService@18-42@/home/alex/dev/Bachelor/baseline/angularbooking/AngularBooking/Services/Email/BasicEmailService.cs","/home/alex/dev/Bachelor/baseline/angularbooking/AngularBooking/Services/Email/BasicEmailService.cs","BasicEmailService::BasicEmailService","AngularBooking.Services.Email::BasicEmailService::BasicEmailService( string testPickupDirectory , string configString)",18,42
16,3,80,4,20,"BasicEmailService::SendEmail@44-63@/home/alex/dev/Bachelor/baseline/angularbooking/AngularBooking/Services/Email/BasicEmailService.cs","/home/alex/dev/Bachelor/baseline/angularbooking/AngularBooking/Services/Email/BasicEmailService.cs","BasicEmailService::SendEmail","AngularBooking.Services.Email::BasicEmailService::SendEmail( string to , string subject , string content , string from = null)",44,63
6,2,46,2,6,"InMemoryJwtManager::InMemoryJwtManager@30-35@/home/alex/dev/Bachelor/baseline/angularbooking/AngularBooking/Services/JwtManager/InMemoryJwtManager.cs","/home/alex/dev/Bachelor/baseline/angularbooking/AngularBooking/Services/JwtManager/InMemoryJwtManager.cs","InMemoryJwtManager::InMemoryJwtManager","AngularBooking.Services.JwtManager::InMemoryJwtManager::InMemoryJwtManager( IConfiguration configuration , string jwtKey = null)",30,35
7,2,53,3,7,"InMemoryJwtManager::InMemoryJwtManager@37-43@/home/alex/dev/Bachelor/baseline/angularbooking/AngularBooking/Services/JwtManager/InMemoryJwtManager.cs","/home/alex/dev/Bachelor/baseline/angularbooking/AngularBooking/Services/JwtManager/InMemoryJwtManager.cs","InMemoryJwtManager::InMemoryJwtManager","AngularBooking.Services.JwtManager::InMemoryJwtManager::InMemoryJwtManager( IConfiguration configuration , TimeSpan tokenDuration , string jwtKey = null)",37,43
26,5,147,1,32,"InMemoryJwtManager::RevokeToken@45-76@/home/alex/dev/Bachelor/baseline/angularbooking/AngularBooking/Services/JwtManager/InMemoryJwtManager.cs","/home/alex/dev/Bachelor/baseline/angularbooking/AngularBooking/Services/JwtManager/InMemoryJwtManager.cs","InMemoryJwtManager::RevokeToken","AngularBooking.Services.JwtManager::InMemoryJwtManager::RevokeToken( JwtSecurityToken token)",45,76
8,2,40,1,9,"InMemoryJwtManager::RevokeToken@78-86@/home/alex/dev/Bachelor/baseline/angularbooking/AngularBooking/Services/JwtManager/InMemoryJwtManager.cs","/home/alex/dev/Bachelor/baseline/angularbooking/AngularBooking/Services/JwtManager/InMemoryJwtManager.cs","InMemoryJwtManager::RevokeToken","AngularBooking.Services.JwtManager::InMemoryJwtManager::RevokeToken( string token)",78,86
21,1,137,2,24,"InMemoryJwtManager::GenerateJwtAsync@88-111@/home/alex/dev/Bachelor/baseline/angularbooking/AngularBooking/Services/JwtManager/InMemoryJwtManager.cs","/home/alex/dev/Bachelor/baseline/angularbooking/AngularBooking/Services/JwtManager/InMemoryJwtManager.cs","InMemoryJwtManager::GenerateJwtAsync","AngularBooking.Services.JwtManager::InMemoryJwtManager::GenerateJwtAsync( string username , List<Claim> additionalClaims)",88,111
7,2,59,2,9,"InMemoryJwtManager::GenerateJwtStringAsync@113-121@/home/alex/dev/Bachelor/baseline/angularbooking/AngularBooking/Services/JwtManager/InMemoryJwtManager.cs","/home/alex/dev/Bachelor/baseline/angularbooking/AngularBooking/Services/JwtManager/InMemoryJwtManager.cs","InMemoryJwtManager::GenerateJwtStringAsync","AngularBooking.Services.JwtManager::InMemoryJwtManager::GenerateJwtStringAsync( string username , List<Claim> additionalClaims)",113,121
8,2,44,1,10,"InMemoryJwtManager::IsRevoked@123-132@/home/alex/dev/Bachelor/baseline/angularbooking/AngularBooking/Services/JwtManager/InMemoryJwtManager.cs","/home/alex/dev/Bachelor/baseline/angularbooking/AngularBooking/Services/JwtManager/InMemoryJwtManager.cs","InMemoryJwtManager::IsRevoked","AngularBooking.Services.JwtManager::InMemoryJwtManager::IsRevoked( string token)",123,132
4,1,17,1,4,"InMemoryJwtManager::IsRevoked@134-137@/home/alex/dev/Bachelor/baseline/angularbooking/AngularBooking/Services/JwtManager/InMemoryJwtManager.cs","/home/alex/dev/Bachelor/baseline/angularbooking/AngularBooking/Services/JwtManager/InMemoryJwtManager.cs","InMemoryJwtManager::IsRevoked","AngularBooking.Services.JwtManager::InMemoryJwtManager::IsRevoked( JwtSecurityToken token)",134,137
4,1,22,1,4,"Program::Main@15-18@/home/alex/dev/Bachelor/baseline/angularbooking/AngularBooking/Program.cs","/home/alex/dev/Bachelor/baseline/angularbooking/AngularBooking/Program.cs","Program::Main","AngularBooking::Program::Main( string [ ] args)",15,18
4,1,27,1,4,"Program::CreateWebHostBuilder@20-23@/home/alex/dev/Bachelor/baseline/angularbooking/AngularBooking/Program.cs","/home/alex/dev/Bachelor/baseline/angularbooking/AngularBooking/Program.cs","Program::CreateWebHostBuilder","AngularBooking::Program::CreateWebHostBuilder( string [ ] args)",20,23
10,2,43,2,11,"Startup::Startup@40-50@/home/alex/dev/Bachelor/baseline/angularbooking/AngularBooking/Startup.cs","/home/alex/dev/Bachelor/baseline/angularbooking/AngularBooking/Startup.cs","Startup::Startup","AngularBooking::Startup::Startup( IConfiguration configuration , IHostingEnvironment env)",40,50
98,6,560,1,137,"Startup::ConfigureServices@53-189@/home/alex/dev/Bachelor/baseline/angularbooking/AngularBooking/Startup.cs","/home/alex/dev/Bachelor/baseline/angularbooking/AngularBooking/Startup.cs","Startup::ConfigureServices","AngularBooking::Startup::ConfigureServices( IServiceCollection services)",53,189
108,14,645,3,141,"Startup::Configure@192-332@/home/alex/dev/Bachelor/baseline/angularbooking/AngularBooking/Startup.cs","/home/alex/dev/Bachelor/baseline/angularbooking/AngularBooking/Startup.cs","Startup::Configure","AngularBooking::Startup::Configure( IApplicationBuilder app , IHostingEnvironment env , IApplicationLifetime lifetime)",192,332
