8,1,43,0,10,"TestHelper::GetInMemoryContext@11-20@/home/alex/dev/Bachelor/baseline/Godsend/API.Tests/Common/TestHelper.cs","/home/alex/dev/Bachelor/baseline/Godsend/API.Tests/Common/TestHelper.cs","TestHelper::GetInMemoryContext","API.Tests.Common::TestHelper::GetInMemoryContext()",11,20
602,13,3601,1,665,"TestSeedHelper::EnsurePopulated@19-683@/home/alex/dev/Bachelor/baseline/Godsend/API.Tests/Common/TestSeedHelper.cs","/home/alex/dev/Bachelor/baseline/Godsend/API.Tests/Common/TestSeedHelper.cs","TestSeedHelper::EnsurePopulated","API.Tests.Common::TestSeedHelper::EnsurePopulated( DataContext context)",19,683
14,3,54,1,14,"TestSeedHelper::ToEnumerable<T>@685-698@/home/alex/dev/Bachelor/baseline/Godsend/API.Tests/Common/TestSeedHelper.cs","/home/alex/dev/Bachelor/baseline/Godsend/API.Tests/Common/TestSeedHelper.cs","TestSeedHelper::ToEnumerable<T>","API.Tests.Common::TestSeedHelper::ToEnumerable<T>( ITuple tuple)",685,698
20,4,209,0,24,"EntityControllerTests::AllTest@15-38@/home/alex/dev/Bachelor/baseline/Godsend/API.Tests/Controllers/EntityControllerTests.cs","/home/alex/dev/Bachelor/baseline/Godsend/API.Tests/Controllers/EntityControllerTests.cs","EntityControllerTests::AllTest","API.Tests.Controllers::EntityControllerTests::AllTest()",15,38
13,1,131,0,17,"EntityControllerTests::CountTest@41-57@/home/alex/dev/Bachelor/baseline/Godsend/API.Tests/Controllers/EntityControllerTests.cs","/home/alex/dev/Bachelor/baseline/Godsend/API.Tests/Controllers/EntityControllerTests.cs","EntityControllerTests::CountTest","API.Tests.Controllers::EntityControllerTests::CountTest()",41,57
12,1,143,0,14,"EntityControllerTests::DeleteTest@60-73@/home/alex/dev/Bachelor/baseline/Godsend/API.Tests/Controllers/EntityControllerTests.cs","/home/alex/dev/Bachelor/baseline/Godsend/API.Tests/Controllers/EntityControllerTests.cs","EntityControllerTests::DeleteTest","API.Tests.Controllers::EntityControllerTests::DeleteTest()",60,73
13,1,151,0,15,"EntityControllerTests::CreateOrUpdateTest@76-90@/home/alex/dev/Bachelor/baseline/Godsend/API.Tests/Controllers/EntityControllerTests.cs","/home/alex/dev/Bachelor/baseline/Godsend/API.Tests/Controllers/EntityControllerTests.cs","EntityControllerTests::CreateOrUpdateTest","API.Tests.Controllers::EntityControllerTests::CreateOrUpdateTest()",76,90
15,1,177,0,19,"ProductControllerTests::GetSubCategoriesTest@15-33@/home/alex/dev/Bachelor/baseline/Godsend/API.Tests/Controllers/ProductControllerTests.cs","/home/alex/dev/Bachelor/baseline/Godsend/API.Tests/Controllers/ProductControllerTests.cs","ProductControllerTests::GetSubCategoriesTest","API.Tests.Controllers::ProductControllerTests::GetSubCategoriesTest()",15,33
9,1,90,0,13,"ProductControllerTests::DetailTest@36-48@/home/alex/dev/Bachelor/baseline/Godsend/API.Tests/Controllers/ProductControllerTests.cs","/home/alex/dev/Bachelor/baseline/Godsend/API.Tests/Controllers/ProductControllerTests.cs","ProductControllerTests::DetailTest","API.Tests.Controllers::ProductControllerTests::DetailTest()",36,48
16,1,217,0,20,"ProductControllerTests::GetAllCategoriesTest@51-70@/home/alex/dev/Bachelor/baseline/Godsend/API.Tests/Controllers/ProductControllerTests.cs","/home/alex/dev/Bachelor/baseline/Godsend/API.Tests/Controllers/ProductControllerTests.cs","ProductControllerTests::GetAllCategoriesTest","API.Tests.Controllers::ProductControllerTests::GetAllCategoriesTest()",51,70
21,1,270,0,24,"ProductControllerTests::GetByCategoryTest@73-96@/home/alex/dev/Bachelor/baseline/Godsend/API.Tests/Controllers/ProductControllerTests.cs","/home/alex/dev/Bachelor/baseline/Godsend/API.Tests/Controllers/ProductControllerTests.cs","ProductControllerTests::GetByCategoryTest","API.Tests.Controllers::ProductControllerTests::GetByCategoryTest()",73,96
19,1,241,0,22,"ProductControllerTests::GetPropertiesByCategory@99-120@/home/alex/dev/Bachelor/baseline/Godsend/API.Tests/Controllers/ProductControllerTests.cs","/home/alex/dev/Bachelor/baseline/Godsend/API.Tests/Controllers/ProductControllerTests.cs","ProductControllerTests::GetPropertiesByCategory","API.Tests.Controllers::ProductControllerTests::GetPropertiesByCategory()",99,120
5,1,30,0,5,"ProductRepositoryTests::ProductRepositoryTests@20-24@/home/alex/dev/Bachelor/baseline/Godsend/API.Tests/Repositories/ProductRepositoryTests.cs","/home/alex/dev/Bachelor/baseline/Godsend/API.Tests/Repositories/ProductRepositoryTests.cs","ProductRepositoryTests::ProductRepositoryTests","API.Tests.Repositories::ProductRepositoryTests::ProductRepositoryTests()",20,24
5,1,30,0,6,"ProductRepositoryTests::EntitiesTest@27-32@/home/alex/dev/Bachelor/baseline/Godsend/API.Tests/Repositories/ProductRepositoryTests.cs","/home/alex/dev/Bachelor/baseline/Godsend/API.Tests/Repositories/ProductRepositoryTests.cs","ProductRepositoryTests::EntitiesTest","API.Tests.Repositories::ProductRepositoryTests::EntitiesTest()",27,32
5,1,32,0,6,"ProductRepositoryTests::EntitiesInfoTest@35-40@/home/alex/dev/Bachelor/baseline/Godsend/API.Tests/Repositories/ProductRepositoryTests.cs","/home/alex/dev/Bachelor/baseline/Godsend/API.Tests/Repositories/ProductRepositoryTests.cs","ProductRepositoryTests::EntitiesInfoTest","API.Tests.Repositories::ProductRepositoryTests::EntitiesInfoTest()",35,40
5,1,48,0,6,"ProductRepositoryTests::GetEntityTest@43-48@/home/alex/dev/Bachelor/baseline/Godsend/API.Tests/Repositories/ProductRepositoryTests.cs","/home/alex/dev/Bachelor/baseline/Godsend/API.Tests/Repositories/ProductRepositoryTests.cs","ProductRepositoryTests::GetEntityTest","API.Tests.Repositories::ProductRepositoryTests::GetEntityTest()",43,48
5,1,50,0,6,"ProductRepositoryTests::GetEntityByInfoIdTest@51-56@/home/alex/dev/Bachelor/baseline/Godsend/API.Tests/Repositories/ProductRepositoryTests.cs","/home/alex/dev/Bachelor/baseline/Godsend/API.Tests/Repositories/ProductRepositoryTests.cs","ProductRepositoryTests::GetEntityByInfoIdTest","API.Tests.Repositories::ProductRepositoryTests::GetEntityByInfoIdTest()",51,56
8,1,93,0,10,"ProductRepositoryTests::SaveCreateTest@59-68@/home/alex/dev/Bachelor/baseline/Godsend/API.Tests/Repositories/ProductRepositoryTests.cs","/home/alex/dev/Bachelor/baseline/Godsend/API.Tests/Repositories/ProductRepositoryTests.cs","ProductRepositoryTests::SaveCreateTest","API.Tests.Repositories::ProductRepositoryTests::SaveCreateTest()",59,68
13,1,177,0,14,"ProductRepositoryTests::SaveEditTest@71-84@/home/alex/dev/Bachelor/baseline/Godsend/API.Tests/Repositories/ProductRepositoryTests.cs","/home/alex/dev/Bachelor/baseline/Godsend/API.Tests/Repositories/ProductRepositoryTests.cs","ProductRepositoryTests::SaveEditTest","API.Tests.Repositories::ProductRepositoryTests::SaveEditTest()",71,84
9,1,104,0,13,"ProductRepositoryTests::DeleteTest@88-100@/home/alex/dev/Bachelor/baseline/Godsend/API.Tests/Repositories/ProductRepositoryTests.cs","/home/alex/dev/Bachelor/baseline/Godsend/API.Tests/Repositories/ProductRepositoryTests.cs","ProductRepositoryTests::DeleteTest","API.Tests.Repositories::ProductRepositoryTests::DeleteTest()",88,100
6,1,54,0,6,"ProductRepositoryTests::GetTest@103-108@/home/alex/dev/Bachelor/baseline/Godsend/API.Tests/Repositories/ProductRepositoryTests.cs","/home/alex/dev/Bachelor/baseline/Godsend/API.Tests/Repositories/ProductRepositoryTests.cs","ProductRepositoryTests::GetTest","API.Tests.Repositories::ProductRepositoryTests::GetTest()",103,108
17,1,194,0,18,"ProductRepositoryTests::GetProductsWithSuppliersTest@110-127@/home/alex/dev/Bachelor/baseline/Godsend/API.Tests/Repositories/ProductRepositoryTests.cs","/home/alex/dev/Bachelor/baseline/Godsend/API.Tests/Repositories/ProductRepositoryTests.cs","ProductRepositoryTests::GetProductsWithSuppliersTest","API.Tests.Repositories::ProductRepositoryTests::GetProductsWithSuppliersTest()",110,127
8,1,91,0,10,"ProductRepositoryTests::GetPropertiesTest@130-139@/home/alex/dev/Bachelor/baseline/Godsend/API.Tests/Repositories/ProductRepositoryTests.cs","/home/alex/dev/Bachelor/baseline/Godsend/API.Tests/Repositories/ProductRepositoryTests.cs","ProductRepositoryTests::GetPropertiesTest","API.Tests.Repositories::ProductRepositoryTests::GetPropertiesTest()",130,139
2,1,4,0,2,"AppPage@3-4@/home/alex/dev/Bachelor/baseline/Godsend/Client/e2e/src/app.po.js","/home/alex/dev/Bachelor/baseline/Godsend/Client/e2e/src/app.po.js","AppPage","AppPage ( )",3,4
3,1,12,0,3,"AppPage.prototype.navigateTo@5-7@/home/alex/dev/Bachelor/baseline/Godsend/Client/e2e/src/app.po.js","/home/alex/dev/Bachelor/baseline/Godsend/Client/e2e/src/app.po.js","AppPage.prototype.navigateTo","AppPage.prototype.navigateTo ( )",5,7
3,1,19,0,3,"AppPage.prototype.getParagraphText@8-10@/home/alex/dev/Bachelor/baseline/Godsend/Client/e2e/src/app.po.js","/home/alex/dev/Bachelor/baseline/Godsend/Client/e2e/src/app.po.js","AppPage.prototype.getParagraphText","AppPage.prototype.getParagraphText ( )",8,10
6,1,30,1,11,"AppPage@2-12@/home/alex/dev/Bachelor/baseline/Godsend/Client/e2e/src/app.po.js","/home/alex/dev/Bachelor/baseline/Godsend/Client/e2e/src/app.po.js","AppPage","AppPage ( function ( )",2,12
3,1,12,0,3,"navigateTo@4-6@/home/alex/dev/Bachelor/baseline/Godsend/Client/e2e/src/app.po.ts","/home/alex/dev/Bachelor/baseline/Godsend/Client/e2e/src/app.po.ts","navigateTo","navigateTo ( )",4,6
3,1,19,0,3,"getParagraphText@8-10@/home/alex/dev/Bachelor/baseline/Godsend/Client/e2e/src/app.po.ts","/home/alex/dev/Bachelor/baseline/Godsend/Client/e2e/src/app.po.ts","getParagraphText","getParagraphText ( )",8,10
1,1,4,0,1,"print@20-20@/home/alex/dev/Bachelor/baseline/Godsend/Client/e2e/protractor.conf.js","/home/alex/dev/Bachelor/baseline/Godsend/Client/e2e/protractor.conf.js","print","print ( )",20,20
6,1,51,0,6,"onPrepare@22-27@/home/alex/dev/Bachelor/baseline/Godsend/Client/e2e/protractor.conf.js","/home/alex/dev/Bachelor/baseline/Godsend/Client/e2e/protractor.conf.js","onPrepare","onPrepare ( )",22,27
6,2,40,3,6,"Article@3-8@/home/alex/dev/Bachelor/baseline/Godsend/Client/src/app/models/article.model.js","/home/alex/dev/Bachelor/baseline/Godsend/Client/src/app/models/article.model.js","Article","Article ( content , info , id )",3,8
3,1,22,1,3,"Article.EnsureType@9-11@/home/alex/dev/Bachelor/baseline/Godsend/Client/src/app/models/article.model.js","/home/alex/dev/Bachelor/baseline/Godsend/Client/src/app/models/article.model.js","Article.EnsureType","Article.EnsureType ( art )",9,11
10,2,41,0,10,"Article.prototype.toCreateEdit@12-21@/home/alex/dev/Bachelor/baseline/Godsend/Client/src/app/models/article.model.js","/home/alex/dev/Bachelor/baseline/Godsend/Client/src/app/models/article.model.js","Article.prototype.toCreateEdit","Article.prototype.toCreateEdit ( )",12,21
6,1,28,1,22,"Article@2-23@/home/alex/dev/Bachelor/baseline/Godsend/Client/src/app/models/article.model.js","/home/alex/dev/Bachelor/baseline/Godsend/Client/src/app/models/article.model.js","Article","Article ( function ( )",2,23
18,8,169,9,18,"ArticleInfo@26-43@/home/alex/dev/Bachelor/baseline/Godsend/Client/src/app/models/article.model.js","/home/alex/dev/Bachelor/baseline/Godsend/Client/src/app/models/article.model.js","ArticleInfo","ArticleInfo ( name , description , tags , id , created , author , rating , watches , commentsCount )",26,43
4,1,12,1,21,"ArticleInfo@25-45@/home/alex/dev/Bachelor/baseline/Godsend/Client/src/app/models/article.model.js","/home/alex/dev/Bachelor/baseline/Godsend/Client/src/app/models/article.model.js","ArticleInfo","ArticleInfo ( function ( )",25,45
3,1,15,1,3,"ArticleTags@48-50@/home/alex/dev/Bachelor/baseline/Godsend/Client/src/app/models/article.model.js","/home/alex/dev/Bachelor/baseline/Godsend/Client/src/app/models/article.model.js","ArticleTags","ArticleTags ( value )",48,50
4,1,12,1,6,"ArticleTags@47-52@/home/alex/dev/Bachelor/baseline/Godsend/Client/src/app/models/article.model.js","/home/alex/dev/Bachelor/baseline/Godsend/Client/src/app/models/article.model.js","ArticleTags","ArticleTags ( function ( )",47,52
3,1,26,1,3,"EnsureType@5-7@/home/alex/dev/Bachelor/baseline/Godsend/Client/src/app/models/article.model.ts","/home/alex/dev/Bachelor/baseline/Godsend/Client/src/app/models/article.model.ts","EnsureType","EnsureType ( art Article )",5,7
10,2,41,0,10,"toCreateEdit@9-18@/home/alex/dev/Bachelor/baseline/Godsend/Client/src/app/models/article.model.ts","/home/alex/dev/Bachelor/baseline/Godsend/Client/src/app/models/article.model.ts","toCreateEdit","toCreateEdit ( )",9,18
5,1,21,3,5,"constructor@20-24@/home/alex/dev/Bachelor/baseline/Godsend/Client/src/app/models/article.model.ts","/home/alex/dev/Bachelor/baseline/Godsend/Client/src/app/models/article.model.ts","constructor","constructor ( public content , public info ArticleInfo , public id , )",20,24
3,1,17,1,3,"constructor@45-47@/home/alex/dev/Bachelor/baseline/Godsend/Client/src/app/models/article.model.ts","/home/alex/dev/Bachelor/baseline/Godsend/Client/src/app/models/article.model.ts","constructor","constructor ( value )",45,47
1,1,13,2,1,"(anonymous)@4-4@/home/alex/dev/Bachelor/baseline/Godsend/Client/src/app/models/cart.model.js","/home/alex/dev/Bachelor/baseline/Godsend/Client/src/app/models/cart.model.js","(anonymous)","(anonymous) ( d , b )",4,4
1,3,33,2,1,"extendStatics@5-5@/home/alex/dev/Bachelor/baseline/Godsend/Client/src/app/models/cart.model.js","/home/alex/dev/Bachelor/baseline/Godsend/Client/src/app/models/cart.model.js","extendStatics","extendStatics ( d , b )",5,5
6,4,38,2,6,"extendStatics@2-7@/home/alex/dev/Bachelor/baseline/Godsend/Client/src/app/models/cart.model.js","/home/alex/dev/Bachelor/baseline/Godsend/Client/src/app/models/cart.model.js","extendStatics","extendStatics ( d , b )",2,7
1,1,10,0,1,"__@10-10@/home/alex/dev/Bachelor/baseline/Godsend/Client/src/app/models/cart.model.js","/home/alex/dev/Bachelor/baseline/Godsend/Client/src/app/models/cart.model.js","__","__ ( )",10,10
5,2,47,2,5,"(anonymous)@8-12@/home/alex/dev/Bachelor/baseline/Godsend/Client/src/app/models/cart.model.js","/home/alex/dev/Bachelor/baseline/Godsend/Client/src/app/models/cart.model.js","(anonymous)","(anonymous) ( d , b )",8,12
4,1,13,0,13,"(anonymous)@1-13@/home/alex/dev/Bachelor/baseline/Godsend/Client/src/app/models/cart.model.js","/home/alex/dev/Bachelor/baseline/Godsend/Client/src/app/models/cart.model.js","(anonymous)","(anonymous) ( )",1,13
3,1,11,1,3,"Cart@16-18@/home/alex/dev/Bachelor/baseline/Godsend/Client/src/app/models/cart.model.js","/home/alex/dev/Bachelor/baseline/Godsend/Client/src/app/models/cart.model.js","Cart","Cart ( discreteItems )",16,18
4,1,12,1,6,"Cart@15-20@/home/alex/dev/Bachelor/baseline/Godsend/Client/src/app/models/cart.model.js","/home/alex/dev/Bachelor/baseline/Godsend/Client/src/app/models/cart.model.js","Cart","Cart ( function ( )",15,20
3,1,11,1,3,"CartView@23-25@/home/alex/dev/Bachelor/baseline/Godsend/Client/src/app/models/cart.model.js","/home/alex/dev/Bachelor/baseline/Godsend/Client/src/app/models/cart.model.js","CartView","CartView ( discreteItems )",23,25
4,1,12,1,6,"CartView@22-27@/home/alex/dev/Bachelor/baseline/Godsend/Client/src/app/models/cart.model.js","/home/alex/dev/Bachelor/baseline/Godsend/Client/src/app/models/cart.model.js","CartView","CartView ( function ( )",22,27
4,1,19,2,4,"OrderPartSend@30-33@/home/alex/dev/Bachelor/baseline/Godsend/Client/src/app/models/cart.model.js","/home/alex/dev/Bachelor/baseline/Godsend/Client/src/app/models/cart.model.js","OrderPartSend","OrderPartSend ( productId , supplierId )",30,33
4,1,12,1,7,"OrderPartSend@29-35@/home/alex/dev/Bachelor/baseline/Godsend/Client/src/app/models/cart.model.js","/home/alex/dev/Bachelor/baseline/Godsend/Client/src/app/models/cart.model.js","OrderPartSend","OrderPartSend ( function ( )",29,35
7,2,46,3,7,"OrderPartDiscreteSend@39-45@/home/alex/dev/Bachelor/baseline/Godsend/Client/src/app/models/cart.model.js","/home/alex/dev/Bachelor/baseline/Godsend/Client/src/app/models/cart.model.js","OrderPartDiscreteSend","OrderPartDiscreteSend ( quantity , productId , supplierId )",39,45
5,1,20,1,11,"OrderPartDiscreteSend@37-47@/home/alex/dev/Bachelor/baseline/Godsend/Client/src/app/models/cart.model.js","/home/alex/dev/Bachelor/baseline/Godsend/Client/src/app/models/cart.model.js","OrderPartDiscreteSend","OrderPartDiscreteSend ( function ( )",37,47
5,1,27,3,5,"OrderPartView@62-66@/home/alex/dev/Bachelor/baseline/Godsend/Client/src/app/models/cart.model.js","/home/alex/dev/Bachelor/baseline/Godsend/Client/src/app/models/cart.model.js","OrderPartView","OrderPartView ( productInfo , supplierInfo , price )",62,66
4,1,12,1,8,"OrderPartView@61-68@/home/alex/dev/Bachelor/baseline/Godsend/Client/src/app/models/cart.model.js","/home/alex/dev/Bachelor/baseline/Godsend/Client/src/app/models/cart.model.js","OrderPartView","OrderPartView ( function ( )",61,68
8,2,56,4,8,"OrderPartDiscreteView@72-79@/home/alex/dev/Bachelor/baseline/Godsend/Client/src/app/models/cart.model.js","/home/alex/dev/Bachelor/baseline/Godsend/Client/src/app/models/cart.model.js","OrderPartDiscreteView","OrderPartDiscreteView ( productInfo , supplierInfo , price , quantity )",72,79
5,1,20,1,12,"OrderPartDiscreteView@70-81@/home/alex/dev/Bachelor/baseline/Godsend/Client/src/app/models/cart.model.js","/home/alex/dev/Bachelor/baseline/Godsend/Client/src/app/models/cart.model.js","OrderPartDiscreteView","OrderPartDiscreteView ( function ( )",70,81
3,1,11,1,3,"constructor@7-9@/home/alex/dev/Bachelor/baseline/Godsend/Client/src/app/models/cart.model.ts","/home/alex/dev/Bachelor/baseline/Godsend/Client/src/app/models/cart.model.ts","constructor","constructor ( public discreteItems OrderPartDiscreteSend , )",7,9
3,1,11,1,3,"constructor@13-15@/home/alex/dev/Bachelor/baseline/Godsend/Client/src/app/models/cart.model.ts","/home/alex/dev/Bachelor/baseline/Godsend/Client/src/app/models/cart.model.ts","constructor","constructor ( public discreteItems OrderPartDiscreteView , )",13,15
4,1,13,2,4,"constructor@19-22@/home/alex/dev/Bachelor/baseline/Godsend/Client/src/app/models/cart.model.ts","/home/alex/dev/Bachelor/baseline/Godsend/Client/src/app/models/cart.model.ts","constructor","constructor ( public productId , public supplierId )",19,22
7,1,25,3,7,"constructor@26-32@/home/alex/dev/Bachelor/baseline/Godsend/Client/src/app/models/cart.model.ts","/home/alex/dev/Bachelor/baseline/Godsend/Client/src/app/models/cart.model.ts","constructor","constructor ( public quantity , public productId , public supplierId )",26,32
5,1,18,3,5,"constructor@50-54@/home/alex/dev/Bachelor/baseline/Godsend/Client/src/app/models/cart.model.ts","/home/alex/dev/Bachelor/baseline/Godsend/Client/src/app/models/cart.model.ts","constructor","constructor ( public productInfo ProductInfo , public supplierInfo SupplierInfo , public price )",50,54
6,1,32,4,6,"constructor@58-63@/home/alex/dev/Bachelor/baseline/Godsend/Client/src/app/models/cart.model.ts","/home/alex/dev/Bachelor/baseline/Godsend/Client/src/app/models/cart.model.ts","constructor","constructor ( public productInfo ProductInfo , public supplierInfo SupplierInfo , public price , public quantity )",58,63
1,1,13,2,1,"(anonymous)@4-4@/home/alex/dev/Bachelor/baseline/Godsend/Client/src/app/models/order.model.js","/home/alex/dev/Bachelor/baseline/Godsend/Client/src/app/models/order.model.js","(anonymous)","(anonymous) ( d , b )",4,4
1,3,33,2,1,"extendStatics@5-5@/home/alex/dev/Bachelor/baseline/Godsend/Client/src/app/models/order.model.js","/home/alex/dev/Bachelor/baseline/Godsend/Client/src/app/models/order.model.js","extendStatics","extendStatics ( d , b )",5,5
6,4,38,2,6,"extendStatics@2-7@/home/alex/dev/Bachelor/baseline/Godsend/Client/src/app/models/order.model.js","/home/alex/dev/Bachelor/baseline/Godsend/Client/src/app/models/order.model.js","extendStatics","extendStatics ( d , b )",2,7
1,1,10,0,1,"__@10-10@/home/alex/dev/Bachelor/baseline/Godsend/Client/src/app/models/order.model.js","/home/alex/dev/Bachelor/baseline/Godsend/Client/src/app/models/order.model.js","__","__ ( )",10,10
5,2,47,2,5,"(anonymous)@8-12@/home/alex/dev/Bachelor/baseline/Godsend/Client/src/app/models/order.model.js","/home/alex/dev/Bachelor/baseline/Godsend/Client/src/app/models/order.model.js","(anonymous)","(anonymous) ( d , b )",8,12
4,1,13,0,13,"(anonymous)@1-13@/home/alex/dev/Bachelor/baseline/Godsend/Client/src/app/models/order.model.js","/home/alex/dev/Bachelor/baseline/Godsend/Client/src/app/models/order.model.js","(anonymous)","(anonymous) ( )",1,13
8,1,51,6,8,"Order@21-28@/home/alex/dev/Bachelor/baseline/Godsend/Client/src/app/models/order.model.js","/home/alex/dev/Bachelor/baseline/Godsend/Client/src/app/models/order.model.js","Order","Order ( id , customer , items , ordered , status , done )",21,28
4,1,12,1,11,"Order@20-30@/home/alex/dev/Bachelor/baseline/Godsend/Client/src/app/models/order.model.js","/home/alex/dev/Bachelor/baseline/Godsend/Client/src/app/models/order.model.js","Order","Order ( function ( )",20,30
2,1,9,3,2,"OrderPart@33-34@/home/alex/dev/Bachelor/baseline/Godsend/Client/src/app/models/order.model.js","/home/alex/dev/Bachelor/baseline/Godsend/Client/src/app/models/order.model.js","OrderPart","OrderPart ( id , product , supplier )",33,34
4,1,12,1,5,"OrderPart@32-36@/home/alex/dev/Bachelor/baseline/Godsend/Client/src/app/models/order.model.js","/home/alex/dev/Bachelor/baseline/Godsend/Client/src/app/models/order.model.js","OrderPart","OrderPart ( function ( )",32,36
9,2,64,5,9,"OrderPartProducts@40-48@/home/alex/dev/Bachelor/baseline/Godsend/Client/src/app/models/order.model.js","/home/alex/dev/Bachelor/baseline/Godsend/Client/src/app/models/order.model.js","OrderPartProducts","OrderPartProducts ( quantity , multiplier , id , product , supplier )",40,48
5,1,20,1,13,"OrderPartProducts@38-50@/home/alex/dev/Bachelor/baseline/Godsend/Client/src/app/models/order.model.js","/home/alex/dev/Bachelor/baseline/Godsend/Client/src/app/models/order.model.js","OrderPartProducts","OrderPartProducts ( function ( )",38,50
7,1,35,6,7,"constructor@13-19@/home/alex/dev/Bachelor/baseline/Godsend/Client/src/app/models/order.model.ts","/home/alex/dev/Bachelor/baseline/Godsend/Client/src/app/models/order.model.ts","constructor","constructor ( public id , public customer IdentityUser , public items OrderPartProducts , public ordered , public status , public done )",13,19
5,1,15,3,5,"constructor@23-27@/home/alex/dev/Bachelor/baseline/Godsend/Client/src/app/models/order.model.ts","/home/alex/dev/Bachelor/baseline/Godsend/Client/src/app/models/order.model.ts","constructor","constructor ( id , product ProductInfo , supplier SupplierInfo )",23,27
9,1,37,5,9,"constructor@31-39@/home/alex/dev/Bachelor/baseline/Godsend/Client/src/app/models/order.model.ts","/home/alex/dev/Bachelor/baseline/Godsend/Client/src/app/models/order.model.ts","constructor","constructor ( public quantity , public multiplier , public id , public product ProductInfo , public supplier SupplierInfo )",31,39
11,1,75,9,11,"Product@3-13@/home/alex/dev/Bachelor/baseline/Godsend/Client/src/app/models/product.model.js","/home/alex/dev/Bachelor/baseline/Godsend/Client/src/app/models/product.model.js","Product","Product ( id , info , categoryId , jsonCategory , stringProps , intProps , decimalProps , suppliersAndPrices , images )",3,13
3,2,54,1,3,"Product.EnsureType@14-16@/home/alex/dev/Bachelor/baseline/Godsend/Client/src/app/models/product.model.js","/home/alex/dev/Bachelor/baseline/Godsend/Client/src/app/models/product.model.js","Product.EnsureType","Product.EnsureType ( product )",14,16
15,2,71,0,15,"Product.prototype.toCreateEdit@17-31@/home/alex/dev/Bachelor/baseline/Godsend/Client/src/app/models/product.model.js","/home/alex/dev/Bachelor/baseline/Godsend/Client/src/app/models/product.model.js","Product.prototype.toCreateEdit","Product.prototype.toCreateEdit ( )",17,31
6,1,28,1,32,"Product@2-33@/home/alex/dev/Bachelor/baseline/Godsend/Client/src/app/models/product.model.js","/home/alex/dev/Bachelor/baseline/Godsend/Client/src/app/models/product.model.js","Product","Product ( function ( )",2,33
12,4,98,7,12,"ProductInfo@36-47@/home/alex/dev/Bachelor/baseline/Godsend/Client/src/app/models/product.model.js","/home/alex/dev/Bachelor/baseline/Godsend/Client/src/app/models/product.model.js","ProductInfo","ProductInfo ( id , description , state , name , watches , rating , commentsCount )",36,47
4,1,12,1,15,"ProductInfo@35-49@/home/alex/dev/Bachelor/baseline/Godsend/Client/src/app/models/product.model.js","/home/alex/dev/Bachelor/baseline/Godsend/Client/src/app/models/product.model.js","ProductInfo","ProductInfo ( function ( )",35,49
5,1,27,3,5,"SupplierAndPrice@52-56@/home/alex/dev/Bachelor/baseline/Godsend/Client/src/app/models/product.model.js","/home/alex/dev/Bachelor/baseline/Godsend/Client/src/app/models/product.model.js","SupplierAndPrice","SupplierAndPrice ( supplierInfo , price , id )",52,56
4,1,12,1,8,"SupplierAndPrice@51-58@/home/alex/dev/Bachelor/baseline/Godsend/Client/src/app/models/product.model.js","/home/alex/dev/Bachelor/baseline/Godsend/Client/src/app/models/product.model.js","SupplierAndPrice","SupplierAndPrice ( function ( )",51,58
5,1,27,3,5,"Category@61-65@/home/alex/dev/Bachelor/baseline/Godsend/Client/src/app/models/product.model.js","/home/alex/dev/Bachelor/baseline/Godsend/Client/src/app/models/product.model.js","Category","Category ( id , name , baseCategory )",61,65
4,1,12,1,8,"Category@60-67@/home/alex/dev/Bachelor/baseline/Godsend/Client/src/app/models/product.model.js","/home/alex/dev/Bachelor/baseline/Godsend/Client/src/app/models/product.model.js","Category","Category ( function ( )",60,67
4,1,19,2,4,"CatsWithSubs@70-73@/home/alex/dev/Bachelor/baseline/Godsend/Client/src/app/models/product.model.js","/home/alex/dev/Bachelor/baseline/Godsend/Client/src/app/models/product.model.js","CatsWithSubs","CatsWithSubs ( cat , subs )",70,73
4,1,12,1,7,"CatsWithSubs@69-75@/home/alex/dev/Bachelor/baseline/Godsend/Client/src/app/models/product.model.js","/home/alex/dev/Bachelor/baseline/Godsend/Client/src/app/models/product.model.js","CatsWithSubs","CatsWithSubs ( function ( )",69,75
5,1,27,3,5,"EAV@78-82@/home/alex/dev/Bachelor/baseline/Godsend/Client/src/app/models/product.model.js","/home/alex/dev/Bachelor/baseline/Godsend/Client/src/app/models/product.model.js","EAV","EAV ( productId , property , value )",78,82
4,1,12,1,8,"EAV@77-84@/home/alex/dev/Bachelor/baseline/Godsend/Client/src/app/models/product.model.js","/home/alex/dev/Bachelor/baseline/Godsend/Client/src/app/models/product.model.js","EAV","EAV ( function ( )",77,84
3,1,10,0,3,"FilterInfo@87-89@/home/alex/dev/Bachelor/baseline/Godsend/Client/src/app/models/product.model.js","/home/alex/dev/Bachelor/baseline/Godsend/Client/src/app/models/product.model.js","FilterInfo","FilterInfo ( )",87,89
4,1,12,1,6,"FilterInfo@86-91@/home/alex/dev/Bachelor/baseline/Godsend/Client/src/app/models/product.model.js","/home/alex/dev/Bachelor/baseline/Godsend/Client/src/app/models/product.model.js","FilterInfo","FilterInfo ( function ( )",86,91
5,1,27,3,5,"DecimalPropertyInfo@94-98@/home/alex/dev/Bachelor/baseline/Godsend/Client/src/app/models/product.model.js","/home/alex/dev/Bachelor/baseline/Godsend/Client/src/app/models/product.model.js","DecimalPropertyInfo","DecimalPropertyInfo ( propId , left , right )",94,98
4,1,12,1,8,"DecimalPropertyInfo@93-100@/home/alex/dev/Bachelor/baseline/Godsend/Client/src/app/models/product.model.js","/home/alex/dev/Bachelor/baseline/Godsend/Client/src/app/models/product.model.js","DecimalPropertyInfo","DecimalPropertyInfo ( function ( )",93,100
5,1,27,3,5,"IntPropertyInfo@103-107@/home/alex/dev/Bachelor/baseline/Godsend/Client/src/app/models/product.model.js","/home/alex/dev/Bachelor/baseline/Godsend/Client/src/app/models/product.model.js","IntPropertyInfo","IntPropertyInfo ( propId , left , right )",103,107
4,1,12,1,8,"IntPropertyInfo@102-109@/home/alex/dev/Bachelor/baseline/Godsend/Client/src/app/models/product.model.js","/home/alex/dev/Bachelor/baseline/Godsend/Client/src/app/models/product.model.js","IntPropertyInfo","IntPropertyInfo ( function ( )",102,109
4,1,19,2,4,"StringPropertyInfo@112-115@/home/alex/dev/Bachelor/baseline/Godsend/Client/src/app/models/product.model.js","/home/alex/dev/Bachelor/baseline/Godsend/Client/src/app/models/product.model.js","StringPropertyInfo","StringPropertyInfo ( propId , part )",112,115
4,1,12,1,7,"StringPropertyInfo@111-117@/home/alex/dev/Bachelor/baseline/Godsend/Client/src/app/models/product.model.js","/home/alex/dev/Bachelor/baseline/Godsend/Client/src/app/models/product.model.js","StringPropertyInfo","StringPropertyInfo ( function ( )",111,117
4,1,16,0,4,"FilterInfoView@120-123@/home/alex/dev/Bachelor/baseline/Godsend/Client/src/app/models/product.model.js","/home/alex/dev/Bachelor/baseline/Godsend/Client/src/app/models/product.model.js","FilterInfoView","FilterInfoView ( )",120,123
4,1,12,1,7,"FilterInfoView@119-125@/home/alex/dev/Bachelor/baseline/Godsend/Client/src/app/models/product.model.js","/home/alex/dev/Bachelor/baseline/Godsend/Client/src/app/models/product.model.js","FilterInfoView","FilterInfoView ( function ( )",119,125
6,1,31,2,6,"DecimalPropertyInfoView@128-133@/home/alex/dev/Bachelor/baseline/Godsend/Client/src/app/models/product.model.js","/home/alex/dev/Bachelor/baseline/Godsend/Client/src/app/models/product.model.js","DecimalPropertyInfoView","DecimalPropertyInfoView ( propId , name )",128,133
4,1,12,1,9,"DecimalPropertyInfoView@127-135@/home/alex/dev/Bachelor/baseline/Godsend/Client/src/app/models/product.model.js","/home/alex/dev/Bachelor/baseline/Godsend/Client/src/app/models/product.model.js","DecimalPropertyInfoView","DecimalPropertyInfoView ( function ( )",127,135
6,1,31,2,6,"IntPropertyInfoView@138-143@/home/alex/dev/Bachelor/baseline/Godsend/Client/src/app/models/product.model.js","/home/alex/dev/Bachelor/baseline/Godsend/Client/src/app/models/product.model.js","IntPropertyInfoView","IntPropertyInfoView ( propId , name )",138,143
4,1,12,1,9,"IntPropertyInfoView@137-145@/home/alex/dev/Bachelor/baseline/Godsend/Client/src/app/models/product.model.js","/home/alex/dev/Bachelor/baseline/Godsend/Client/src/app/models/product.model.js","IntPropertyInfoView","IntPropertyInfoView ( function ( )",137,145
5,1,25,2,5,"StringPropertyInfoView@148-152@/home/alex/dev/Bachelor/baseline/Godsend/Client/src/app/models/product.model.js","/home/alex/dev/Bachelor/baseline/Godsend/Client/src/app/models/product.model.js","StringPropertyInfoView","StringPropertyInfoView ( propId , name )",148,152
4,1,12,1,8,"StringPropertyInfoView@147-154@/home/alex/dev/Bachelor/baseline/Godsend/Client/src/app/models/product.model.js","/home/alex/dev/Bachelor/baseline/Godsend/Client/src/app/models/product.model.js","StringPropertyInfoView","StringPropertyInfoView ( function ( )",147,154
5,1,23,0,5,"Property@157-161@/home/alex/dev/Bachelor/baseline/Godsend/Client/src/app/models/product.model.js","/home/alex/dev/Bachelor/baseline/Godsend/Client/src/app/models/product.model.js","Property","Property ( )",157,161
4,1,12,1,8,"Property@156-163@/home/alex/dev/Bachelor/baseline/Godsend/Client/src/app/models/product.model.js","/home/alex/dev/Bachelor/baseline/Godsend/Client/src/app/models/product.model.js","Property","Property ( function ( )",156,163
6,1,31,2,6,"ProductFilterInfo@166-171@/home/alex/dev/Bachelor/baseline/Godsend/Client/src/app/models/product.model.js","/home/alex/dev/Bachelor/baseline/Godsend/Client/src/app/models/product.model.js","ProductFilterInfo","ProductFilterInfo ( quantity , page )",166,171
4,1,12,1,9,"ProductFilterInfo@165-173@/home/alex/dev/Bachelor/baseline/Godsend/Client/src/app/models/product.model.js","/home/alex/dev/Bachelor/baseline/Godsend/Client/src/app/models/product.model.js","ProductFilterInfo","ProductFilterInfo ( function ( )",165,173
3,2,58,1,3,"EnsureType@7-9@/home/alex/dev/Bachelor/baseline/Godsend/Client/src/app/models/product.model.ts","/home/alex/dev/Bachelor/baseline/Godsend/Client/src/app/models/product.model.ts","EnsureType","EnsureType ( product Product )",7,9
11,1,67,9,11,"constructor@11-21@/home/alex/dev/Bachelor/baseline/Godsend/Client/src/app/models/product.model.ts","/home/alex/dev/Bachelor/baseline/Godsend/Client/src/app/models/product.model.ts","constructor","constructor ( public id , public info ProductInfo , public categoryId , public jsonCategory Category , public stringProps EAV , public intProps EAV , public decimalProps EAV , public suppliersAndPrices SupplierAndPrice , public images Image )",11,21
15,2,71,0,15,"toCreateEdit@23-37@/home/alex/dev/Bachelor/baseline/Godsend/Client/src/app/models/product.model.ts","/home/alex/dev/Bachelor/baseline/Godsend/Client/src/app/models/product.model.ts","toCreateEdit","toCreateEdit ( )",23,37
9,1,44,7,9,"constructor@43-51@/home/alex/dev/Bachelor/baseline/Godsend/Client/src/app/models/product.model.ts","/home/alex/dev/Bachelor/baseline/Godsend/Client/src/app/models/product.model.ts","constructor","constructor ( public id , public description , public state , public name , public watches , public rating , public commentsCount )",43,51
5,1,18,3,5,"constructor@55-59@/home/alex/dev/Bachelor/baseline/Godsend/Client/src/app/models/product.model.ts","/home/alex/dev/Bachelor/baseline/Godsend/Client/src/app/models/product.model.ts","constructor","constructor ( public supplierInfo SupplierInfo , public price , public id )",55,59
5,1,18,3,5,"constructor@63-67@/home/alex/dev/Bachelor/baseline/Godsend/Client/src/app/models/product.model.ts","/home/alex/dev/Bachelor/baseline/Godsend/Client/src/app/models/product.model.ts","constructor","constructor ( public id , public name , public baseCategory Category )",63,67
4,1,15,2,4,"constructor@71-74@/home/alex/dev/Bachelor/baseline/Godsend/Client/src/app/models/product.model.ts","/home/alex/dev/Bachelor/baseline/Godsend/Client/src/app/models/product.model.ts","constructor","constructor ( public cat Category , public subs CatsWithSubs )",71,74
5,1,18,3,5,"constructor@80-84@/home/alex/dev/Bachelor/baseline/Godsend/Client/src/app/models/product.model.ts","/home/alex/dev/Bachelor/baseline/Godsend/Client/src/app/models/product.model.ts","constructor","constructor ( public productId , public property Property , public value T )",80,84
5,1,22,3,5,"constructor@95-99@/home/alex/dev/Bachelor/baseline/Godsend/Client/src/app/models/product.model.ts","/home/alex/dev/Bachelor/baseline/Godsend/Client/src/app/models/product.model.ts","constructor","constructor ( public propId , public left null , public right null )",95,99
5,1,22,3,5,"constructor@103-107@/home/alex/dev/Bachelor/baseline/Godsend/Client/src/app/models/product.model.ts","/home/alex/dev/Bachelor/baseline/Godsend/Client/src/app/models/product.model.ts","constructor","constructor ( public propId , public left null , public right null )",103,107
4,1,13,2,4,"constructor@111-114@/home/alex/dev/Bachelor/baseline/Godsend/Client/src/app/models/product.model.ts","/home/alex/dev/Bachelor/baseline/Godsend/Client/src/app/models/product.model.ts","constructor","constructor ( public propId , public part )",111,114
4,1,13,2,4,"constructor@129-132@/home/alex/dev/Bachelor/baseline/Godsend/Client/src/app/models/product.model.ts","/home/alex/dev/Bachelor/baseline/Godsend/Client/src/app/models/product.model.ts","constructor","constructor ( public propId , public name )",129,132
4,1,13,2,4,"constructor@139-142@/home/alex/dev/Bachelor/baseline/Godsend/Client/src/app/models/product.model.ts","/home/alex/dev/Bachelor/baseline/Godsend/Client/src/app/models/product.model.ts","constructor","constructor ( public propId , public name )",139,142
4,1,13,2,4,"constructor@148-151@/home/alex/dev/Bachelor/baseline/Godsend/Client/src/app/models/product.model.ts","/home/alex/dev/Bachelor/baseline/Godsend/Client/src/app/models/product.model.ts","constructor","constructor ( public propId , public name )",148,151
4,1,13,2,4,"constructor@170-173@/home/alex/dev/Bachelor/baseline/Godsend/Client/src/app/models/product.model.ts","/home/alex/dev/Bachelor/baseline/Godsend/Client/src/app/models/product.model.ts","constructor","constructor ( public quantity , public page )",170,173
7,2,48,4,7,"Supplier@2-8@/home/alex/dev/Bachelor/baseline/Godsend/Client/src/app/models/supplier.model.js","/home/alex/dev/Bachelor/baseline/Godsend/Client/src/app/models/supplier.model.js","Supplier","Supplier ( info , productsAndPrices , id , images )",2,8
3,1,26,1,3,"Supplier.EnsureType@9-11@/home/alex/dev/Bachelor/baseline/Godsend/Client/src/app/models/supplier.model.js","/home/alex/dev/Bachelor/baseline/Godsend/Client/src/app/models/supplier.model.js","Supplier.EnsureType","Supplier.EnsureType ( sup )",9,11
12,2,47,0,12,"Supplier.prototype.toCreateEdit@12-23@/home/alex/dev/Bachelor/baseline/Godsend/Client/src/app/models/supplier.model.js","/home/alex/dev/Bachelor/baseline/Godsend/Client/src/app/models/supplier.model.js","Supplier.prototype.toCreateEdit","Supplier.prototype.toCreateEdit ( )",12,23
6,1,28,1,25,"Supplier@1-25@/home/alex/dev/Bachelor/baseline/Godsend/Client/src/app/models/supplier.model.js","/home/alex/dev/Bachelor/baseline/Godsend/Client/src/app/models/supplier.model.js","Supplier","Supplier ( function ( )",1,25
12,5,103,6,12,"SupplierInfo@28-39@/home/alex/dev/Bachelor/baseline/Godsend/Client/src/app/models/supplier.model.js","/home/alex/dev/Bachelor/baseline/Godsend/Client/src/app/models/supplier.model.js","SupplierInfo","SupplierInfo ( name , location , id , watches , rating , commentsCount )",28,39
4,1,12,1,15,"SupplierInfo@27-41@/home/alex/dev/Bachelor/baseline/Godsend/Client/src/app/models/supplier.model.js","/home/alex/dev/Bachelor/baseline/Godsend/Client/src/app/models/supplier.model.js","SupplierInfo","SupplierInfo ( function ( )",27,41
5,2,32,2,5,"Location@44-48@/home/alex/dev/Bachelor/baseline/Godsend/Client/src/app/models/supplier.model.js","/home/alex/dev/Bachelor/baseline/Godsend/Client/src/app/models/supplier.model.js","Location","Location ( address , id )",44,48
4,1,12,1,8,"Location@43-50@/home/alex/dev/Bachelor/baseline/Godsend/Client/src/app/models/supplier.model.js","/home/alex/dev/Bachelor/baseline/Godsend/Client/src/app/models/supplier.model.js","Location","Location ( function ( )",43,50
5,1,27,3,5,"ProductAndPrice@53-57@/home/alex/dev/Bachelor/baseline/Godsend/Client/src/app/models/supplier.model.js","/home/alex/dev/Bachelor/baseline/Godsend/Client/src/app/models/supplier.model.js","ProductAndPrice","ProductAndPrice ( productInfo , price , id )",53,57
4,1,12,1,8,"ProductAndPrice@52-59@/home/alex/dev/Bachelor/baseline/Godsend/Client/src/app/models/supplier.model.js","/home/alex/dev/Bachelor/baseline/Godsend/Client/src/app/models/supplier.model.js","ProductAndPrice","ProductAndPrice ( function ( )",52,59
3,1,30,1,3,"EnsureType@7-9@/home/alex/dev/Bachelor/baseline/Godsend/Client/src/app/models/supplier.model.ts","/home/alex/dev/Bachelor/baseline/Godsend/Client/src/app/models/supplier.model.ts","EnsureType","EnsureType ( sup Supplier )",7,9
6,1,29,4,6,"constructor@11-16@/home/alex/dev/Bachelor/baseline/Godsend/Client/src/app/models/supplier.model.ts","/home/alex/dev/Bachelor/baseline/Godsend/Client/src/app/models/supplier.model.ts","constructor","constructor ( public info SupplierInfo , public productsAndPrices ProductAndPrice , public id , public images Image )",11,16
12,2,47,0,12,"toCreateEdit@18-29@/home/alex/dev/Bachelor/baseline/Godsend/Client/src/app/models/supplier.model.ts","/home/alex/dev/Bachelor/baseline/Godsend/Client/src/app/models/supplier.model.ts","toCreateEdit","toCreateEdit ( )",18,29
8,1,41,6,8,"constructor@35-42@/home/alex/dev/Bachelor/baseline/Godsend/Client/src/app/models/supplier.model.ts","/home/alex/dev/Bachelor/baseline/Godsend/Client/src/app/models/supplier.model.ts","constructor","constructor ( public name , public location Location , public id , public watches , public rating , public commentsCount )",35,42
4,1,15,2,4,"constructor@46-49@/home/alex/dev/Bachelor/baseline/Godsend/Client/src/app/models/supplier.model.ts","/home/alex/dev/Bachelor/baseline/Godsend/Client/src/app/models/supplier.model.ts","constructor","constructor ( public address , public id )",46,49
5,1,18,3,5,"constructor@53-57@/home/alex/dev/Bachelor/baseline/Godsend/Client/src/app/models/supplier.model.ts","/home/alex/dev/Bachelor/baseline/Godsend/Client/src/app/models/supplier.model.ts","constructor","constructor ( public productInfo ProductInfo , public price , public id )",53,57
16,8,150,7,16,"IdentityUser@2-17@/home/alex/dev/Bachelor/baseline/Godsend/Client/src/app/models/user.model.js","/home/alex/dev/Bachelor/baseline/Godsend/Client/src/app/models/user.model.js","IdentityUser","IdentityUser ( id , name , email , birth , registrationDate , rating , token )",2,17
4,1,12,1,19,"IdentityUser@1-19@/home/alex/dev/Bachelor/baseline/Godsend/Client/src/app/models/user.model.js","/home/alex/dev/Bachelor/baseline/Godsend/Client/src/app/models/user.model.js","IdentityUser","IdentityUser ( function ( )",1,19
9,1,50,7,9,"constructor@2-10@/home/alex/dev/Bachelor/baseline/Godsend/Client/src/app/models/user.model.ts","/home/alex/dev/Bachelor/baseline/Godsend/Client/src/app/models/user.model.ts","constructor","constructor ( public id , public name , public email , public birth , public registrationDate , public rating , public token )",2,10
3,1,18,3,3,"constructor@10-12@/home/alex/dev/Bachelor/baseline/Godsend/Client/src/app/services/authentication.guard.ts","/home/alex/dev/Bachelor/baseline/Godsend/Client/src/app/services/authentication.guard.ts","constructor","constructor ( private router Router , private authService AuthenticationService , private storage StorageService )",10,12
10,2,57,2,10,"canActivate@14-23@/home/alex/dev/Bachelor/baseline/Godsend/Client/src/app/services/authentication.guard.ts","/home/alex/dev/Bachelor/baseline/Godsend/Client/src/app/services/authentication.guard.ts","canActivate","canActivate ( route ActivatedRouteSnapshot , state RouterStateSnapshot )",14,23
10,2,41,4,10,"constructor@13-22@/home/alex/dev/Bachelor/baseline/Godsend/Client/src/app/services/authentication.service.ts","/home/alex/dev/Bachelor/baseline/Godsend/Client/src/app/services/authentication.service.ts","constructor","constructor ( private router Router , private data DataService , private storage StorageService , private notificationService NotificationService )",13,22
5,1,45,3,5,"setCreds@27-31@/home/alex/dev/Bachelor/baseline/Godsend/Client/src/app/services/authentication.service.ts","/home/alex/dev/Bachelor/baseline/Godsend/Client/src/app/services/authentication.service.ts","setCreds","setCreds ( jwt null , username null , id null )",27,31
6,1,42,0,6,"(anonymous)@34-39@/home/alex/dev/Bachelor/baseline/Godsend/Client/src/app/services/authentication.service.ts","/home/alex/dev/Bachelor/baseline/Godsend/Client/src/app/services/authentication.service.ts","(anonymous)","(anonymous)",34,39
3,1,9,0,3,"(anonymous)@39-41@/home/alex/dev/Bachelor/baseline/Godsend/Client/src/app/services/authentication.service.ts","/home/alex/dev/Bachelor/baseline/Godsend/Client/src/app/services/authentication.service.ts","(anonymous)","(anonymous)",39,41
3,1,44,2,14,"login@33-46@/home/alex/dev/Bachelor/baseline/Godsend/Client/src/app/services/authentication.service.ts","/home/alex/dev/Bachelor/baseline/Godsend/Client/src/app/services/authentication.service.ts","login","login ( name , password )",33,46
6,1,47,0,7,"(anonymous)@53-59@/home/alex/dev/Bachelor/baseline/Godsend/Client/src/app/services/authentication.service.ts","/home/alex/dev/Bachelor/baseline/Godsend/Client/src/app/services/authentication.service.ts","(anonymous)","(anonymous)",53,59
3,1,9,0,4,"(anonymous)@59-62@/home/alex/dev/Bachelor/baseline/Godsend/Client/src/app/services/authentication.service.ts","/home/alex/dev/Bachelor/baseline/Godsend/Client/src/app/services/authentication.service.ts","(anonymous)","(anonymous)",59,62
7,1,60,2,16,"register@48-63@/home/alex/dev/Bachelor/baseline/Godsend/Client/src/app/services/authentication.service.ts","/home/alex/dev/Bachelor/baseline/Godsend/Client/src/app/services/authentication.service.ts","register","register ( user IdentityUser , pass )",48,63
1,1,9,0,1,"(anonymous)@67-67@/home/alex/dev/Bachelor/baseline/Godsend/Client/src/app/services/authentication.service.ts","/home/alex/dev/Bachelor/baseline/Godsend/Client/src/app/services/authentication.service.ts","(anonymous)","(anonymous)",67,67
1,1,8,0,1,"(anonymous)@67-67@/home/alex/dev/Bachelor/baseline/Godsend/Client/src/app/services/authentication.service.ts","/home/alex/dev/Bachelor/baseline/Godsend/Client/src/app/services/authentication.service.ts","(anonymous)","(anonymous)",67,67
4,1,26,0,4,"refreshRoles@65-68@/home/alex/dev/Bachelor/baseline/Godsend/Client/src/app/services/authentication.service.ts","/home/alex/dev/Bachelor/baseline/Godsend/Client/src/app/services/authentication.service.ts","refreshRoles","refreshRoles ( )",65,68
6,1,39,0,8,"logout@70-77@/home/alex/dev/Bachelor/baseline/Godsend/Client/src/app/services/authentication.service.ts","/home/alex/dev/Bachelor/baseline/Godsend/Client/src/app/services/authentication.service.ts","logout","logout ( )",70,77
5,1,38,0,7,"(anonymous)@81-87@/home/alex/dev/Bachelor/baseline/Godsend/Client/src/app/services/authentication.service.ts","/home/alex/dev/Bachelor/baseline/Godsend/Client/src/app/services/authentication.service.ts","(anonymous)","(anonymous)",81,87
4,1,33,1,10,"facebookLogin@79-88@/home/alex/dev/Bachelor/baseline/Godsend/Client/src/app/services/authentication.service.ts","/home/alex/dev/Bachelor/baseline/Godsend/Client/src/app/services/authentication.service.ts","facebookLogin","facebookLogin ( accessToken )",79,88
1,3,30,1,1,"r@4-4@/home/alex/dev/Bachelor/baseline/Godsend/Client/src/app/services/cart.service.js","/home/alex/dev/Bachelor/baseline/Godsend/Client/src/app/services/cart.service.js","r","r ( c ( )",4,4
4,7,104,4,4,"__decorate@1-4@/home/alex/dev/Bachelor/baseline/Godsend/Client/src/app/services/cart.service.js","/home/alex/dev/Bachelor/baseline/Godsend/Client/src/app/services/cart.service.js","__decorate","__decorate ( decorators , target , key , desc )",1,4
3,3,31,2,3,"__metadata@7-9@/home/alex/dev/Bachelor/baseline/Godsend/Client/src/app/services/cart.service.js","/home/alex/dev/Bachelor/baseline/Godsend/Client/src/app/services/cart.service.js","__metadata","__metadata ( k , v )",7,9
4,1,22,1,4,"CartService@14-17@/home/alex/dev/Bachelor/baseline/Godsend/Client/src/app/services/cart.service.js","/home/alex/dev/Bachelor/baseline/Godsend/Client/src/app/services/cart.service.js","CartService","CartService ( repo )",14,17
3,1,15,0,4,"CartService.prototype.checkout@18-21@/home/alex/dev/Bachelor/baseline/Godsend/Client/src/app/services/cart.service.js","/home/alex/dev/Bachelor/baseline/Godsend/Client/src/app/services/cart.service.js","CartService.prototype.checkout","CartService.prototype.checkout ( )",18,21
3,3,30,1,3,"(anonymous)@24-26@/home/alex/dev/Bachelor/baseline/Godsend/Client/src/app/services/cart.service.js","/home/alex/dev/Bachelor/baseline/Godsend/Client/src/app/services/cart.service.js","(anonymous)","(anonymous) ( opdv )",24,26
11,2,64,1,17,"CartService.prototype.addToCart@22-38@/home/alex/dev/Bachelor/baseline/Godsend/Client/src/app/services/cart.service.js","/home/alex/dev/Bachelor/baseline/Godsend/Client/src/app/services/cart.service.js","CartService.prototype.addToCart","CartService.prototype.addToCart ( part )",22,38
1,1,10,1,1,"(anonymous)@41-41@/home/alex/dev/Bachelor/baseline/Godsend/Client/src/app/services/cart.service.js","/home/alex/dev/Bachelor/baseline/Godsend/Client/src/app/services/cart.service.js","(anonymous)","(anonymous) ( p )",41,41
3,1,23,1,7,"CartService.prototype.removeFromCart@39-45@/home/alex/dev/Bachelor/baseline/Godsend/Client/src/app/services/cart.service.js","/home/alex/dev/Bachelor/baseline/Godsend/Client/src/app/services/cart.service.js","CartService.prototype.removeFromCart","CartService.prototype.removeFromCart ( part )",39,45
13,1,66,1,41,"CartService@13-53@/home/alex/dev/Bachelor/baseline/Godsend/Client/src/app/services/cart.service.js","/home/alex/dev/Bachelor/baseline/Godsend/Client/src/app/services/cart.service.js","CartService","CartService ( function ( )",13,53
1,1,8,1,1,"constructor@11-11@/home/alex/dev/Bachelor/baseline/Godsend/Client/src/app/services/cart.service.ts","/home/alex/dev/Bachelor/baseline/Godsend/Client/src/app/services/cart.service.ts","constructor","constructor ( private repo RepositoryService )",11,11
3,1,15,0,4,"checkout@13-16@/home/alex/dev/Bachelor/baseline/Godsend/Client/src/app/services/cart.service.ts","/home/alex/dev/Bachelor/baseline/Godsend/Client/src/app/services/cart.service.ts","checkout","checkout ( )",13,16
1,1,1,0,1,"(anonymous)@21-21@/home/alex/dev/Bachelor/baseline/Godsend/Client/src/app/services/cart.service.ts","/home/alex/dev/Bachelor/baseline/Godsend/Client/src/app/services/cart.service.ts","(anonymous)","(anonymous)",21,21
11,4,89,1,16,"addToCart@18-33@/home/alex/dev/Bachelor/baseline/Godsend/Client/src/app/services/cart.service.ts","/home/alex/dev/Bachelor/baseline/Godsend/Client/src/app/services/cart.service.ts","addToCart","addToCart ( part OrderPartDiscreteView )",18,33
1,1,4,0,1,"(anonymous)@37-37@/home/alex/dev/Bachelor/baseline/Godsend/Client/src/app/services/cart.service.ts","/home/alex/dev/Bachelor/baseline/Godsend/Client/src/app/services/cart.service.ts","(anonymous)","(anonymous)",37,37
3,1,25,1,7,"removeFromCart@35-41@/home/alex/dev/Bachelor/baseline/Godsend/Client/src/app/services/cart.service.ts","/home/alex/dev/Bachelor/baseline/Godsend/Client/src/app/services/cart.service.ts","removeFromCart","removeFromCart ( part OrderPartDiscreteView )",35,41
3,1,9,0,3,"get cats@15-17@/home/alex/dev/Bachelor/baseline/Godsend/Client/src/app/services/category.service.ts","/home/alex/dev/Bachelor/baseline/Godsend/Client/src/app/services/category.service.ts","get cats","get cats ( )",15,17
3,1,14,1,3,"constructor@19-21@/home/alex/dev/Bachelor/baseline/Godsend/Client/src/app/services/category.service.ts","/home/alex/dev/Bachelor/baseline/Godsend/Client/src/app/services/category.service.ts","constructor","constructor ( private data DataService )",19,21
6,1,37,0,7,"(anonymous)@26-32@/home/alex/dev/Bachelor/baseline/Godsend/Client/src/app/services/category.service.ts","/home/alex/dev/Bachelor/baseline/Godsend/Client/src/app/services/category.service.ts","(anonymous)","(anonymous)",26,32
6,2,39,0,12,"getCategories@23-34@/home/alex/dev/Bachelor/baseline/Godsend/Client/src/app/services/category.service.ts","/home/alex/dev/Bachelor/baseline/Godsend/Client/src/app/services/category.service.ts","getCategories","getCategories ( )",23,34
1,1,6,0,1,"(anonymous)@38-38@/home/alex/dev/Bachelor/baseline/Godsend/Client/src/app/services/category.service.ts","/home/alex/dev/Bachelor/baseline/Godsend/Client/src/app/services/category.service.ts","(anonymous)","(anonymous)",38,38
1,1,4,0,1,"(anonymous)@41-41@/home/alex/dev/Bachelor/baseline/Godsend/Client/src/app/services/category.service.ts","/home/alex/dev/Bachelor/baseline/Godsend/Client/src/app/services/category.service.ts","(anonymous)","(anonymous)",41,41
9,3,53,1,10,"getSubcategories@36-45@/home/alex/dev/Bachelor/baseline/Godsend/Client/src/app/services/category.service.ts","/home/alex/dev/Bachelor/baseline/Godsend/Client/src/app/services/category.service.ts","getSubcategories","getSubcategories ( cat Category )",36,45
1,1,15,2,1,"getCategoryProps@47-47@/home/alex/dev/Bachelor/baseline/Godsend/Client/src/app/services/category.service.ts","/home/alex/dev/Bachelor/baseline/Godsend/Client/src/app/services/category.service.ts","getCategoryProps","getCategoryProps ( catId , fn ( FilterInfoView )",47,47
1,1,9,0,1,"(anonymous)@52-52@/home/alex/dev/Bachelor/baseline/Godsend/Client/src/app/services/category.service.ts","/home/alex/dev/Bachelor/baseline/Godsend/Client/src/app/services/category.service.ts","(anonymous)","(anonymous)",52,52
1,1,12,0,1,"(anonymous)@53-53@/home/alex/dev/Bachelor/baseline/Godsend/Client/src/app/services/category.service.ts","/home/alex/dev/Bachelor/baseline/Godsend/Client/src/app/services/category.service.ts","(anonymous)","(anonymous)",53,53
1,1,9,0,1,"(anonymous)@54-54@/home/alex/dev/Bachelor/baseline/Godsend/Client/src/app/services/category.service.ts","/home/alex/dev/Bachelor/baseline/Godsend/Client/src/app/services/category.service.ts","(anonymous)","(anonymous)",54,54
1,1,12,0,1,"(anonymous)@55-55@/home/alex/dev/Bachelor/baseline/Godsend/Client/src/app/services/category.service.ts","/home/alex/dev/Bachelor/baseline/Godsend/Client/src/app/services/category.service.ts","(anonymous)","(anonymous)",55,55
1,1,9,0,1,"(anonymous)@56-56@/home/alex/dev/Bachelor/baseline/Godsend/Client/src/app/services/category.service.ts","/home/alex/dev/Bachelor/baseline/Godsend/Client/src/app/services/category.service.ts","(anonymous)","(anonymous)",56,56
1,1,12,0,1,"(anonymous)@57-57@/home/alex/dev/Bachelor/baseline/Godsend/Client/src/app/services/category.service.ts","/home/alex/dev/Bachelor/baseline/Godsend/Client/src/app/services/category.service.ts","(anonymous)","(anonymous)",57,57
10,1,69,0,12,"(anonymous)@49-60@/home/alex/dev/Bachelor/baseline/Godsend/Client/src/app/services/category.service.ts","/home/alex/dev/Bachelor/baseline/Godsend/Client/src/app/services/category.service.ts","(anonymous)","(anonymous)",49,60
1,1,2,0,1,"(anonymous)@69-69@/home/alex/dev/Bachelor/baseline/Godsend/Client/src/app/services/category.service.ts","/home/alex/dev/Bachelor/baseline/Godsend/Client/src/app/services/category.service.ts","(anonymous)","(anonymous)",69,69
1,3,30,1,1,"r@4-4@/home/alex/dev/Bachelor/baseline/Godsend/Client/src/app/services/data.service.js","/home/alex/dev/Bachelor/baseline/Godsend/Client/src/app/services/data.service.js","r","r ( c ( )",4,4
4,7,104,4,4,"__decorate@1-4@/home/alex/dev/Bachelor/baseline/Godsend/Client/src/app/services/data.service.js","/home/alex/dev/Bachelor/baseline/Godsend/Client/src/app/services/data.service.js","__decorate","__decorate ( decorators , target , key , desc )",1,4
3,3,31,2,3,"__metadata@7-9@/home/alex/dev/Bachelor/baseline/Godsend/Client/src/app/services/data.service.js","/home/alex/dev/Bachelor/baseline/Godsend/Client/src/app/services/data.service.js","__metadata","__metadata ( k , v )",7,9
1,1,16,2,1,"(anonymous)@11-11@/home/alex/dev/Bachelor/baseline/Godsend/Client/src/app/services/data.service.js","/home/alex/dev/Bachelor/baseline/Godsend/Client/src/app/services/data.service.js","(anonymous)","(anonymous) ( target , key )",11,11
3,1,10,2,3,"__param@10-12@/home/alex/dev/Bachelor/baseline/Godsend/Client/src/app/services/data.service.js","/home/alex/dev/Bachelor/baseline/Godsend/Client/src/app/services/data.service.js","__param","__param ( paramIndex , decorator )",10,12
4,1,19,2,4,"DataService@17-20@/home/alex/dev/Bachelor/baseline/Godsend/Client/src/app/services/data.service.js","/home/alex/dev/Bachelor/baseline/Godsend/Client/src/app/services/data.service.js","DataService","DataService ( http , baseUrl )",17,20
10,2,53,1,10,"(anonymous)@24-33@/home/alex/dev/Bachelor/baseline/Godsend/Client/src/app/services/data.service.js","/home/alex/dev/Bachelor/baseline/Godsend/Client/src/app/services/data.service.js","(anonymous)","(anonymous) ( response )",24,33
5,1,64,3,14,"DataService.prototype.sendRequest@21-34@/home/alex/dev/Bachelor/baseline/Godsend/Client/src/app/services/data.service.js","/home/alex/dev/Bachelor/baseline/Godsend/Client/src/app/services/data.service.js","DataService.prototype.sendRequest","DataService.prototype.sendRequest ( method , url , data )",21,34
12,2,58,0,13,"DataService.prototype.getHeaders@35-47@/home/alex/dev/Bachelor/baseline/Godsend/Client/src/app/services/data.service.js","/home/alex/dev/Bachelor/baseline/Godsend/Client/src/app/services/data.service.js","DataService.prototype.getHeaders","DataService.prototype.getHeaders ( )",35,47
13,1,69,1,41,"DataService@16-56@/home/alex/dev/Bachelor/baseline/Godsend/Client/src/app/services/data.service.js","/home/alex/dev/Bachelor/baseline/Godsend/Client/src/app/services/data.service.js","DataService","DataService ( function ( )",16,56
10,2,50,0,10,"(anonymous)@18-27@/home/alex/dev/Bachelor/baseline/Godsend/Client/src/app/services/data.service.ts","/home/alex/dev/Bachelor/baseline/Godsend/Client/src/app/services/data.service.ts","(anonymous)","(anonymous)",18,27
1,1,4,0,1,"constructor@9-9@/home/alex/dev/Bachelor/baseline/Godsend/Client/src/app/services/location.service.ts","/home/alex/dev/Bachelor/baseline/Godsend/Client/src/app/services/location.service.ts","constructor","constructor ( )",9,9
4,1,15,0,4,"(anonymous)@14-17@/home/alex/dev/Bachelor/baseline/Godsend/Client/src/app/services/location.service.ts","/home/alex/dev/Bachelor/baseline/Godsend/Client/src/app/services/location.service.ts","(anonymous)","(anonymous)",14,17
13,4,46,0,13,"(anonymous)@18-30@/home/alex/dev/Bachelor/baseline/Godsend/Client/src/app/services/location.service.ts","/home/alex/dev/Bachelor/baseline/Godsend/Client/src/app/services/location.service.ts","(anonymous)","(anonymous)",18,30
8,3,35,0,23,"getLocation@11-33@/home/alex/dev/Bachelor/baseline/Godsend/Client/src/app/services/location.service.ts","/home/alex/dev/Bachelor/baseline/Godsend/Client/src/app/services/location.service.ts","getLocation","getLocation ( )",11,33
3,1,9,0,3,"get messages@14-16@/home/alex/dev/Bachelor/baseline/Godsend/Client/src/app/services/notification.service.ts","/home/alex/dev/Bachelor/baseline/Godsend/Client/src/app/services/notification.service.ts","get messages","get messages ( )",14,16
1,2,11,0,1,"accessTokenFactory@24-24@/home/alex/dev/Bachelor/baseline/Godsend/Client/src/app/services/notification.service.ts","/home/alex/dev/Bachelor/baseline/Godsend/Client/src/app/services/notification.service.ts","accessTokenFactory","accessTokenFactory ( )",24,24
1,1,11,0,1,"(anonymous)@29-29@/home/alex/dev/Bachelor/baseline/Godsend/Client/src/app/services/notification.service.ts","/home/alex/dev/Bachelor/baseline/Godsend/Client/src/app/services/notification.service.ts","(anonymous)","(anonymous)",29,29
3,1,16,0,3,"(anonymous)@50-52@/home/alex/dev/Bachelor/baseline/Godsend/Client/src/app/services/notification.service.ts","/home/alex/dev/Bachelor/baseline/Godsend/Client/src/app/services/notification.service.ts","(anonymous)","(anonymous)",50,52
3,1,16,0,3,"(anonymous)@54-56@/home/alex/dev/Bachelor/baseline/Godsend/Client/src/app/services/notification.service.ts","/home/alex/dev/Bachelor/baseline/Godsend/Client/src/app/services/notification.service.ts","(anonymous)","(anonymous)",54,56
3,1,16,0,3,"(anonymous)@58-60@/home/alex/dev/Bachelor/baseline/Godsend/Client/src/app/services/notification.service.ts","/home/alex/dev/Bachelor/baseline/Godsend/Client/src/app/services/notification.service.ts","(anonymous)","(anonymous)",58,60
3,1,16,0,3,"(anonymous)@62-64@/home/alex/dev/Bachelor/baseline/Godsend/Client/src/app/services/notification.service.ts","/home/alex/dev/Bachelor/baseline/Godsend/Client/src/app/services/notification.service.ts","(anonymous)","(anonymous)",62,64
3,1,16,0,3,"(anonymous)@66-68@/home/alex/dev/Bachelor/baseline/Godsend/Client/src/app/services/notification.service.ts","/home/alex/dev/Bachelor/baseline/Godsend/Client/src/app/services/notification.service.ts","(anonymous)","(anonymous)",66,68
1,3,30,1,1,"r@4-4@/home/alex/dev/Bachelor/baseline/Godsend/Client/src/app/services/repository.service.js","/home/alex/dev/Bachelor/baseline/Godsend/Client/src/app/services/repository.service.js","r","r ( c ( )",4,4
4,7,104,4,4,"__decorate@1-4@/home/alex/dev/Bachelor/baseline/Godsend/Client/src/app/services/repository.service.js","/home/alex/dev/Bachelor/baseline/Godsend/Client/src/app/services/repository.service.js","__decorate","__decorate ( decorators , target , key , desc )",1,4
3,3,31,2,3,"__metadata@7-9@/home/alex/dev/Bachelor/baseline/Godsend/Client/src/app/services/repository.service.js","/home/alex/dev/Bachelor/baseline/Godsend/Client/src/app/services/repository.service.js","__metadata","__metadata ( k , v )",7,9
23,1,167,1,25,"RepositoryService@23-47@/home/alex/dev/Bachelor/baseline/Godsend/Client/src/app/services/repository.service.js","/home/alex/dev/Bachelor/baseline/Godsend/Client/src/app/services/repository.service.js","RepositoryService","RepositoryService ( data )",23,47
12,5,43,1,12,"RepositoryService.prototype.getSavedEntities@48-59@/home/alex/dev/Bachelor/baseline/Godsend/Client/src/app/services/repository.service.js","/home/alex/dev/Bachelor/baseline/Godsend/Client/src/app/services/repository.service.js","RepositoryService.prototype.getSavedEntities","RepositoryService.prototype.getSavedEntities ( clas )",48,59
14,4,60,1,14,"RepositoryService.prototype.setEntity@60-73@/home/alex/dev/Bachelor/baseline/Godsend/Client/src/app/services/repository.service.js","/home/alex/dev/Bachelor/baseline/Godsend/Client/src/app/services/repository.service.js","RepositoryService.prototype.setEntity","RepositoryService.prototype.setEntity ( val )",60,73
16,5,57,2,16,"RepositoryService.prototype.setEntities@74-89@/home/alex/dev/Bachelor/baseline/Godsend/Client/src/app/services/repository.service.js","/home/alex/dev/Bachelor/baseline/Godsend/Client/src/app/services/repository.service.js","RepositoryService.prototype.setEntities","RepositoryService.prototype.setEntities ( clas , val )",74,89
16,5,57,2,16,"RepositoryService.prototype.setEntitiesCount@90-105@/home/alex/dev/Bachelor/baseline/Godsend/Client/src/app/services/repository.service.js","/home/alex/dev/Bachelor/baseline/Godsend/Client/src/app/services/repository.service.js","RepositoryService.prototype.setEntitiesCount","RepositoryService.prototype.setEntitiesCount ( clas , val )",90,105
9,5,38,1,9,"RepositoryService.prototype.getUrl@106-114@/home/alex/dev/Bachelor/baseline/Godsend/Client/src/app/services/repository.service.js","/home/alex/dev/Bachelor/baseline/Godsend/Client/src/app/services/repository.service.js","RepositoryService.prototype.getUrl","RepositoryService.prototype.getUrl ( clas )",106,114
6,2,23,1,6,"(anonymous)@120-125@/home/alex/dev/Bachelor/baseline/Godsend/Client/src/app/services/repository.service.js","/home/alex/dev/Bachelor/baseline/Godsend/Client/src/app/services/repository.service.js","(anonymous)","(anonymous) ( response )",120,125
8,2,53,3,13,"RepositoryService.prototype.getEntity@115-127@/home/alex/dev/Bachelor/baseline/Godsend/Client/src/app/services/repository.service.js","/home/alex/dev/Bachelor/baseline/Godsend/Client/src/app/services/repository.service.js","RepositoryService.prototype.getEntity","RepositoryService.prototype.getEntity ( clas , id , fn )",115,127
3,1,14,1,3,"(anonymous)@136-138@/home/alex/dev/Bachelor/baseline/Godsend/Client/src/app/services/repository.service.js","/home/alex/dev/Bachelor/baseline/Godsend/Client/src/app/services/repository.service.js","(anonymous)","(anonymous) ( response )",136,138
6,2,34,1,8,"(anonymous)@133-140@/home/alex/dev/Bachelor/baseline/Godsend/Client/src/app/services/repository.service.js","/home/alex/dev/Bachelor/baseline/Godsend/Client/src/app/services/repository.service.js","(anonymous)","(anonymous) ( id )",133,140
9,2,53,3,16,"RepositoryService.prototype.getProductsForComparement@129-144@/home/alex/dev/Bachelor/baseline/Godsend/Client/src/app/services/repository.service.js","/home/alex/dev/Bachelor/baseline/Godsend/Client/src/app/services/repository.service.js","RepositoryService.prototype.getProductsForComparement","RepositoryService.prototype.getProductsForComparement ( clas , ids , fn )",129,144
3,1,10,1,3,"(anonymous)@148-150@/home/alex/dev/Bachelor/baseline/Godsend/Client/src/app/services/repository.service.js","/home/alex/dev/Bachelor/baseline/Godsend/Client/src/app/services/repository.service.js","(anonymous)","(anonymous) ( response )",148,150
5,1,40,3,7,"RepositoryService.prototype.getEntityComments@145-151@/home/alex/dev/Bachelor/baseline/Godsend/Client/src/app/services/repository.service.js","/home/alex/dev/Bachelor/baseline/Godsend/Client/src/app/services/repository.service.js","RepositoryService.prototype.getEntityComments","RepositoryService.prototype.getEntityComments ( clas , id , fn )",145,151
5,2,16,1,5,"(anonymous)@155-159@/home/alex/dev/Bachelor/baseline/Godsend/Client/src/app/services/repository.service.js","/home/alex/dev/Bachelor/baseline/Godsend/Client/src/app/services/repository.service.js","(anonymous)","(anonymous) ( response )",155,159
5,2,62,5,9,"RepositoryService.prototype.sendComment@152-160@/home/alex/dev/Bachelor/baseline/Godsend/Client/src/app/services/repository.service.js","/home/alex/dev/Bachelor/baseline/Godsend/Client/src/app/services/repository.service.js","RepositoryService.prototype.sendComment","RepositoryService.prototype.sendComment ( clas , id , baseId , commentText , fn )",152,160
5,2,16,1,5,"(anonymous)@164-168@/home/alex/dev/Bachelor/baseline/Godsend/Client/src/app/services/repository.service.js","/home/alex/dev/Bachelor/baseline/Godsend/Client/src/app/services/repository.service.js","(anonymous)","(anonymous) ( response )",164,168
5,1,46,4,9,"RepositoryService.prototype.deleteComment@161-169@/home/alex/dev/Bachelor/baseline/Godsend/Client/src/app/services/repository.service.js","/home/alex/dev/Bachelor/baseline/Godsend/Client/src/app/services/repository.service.js","RepositoryService.prototype.deleteComment","RepositoryService.prototype.deleteComment ( clas , id , commentId , fn )",161,169
5,2,16,1,5,"(anonymous)@173-177@/home/alex/dev/Bachelor/baseline/Godsend/Client/src/app/services/repository.service.js","/home/alex/dev/Bachelor/baseline/Godsend/Client/src/app/services/repository.service.js","(anonymous)","(anonymous) ( response )",173,177
5,1,48,4,9,"RepositoryService.prototype.editComment@170-178@/home/alex/dev/Bachelor/baseline/Godsend/Client/src/app/services/repository.service.js","/home/alex/dev/Bachelor/baseline/Godsend/Client/src/app/services/repository.service.js","RepositoryService.prototype.editComment","RepositoryService.prototype.editComment ( clas , commentId , content , fn )",170,178
3,1,18,1,3,"(anonymous)@182-184@/home/alex/dev/Bachelor/baseline/Godsend/Client/src/app/services/repository.service.js","/home/alex/dev/Bachelor/baseline/Godsend/Client/src/app/services/repository.service.js","(anonymous)","(anonymous) ( response )",182,184
5,1,43,5,7,"RepositoryService.prototype.changeOrderStatus@179-185@/home/alex/dev/Bachelor/baseline/Godsend/Client/src/app/services/repository.service.js","/home/alex/dev/Bachelor/baseline/Godsend/Client/src/app/services/repository.service.js","RepositoryService.prototype.changeOrderStatus","RepositoryService.prototype.changeOrderStatus ( id , status , page , rpp , fn )",179,185
3,1,18,1,3,"(anonymous)@189-191@/home/alex/dev/Bachelor/baseline/Godsend/Client/src/app/services/repository.service.js","/home/alex/dev/Bachelor/baseline/Godsend/Client/src/app/services/repository.service.js","(anonymous)","(anonymous) ( response )",189,191
5,1,37,4,7,"RepositoryService.prototype.deleteOrder@186-192@/home/alex/dev/Bachelor/baseline/Godsend/Client/src/app/services/repository.service.js","/home/alex/dev/Bachelor/baseline/Godsend/Client/src/app/services/repository.service.js","RepositoryService.prototype.deleteOrder","RepositoryService.prototype.deleteOrder ( id , page , rpp , fn )",186,192
6,2,25,1,6,"(anonymous)@203-208@/home/alex/dev/Bachelor/baseline/Godsend/Client/src/app/services/repository.service.js","/home/alex/dev/Bachelor/baseline/Godsend/Client/src/app/services/repository.service.js","(anonymous)","(anonymous) ( response )",203,208
12,2,75,4,19,"RepositoryService.prototype.getEntities@193-211@/home/alex/dev/Bachelor/baseline/Godsend/Client/src/app/services/repository.service.js","/home/alex/dev/Bachelor/baseline/Godsend/Client/src/app/services/repository.service.js","RepositoryService.prototype.getEntities","RepositoryService.prototype.getEntities ( clas , page , rpp , fn )",193,211
6,2,25,1,6,"(anonymous)@216-221@/home/alex/dev/Bachelor/baseline/Godsend/Client/src/app/services/repository.service.js","/home/alex/dev/Bachelor/baseline/Godsend/Client/src/app/services/repository.service.js","(anonymous)","(anonymous) ( response )",216,221
6,1,41,2,11,"RepositoryService.prototype.getEntitiesCount@212-222@/home/alex/dev/Bachelor/baseline/Godsend/Client/src/app/services/repository.service.js","/home/alex/dev/Bachelor/baseline/Godsend/Client/src/app/services/repository.service.js","RepositoryService.prototype.getEntitiesCount","RepositoryService.prototype.getEntitiesCount ( clas , fn )",212,222
1,1,26,1,1,"(anonymous)@226-226@/home/alex/dev/Bachelor/baseline/Godsend/Client/src/app/services/repository.service.js","/home/alex/dev/Bachelor/baseline/Godsend/Client/src/app/services/repository.service.js","(anonymous)","(anonymous) ( opdv )",226,226
3,1,14,1,3,"(anonymous)@228-230@/home/alex/dev/Bachelor/baseline/Godsend/Client/src/app/services/repository.service.js","/home/alex/dev/Bachelor/baseline/Godsend/Client/src/app/services/repository.service.js","(anonymous)","(anonymous) ( response )",228,230
7,1,55,1,9,"RepositoryService.prototype.createOrder@223-231@/home/alex/dev/Bachelor/baseline/Godsend/Client/src/app/services/repository.service.js","/home/alex/dev/Bachelor/baseline/Godsend/Client/src/app/services/repository.service.js","RepositoryService.prototype.createOrder","RepositoryService.prototype.createOrder ( cartView )",223,231
7,2,37,1,7,"(anonymous)@238-244@/home/alex/dev/Bachelor/baseline/Godsend/Client/src/app/services/repository.service.js","/home/alex/dev/Bachelor/baseline/Godsend/Client/src/app/services/repository.service.js","(anonymous)","(anonymous) ( response )",238,244
8,1,65,5,14,"RepositoryService.prototype.createOrEditEntity@232-245@/home/alex/dev/Bachelor/baseline/Godsend/Client/src/app/services/repository.service.js","/home/alex/dev/Bachelor/baseline/Godsend/Client/src/app/services/repository.service.js","RepositoryService.prototype.createOrEditEntity","RepositoryService.prototype.createOrEditEntity ( clas , entity , page , rpp , fn )",232,245
1,1,17,1,1,"(anonymous)@254-254@/home/alex/dev/Bachelor/baseline/Godsend/Client/src/app/services/repository.service.js","/home/alex/dev/Bachelor/baseline/Godsend/Client/src/app/services/repository.service.js","(anonymous)","(anonymous) ( response )",254,254
9,1,60,3,9,"RepositoryService.prototype.replaceProduct@247-255@/home/alex/dev/Bachelor/baseline/Godsend/Client/src/app/services/repository.service.js","/home/alex/dev/Bachelor/baseline/Godsend/Client/src/app/services/repository.service.js","RepositoryService.prototype.replaceProduct","RepositoryService.prototype.replaceProduct ( prod , page , rpp )",247,255
3,1,27,2,3,"(anonymous)@260-262@/home/alex/dev/Bachelor/baseline/Godsend/Client/src/app/services/repository.service.js","/home/alex/dev/Bachelor/baseline/Godsend/Client/src/app/services/repository.service.js","(anonymous)","(anonymous) ( value , key )",260,262
1,1,17,1,1,"(anonymous)@264-264@/home/alex/dev/Bachelor/baseline/Godsend/Client/src/app/services/repository.service.js","/home/alex/dev/Bachelor/baseline/Godsend/Client/src/app/services/repository.service.js","(anonymous)","(anonymous) ( response )",264,264
8,1,65,5,10,"RepositoryService.prototype.updateEntity@256-265@/home/alex/dev/Bachelor/baseline/Godsend/Client/src/app/services/repository.service.js","/home/alex/dev/Bachelor/baseline/Godsend/Client/src/app/services/repository.service.js","RepositoryService.prototype.updateEntity","RepositoryService.prototype.updateEntity ( clas , id , changes , page , rpp )",256,265
6,2,26,0,6,"(anonymous)@270-275@/home/alex/dev/Bachelor/baseline/Godsend/Client/src/app/services/repository.service.js","/home/alex/dev/Bachelor/baseline/Godsend/Client/src/app/services/repository.service.js","(anonymous)","(anonymous) ( )",270,275
6,1,49,5,11,"RepositoryService.prototype.deleteEntity@266-276@/home/alex/dev/Bachelor/baseline/Godsend/Client/src/app/services/repository.service.js","/home/alex/dev/Bachelor/baseline/Godsend/Client/src/app/services/repository.service.js","RepositoryService.prototype.deleteEntity","RepositoryService.prototype.deleteEntity ( clas , id , page , rpp , fn )",266,276
1,1,5,1,1,"(anonymous)@279-279@/home/alex/dev/Bachelor/baseline/Godsend/Client/src/app/services/repository.service.js","/home/alex/dev/Bachelor/baseline/Godsend/Client/src/app/services/repository.service.js","(anonymous)","(anonymous) ( response )",279,279
4,1,29,2,4,"RepositoryService.prototype.storeSessionData@277-280@/home/alex/dev/Bachelor/baseline/Godsend/Client/src/app/services/repository.service.js","/home/alex/dev/Bachelor/baseline/Godsend/Client/src/app/services/repository.service.js","RepositoryService.prototype.storeSessionData","RepositoryService.prototype.storeSessionData ( dataType , data )",277,280
3,1,19,1,3,"RepositoryService.prototype.getSessionData@281-283@/home/alex/dev/Bachelor/baseline/Godsend/Client/src/app/services/repository.service.js","/home/alex/dev/Bachelor/baseline/Godsend/Client/src/app/services/repository.service.js","RepositoryService.prototype.getSessionData","RepositoryService.prototype.getSessionData ( dataType )",281,283
8,2,45,1,8,"(anonymous)@287-294@/home/alex/dev/Bachelor/baseline/Godsend/Client/src/app/services/repository.service.js","/home/alex/dev/Bachelor/baseline/Godsend/Client/src/app/services/repository.service.js","(anonymous)","(anonymous) ( result )",287,294
5,1,31,1,12,"RepositoryService.prototype.getByFilter@284-295@/home/alex/dev/Bachelor/baseline/Godsend/Client/src/app/services/repository.service.js","/home/alex/dev/Bachelor/baseline/Godsend/Client/src/app/services/repository.service.js","RepositoryService.prototype.getByFilter","RepositoryService.prototype.getByFilter ( fn )",284,295
5,2,16,1,5,"(anonymous)@299-303@/home/alex/dev/Bachelor/baseline/Godsend/Client/src/app/services/repository.service.js","/home/alex/dev/Bachelor/baseline/Godsend/Client/src/app/services/repository.service.js","(anonymous)","(anonymous) ( result )",299,303
5,1,46,4,9,"RepositoryService.prototype.saveRating@296-304@/home/alex/dev/Bachelor/baseline/Godsend/Client/src/app/services/repository.service.js","/home/alex/dev/Bachelor/baseline/Godsend/Client/src/app/services/repository.service.js","RepositoryService.prototype.saveRating","RepositoryService.prototype.saveRating ( clas , id , rating , fn )",296,304
5,2,16,1,5,"(anonymous)@308-312@/home/alex/dev/Bachelor/baseline/Godsend/Client/src/app/services/repository.service.js","/home/alex/dev/Bachelor/baseline/Godsend/Client/src/app/services/repository.service.js","(anonymous)","(anonymous) ( result )",308,312
5,1,40,3,9,"RepositoryService.prototype.getAllRatings@305-313@/home/alex/dev/Bachelor/baseline/Godsend/Client/src/app/services/repository.service.js","/home/alex/dev/Bachelor/baseline/Godsend/Client/src/app/services/repository.service.js","RepositoryService.prototype.getAllRatings","RepositoryService.prototype.getAllRatings ( clas , entityId , fn )",305,313
5,2,16,1,5,"(anonymous)@317-321@/home/alex/dev/Bachelor/baseline/Godsend/Client/src/app/services/repository.service.js","/home/alex/dev/Bachelor/baseline/Godsend/Client/src/app/services/repository.service.js","(anonymous)","(anonymous) ( result )",317,321
5,1,40,3,9,"RepositoryService.prototype.getUserRating@314-322@/home/alex/dev/Bachelor/baseline/Godsend/Client/src/app/services/repository.service.js","/home/alex/dev/Bachelor/baseline/Godsend/Client/src/app/services/repository.service.js","RepositoryService.prototype.getUserRating","RepositoryService.prototype.getUserRating ( clas , entityId , fn )",314,322
5,2,16,1,5,"(anonymous)@325-329@/home/alex/dev/Bachelor/baseline/Godsend/Client/src/app/services/repository.service.js","/home/alex/dev/Bachelor/baseline/Godsend/Client/src/app/services/repository.service.js","(anonymous)","(anonymous) ( response )",325,329
4,1,26,2,8,"RepositoryService.prototype.uploadImages@323-330@/home/alex/dev/Bachelor/baseline/Godsend/Client/src/app/services/repository.service.js","/home/alex/dev/Bachelor/baseline/Godsend/Client/src/app/services/repository.service.js","RepositoryService.prototype.uploadImages","RepositoryService.prototype.uploadImages ( data , fn )",323,330
37,1,282,1,317,"RepositoryService@22-338@/home/alex/dev/Bachelor/baseline/Godsend/Client/src/app/services/repository.service.js","/home/alex/dev/Bachelor/baseline/Godsend/Client/src/app/services/repository.service.js","RepositoryService","RepositoryService ( function ( )",22,338
2,1,8,1,2,"constructor@52-53@/home/alex/dev/Bachelor/baseline/Godsend/Client/src/app/services/repository.service.ts","/home/alex/dev/Bachelor/baseline/Godsend/Client/src/app/services/repository.service.ts","constructor","constructor ( private data DataService )",52,53
12,5,45,1,12,"getSavedEntities@55-66@/home/alex/dev/Bachelor/baseline/Godsend/Client/src/app/services/repository.service.ts","/home/alex/dev/Bachelor/baseline/Godsend/Client/src/app/services/repository.service.ts","getSavedEntities","getSavedEntities ( clas supportedClass )",55,66
14,4,62,1,14,"setEntity@68-81@/home/alex/dev/Bachelor/baseline/Godsend/Client/src/app/services/repository.service.ts","/home/alex/dev/Bachelor/baseline/Godsend/Client/src/app/services/repository.service.ts","setEntity","setEntity ( val T )",68,81
16,5,75,2,16,"setEntities@84-99@/home/alex/dev/Bachelor/baseline/Godsend/Client/src/app/services/repository.service.ts","/home/alex/dev/Bachelor/baseline/Godsend/Client/src/app/services/repository.service.ts","setEntities","setEntities ( clas supportedClass , val T )",84,99
16,5,61,2,16,"setEntitiesCount@101-116@/home/alex/dev/Bachelor/baseline/Godsend/Client/src/app/services/repository.service.ts","/home/alex/dev/Bachelor/baseline/Godsend/Client/src/app/services/repository.service.ts","setEntitiesCount","setEntitiesCount ( clas supportedClass , val )",101,116
9,5,42,1,9,"getUrl@118-126@/home/alex/dev/Bachelor/baseline/Godsend/Client/src/app/services/repository.service.ts","/home/alex/dev/Bachelor/baseline/Godsend/Client/src/app/services/repository.service.ts","getUrl","getUrl ( clas supportedClass )",118,126
1,1,19,3,1,"getEntity@128-128@/home/alex/dev/Bachelor/baseline/Godsend/Client/src/app/services/repository.service.ts","/home/alex/dev/Bachelor/baseline/Godsend/Client/src/app/services/repository.service.ts","getEntity","getEntity ( clas supportedClass , id , fn ( T )",128,128
6,2,23,0,6,"(anonymous)@132-137@/home/alex/dev/Bachelor/baseline/Godsend/Client/src/app/services/repository.service.ts","/home/alex/dev/Bachelor/baseline/Godsend/Client/src/app/services/repository.service.ts","(anonymous)","(anonymous)",132,137
1,1,2,0,1,"(anonymous)@141-141@/home/alex/dev/Bachelor/baseline/Godsend/Client/src/app/services/repository.service.ts","/home/alex/dev/Bachelor/baseline/Godsend/Client/src/app/services/repository.service.ts","(anonymous)","(anonymous)",141,141
3,1,11,0,5,"(anonymous)@147-151@/home/alex/dev/Bachelor/baseline/Godsend/Client/src/app/services/repository.service.ts","/home/alex/dev/Bachelor/baseline/Godsend/Client/src/app/services/repository.service.ts","(anonymous)","(anonymous)",147,151
6,2,35,0,10,"(anonymous)@144-153@/home/alex/dev/Bachelor/baseline/Godsend/Client/src/app/services/repository.service.ts","/home/alex/dev/Bachelor/baseline/Godsend/Client/src/app/services/repository.service.ts","(anonymous)","(anonymous)",144,153
1,1,2,0,1,"(anonymous)@159-159@/home/alex/dev/Bachelor/baseline/Godsend/Client/src/app/services/repository.service.ts","/home/alex/dev/Bachelor/baseline/Godsend/Client/src/app/services/repository.service.ts","(anonymous)","(anonymous)",159,159
3,1,7,0,3,"(anonymous)@162-164@/home/alex/dev/Bachelor/baseline/Godsend/Client/src/app/services/repository.service.ts","/home/alex/dev/Bachelor/baseline/Godsend/Client/src/app/services/repository.service.ts","(anonymous)","(anonymous)",162,164
1,1,2,0,1,"(anonymous)@167-167@/home/alex/dev/Bachelor/baseline/Godsend/Client/src/app/services/repository.service.ts","/home/alex/dev/Bachelor/baseline/Godsend/Client/src/app/services/repository.service.ts","(anonymous)","(anonymous)",167,167
5,2,13,0,5,"(anonymous)@170-174@/home/alex/dev/Bachelor/baseline/Godsend/Client/src/app/services/repository.service.ts","/home/alex/dev/Bachelor/baseline/Godsend/Client/src/app/services/repository.service.ts","(anonymous)","(anonymous)",170,174
1,1,2,0,1,"(anonymous)@177-177@/home/alex/dev/Bachelor/baseline/Godsend/Client/src/app/services/repository.service.ts","/home/alex/dev/Bachelor/baseline/Godsend/Client/src/app/services/repository.service.ts","(anonymous)","(anonymous)",177,177
5,2,13,0,5,"(anonymous)@180-184@/home/alex/dev/Bachelor/baseline/Godsend/Client/src/app/services/repository.service.ts","/home/alex/dev/Bachelor/baseline/Godsend/Client/src/app/services/repository.service.ts","(anonymous)","(anonymous)",180,184
1,1,2,0,1,"(anonymous)@187-187@/home/alex/dev/Bachelor/baseline/Godsend/Client/src/app/services/repository.service.ts","/home/alex/dev/Bachelor/baseline/Godsend/Client/src/app/services/repository.service.ts","(anonymous)","(anonymous)",187,187
5,2,13,0,5,"(anonymous)@190-194@/home/alex/dev/Bachelor/baseline/Godsend/Client/src/app/services/repository.service.ts","/home/alex/dev/Bachelor/baseline/Godsend/Client/src/app/services/repository.service.ts","(anonymous)","(anonymous)",190,194
3,1,18,0,3,"(anonymous)@199-201@/home/alex/dev/Bachelor/baseline/Godsend/Client/src/app/services/repository.service.ts","/home/alex/dev/Bachelor/baseline/Godsend/Client/src/app/services/repository.service.ts","(anonymous)","(anonymous)",199,201
3,1,18,0,3,"(anonymous)@206-208@/home/alex/dev/Bachelor/baseline/Godsend/Client/src/app/services/repository.service.ts","/home/alex/dev/Bachelor/baseline/Godsend/Client/src/app/services/repository.service.ts","(anonymous)","(anonymous)",206,208
1,1,2,0,1,"(anonymous)@211-211@/home/alex/dev/Bachelor/baseline/Godsend/Client/src/app/services/repository.service.ts","/home/alex/dev/Bachelor/baseline/Godsend/Client/src/app/services/repository.service.ts","(anonymous)","(anonymous)",211,211
6,2,25,0,7,"(anonymous)@221-227@/home/alex/dev/Bachelor/baseline/Godsend/Client/src/app/services/repository.service.ts","/home/alex/dev/Bachelor/baseline/Godsend/Client/src/app/services/repository.service.ts","(anonymous)","(anonymous)",221,227
1,1,2,0,1,"(anonymous)@233-233@/home/alex/dev/Bachelor/baseline/Godsend/Client/src/app/services/repository.service.ts","/home/alex/dev/Bachelor/baseline/Godsend/Client/src/app/services/repository.service.ts","(anonymous)","(anonymous)",233,233
6,2,22,0,6,"(anonymous)@237-242@/home/alex/dev/Bachelor/baseline/Godsend/Client/src/app/services/repository.service.ts","/home/alex/dev/Bachelor/baseline/Godsend/Client/src/app/services/repository.service.ts","(anonymous)","(anonymous)",237,242
1,1,20,0,1,"(anonymous)@250-250@/home/alex/dev/Bachelor/baseline/Godsend/Client/src/app/services/repository.service.ts","/home/alex/dev/Bachelor/baseline/Godsend/Client/src/app/services/repository.service.ts","(anonymous)","(anonymous)",250,250
3,1,11,0,3,"(anonymous)@254-256@/home/alex/dev/Bachelor/baseline/Godsend/Client/src/app/services/repository.service.ts","/home/alex/dev/Bachelor/baseline/Godsend/Client/src/app/services/repository.service.ts","(anonymous)","(anonymous)",254,256
1,1,2,0,1,"(anonymous)@260-260@/home/alex/dev/Bachelor/baseline/Godsend/Client/src/app/services/repository.service.ts","/home/alex/dev/Bachelor/baseline/Godsend/Client/src/app/services/repository.service.ts","(anonymous)","(anonymous)",260,260
7,2,34,0,7,"(anonymous)@265-271@/home/alex/dev/Bachelor/baseline/Godsend/Client/src/app/services/repository.service.ts","/home/alex/dev/Bachelor/baseline/Godsend/Client/src/app/services/repository.service.ts","(anonymous)","(anonymous)",265,271
1,1,14,0,1,"(anonymous)@282-282@/home/alex/dev/Bachelor/baseline/Godsend/Client/src/app/services/repository.service.ts","/home/alex/dev/Bachelor/baseline/Godsend/Client/src/app/services/repository.service.ts","(anonymous)","(anonymous)",282,282
1,1,1,0,1,"(anonymous)@289-289@/home/alex/dev/Bachelor/baseline/Godsend/Client/src/app/services/repository.service.ts","/home/alex/dev/Bachelor/baseline/Godsend/Client/src/app/services/repository.service.ts","(anonymous)","(anonymous)",289,289
1,1,14,0,1,"(anonymous)@292-292@/home/alex/dev/Bachelor/baseline/Godsend/Client/src/app/services/repository.service.ts","/home/alex/dev/Bachelor/baseline/Godsend/Client/src/app/services/repository.service.ts","(anonymous)","(anonymous)",292,292
1,1,2,0,1,"(anonymous)@295-295@/home/alex/dev/Bachelor/baseline/Godsend/Client/src/app/services/repository.service.ts","/home/alex/dev/Bachelor/baseline/Godsend/Client/src/app/services/repository.service.ts","(anonymous)","(anonymous)",295,295
6,2,26,0,6,"(anonymous)@298-303@/home/alex/dev/Bachelor/baseline/Godsend/Client/src/app/services/repository.service.ts","/home/alex/dev/Bachelor/baseline/Godsend/Client/src/app/services/repository.service.ts","(anonymous)","(anonymous)",298,303
1,1,2,0,1,"(anonymous)@309-309@/home/alex/dev/Bachelor/baseline/Godsend/Client/src/app/services/repository.service.ts","/home/alex/dev/Bachelor/baseline/Godsend/Client/src/app/services/repository.service.ts","(anonymous)","(anonymous)",309,309
1,1,2,0,1,"(anonymous)@316-316@/home/alex/dev/Bachelor/baseline/Godsend/Client/src/app/services/repository.service.ts","/home/alex/dev/Bachelor/baseline/Godsend/Client/src/app/services/repository.service.ts","(anonymous)","(anonymous)",316,316
8,2,42,0,8,"(anonymous)@318-325@/home/alex/dev/Bachelor/baseline/Godsend/Client/src/app/services/repository.service.ts","/home/alex/dev/Bachelor/baseline/Godsend/Client/src/app/services/repository.service.ts","(anonymous)","(anonymous)",318,325
1,1,2,0,1,"(anonymous)@328-328@/home/alex/dev/Bachelor/baseline/Godsend/Client/src/app/services/repository.service.ts","/home/alex/dev/Bachelor/baseline/Godsend/Client/src/app/services/repository.service.ts","(anonymous)","(anonymous)",328,328
5,2,13,0,5,"(anonymous)@332-336@/home/alex/dev/Bachelor/baseline/Godsend/Client/src/app/services/repository.service.ts","/home/alex/dev/Bachelor/baseline/Godsend/Client/src/app/services/repository.service.ts","(anonymous)","(anonymous)",332,336
1,1,2,0,1,"(anonymous)@339-339@/home/alex/dev/Bachelor/baseline/Godsend/Client/src/app/services/repository.service.ts","/home/alex/dev/Bachelor/baseline/Godsend/Client/src/app/services/repository.service.ts","(anonymous)","(anonymous)",339,339
5,2,13,0,5,"(anonymous)@343-347@/home/alex/dev/Bachelor/baseline/Godsend/Client/src/app/services/repository.service.ts","/home/alex/dev/Bachelor/baseline/Godsend/Client/src/app/services/repository.service.ts","(anonymous)","(anonymous)",343,347
1,1,2,0,1,"(anonymous)@350-350@/home/alex/dev/Bachelor/baseline/Godsend/Client/src/app/services/repository.service.ts","/home/alex/dev/Bachelor/baseline/Godsend/Client/src/app/services/repository.service.ts","(anonymous)","(anonymous)",350,350
5,2,13,0,5,"(anonymous)@354-358@/home/alex/dev/Bachelor/baseline/Godsend/Client/src/app/services/repository.service.ts","/home/alex/dev/Bachelor/baseline/Godsend/Client/src/app/services/repository.service.ts","(anonymous)","(anonymous)",354,358
1,1,2,0,1,"(anonymous)@361-361@/home/alex/dev/Bachelor/baseline/Godsend/Client/src/app/services/repository.service.ts","/home/alex/dev/Bachelor/baseline/Godsend/Client/src/app/services/repository.service.ts","(anonymous)","(anonymous)",361,361
5,2,13,0,5,"(anonymous)@363-367@/home/alex/dev/Bachelor/baseline/Godsend/Client/src/app/services/repository.service.ts","/home/alex/dev/Bachelor/baseline/Godsend/Client/src/app/services/repository.service.ts","(anonymous)","(anonymous)",363,367
1,1,4,0,1,"constructor@11-11@/home/alex/dev/Bachelor/baseline/Godsend/Client/src/app/services/storage.service.ts","/home/alex/dev/Bachelor/baseline/Godsend/Client/src/app/services/storage.service.ts","constructor","constructor ( )",11,11
3,1,18,0,3,"get authenticated@13-15@/home/alex/dev/Bachelor/baseline/Godsend/Client/src/app/services/storage.service.ts","/home/alex/dev/Bachelor/baseline/Godsend/Client/src/app/services/storage.service.ts","get authenticated","get authenticated ( )",13,15
3,1,18,0,3,"get name@17-19@/home/alex/dev/Bachelor/baseline/Godsend/Client/src/app/services/storage.service.ts","/home/alex/dev/Bachelor/baseline/Godsend/Client/src/app/services/storage.service.ts","get name","get name ( )",17,19
3,1,18,0,3,"get id@21-23@/home/alex/dev/Bachelor/baseline/Godsend/Client/src/app/services/storage.service.ts","/home/alex/dev/Bachelor/baseline/Godsend/Client/src/app/services/storage.service.ts","get id","get id ( )",21,23
7,2,36,1,7,"set id@25-31@/home/alex/dev/Bachelor/baseline/Godsend/Client/src/app/services/storage.service.ts","/home/alex/dev/Bachelor/baseline/Godsend/Client/src/app/services/storage.service.ts","set id","set id ( newId )",25,31
7,2,40,1,7,"set name@33-39@/home/alex/dev/Bachelor/baseline/Godsend/Client/src/app/services/storage.service.ts","/home/alex/dev/Bachelor/baseline/Godsend/Client/src/app/services/storage.service.ts","set name","set name ( newName null )",33,39
3,1,18,0,3,"get JWTToken@41-43@/home/alex/dev/Bachelor/baseline/Godsend/Client/src/app/services/storage.service.ts","/home/alex/dev/Bachelor/baseline/Godsend/Client/src/app/services/storage.service.ts","get JWTToken","get JWTToken ( )",41,43
7,2,40,1,7,"set JWTToken@45-51@/home/alex/dev/Bachelor/baseline/Godsend/Client/src/app/services/storage.service.ts","/home/alex/dev/Bachelor/baseline/Godsend/Client/src/app/services/storage.service.ts","set JWTToken","set JWTToken ( newToken null )",45,51
5,1,35,1,5,"sendMessage@17-21@/home/alex/dev/Bachelor/baseline/Godsend/Client/src/app/store/admin/admin.component.ts","/home/alex/dev/Bachelor/baseline/Godsend/Client/src/app/store/admin/admin.component.ts","sendMessage","sendMessage ( name )",17,21
3,1,39,2,3,"addToRole@22-24@/home/alex/dev/Bachelor/baseline/Godsend/Client/src/app/store/admin/admin.component.ts","/home/alex/dev/Bachelor/baseline/Godsend/Client/src/app/store/admin/admin.component.ts","addToRole","addToRole ( username , role )",22,24
1,1,6,0,1,"(anonymous)@28-28@/home/alex/dev/Bachelor/baseline/Godsend/Client/src/app/store/admin/admin.component.ts","/home/alex/dev/Bachelor/baseline/Godsend/Client/src/app/store/admin/admin.component.ts","(anonymous)","(anonymous)",28,28
4,1,28,0,4,"ngOnInit@26-29@/home/alex/dev/Bachelor/baseline/Godsend/Client/src/app/store/admin/admin.component.ts","/home/alex/dev/Bachelor/baseline/Godsend/Client/src/app/store/admin/admin.component.ts","ngOnInit","ngOnInit ( )",26,29
1,1,13,2,1,"constructor@30-30@/home/alex/dev/Bachelor/baseline/Godsend/Client/src/app/store/admin/admin.component.ts","/home/alex/dev/Bachelor/baseline/Godsend/Client/src/app/store/admin/admin.component.ts","constructor","constructor ( private notificationService NotificationService , private data DataService )",30,30
1,3,30,1,1,"r@4-4@/home/alex/dev/Bachelor/baseline/Godsend/Client/src/app/store/app/app.component.js","/home/alex/dev/Bachelor/baseline/Godsend/Client/src/app/store/app/app.component.js","r","r ( c ( )",4,4
4,7,104,4,4,"__decorate@1-4@/home/alex/dev/Bachelor/baseline/Godsend/Client/src/app/store/app/app.component.js","/home/alex/dev/Bachelor/baseline/Godsend/Client/src/app/store/app/app.component.js","__decorate","__decorate ( decorators , target , key , desc )",1,4
3,3,31,2,3,"__metadata@7-9@/home/alex/dev/Bachelor/baseline/Godsend/Client/src/app/store/app/app.component.js","/home/alex/dev/Bachelor/baseline/Godsend/Client/src/app/store/app/app.component.js","__metadata","__metadata ( k , v )",7,9
5,1,30,1,10,"AppComponent@13-22@/home/alex/dev/Bachelor/baseline/Godsend/Client/src/app/store/app/app.component.js","/home/alex/dev/Bachelor/baseline/Godsend/Client/src/app/store/app/app.component.js","AppComponent","AppComponent ( translate )",13,22
12,1,49,1,21,"AppComponent@12-32@/home/alex/dev/Bachelor/baseline/Godsend/Client/src/app/store/app/app.component.js","/home/alex/dev/Bachelor/baseline/Godsend/Client/src/app/store/app/app.component.js","AppComponent","AppComponent ( function ( )",12,32
5,1,32,1,10,"constructor@10-19@/home/alex/dev/Bachelor/baseline/Godsend/Client/src/app/store/app/app.component.ts","/home/alex/dev/Bachelor/baseline/Godsend/Client/src/app/store/app/app.component.ts","constructor","constructor ( translate TranslateService )",10,19
1,3,30,1,1,"r@4-4@/home/alex/dev/Bachelor/baseline/Godsend/Client/src/app/store/articles/article-detail.component.js","/home/alex/dev/Bachelor/baseline/Godsend/Client/src/app/store/articles/article-detail.component.js","r","r ( c ( )",4,4
4,7,104,4,4,"__decorate@1-4@/home/alex/dev/Bachelor/baseline/Godsend/Client/src/app/store/articles/article-detail.component.js","/home/alex/dev/Bachelor/baseline/Godsend/Client/src/app/store/articles/article-detail.component.js","__decorate","__decorate ( decorators , target , key , desc )",1,4
3,3,31,2,3,"__metadata@7-9@/home/alex/dev/Bachelor/baseline/Godsend/Client/src/app/store/articles/article-detail.component.js","/home/alex/dev/Bachelor/baseline/Godsend/Client/src/app/store/articles/article-detail.component.js","__metadata","__metadata ( k , v )",7,9
13,1,66,4,13,"ArticleDetailComponent@17-29@/home/alex/dev/Bachelor/baseline/Godsend/Client/src/app/store/articles/article-detail.component.js","/home/alex/dev/Bachelor/baseline/Godsend/Client/src/app/store/articles/article-detail.component.js","ArticleDetailComponent","ArticleDetailComponent ( route , auth , storage , repo )",17,29
3,1,11,0,3,"(anonymous)@31-33@/home/alex/dev/Bachelor/baseline/Godsend/Client/src/app/store/articles/article-detail.component.js","/home/alex/dev/Bachelor/baseline/Godsend/Client/src/app/store/articles/article-detail.component.js","(anonymous)","(anonymous) ( )",31,33
1,2,14,1,1,"(anonymous)@39-39@/home/alex/dev/Bachelor/baseline/Godsend/Client/src/app/store/articles/article-detail.component.js","/home/alex/dev/Bachelor/baseline/Godsend/Client/src/app/store/articles/article-detail.component.js","(anonymous)","(anonymous) ( x )",39,39
3,1,20,0,3,"(anonymous)@38-40@/home/alex/dev/Bachelor/baseline/Godsend/Client/src/app/store/articles/article-detail.component.js","/home/alex/dev/Bachelor/baseline/Godsend/Client/src/app/store/articles/article-detail.component.js","(anonymous)","(anonymous) ( )",38,40
1,2,14,1,1,"(anonymous)@46-46@/home/alex/dev/Bachelor/baseline/Godsend/Client/src/app/store/articles/article-detail.component.js","/home/alex/dev/Bachelor/baseline/Godsend/Client/src/app/store/articles/article-detail.component.js","(anonymous)","(anonymous) ( x )",46,46
3,1,20,0,3,"(anonymous)@45-47@/home/alex/dev/Bachelor/baseline/Godsend/Client/src/app/store/articles/article-detail.component.js","/home/alex/dev/Bachelor/baseline/Godsend/Client/src/app/store/articles/article-detail.component.js","(anonymous)","(anonymous) ( )",45,47
4,1,17,1,4,"(anonymous)@54-57@/home/alex/dev/Bachelor/baseline/Godsend/Client/src/app/store/articles/article-detail.component.js","/home/alex/dev/Bachelor/baseline/Godsend/Client/src/app/store/articles/article-detail.component.js","(anonymous)","(anonymous) ( a )",54,57
1,1,10,1,1,"(anonymous)@58-58@/home/alex/dev/Bachelor/baseline/Godsend/Client/src/app/store/articles/article-detail.component.js","/home/alex/dev/Bachelor/baseline/Godsend/Client/src/app/store/articles/article-detail.component.js","(anonymous)","(anonymous) ( x )",58,58
8,2,73,0,11,"ArticleDetailComponent.prototype.ngOnInit@51-61@/home/alex/dev/Bachelor/baseline/Godsend/Client/src/app/store/articles/article-detail.component.js","/home/alex/dev/Bachelor/baseline/Godsend/Client/src/app/store/articles/article-detail.component.js","ArticleDetailComponent.prototype.ngOnInit","ArticleDetailComponent.prototype.ngOnInit ( )",51,61
12,2,63,0,12,"ArticleDetailComponent.prototype.editMode@62-73@/home/alex/dev/Bachelor/baseline/Godsend/Client/src/app/store/articles/article-detail.component.js","/home/alex/dev/Bachelor/baseline/Godsend/Client/src/app/store/articles/article-detail.component.js","ArticleDetailComponent.prototype.editMode","ArticleDetailComponent.prototype.editMode ( )",62,73
1,1,13,1,1,"(anonymous)@78-78@/home/alex/dev/Bachelor/baseline/Godsend/Client/src/app/store/articles/article-detail.component.js","/home/alex/dev/Bachelor/baseline/Godsend/Client/src/app/store/articles/article-detail.component.js","(anonymous)","(anonymous) ( str )",78,78
1,1,13,1,1,"(anonymous)@79-79@/home/alex/dev/Bachelor/baseline/Godsend/Client/src/app/store/articles/article-detail.component.js","/home/alex/dev/Bachelor/baseline/Godsend/Client/src/app/store/articles/article-detail.component.js","(anonymous)","(anonymous) ( str )",79,79
1,1,12,1,1,"(anonymous)@80-80@/home/alex/dev/Bachelor/baseline/Godsend/Client/src/app/store/articles/article-detail.component.js","/home/alex/dev/Bachelor/baseline/Godsend/Client/src/app/store/articles/article-detail.component.js","(anonymous)","(anonymous) ( str )",80,80
17,3,117,0,17,"ArticleDetailComponent.prototype.save@74-90@/home/alex/dev/Bachelor/baseline/Godsend/Client/src/app/store/articles/article-detail.component.js","/home/alex/dev/Bachelor/baseline/Godsend/Client/src/app/store/articles/article-detail.component.js","ArticleDetailComponent.prototype.save","ArticleDetailComponent.prototype.save ( )",74,90
9,2,64,0,9,"ArticleDetailComponent.prototype.discard@91-99@/home/alex/dev/Bachelor/baseline/Godsend/Client/src/app/store/articles/article-detail.component.js","/home/alex/dev/Bachelor/baseline/Godsend/Client/src/app/store/articles/article-detail.component.js","ArticleDetailComponent.prototype.discard","ArticleDetailComponent.prototype.discard ( )",91,99
1,1,14,1,1,"(anonymous)@102-102@/home/alex/dev/Bachelor/baseline/Godsend/Client/src/app/store/articles/article-detail.component.js","/home/alex/dev/Bachelor/baseline/Godsend/Client/src/app/store/articles/article-detail.component.js","(anonymous)","(anonymous) ( tag )",102,102
1,1,14,2,1,"(anonymous)@102-102@/home/alex/dev/Bachelor/baseline/Godsend/Client/src/app/store/articles/article-detail.component.js","/home/alex/dev/Bachelor/baseline/Godsend/Client/src/app/store/articles/article-detail.component.js","(anonymous)","(anonymous) ( prev , next )",102,102
5,2,36,0,5,"ArticleDetailComponent.prototype.stringifyTags@100-104@/home/alex/dev/Bachelor/baseline/Godsend/Client/src/app/store/articles/article-detail.component.js","/home/alex/dev/Bachelor/baseline/Godsend/Client/src/app/store/articles/article-detail.component.js","ArticleDetailComponent.prototype.stringifyTags","ArticleDetailComponent.prototype.stringifyTags ( )",100,104
39,1,182,1,106,"ArticleDetailComponent@16-121@/home/alex/dev/Bachelor/baseline/Godsend/Client/src/app/store/articles/article-detail.component.js","/home/alex/dev/Bachelor/baseline/Godsend/Client/src/app/store/articles/article-detail.component.js","ArticleDetailComponent","ArticleDetailComponent ( function ( )",16,121
3,1,11,0,3,"get authenticated@34-36@/home/alex/dev/Bachelor/baseline/Godsend/Client/src/app/store/articles/article-detail.component.ts","/home/alex/dev/Bachelor/baseline/Godsend/Client/src/app/store/articles/article-detail.component.ts","get authenticated","get authenticated ( )",34,36
1,2,8,0,1,"(anonymous)@39-39@/home/alex/dev/Bachelor/baseline/Godsend/Client/src/app/store/articles/article-detail.component.ts","/home/alex/dev/Bachelor/baseline/Godsend/Client/src/app/store/articles/article-detail.component.ts","(anonymous)","(anonymous)",39,39
3,1,22,0,3,"get canDelete@38-40@/home/alex/dev/Bachelor/baseline/Godsend/Client/src/app/store/articles/article-detail.component.ts","/home/alex/dev/Bachelor/baseline/Godsend/Client/src/app/store/articles/article-detail.component.ts","get canDelete","get canDelete ( )",38,40
1,2,8,0,1,"(anonymous)@43-43@/home/alex/dev/Bachelor/baseline/Godsend/Client/src/app/store/articles/article-detail.component.ts","/home/alex/dev/Bachelor/baseline/Godsend/Client/src/app/store/articles/article-detail.component.ts","(anonymous)","(anonymous)",43,43
3,1,22,0,3,"get canEdit@42-44@/home/alex/dev/Bachelor/baseline/Godsend/Client/src/app/store/articles/article-detail.component.ts","/home/alex/dev/Bachelor/baseline/Godsend/Client/src/app/store/articles/article-detail.component.ts","get canEdit","get canEdit ( )",42,44
6,1,23,4,6,"constructor@46-51@/home/alex/dev/Bachelor/baseline/Godsend/Client/src/app/store/articles/article-detail.component.ts","/home/alex/dev/Bachelor/baseline/Godsend/Client/src/app/store/articles/article-detail.component.ts","constructor","constructor ( private route ActivatedRoute , private auth AuthenticationService , private storage StorageService , private repo RepositoryService )",46,51
4,1,14,0,4,"(anonymous)@55-58@/home/alex/dev/Bachelor/baseline/Godsend/Client/src/app/store/articles/article-detail.component.ts","/home/alex/dev/Bachelor/baseline/Godsend/Client/src/app/store/articles/article-detail.component.ts","(anonymous)","(anonymous)",55,58
1,1,4,0,1,"(anonymous)@59-59@/home/alex/dev/Bachelor/baseline/Godsend/Client/src/app/store/articles/article-detail.component.ts","/home/alex/dev/Bachelor/baseline/Godsend/Client/src/app/store/articles/article-detail.component.ts","(anonymous)","(anonymous)",59,59
7,2,72,0,10,"ngOnInit@53-62@/home/alex/dev/Bachelor/baseline/Godsend/Client/src/app/store/articles/article-detail.component.ts","/home/alex/dev/Bachelor/baseline/Godsend/Client/src/app/store/articles/article-detail.component.ts","ngOnInit","ngOnInit ( )",53,62
12,2,63,0,14,"editMode@64-77@/home/alex/dev/Bachelor/baseline/Godsend/Client/src/app/store/articles/article-detail.component.ts","/home/alex/dev/Bachelor/baseline/Godsend/Client/src/app/store/articles/article-detail.component.ts","editMode","editMode ( )",64,77
1,1,7,0,1,"(anonymous)@83-83@/home/alex/dev/Bachelor/baseline/Godsend/Client/src/app/store/articles/article-detail.component.ts","/home/alex/dev/Bachelor/baseline/Godsend/Client/src/app/store/articles/article-detail.component.ts","(anonymous)","(anonymous)",83,83
1,1,7,0,1,"(anonymous)@84-84@/home/alex/dev/Bachelor/baseline/Godsend/Client/src/app/store/articles/article-detail.component.ts","/home/alex/dev/Bachelor/baseline/Godsend/Client/src/app/store/articles/article-detail.component.ts","(anonymous)","(anonymous)",84,84
1,1,6,0,1,"(anonymous)@85-85@/home/alex/dev/Bachelor/baseline/Godsend/Client/src/app/store/articles/article-detail.component.ts","/home/alex/dev/Bachelor/baseline/Godsend/Client/src/app/store/articles/article-detail.component.ts","(anonymous)","(anonymous)",85,85
16,3,117,0,19,"save@79-97@/home/alex/dev/Bachelor/baseline/Godsend/Client/src/app/store/articles/article-detail.component.ts","/home/alex/dev/Bachelor/baseline/Godsend/Client/src/app/store/articles/article-detail.component.ts","save","save ( )",79,97
9,2,64,0,10,"discard@99-108@/home/alex/dev/Bachelor/baseline/Godsend/Client/src/app/store/articles/article-detail.component.ts","/home/alex/dev/Bachelor/baseline/Godsend/Client/src/app/store/articles/article-detail.component.ts","discard","discard ( )",99,108
1,1,8,0,1,"(anonymous)@112-112@/home/alex/dev/Bachelor/baseline/Godsend/Client/src/app/store/articles/article-detail.component.ts","/home/alex/dev/Bachelor/baseline/Godsend/Client/src/app/store/articles/article-detail.component.ts","(anonymous)","(anonymous)",112,112
1,1,6,0,1,"(anonymous)@112-112@/home/alex/dev/Bachelor/baseline/Godsend/Client/src/app/store/articles/article-detail.component.ts","/home/alex/dev/Bachelor/baseline/Godsend/Client/src/app/store/articles/article-detail.component.ts","(anonymous)","(anonymous)",112,112
5,2,40,0,5,"stringifyTags@110-114@/home/alex/dev/Bachelor/baseline/Godsend/Client/src/app/store/articles/article-detail.component.ts","/home/alex/dev/Bachelor/baseline/Godsend/Client/src/app/store/articles/article-detail.component.ts","stringifyTags","stringifyTags ( )",110,114
1,3,30,1,1,"r@4-4@/home/alex/dev/Bachelor/baseline/Godsend/Client/src/app/store/articles/articles.component.js","/home/alex/dev/Bachelor/baseline/Godsend/Client/src/app/store/articles/articles.component.js","r","r ( c ( )",4,4
4,7,104,4,4,"__decorate@1-4@/home/alex/dev/Bachelor/baseline/Godsend/Client/src/app/store/articles/articles.component.js","/home/alex/dev/Bachelor/baseline/Godsend/Client/src/app/store/articles/articles.component.js","__decorate","__decorate ( decorators , target , key , desc )",1,4
3,3,31,2,3,"__metadata@7-9@/home/alex/dev/Bachelor/baseline/Godsend/Client/src/app/store/articles/articles.component.js","/home/alex/dev/Bachelor/baseline/Godsend/Client/src/app/store/articles/articles.component.js","__metadata","__metadata ( k , v )",7,9
7,1,39,3,7,"ArticlesComponent@16-22@/home/alex/dev/Bachelor/baseline/Godsend/Client/src/app/store/articles/articles.component.js","/home/alex/dev/Bachelor/baseline/Godsend/Client/src/app/store/articles/articles.component.js","ArticlesComponent","ArticlesComponent ( repo , router , auth )",16,22
3,1,11,0,3,"(anonymous)@24-26@/home/alex/dev/Bachelor/baseline/Godsend/Client/src/app/store/articles/articles.component.js","/home/alex/dev/Bachelor/baseline/Godsend/Client/src/app/store/articles/articles.component.js","(anonymous)","(anonymous) ( )",24,26
3,1,20,0,3,"(anonymous)@31-33@/home/alex/dev/Bachelor/baseline/Godsend/Client/src/app/store/articles/articles.component.js","/home/alex/dev/Bachelor/baseline/Godsend/Client/src/app/store/articles/articles.component.js","(anonymous)","(anonymous) ( )",31,33
1,2,14,1,1,"(anonymous)@39-39@/home/alex/dev/Bachelor/baseline/Godsend/Client/src/app/store/articles/articles.component.js","/home/alex/dev/Bachelor/baseline/Godsend/Client/src/app/store/articles/articles.component.js","(anonymous)","(anonymous) ( x )",39,39
3,1,20,0,3,"(anonymous)@38-40@/home/alex/dev/Bachelor/baseline/Godsend/Client/src/app/store/articles/articles.component.js","/home/alex/dev/Bachelor/baseline/Godsend/Client/src/app/store/articles/articles.component.js","(anonymous)","(anonymous) ( )",38,40
1,2,14,1,1,"(anonymous)@46-46@/home/alex/dev/Bachelor/baseline/Godsend/Client/src/app/store/articles/articles.component.js","/home/alex/dev/Bachelor/baseline/Godsend/Client/src/app/store/articles/articles.component.js","(anonymous)","(anonymous) ( x )",46,46
3,1,20,0,3,"(anonymous)@45-47@/home/alex/dev/Bachelor/baseline/Godsend/Client/src/app/store/articles/articles.component.js","/home/alex/dev/Bachelor/baseline/Godsend/Client/src/app/store/articles/articles.component.js","(anonymous)","(anonymous) ( )",45,47
4,1,17,1,4,"ArticlesComponent.prototype.onPageChanged@51-54@/home/alex/dev/Bachelor/baseline/Godsend/Client/src/app/store/articles/articles.component.js","/home/alex/dev/Bachelor/baseline/Godsend/Client/src/app/store/articles/articles.component.js","ArticlesComponent.prototype.onPageChanged","ArticlesComponent.prototype.onPageChanged ( page )",51,54
1,1,10,1,1,"(anonymous)@56-56@/home/alex/dev/Bachelor/baseline/Godsend/Client/src/app/store/articles/articles.component.js","/home/alex/dev/Bachelor/baseline/Godsend/Client/src/app/store/articles/articles.component.js","(anonymous)","(anonymous) ( id )",56,56
3,1,20,1,3,"ArticlesComponent.prototype.getViewed@55-57@/home/alex/dev/Bachelor/baseline/Godsend/Client/src/app/store/articles/articles.component.js","/home/alex/dev/Bachelor/baseline/Godsend/Client/src/app/store/articles/articles.component.js","ArticlesComponent.prototype.getViewed","ArticlesComponent.prototype.getViewed ( articleId )",55,57
3,1,21,0,3,"ArticlesComponent.prototype.getArticles@58-60@/home/alex/dev/Bachelor/baseline/Godsend/Client/src/app/store/articles/articles.component.js","/home/alex/dev/Bachelor/baseline/Godsend/Client/src/app/store/articles/articles.component.js","ArticlesComponent.prototype.getArticles","ArticlesComponent.prototype.getArticles ( )",58,60
3,1,10,0,3,"ArticlesComponent.prototype.ngOnInit@61-63@/home/alex/dev/Bachelor/baseline/Godsend/Client/src/app/store/articles/articles.component.js","/home/alex/dev/Bachelor/baseline/Godsend/Client/src/app/store/articles/articles.component.js","ArticlesComponent.prototype.ngOnInit","ArticlesComponent.prototype.ngOnInit ( )",61,63
1,1,19,1,1,"(anonymous)@67-67@/home/alex/dev/Bachelor/baseline/Godsend/Client/src/app/store/articles/articles.component.js","/home/alex/dev/Bachelor/baseline/Godsend/Client/src/app/store/articles/articles.component.js","(anonymous)","(anonymous) ( info )",67,67
5,1,54,2,5,"ArticlesComponent.prototype.createArticle@64-68@/home/alex/dev/Bachelor/baseline/Godsend/Client/src/app/store/articles/articles.component.js","/home/alex/dev/Bachelor/baseline/Godsend/Client/src/app/store/articles/articles.component.js","ArticlesComponent.prototype.createArticle","ArticlesComponent.prototype.createArticle ( content , name )",64,68
3,1,24,1,3,"ArticlesComponent.prototype.deleteArticle@69-71@/home/alex/dev/Bachelor/baseline/Godsend/Client/src/app/store/articles/articles.component.js","/home/alex/dev/Bachelor/baseline/Godsend/Client/src/app/store/articles/articles.component.js","ArticlesComponent.prototype.deleteArticle","ArticlesComponent.prototype.deleteArticle ( id )",69,71
38,1,211,1,67,"ArticlesComponent@15-81@/home/alex/dev/Bachelor/baseline/Godsend/Client/src/app/store/articles/articles.component.js","/home/alex/dev/Bachelor/baseline/Godsend/Client/src/app/store/articles/articles.component.js","ArticlesComponent","ArticlesComponent ( function ( )",15,81
3,1,11,0,3,"get articles@16-18@/home/alex/dev/Bachelor/baseline/Godsend/Client/src/app/store/articles/articles.component.ts","/home/alex/dev/Bachelor/baseline/Godsend/Client/src/app/store/articles/articles.component.ts","get articles","get articles ( )",16,18
3,1,22,0,3,"get pagesCount@20-22@/home/alex/dev/Bachelor/baseline/Godsend/Client/src/app/store/articles/articles.component.ts","/home/alex/dev/Bachelor/baseline/Godsend/Client/src/app/store/articles/articles.component.ts","get pagesCount","get pagesCount ( )",20,22
1,2,8,0,1,"(anonymous)@25-25@/home/alex/dev/Bachelor/baseline/Godsend/Client/src/app/store/articles/articles.component.ts","/home/alex/dev/Bachelor/baseline/Godsend/Client/src/app/store/articles/articles.component.ts","(anonymous)","(anonymous)",25,25
3,1,22,0,3,"get canDelete@24-26@/home/alex/dev/Bachelor/baseline/Godsend/Client/src/app/store/articles/articles.component.ts","/home/alex/dev/Bachelor/baseline/Godsend/Client/src/app/store/articles/articles.component.ts","get canDelete","get canDelete ( )",24,26
1,2,8,0,1,"(anonymous)@29-29@/home/alex/dev/Bachelor/baseline/Godsend/Client/src/app/store/articles/articles.component.ts","/home/alex/dev/Bachelor/baseline/Godsend/Client/src/app/store/articles/articles.component.ts","(anonymous)","(anonymous)",29,29
3,1,22,0,3,"get canCreate@28-30@/home/alex/dev/Bachelor/baseline/Godsend/Client/src/app/store/articles/articles.component.ts","/home/alex/dev/Bachelor/baseline/Godsend/Client/src/app/store/articles/articles.component.ts","get canCreate","get canCreate ( )",28,30
4,1,19,1,4,"onPageChanged@32-35@/home/alex/dev/Bachelor/baseline/Godsend/Client/src/app/store/articles/articles.component.ts","/home/alex/dev/Bachelor/baseline/Godsend/Client/src/app/store/articles/articles.component.ts","onPageChanged","onPageChanged ( page )",32,35
1,1,19,3,1,"constructor@37-37@/home/alex/dev/Bachelor/baseline/Godsend/Client/src/app/store/articles/articles.component.ts","/home/alex/dev/Bachelor/baseline/Godsend/Client/src/app/store/articles/articles.component.ts","constructor","constructor ( private repo RepositoryService , private router Router , private auth AuthenticationService , )",37,37
1,1,4,0,1,"(anonymous)@40-40@/home/alex/dev/Bachelor/baseline/Godsend/Client/src/app/store/articles/articles.component.ts","/home/alex/dev/Bachelor/baseline/Godsend/Client/src/app/store/articles/articles.component.ts","(anonymous)","(anonymous)",40,40
3,1,24,1,3,"getViewed@39-41@/home/alex/dev/Bachelor/baseline/Godsend/Client/src/app/store/articles/articles.component.ts","/home/alex/dev/Bachelor/baseline/Godsend/Client/src/app/store/articles/articles.component.ts","getViewed","getViewed ( articleId )",39,41
3,1,21,0,3,"getArticles@43-45@/home/alex/dev/Bachelor/baseline/Godsend/Client/src/app/store/articles/articles.component.ts","/home/alex/dev/Bachelor/baseline/Godsend/Client/src/app/store/articles/articles.component.ts","getArticles","getArticles ( )",43,45
3,1,10,0,3,"ngOnInit@47-49@/home/alex/dev/Bachelor/baseline/Godsend/Client/src/app/store/articles/articles.component.ts","/home/alex/dev/Bachelor/baseline/Godsend/Client/src/app/store/articles/articles.component.ts","ngOnInit","ngOnInit ( )",47,49
1,1,13,0,1,"(anonymous)@53-53@/home/alex/dev/Bachelor/baseline/Godsend/Client/src/app/store/articles/articles.component.ts","/home/alex/dev/Bachelor/baseline/Godsend/Client/src/app/store/articles/articles.component.ts","(anonymous)","(anonymous)",53,53
4,1,53,2,4,"createArticle@51-54@/home/alex/dev/Bachelor/baseline/Godsend/Client/src/app/store/articles/articles.component.ts","/home/alex/dev/Bachelor/baseline/Godsend/Client/src/app/store/articles/articles.component.ts","createArticle","createArticle ( content , name )",51,54
3,1,26,1,3,"deleteArticle@56-58@/home/alex/dev/Bachelor/baseline/Godsend/Client/src/app/store/articles/articles.component.ts","/home/alex/dev/Bachelor/baseline/Godsend/Client/src/app/store/articles/articles.component.ts","deleteArticle","deleteArticle ( id )",56,58
1,3,30,1,1,"r@4-4@/home/alex/dev/Bachelor/baseline/Godsend/Client/src/app/store/cart/cart.component.js","/home/alex/dev/Bachelor/baseline/Godsend/Client/src/app/store/cart/cart.component.js","r","r ( c ( )",4,4
4,7,104,4,4,"__decorate@1-4@/home/alex/dev/Bachelor/baseline/Godsend/Client/src/app/store/cart/cart.component.js","/home/alex/dev/Bachelor/baseline/Godsend/Client/src/app/store/cart/cart.component.js","__decorate","__decorate ( decorators , target , key , desc )",1,4
3,3,31,2,3,"__metadata@7-9@/home/alex/dev/Bachelor/baseline/Godsend/Client/src/app/store/cart/cart.component.js","/home/alex/dev/Bachelor/baseline/Godsend/Client/src/app/store/cart/cart.component.js","__metadata","__metadata ( k , v )",7,9
3,1,11,1,3,"CartComponent@14-16@/home/alex/dev/Bachelor/baseline/Godsend/Client/src/app/store/cart/cart.component.js","/home/alex/dev/Bachelor/baseline/Godsend/Client/src/app/store/cart/cart.component.js","CartComponent","CartComponent ( cartService )",14,16
1,1,18,2,1,"(anonymous)@19-19@/home/alex/dev/Bachelor/baseline/Godsend/Client/src/app/store/cart/cart.component.js","/home/alex/dev/Bachelor/baseline/Godsend/Client/src/app/store/cart/cart.component.js","(anonymous)","(anonymous) ( prev , cur )",19,19
4,1,24,0,4,"(anonymous)@18-21@/home/alex/dev/Bachelor/baseline/Godsend/Client/src/app/store/cart/cart.component.js","/home/alex/dev/Bachelor/baseline/Godsend/Client/src/app/store/cart/cart.component.js","(anonymous)","(anonymous) ( )",18,21
3,1,12,0,3,"CartComponent.prototype.checkout@25-27@/home/alex/dev/Bachelor/baseline/Godsend/Client/src/app/store/cart/cart.component.js","/home/alex/dev/Bachelor/baseline/Godsend/Client/src/app/store/cart/cart.component.js","CartComponent.prototype.checkout","CartComponent.prototype.checkout ( )",25,27
5,1,33,0,5,"(anonymous)@29-33@/home/alex/dev/Bachelor/baseline/Godsend/Client/src/app/store/cart/cart.component.js","/home/alex/dev/Bachelor/baseline/Godsend/Client/src/app/store/cart/cart.component.js","(anonymous)","(anonymous) ( )",29,33
3,1,14,1,3,"CartComponent.prototype.delete@40-42@/home/alex/dev/Bachelor/baseline/Godsend/Client/src/app/store/cart/cart.component.js","/home/alex/dev/Bachelor/baseline/Godsend/Client/src/app/store/cart/cart.component.js","CartComponent.prototype.delete","CartComponent.prototype.delete ( part )",40,42
3,1,10,1,3,"CartComponent.prototype.increment@43-45@/home/alex/dev/Bachelor/baseline/Godsend/Client/src/app/store/cart/cart.component.js","/home/alex/dev/Bachelor/baseline/Godsend/Client/src/app/store/cart/cart.component.js","CartComponent.prototype.increment","CartComponent.prototype.increment ( part )",43,45
8,2,30,1,8,"CartComponent.prototype.decrement@46-53@/home/alex/dev/Bachelor/baseline/Godsend/Client/src/app/store/cart/cart.component.js","/home/alex/dev/Bachelor/baseline/Godsend/Client/src/app/store/cart/cart.component.js","CartComponent.prototype.decrement","CartComponent.prototype.decrement ( part )",46,53
26,1,137,1,52,"CartComponent@12-63@/home/alex/dev/Bachelor/baseline/Godsend/Client/src/app/store/cart/cart.component.js","/home/alex/dev/Bachelor/baseline/Godsend/Client/src/app/store/cart/cart.component.js","CartComponent","CartComponent ( function ( )",12,63
2,1,8,1,3,"constructor@12-14@/home/alex/dev/Bachelor/baseline/Godsend/Client/src/app/store/cart/cart.component.ts","/home/alex/dev/Bachelor/baseline/Godsend/Client/src/app/store/cart/cart.component.ts","constructor","constructor ( private cartService CartService )",12,14
1,1,12,0,1,"(anonymous)@17-17@/home/alex/dev/Bachelor/baseline/Godsend/Client/src/app/store/cart/cart.component.ts","/home/alex/dev/Bachelor/baseline/Godsend/Client/src/app/store/cart/cart.component.ts","(anonymous)","(anonymous)",17,17
4,1,28,0,4,"get totalPrice@16-19@/home/alex/dev/Bachelor/baseline/Godsend/Client/src/app/store/cart/cart.component.ts","/home/alex/dev/Bachelor/baseline/Godsend/Client/src/app/store/cart/cart.component.ts","get totalPrice","get totalPrice ( )",16,19
3,1,12,0,3,"checkout@21-23@/home/alex/dev/Bachelor/baseline/Godsend/Client/src/app/store/cart/cart.component.ts","/home/alex/dev/Bachelor/baseline/Godsend/Client/src/app/store/cart/cart.component.ts","checkout","checkout ( )",21,23
5,1,37,0,5,"get discreteParts@25-29@/home/alex/dev/Bachelor/baseline/Godsend/Client/src/app/store/cart/cart.component.ts","/home/alex/dev/Bachelor/baseline/Godsend/Client/src/app/store/cart/cart.component.ts","get discreteParts","get discreteParts ( )",25,29
3,1,16,1,3,"delete@35-37@/home/alex/dev/Bachelor/baseline/Godsend/Client/src/app/store/cart/cart.component.ts","/home/alex/dev/Bachelor/baseline/Godsend/Client/src/app/store/cart/cart.component.ts","delete","delete ( part OrderPartDiscreteView )",35,37
3,1,12,1,3,"increment@39-41@/home/alex/dev/Bachelor/baseline/Godsend/Client/src/app/store/cart/cart.component.ts","/home/alex/dev/Bachelor/baseline/Godsend/Client/src/app/store/cart/cart.component.ts","increment","increment ( part OrderPartDiscreteView )",39,41
7,2,32,1,7,"decrement@43-49@/home/alex/dev/Bachelor/baseline/Godsend/Client/src/app/store/cart/cart.component.ts","/home/alex/dev/Bachelor/baseline/Godsend/Client/src/app/store/cart/cart.component.ts","decrement","decrement ( part OrderPartDiscreteView )",43,49
1,1,8,0,1,"(anonymous)@27-27@/home/alex/dev/Bachelor/baseline/Godsend/Client/src/app/store/comments/comment-wrapper.component.ts","/home/alex/dev/Bachelor/baseline/Godsend/Client/src/app/store/comments/comment-wrapper.component.ts","(anonymous)","(anonymous)",27,27
5,1,42,1,5,"constructor@24-28@/home/alex/dev/Bachelor/baseline/Godsend/Client/src/app/store/comments/comment-wrapper.component.ts","/home/alex/dev/Bachelor/baseline/Godsend/Client/src/app/store/comments/comment-wrapper.component.ts","constructor","constructor ( private repo RepositoryService )",24,28
3,1,10,0,3,"ngOnInit@30-32@/home/alex/dev/Bachelor/baseline/Godsend/Client/src/app/store/comments/comment-wrapper.component.ts","/home/alex/dev/Bachelor/baseline/Godsend/Client/src/app/store/comments/comment-wrapper.component.ts","ngOnInit","ngOnInit ( )",30,32
3,1,8,0,3,"(anonymous)@35-37@/home/alex/dev/Bachelor/baseline/Godsend/Client/src/app/store/comments/comment-wrapper.component.ts","/home/alex/dev/Bachelor/baseline/Godsend/Client/src/app/store/comments/comment-wrapper.component.ts","(anonymous)","(anonymous)",35,37
3,1,36,2,5,"send@34-38@/home/alex/dev/Bachelor/baseline/Godsend/Client/src/app/store/comments/comment-wrapper.component.ts","/home/alex/dev/Bachelor/baseline/Godsend/Client/src/app/store/comments/comment-wrapper.component.ts","send","send ( parentId null , content )",34,38
3,1,8,0,3,"(anonymous)@41-43@/home/alex/dev/Bachelor/baseline/Godsend/Client/src/app/store/comments/comment-wrapper.component.ts","/home/alex/dev/Bachelor/baseline/Godsend/Client/src/app/store/comments/comment-wrapper.component.ts","(anonymous)","(anonymous)",41,43
3,1,30,1,5,"delete@40-44@/home/alex/dev/Bachelor/baseline/Godsend/Client/src/app/store/comments/comment-wrapper.component.ts","/home/alex/dev/Bachelor/baseline/Godsend/Client/src/app/store/comments/comment-wrapper.component.ts","delete","delete ( commentId )",40,44
3,1,8,0,3,"(anonymous)@47-49@/home/alex/dev/Bachelor/baseline/Godsend/Client/src/app/store/comments/comment-wrapper.component.ts","/home/alex/dev/Bachelor/baseline/Godsend/Client/src/app/store/comments/comment-wrapper.component.ts","(anonymous)","(anonymous)",47,49
3,1,30,2,5,"edit@46-50@/home/alex/dev/Bachelor/baseline/Godsend/Client/src/app/store/comments/comment-wrapper.component.ts","/home/alex/dev/Bachelor/baseline/Godsend/Client/src/app/store/comments/comment-wrapper.component.ts","edit","edit ( commentId , content )",46,50
3,1,11,0,3,"(anonymous)@53-55@/home/alex/dev/Bachelor/baseline/Godsend/Client/src/app/store/comments/comment-wrapper.component.ts","/home/alex/dev/Bachelor/baseline/Godsend/Client/src/app/store/comments/comment-wrapper.component.ts","(anonymous)","(anonymous)",53,55
3,1,23,0,5,"refreshComments@52-56@/home/alex/dev/Bachelor/baseline/Godsend/Client/src/app/store/comments/comment-wrapper.component.ts","/home/alex/dev/Bachelor/baseline/Godsend/Client/src/app/store/comments/comment-wrapper.component.ts","refreshComments","refreshComments ( )",52,56
1,2,22,1,1,"hasNestedChild@58-58@/home/alex/dev/Bachelor/baseline/Godsend/Client/src/app/store/comments/comment-wrapper.component.ts","/home/alex/dev/Bachelor/baseline/Godsend/Client/src/app/store/comments/comment-wrapper.component.ts","hasNestedChild","hasNestedChild ( , nodeData CommentWithSubs )",58,58
1,1,10,1,1,"getChildren@60-60@/home/alex/dev/Bachelor/baseline/Godsend/Client/src/app/store/comments/comment-wrapper.component.ts","/home/alex/dev/Bachelor/baseline/Godsend/Client/src/app/store/comments/comment-wrapper.component.ts","getChildren","getChildren ( node CommentWithSubs )",60,60
1,1,4,0,1,"constructor@28-28@/home/alex/dev/Bachelor/baseline/Godsend/Client/src/app/store/comments/comment.component.ts","/home/alex/dev/Bachelor/baseline/Godsend/Client/src/app/store/comments/comment.component.ts","constructor","constructor ( )",28,28
3,1,14,0,3,"ngOnInit@30-32@/home/alex/dev/Bachelor/baseline/Godsend/Client/src/app/store/comments/comment.component.ts","/home/alex/dev/Bachelor/baseline/Godsend/Client/src/app/store/comments/comment.component.ts","ngOnInit","ngOnInit ( )",30,32
6,2,29,0,6,"sendComment@34-39@/home/alex/dev/Bachelor/baseline/Godsend/Client/src/app/store/comments/comment.component.ts","/home/alex/dev/Bachelor/baseline/Godsend/Client/src/app/store/comments/comment.component.ts","sendComment","sendComment ( )",34,39
6,2,29,0,6,"editComment@41-46@/home/alex/dev/Bachelor/baseline/Godsend/Client/src/app/store/comments/comment.component.ts","/home/alex/dev/Bachelor/baseline/Godsend/Client/src/app/store/comments/comment.component.ts","editComment","editComment ( )",41,46
4,1,20,0,4,"discardEdit@48-51@/home/alex/dev/Bachelor/baseline/Godsend/Client/src/app/store/comments/comment.component.ts","/home/alex/dev/Bachelor/baseline/Godsend/Client/src/app/store/comments/comment.component.ts","discardEdit","discardEdit ( )",48,51
3,1,12,0,3,"deleteComment@53-55@/home/alex/dev/Bachelor/baseline/Godsend/Client/src/app/store/comments/comment.component.ts","/home/alex/dev/Bachelor/baseline/Godsend/Client/src/app/store/comments/comment.component.ts","deleteComment","deleteComment ( )",53,55
3,1,10,0,3,"enterEditMode@57-59@/home/alex/dev/Bachelor/baseline/Godsend/Client/src/app/store/comments/comment.component.ts","/home/alex/dev/Bachelor/baseline/Godsend/Client/src/app/store/comments/comment.component.ts","enterEditMode","enterEditMode ( )",57,59
3,1,10,0,3,"exitEditMode@61-63@/home/alex/dev/Bachelor/baseline/Godsend/Client/src/app/store/comments/comment.component.ts","/home/alex/dev/Bachelor/baseline/Godsend/Client/src/app/store/comments/comment.component.ts","exitEditMode","exitEditMode ( )",61,63
3,1,10,0,3,"enterReplyMode@65-67@/home/alex/dev/Bachelor/baseline/Godsend/Client/src/app/store/comments/comment.component.ts","/home/alex/dev/Bachelor/baseline/Godsend/Client/src/app/store/comments/comment.component.ts","enterReplyMode","enterReplyMode ( )",65,67
3,1,10,0,3,"exitReplyMode@69-71@/home/alex/dev/Bachelor/baseline/Godsend/Client/src/app/store/comments/comment.component.ts","/home/alex/dev/Bachelor/baseline/Godsend/Client/src/app/store/comments/comment.component.ts","exitReplyMode","exitReplyMode ( )",69,71
1,3,30,1,1,"r@4-4@/home/alex/dev/Bachelor/baseline/Godsend/Client/src/app/store/consult/consult.component.js","/home/alex/dev/Bachelor/baseline/Godsend/Client/src/app/store/consult/consult.component.js","r","r ( c ( )",4,4
4,7,104,4,4,"__decorate@1-4@/home/alex/dev/Bachelor/baseline/Godsend/Client/src/app/store/consult/consult.component.js","/home/alex/dev/Bachelor/baseline/Godsend/Client/src/app/store/consult/consult.component.js","__decorate","__decorate ( decorators , target , key , desc )",1,4
3,3,31,2,3,"__metadata@7-9@/home/alex/dev/Bachelor/baseline/Godsend/Client/src/app/store/consult/consult.component.js","/home/alex/dev/Bachelor/baseline/Godsend/Client/src/app/store/consult/consult.component.js","__metadata","__metadata ( k , v )",7,9
2,1,4,0,2,"ConsultComponent@12-13@/home/alex/dev/Bachelor/baseline/Godsend/Client/src/app/store/consult/consult.component.js","/home/alex/dev/Bachelor/baseline/Godsend/Client/src/app/store/consult/consult.component.js","ConsultComponent","ConsultComponent ( )",12,13
11,1,42,1,12,"ConsultComponent@11-22@/home/alex/dev/Bachelor/baseline/Godsend/Client/src/app/store/consult/consult.component.js","/home/alex/dev/Bachelor/baseline/Godsend/Client/src/app/store/consult/consult.component.js","ConsultComponent","ConsultComponent ( function ( )",11,22
1,1,4,0,1,"constructor@9-9@/home/alex/dev/Bachelor/baseline/Godsend/Client/src/app/store/consult/consult.component.ts","/home/alex/dev/Bachelor/baseline/Godsend/Client/src/app/store/consult/consult.component.ts","constructor","constructor ( )",9,9
2,1,13,2,2,"constructor@27-28@/home/alex/dev/Bachelor/baseline/Godsend/Client/src/app/store/gallery/gallery.component.ts","/home/alex/dev/Bachelor/baseline/Godsend/Client/src/app/store/gallery/gallery.component.ts","constructor","constructor ( private repo RepositoryService , private imageService ImageService )",27,28
3,1,26,1,3,"getPath@30-32@/home/alex/dev/Bachelor/baseline/Godsend/Client/src/app/store/gallery/gallery.component.ts","/home/alex/dev/Bachelor/baseline/Godsend/Client/src/app/store/gallery/gallery.component.ts","getPath","getPath ( index )",30,32
4,1,24,1,4,"changeValue@34-37@/home/alex/dev/Bachelor/baseline/Godsend/Client/src/app/store/gallery/gallery.component.ts","/home/alex/dev/Bachelor/baseline/Godsend/Client/src/app/store/gallery/gallery.component.ts","changeValue","changeValue ( newValue Image )",34,37
1,1,4,0,1,"(anonymous)@44-44@/home/alex/dev/Bachelor/baseline/Godsend/Client/src/app/store/gallery/gallery.component.ts","/home/alex/dev/Bachelor/baseline/Godsend/Client/src/app/store/gallery/gallery.component.ts","(anonymous)","(anonymous)",44,44
9,3,57,1,9,"remove@39-47@/home/alex/dev/Bachelor/baseline/Godsend/Client/src/app/store/gallery/gallery.component.ts","/home/alex/dev/Bachelor/baseline/Godsend/Client/src/app/store/gallery/gallery.component.ts","remove","remove ( index )",39,47
4,1,19,1,4,"enterFullView@49-52@/home/alex/dev/Bachelor/baseline/Godsend/Client/src/app/store/gallery/gallery.component.ts","/home/alex/dev/Bachelor/baseline/Godsend/Client/src/app/store/gallery/gallery.component.ts","enterFullView","enterFullView ( index )",49,52
3,1,10,0,3,"exitFullView@54-56@/home/alex/dev/Bachelor/baseline/Godsend/Client/src/app/store/gallery/gallery.component.ts","/home/alex/dev/Bachelor/baseline/Godsend/Client/src/app/store/gallery/gallery.component.ts","exitFullView","exitFullView ( )",54,56
5,3,38,0,5,"incrementIndex@59-63@/home/alex/dev/Bachelor/baseline/Godsend/Client/src/app/store/gallery/gallery.component.ts","/home/alex/dev/Bachelor/baseline/Godsend/Client/src/app/store/gallery/gallery.component.ts","incrementIndex","incrementIndex ( )",59,63
5,3,38,0,5,"decrementIndex@66-70@/home/alex/dev/Bachelor/baseline/Godsend/Client/src/app/store/gallery/gallery.component.ts","/home/alex/dev/Bachelor/baseline/Godsend/Client/src/app/store/gallery/gallery.component.ts","decrementIndex","decrementIndex ( )",66,70
9,2,45,0,9,"(anonymous)@97-105@/home/alex/dev/Bachelor/baseline/Godsend/Client/src/app/store/gallery/gallery.component.ts","/home/alex/dev/Bachelor/baseline/Godsend/Client/src/app/store/gallery/gallery.component.ts","(anonymous)","(anonymous)",97,105
3,1,17,0,11,"(anonymous)@96-106@/home/alex/dev/Bachelor/baseline/Godsend/Client/src/app/store/gallery/gallery.component.ts","/home/alex/dev/Bachelor/baseline/Godsend/Client/src/app/store/gallery/gallery.component.ts","(anonymous)","(anonymous)",96,106
23,7,151,0,37,"uploadFiles@72-108@/home/alex/dev/Bachelor/baseline/Godsend/Client/src/app/store/gallery/gallery.component.ts","/home/alex/dev/Bachelor/baseline/Godsend/Client/src/app/store/gallery/gallery.component.ts","uploadFiles","uploadFiles ( )",72,108
1,3,30,1,1,"r@4-4@/home/alex/dev/Bachelor/baseline/Godsend/Client/src/app/store/home/home.component.js","/home/alex/dev/Bachelor/baseline/Godsend/Client/src/app/store/home/home.component.js","r","r ( c ( )",4,4
4,7,104,4,4,"__decorate@1-4@/home/alex/dev/Bachelor/baseline/Godsend/Client/src/app/store/home/home.component.js","/home/alex/dev/Bachelor/baseline/Godsend/Client/src/app/store/home/home.component.js","__decorate","__decorate ( decorators , target , key , desc )",1,4
3,3,31,2,3,"__metadata@7-9@/home/alex/dev/Bachelor/baseline/Godsend/Client/src/app/store/home/home.component.js","/home/alex/dev/Bachelor/baseline/Godsend/Client/src/app/store/home/home.component.js","__metadata","__metadata ( k , v )",7,9
3,1,14,0,3,"HomeComponent@12-14@/home/alex/dev/Bachelor/baseline/Godsend/Client/src/app/store/home/home.component.js","/home/alex/dev/Bachelor/baseline/Godsend/Client/src/app/store/home/home.component.js","HomeComponent","HomeComponent ( )",12,14
11,1,42,1,13,"HomeComponent@11-23@/home/alex/dev/Bachelor/baseline/Godsend/Client/src/app/store/home/home.component.js","/home/alex/dev/Bachelor/baseline/Godsend/Client/src/app/store/home/home.component.js","HomeComponent","HomeComponent ( function ( )",11,23
1,1,4,0,1,"constructor@10-10@/home/alex/dev/Bachelor/baseline/Godsend/Client/src/app/store/home/home.component.ts","/home/alex/dev/Bachelor/baseline/Godsend/Client/src/app/store/home/home.component.ts","constructor","constructor ( )",10,10
1,1,8,0,1,"constructor@25-25@/home/alex/dev/Bachelor/baseline/Godsend/Client/src/app/store/input-output/input-output.component.ts","/home/alex/dev/Bachelor/baseline/Godsend/Client/src/app/store/input-output/input-output.component.ts","constructor","constructor ( )",25,25
1,1,8,1,1,"constructor@10-10@/home/alex/dev/Bachelor/baseline/Godsend/Client/src/app/store/login/facebook-auth.component.ts","/home/alex/dev/Bachelor/baseline/Godsend/Client/src/app/store/login/facebook-auth.component.ts","constructor","constructor ( private route ActivatedRoute )",10,10
1,1,7,0,1,"(anonymous)@13-13@/home/alex/dev/Bachelor/baseline/Godsend/Client/src/app/store/login/facebook-auth.component.ts","/home/alex/dev/Bachelor/baseline/Godsend/Client/src/app/store/login/facebook-auth.component.ts","(anonymous)","(anonymous)",13,13
1,1,7,0,1,"(anonymous)@15-15@/home/alex/dev/Bachelor/baseline/Godsend/Client/src/app/store/login/facebook-auth.component.ts","/home/alex/dev/Bachelor/baseline/Godsend/Client/src/app/store/login/facebook-auth.component.ts","(anonymous)","(anonymous)",15,15
17,3,145,0,21,"ngOnInit@12-32@/home/alex/dev/Bachelor/baseline/Godsend/Client/src/app/store/login/facebook-auth.component.ts","/home/alex/dev/Bachelor/baseline/Godsend/Client/src/app/store/login/facebook-auth.component.ts","ngOnInit","ngOnInit ( )",12,32
1,1,13,1,1,"magic@22-22@/home/alex/dev/Bachelor/baseline/Godsend/Client/src/app/store/login/facebook-login.component.ts","/home/alex/dev/Bachelor/baseline/Godsend/Client/src/app/store/login/facebook-login.component.ts","magic","magic ( x )",22,22
2,1,8,1,3,"constructor@24-26@/home/alex/dev/Bachelor/baseline/Godsend/Client/src/app/store/login/facebook-login.component.ts","/home/alex/dev/Bachelor/baseline/Godsend/Client/src/app/store/login/facebook-login.component.ts","constructor","constructor ( private authService AuthenticationService )",24,26
7,2,42,0,7,"ngOnInit@28-34@/home/alex/dev/Bachelor/baseline/Godsend/Client/src/app/store/login/facebook-login.component.ts","/home/alex/dev/Bachelor/baseline/Godsend/Client/src/app/store/login/facebook-login.component.ts","ngOnInit","ngOnInit ( )",28,34
7,2,41,0,7,"ngOnDestroy@36-42@/home/alex/dev/Bachelor/baseline/Godsend/Client/src/app/store/login/facebook-login.component.ts","/home/alex/dev/Bachelor/baseline/Godsend/Client/src/app/store/login/facebook-login.component.ts","ngOnDestroy","ngOnDestroy ( )",36,42
3,1,19,0,4,"launchFbLogin@44-47@/home/alex/dev/Bachelor/baseline/Godsend/Client/src/app/store/login/facebook-login.component.ts","/home/alex/dev/Bachelor/baseline/Godsend/Client/src/app/store/login/facebook-login.component.ts","launchFbLogin","launchFbLogin ( )",44,47
25,6,140,1,28,"handleMessage@49-76@/home/alex/dev/Bachelor/baseline/Godsend/Client/src/app/store/login/facebook-login.component.ts","/home/alex/dev/Bachelor/baseline/Godsend/Client/src/app/store/login/facebook-login.component.ts","handleMessage","handleMessage ( event Event )",49,76
4,5,55,1,4,"isMessage@78-81@/home/alex/dev/Bachelor/baseline/Godsend/Client/src/app/store/login/facebook-login.component.ts","/home/alex/dev/Bachelor/baseline/Godsend/Client/src/app/store/login/facebook-login.component.ts","isMessage","isMessage ( msg )",78,81
1,3,30,1,1,"r@4-4@/home/alex/dev/Bachelor/baseline/Godsend/Client/src/app/store/login/login.component.js","/home/alex/dev/Bachelor/baseline/Godsend/Client/src/app/store/login/login.component.js","r","r ( c ( )",4,4
4,7,104,4,4,"__decorate@1-4@/home/alex/dev/Bachelor/baseline/Godsend/Client/src/app/store/login/login.component.js","/home/alex/dev/Bachelor/baseline/Godsend/Client/src/app/store/login/login.component.js","__decorate","__decorate ( decorators , target , key , desc )",1,4
3,3,31,2,3,"__metadata@7-9@/home/alex/dev/Bachelor/baseline/Godsend/Client/src/app/store/login/login.component.js","/home/alex/dev/Bachelor/baseline/Godsend/Client/src/app/store/login/login.component.js","__metadata","__metadata ( k , v )",7,9
5,1,23,1,5,"LoginComponent@13-17@/home/alex/dev/Bachelor/baseline/Godsend/Client/src/app/store/login/login.component.js","/home/alex/dev/Bachelor/baseline/Godsend/Client/src/app/store/login/login.component.js","LoginComponent","LoginComponent ( auth )",13,17
3,1,19,0,4,"LoginComponent.prototype.login@18-21@/home/alex/dev/Bachelor/baseline/Godsend/Client/src/app/store/login/login.component.js","/home/alex/dev/Bachelor/baseline/Godsend/Client/src/app/store/login/login.component.js","LoginComponent.prototype.login","LoginComponent.prototype.login ( )",18,21
13,1,58,1,20,"LoginComponent@12-31@/home/alex/dev/Bachelor/baseline/Godsend/Client/src/app/store/login/login.component.js","/home/alex/dev/Bachelor/baseline/Godsend/Client/src/app/store/login/login.component.js","LoginComponent","LoginComponent ( function ( )",12,31
1,1,8,1,1,"constructor@12-12@/home/alex/dev/Bachelor/baseline/Godsend/Client/src/app/store/login/login.component.ts","/home/alex/dev/Bachelor/baseline/Godsend/Client/src/app/store/login/login.component.ts","constructor","constructor ( private auth AuthenticationService )",12,12
3,1,19,0,4,"login@13-16@/home/alex/dev/Bachelor/baseline/Godsend/Client/src/app/store/login/login.component.ts","/home/alex/dev/Bachelor/baseline/Godsend/Client/src/app/store/login/login.component.ts","login","login ( )",13,16
1,3,30,1,1,"r@4-4@/home/alex/dev/Bachelor/baseline/Godsend/Client/src/app/store/navmenu/navmenu.component.js","/home/alex/dev/Bachelor/baseline/Godsend/Client/src/app/store/navmenu/navmenu.component.js","r","r ( c ( )",4,4
4,7,104,4,4,"__decorate@1-4@/home/alex/dev/Bachelor/baseline/Godsend/Client/src/app/store/navmenu/navmenu.component.js","/home/alex/dev/Bachelor/baseline/Godsend/Client/src/app/store/navmenu/navmenu.component.js","__decorate","__decorate ( decorators , target , key , desc )",1,4
3,3,31,2,3,"__metadata@7-9@/home/alex/dev/Bachelor/baseline/Godsend/Client/src/app/store/navmenu/navmenu.component.js","/home/alex/dev/Bachelor/baseline/Godsend/Client/src/app/store/navmenu/navmenu.component.js","__metadata","__metadata ( k , v )",7,9
7,1,41,4,7,"NavMenuComponent@16-22@/home/alex/dev/Bachelor/baseline/Godsend/Client/src/app/store/navmenu/navmenu.component.js","/home/alex/dev/Bachelor/baseline/Godsend/Client/src/app/store/navmenu/navmenu.component.js","NavMenuComponent","NavMenuComponent ( storage , auth , router , translateService )",16,22
1,1,11,0,1,"(anonymous)@24-24@/home/alex/dev/Bachelor/baseline/Godsend/Client/src/app/store/navmenu/navmenu.component.js","/home/alex/dev/Bachelor/baseline/Godsend/Client/src/app/store/navmenu/navmenu.component.js","(anonymous)","(anonymous) ( )",24,24
1,1,11,0,1,"(anonymous)@29-29@/home/alex/dev/Bachelor/baseline/Godsend/Client/src/app/store/navmenu/navmenu.component.js","/home/alex/dev/Bachelor/baseline/Godsend/Client/src/app/store/navmenu/navmenu.component.js","(anonymous)","(anonymous) ( )",29,29
1,2,14,1,1,"(anonymous)@34-34@/home/alex/dev/Bachelor/baseline/Godsend/Client/src/app/store/navmenu/navmenu.component.js","/home/alex/dev/Bachelor/baseline/Godsend/Client/src/app/store/navmenu/navmenu.component.js","(anonymous)","(anonymous) ( x )",34,34
1,1,20,0,1,"(anonymous)@34-34@/home/alex/dev/Bachelor/baseline/Godsend/Client/src/app/store/navmenu/navmenu.component.js","/home/alex/dev/Bachelor/baseline/Godsend/Client/src/app/store/navmenu/navmenu.component.js","(anonymous)","(anonymous) ( )",34,34
1,1,11,0,1,"(anonymous)@39-39@/home/alex/dev/Bachelor/baseline/Godsend/Client/src/app/store/navmenu/navmenu.component.js","/home/alex/dev/Bachelor/baseline/Godsend/Client/src/app/store/navmenu/navmenu.component.js","(anonymous)","(anonymous) ( )",39,39
3,1,13,0,3,"NavMenuComponent.prototype.scrollToTop@43-45@/home/alex/dev/Bachelor/baseline/Godsend/Client/src/app/store/navmenu/navmenu.component.js","/home/alex/dev/Bachelor/baseline/Godsend/Client/src/app/store/navmenu/navmenu.component.js","NavMenuComponent.prototype.scrollToTop","NavMenuComponent.prototype.scrollToTop ( )",43,45
3,1,13,0,3,"NavMenuComponent.prototype.slideToggle@46-48@/home/alex/dev/Bachelor/baseline/Godsend/Client/src/app/store/navmenu/navmenu.component.js","/home/alex/dev/Bachelor/baseline/Godsend/Client/src/app/store/navmenu/navmenu.component.js","NavMenuComponent.prototype.slideToggle","NavMenuComponent.prototype.slideToggle ( )",46,48
3,1,10,0,3,"NavMenuComponent.prototype.hideMenu@49-51@/home/alex/dev/Bachelor/baseline/Godsend/Client/src/app/store/navmenu/navmenu.component.js","/home/alex/dev/Bachelor/baseline/Godsend/Client/src/app/store/navmenu/navmenu.component.js","NavMenuComponent.prototype.hideMenu","NavMenuComponent.prototype.hideMenu ( )",49,51
4,1,26,0,4,"NavMenuComponent.prototype.ngOnInit@52-55@/home/alex/dev/Bachelor/baseline/Godsend/Client/src/app/store/navmenu/navmenu.component.js","/home/alex/dev/Bachelor/baseline/Godsend/Client/src/app/store/navmenu/navmenu.component.js","NavMenuComponent.prototype.ngOnInit","NavMenuComponent.prototype.ngOnInit ( )",52,55
4,1,23,1,4,"NavMenuComponent.prototype.changeLang@56-59@/home/alex/dev/Bachelor/baseline/Godsend/Client/src/app/store/navmenu/navmenu.component.js","/home/alex/dev/Bachelor/baseline/Godsend/Client/src/app/store/navmenu/navmenu.component.js","NavMenuComponent.prototype.changeLang","NavMenuComponent.prototype.changeLang ( newLang )",56,59
3,1,12,0,3,"NavMenuComponent.prototype.logout@60-62@/home/alex/dev/Bachelor/baseline/Godsend/Client/src/app/store/navmenu/navmenu.component.js","/home/alex/dev/Bachelor/baseline/Godsend/Client/src/app/store/navmenu/navmenu.component.js","NavMenuComponent.prototype.logout","NavMenuComponent.prototype.logout ( )",60,62
4,1,29,0,4,"NavMenuComponent.prototype.login@63-66@/home/alex/dev/Bachelor/baseline/Godsend/Client/src/app/store/navmenu/navmenu.component.js","/home/alex/dev/Bachelor/baseline/Godsend/Client/src/app/store/navmenu/navmenu.component.js","NavMenuComponent.prototype.login","NavMenuComponent.prototype.login ( )",63,66
42,1,222,1,65,"NavMenuComponent@15-79@/home/alex/dev/Bachelor/baseline/Godsend/Client/src/app/store/navmenu/navmenu.component.js","/home/alex/dev/Bachelor/baseline/Godsend/Client/src/app/store/navmenu/navmenu.component.js","NavMenuComponent","NavMenuComponent ( function ( )",15,79
4,1,23,4,4,"constructor@13-16@/home/alex/dev/Bachelor/baseline/Godsend/Client/src/app/store/navmenu/navmenu.component.ts","/home/alex/dev/Bachelor/baseline/Godsend/Client/src/app/store/navmenu/navmenu.component.ts","constructor","constructor ( private storage StorageService , private auth AuthenticationService , private router Router , private translateService TranslateService )",13,16
1,1,11,0,1,"get name@17-17@/home/alex/dev/Bachelor/baseline/Godsend/Client/src/app/store/navmenu/navmenu.component.ts","/home/alex/dev/Bachelor/baseline/Godsend/Client/src/app/store/navmenu/navmenu.component.ts","get name","get name ( )",17,17
1,1,11,0,1,"get isLogged@18-18@/home/alex/dev/Bachelor/baseline/Godsend/Client/src/app/store/navmenu/navmenu.component.ts","/home/alex/dev/Bachelor/baseline/Godsend/Client/src/app/store/navmenu/navmenu.component.ts","get isLogged","get isLogged ( )",18,18
1,2,8,0,1,"(anonymous)@19-19@/home/alex/dev/Bachelor/baseline/Godsend/Client/src/app/store/navmenu/navmenu.component.ts","/home/alex/dev/Bachelor/baseline/Godsend/Client/src/app/store/navmenu/navmenu.component.ts","(anonymous)","(anonymous)",19,19
1,1,20,0,1,"get isAdmin@19-19@/home/alex/dev/Bachelor/baseline/Godsend/Client/src/app/store/navmenu/navmenu.component.ts","/home/alex/dev/Bachelor/baseline/Godsend/Client/src/app/store/navmenu/navmenu.component.ts","get isAdmin","get isAdmin ( )",19,19
1,1,11,0,1,"get currentUserId@20-20@/home/alex/dev/Bachelor/baseline/Godsend/Client/src/app/store/navmenu/navmenu.component.ts","/home/alex/dev/Bachelor/baseline/Godsend/Client/src/app/store/navmenu/navmenu.component.ts","get currentUserId","get currentUserId ( )",20,20
3,1,15,0,3,"scrollToTop@25-27@/home/alex/dev/Bachelor/baseline/Godsend/Client/src/app/store/navmenu/navmenu.component.ts","/home/alex/dev/Bachelor/baseline/Godsend/Client/src/app/store/navmenu/navmenu.component.ts","scrollToTop","scrollToTop ( )",25,27
3,1,15,0,3,"slideToggle@29-31@/home/alex/dev/Bachelor/baseline/Godsend/Client/src/app/store/navmenu/navmenu.component.ts","/home/alex/dev/Bachelor/baseline/Godsend/Client/src/app/store/navmenu/navmenu.component.ts","slideToggle","slideToggle ( )",29,31
3,1,12,0,3,"hideMenu@33-35@/home/alex/dev/Bachelor/baseline/Godsend/Client/src/app/store/navmenu/navmenu.component.ts","/home/alex/dev/Bachelor/baseline/Godsend/Client/src/app/store/navmenu/navmenu.component.ts","hideMenu","hideMenu ( )",33,35
4,1,26,0,4,"ngOnInit@37-40@/home/alex/dev/Bachelor/baseline/Godsend/Client/src/app/store/navmenu/navmenu.component.ts","/home/alex/dev/Bachelor/baseline/Godsend/Client/src/app/store/navmenu/navmenu.component.ts","ngOnInit","ngOnInit ( )",37,40
4,1,25,1,4,"changeLang@42-45@/home/alex/dev/Bachelor/baseline/Godsend/Client/src/app/store/navmenu/navmenu.component.ts","/home/alex/dev/Bachelor/baseline/Godsend/Client/src/app/store/navmenu/navmenu.component.ts","changeLang","changeLang ( newLang )",42,45
3,1,12,0,3,"logout@47-49@/home/alex/dev/Bachelor/baseline/Godsend/Client/src/app/store/navmenu/navmenu.component.ts","/home/alex/dev/Bachelor/baseline/Godsend/Client/src/app/store/navmenu/navmenu.component.ts","logout","logout ( )",47,49
4,1,29,0,4,"login@51-54@/home/alex/dev/Bachelor/baseline/Godsend/Client/src/app/store/navmenu/navmenu.component.ts","/home/alex/dev/Bachelor/baseline/Godsend/Client/src/app/store/navmenu/navmenu.component.ts","login","login ( )",51,54
3,1,11,0,3,"get messages@12-14@/home/alex/dev/Bachelor/baseline/Godsend/Client/src/app/store/notification/notification.component.ts","/home/alex/dev/Bachelor/baseline/Godsend/Client/src/app/store/notification/notification.component.ts","get messages","get messages ( )",12,14
3,1,15,0,3,"slideToggle@15-17@/home/alex/dev/Bachelor/baseline/Godsend/Client/src/app/store/notification/notification.component.ts","/home/alex/dev/Bachelor/baseline/Godsend/Client/src/app/store/notification/notification.component.ts","slideToggle","slideToggle ( )",15,17
3,1,12,0,3,"hideMenu@19-21@/home/alex/dev/Bachelor/baseline/Godsend/Client/src/app/store/notification/notification.component.ts","/home/alex/dev/Bachelor/baseline/Godsend/Client/src/app/store/notification/notification.component.ts","hideMenu","hideMenu ( )",19,21
2,1,8,1,2,"constructor@22-23@/home/alex/dev/Bachelor/baseline/Godsend/Client/src/app/store/notification/notification.component.ts","/home/alex/dev/Bachelor/baseline/Godsend/Client/src/app/store/notification/notification.component.ts","constructor","constructor ( private notificationService NotificationService )",22,23
4,1,23,0,4,"sendMessage@25-28@/home/alex/dev/Bachelor/baseline/Godsend/Client/src/app/store/notification/notification.component.ts","/home/alex/dev/Bachelor/baseline/Godsend/Client/src/app/store/notification/notification.component.ts","sendMessage","sendMessage ( )",25,28
2,1,4,0,2,"ngOnInit@30-31@/home/alex/dev/Bachelor/baseline/Godsend/Client/src/app/store/notification/notification.component.ts","/home/alex/dev/Bachelor/baseline/Godsend/Client/src/app/store/notification/notification.component.ts","ngOnInit","ngOnInit ( )",30,31
1,1,13,2,1,"constructor@16-16@/home/alex/dev/Bachelor/baseline/Godsend/Client/src/app/store/orders/orders.component.ts","/home/alex/dev/Bachelor/baseline/Godsend/Client/src/app/store/orders/orders.component.ts","constructor","constructor ( private repo RepositoryService , private auth AuthenticationService )",16,16
3,1,22,0,3,"get pagesCount@18-20@/home/alex/dev/Bachelor/baseline/Godsend/Client/src/app/store/orders/orders.component.ts","/home/alex/dev/Bachelor/baseline/Godsend/Client/src/app/store/orders/orders.component.ts","get pagesCount","get pagesCount ( )",18,20
1,2,8,0,1,"(anonymous)@23-23@/home/alex/dev/Bachelor/baseline/Godsend/Client/src/app/store/orders/orders.component.ts","/home/alex/dev/Bachelor/baseline/Godsend/Client/src/app/store/orders/orders.component.ts","(anonymous)","(anonymous)",23,23
3,1,22,0,3,"get canChangeStatus@22-24@/home/alex/dev/Bachelor/baseline/Godsend/Client/src/app/store/orders/orders.component.ts","/home/alex/dev/Bachelor/baseline/Godsend/Client/src/app/store/orders/orders.component.ts","get canChangeStatus","get canChangeStatus ( )",22,24
4,1,19,1,4,"onPageChanged@26-29@/home/alex/dev/Bachelor/baseline/Godsend/Client/src/app/store/orders/orders.component.ts","/home/alex/dev/Bachelor/baseline/Godsend/Client/src/app/store/orders/orders.component.ts","onPageChanged","onPageChanged ( page )",26,29
3,1,10,0,3,"ngOnInit@31-33@/home/alex/dev/Bachelor/baseline/Godsend/Client/src/app/store/orders/orders.component.ts","/home/alex/dev/Bachelor/baseline/Godsend/Client/src/app/store/orders/orders.component.ts","ngOnInit","ngOnInit ( )",31,33
1,1,6,0,1,"(anonymous)@36-36@/home/alex/dev/Bachelor/baseline/Godsend/Client/src/app/store/orders/orders.component.ts","/home/alex/dev/Bachelor/baseline/Godsend/Client/src/app/store/orders/orders.component.ts","(anonymous)","(anonymous)",36,36
3,1,27,0,4,"getOrders@35-38@/home/alex/dev/Bachelor/baseline/Godsend/Client/src/app/store/orders/orders.component.ts","/home/alex/dev/Bachelor/baseline/Godsend/Client/src/app/store/orders/orders.component.ts","getOrders","getOrders ( )",35,38
1,1,6,0,1,"(anonymous)@41-41@/home/alex/dev/Bachelor/baseline/Godsend/Client/src/app/store/orders/orders.component.ts","/home/alex/dev/Bachelor/baseline/Godsend/Client/src/app/store/orders/orders.component.ts","(anonymous)","(anonymous)",41,41
3,1,29,1,3,"cancel@40-42@/home/alex/dev/Bachelor/baseline/Godsend/Client/src/app/store/orders/orders.component.ts","/home/alex/dev/Bachelor/baseline/Godsend/Client/src/app/store/orders/orders.component.ts","cancel","cancel ( id )",40,42
1,1,6,0,1,"(anonymous)@44-44@/home/alex/dev/Bachelor/baseline/Godsend/Client/src/app/store/orders/orders.component.ts","/home/alex/dev/Bachelor/baseline/Godsend/Client/src/app/store/orders/orders.component.ts","(anonymous)","(anonymous)",44,44
3,1,29,1,3,"shipped@43-45@/home/alex/dev/Bachelor/baseline/Godsend/Client/src/app/store/orders/orders.component.ts","/home/alex/dev/Bachelor/baseline/Godsend/Client/src/app/store/orders/orders.component.ts","shipped","shipped ( id )",43,45
1,1,6,0,1,"(anonymous)@47-47@/home/alex/dev/Bachelor/baseline/Godsend/Client/src/app/store/orders/orders.component.ts","/home/alex/dev/Bachelor/baseline/Godsend/Client/src/app/store/orders/orders.component.ts","(anonymous)","(anonymous)",47,47
3,1,27,1,3,"delete@46-48@/home/alex/dev/Bachelor/baseline/Godsend/Client/src/app/store/orders/orders.component.ts","/home/alex/dev/Bachelor/baseline/Godsend/Client/src/app/store/orders/orders.component.ts","delete","delete ( id )",46,48
7,2,46,1,7,"getProdInfo@50-56@/home/alex/dev/Bachelor/baseline/Godsend/Client/src/app/store/orders/orders.component.ts","/home/alex/dev/Bachelor/baseline/Godsend/Client/src/app/store/orders/orders.component.ts","getProdInfo","getProdInfo ( arDProd OrderPartProducts )",50,56
1,1,4,0,1,"constructor@17-17@/home/alex/dev/Bachelor/baseline/Godsend/Client/src/app/store/pages/pages.component.ts","/home/alex/dev/Bachelor/baseline/Godsend/Client/src/app/store/pages/pages.component.ts","constructor","constructor ( )",17,17
6,2,32,0,6,"nextPage@19-24@/home/alex/dev/Bachelor/baseline/Godsend/Client/src/app/store/pages/pages.component.ts","/home/alex/dev/Bachelor/baseline/Godsend/Client/src/app/store/pages/pages.component.ts","nextPage","nextPage ( )",19,24
6,2,30,0,6,"prevPage@26-31@/home/alex/dev/Bachelor/baseline/Godsend/Client/src/app/store/pages/pages.component.ts","/home/alex/dev/Bachelor/baseline/Godsend/Client/src/app/store/pages/pages.component.ts","prevPage","prevPage ( )",26,31
1,1,8,0,1,"(anonymous)@24-24@/home/alex/dev/Bachelor/baseline/Godsend/Client/src/app/store/products/category-tree.component.ts","/home/alex/dev/Bachelor/baseline/Godsend/Client/src/app/store/products/category-tree.component.ts","(anonymous)","(anonymous)",24,24
5,1,42,1,5,"constructor@21-25@/home/alex/dev/Bachelor/baseline/Godsend/Client/src/app/store/products/category-tree.component.ts","/home/alex/dev/Bachelor/baseline/Godsend/Client/src/app/store/products/category-tree.component.ts","constructor","constructor ( private catService CategoryService )",21,25
5,2,29,0,5,"ngOnInit@27-31@/home/alex/dev/Bachelor/baseline/Godsend/Client/src/app/store/products/category-tree.component.ts","/home/alex/dev/Bachelor/baseline/Godsend/Client/src/app/store/products/category-tree.component.ts","ngOnInit","ngOnInit ( )",27,31
4,1,23,1,4,"selectCategory@33-36@/home/alex/dev/Bachelor/baseline/Godsend/Client/src/app/store/products/category-tree.component.ts","/home/alex/dev/Bachelor/baseline/Godsend/Client/src/app/store/products/category-tree.component.ts","selectCategory","selectCategory ( newCat Category )",33,36
1,2,22,1,1,"hasNestedChild@38-38@/home/alex/dev/Bachelor/baseline/Godsend/Client/src/app/store/products/category-tree.component.ts","/home/alex/dev/Bachelor/baseline/Godsend/Client/src/app/store/products/category-tree.component.ts","hasNestedChild","hasNestedChild ( , nodeData CatsWithSubs )",38,38
1,1,10,1,1,"getChildren@40-40@/home/alex/dev/Bachelor/baseline/Godsend/Client/src/app/store/products/category-tree.component.ts","/home/alex/dev/Bachelor/baseline/Godsend/Client/src/app/store/products/category-tree.component.ts","getChildren","getChildren ( node CatsWithSubs )",40,40
1,1,8,1,1,"constructor@19-19@/home/alex/dev/Bachelor/baseline/Godsend/Client/src/app/store/products/filter.component.ts","/home/alex/dev/Bachelor/baseline/Godsend/Client/src/app/store/products/filter.component.ts","constructor","constructor ( private repo RepositoryService )",19,19
2,1,6,0,3,"ngOnInit@20-22@/home/alex/dev/Bachelor/baseline/Godsend/Client/src/app/store/products/filter.component.ts","/home/alex/dev/Bachelor/baseline/Godsend/Client/src/app/store/products/filter.component.ts","ngOnInit","ngOnInit ( )",20,22
1,2,12,0,1,"(anonymous)@30-30@/home/alex/dev/Bachelor/baseline/Godsend/Client/src/app/store/products/filter.component.ts","/home/alex/dev/Bachelor/baseline/Godsend/Client/src/app/store/products/filter.component.ts","(anonymous)","(anonymous)",30,30
1,1,12,0,1,"(anonymous)@31-31@/home/alex/dev/Bachelor/baseline/Godsend/Client/src/app/store/products/filter.component.ts","/home/alex/dev/Bachelor/baseline/Godsend/Client/src/app/store/products/filter.component.ts","(anonymous)","(anonymous)",31,31
1,2,12,0,1,"(anonymous)@35-35@/home/alex/dev/Bachelor/baseline/Godsend/Client/src/app/store/products/filter.component.ts","/home/alex/dev/Bachelor/baseline/Godsend/Client/src/app/store/products/filter.component.ts","(anonymous)","(anonymous)",35,35
1,1,16,0,1,"(anonymous)@36-36@/home/alex/dev/Bachelor/baseline/Godsend/Client/src/app/store/products/filter.component.ts","/home/alex/dev/Bachelor/baseline/Godsend/Client/src/app/store/products/filter.component.ts","(anonymous)","(anonymous)",36,36
1,2,12,0,1,"(anonymous)@40-40@/home/alex/dev/Bachelor/baseline/Godsend/Client/src/app/store/products/filter.component.ts","/home/alex/dev/Bachelor/baseline/Godsend/Client/src/app/store/products/filter.component.ts","(anonymous)","(anonymous)",40,40
1,1,16,0,1,"(anonymous)@41-41@/home/alex/dev/Bachelor/baseline/Godsend/Client/src/app/store/products/filter.component.ts","/home/alex/dev/Bachelor/baseline/Godsend/Client/src/app/store/products/filter.component.ts","(anonymous)","(anonymous)",41,41
22,5,158,0,25,"getByFilter@26-50@/home/alex/dev/Bachelor/baseline/Godsend/Client/src/app/store/products/filter.component.ts","/home/alex/dev/Bachelor/baseline/Godsend/Client/src/app/store/products/filter.component.ts","getByFilter","getByFilter ( )",26,50
1,3,30,1,1,"r@4-4@/home/alex/dev/Bachelor/baseline/Godsend/Client/src/app/store/products/product-card.component.js","/home/alex/dev/Bachelor/baseline/Godsend/Client/src/app/store/products/product-card.component.js","r","r ( c ( )",4,4
4,7,104,4,4,"__decorate@1-4@/home/alex/dev/Bachelor/baseline/Godsend/Client/src/app/store/products/product-card.component.js","/home/alex/dev/Bachelor/baseline/Godsend/Client/src/app/store/products/product-card.component.js","__decorate","__decorate ( decorators , target , key , desc )",1,4
3,3,31,2,3,"__metadata@7-9@/home/alex/dev/Bachelor/baseline/Godsend/Client/src/app/store/products/product-card.component.js","/home/alex/dev/Bachelor/baseline/Godsend/Client/src/app/store/products/product-card.component.js","__metadata","__metadata ( k , v )",7,9
6,1,36,3,6,"ProductCardComponent@16-21@/home/alex/dev/Bachelor/baseline/Godsend/Client/src/app/store/products/product-card.component.js","/home/alex/dev/Bachelor/baseline/Godsend/Client/src/app/store/products/product-card.component.js","ProductCardComponent","ProductCardComponent ( repo , imageService , auth )",16,21
1,2,14,1,1,"(anonymous)@24-24@/home/alex/dev/Bachelor/baseline/Godsend/Client/src/app/store/products/product-card.component.js","/home/alex/dev/Bachelor/baseline/Godsend/Client/src/app/store/products/product-card.component.js","(anonymous)","(anonymous) ( x )",24,24
3,1,20,0,3,"(anonymous)@23-25@/home/alex/dev/Bachelor/baseline/Godsend/Client/src/app/store/products/product-card.component.js","/home/alex/dev/Bachelor/baseline/Godsend/Client/src/app/store/products/product-card.component.js","(anonymous)","(anonymous) ( )",23,25
1,1,14,1,1,"(anonymous)@32-32@/home/alex/dev/Bachelor/baseline/Godsend/Client/src/app/store/products/product-card.component.js","/home/alex/dev/Bachelor/baseline/Godsend/Client/src/app/store/products/product-card.component.js","(anonymous)","(anonymous) ( id )",32,32
4,2,30,0,4,"(anonymous)@30-33@/home/alex/dev/Bachelor/baseline/Godsend/Client/src/app/store/products/product-card.component.js","/home/alex/dev/Bachelor/baseline/Godsend/Client/src/app/store/products/product-card.component.js","(anonymous)","(anonymous) ( )",30,33
8,3,40,0,8,"(anonymous)@38-45@/home/alex/dev/Bachelor/baseline/Godsend/Client/src/app/store/products/product-card.component.js","/home/alex/dev/Bachelor/baseline/Godsend/Client/src/app/store/products/product-card.component.js","(anonymous)","(anonymous) ( )",38,45
3,1,12,0,3,"ProductCardComponent.prototype.onDelete@49-51@/home/alex/dev/Bachelor/baseline/Godsend/Client/src/app/store/products/product-card.component.js","/home/alex/dev/Bachelor/baseline/Godsend/Client/src/app/store/products/product-card.component.js","ProductCardComponent.prototype.onDelete","ProductCardComponent.prototype.onDelete ( )",49,51
36,1,190,1,55,"ProductCardComponent@15-69@/home/alex/dev/Bachelor/baseline/Godsend/Client/src/app/store/products/product-card.component.js","/home/alex/dev/Bachelor/baseline/Godsend/Client/src/app/store/products/product-card.component.js","ProductCardComponent","ProductCardComponent ( function ( )",15,69
1,2,8,0,1,"(anonymous)@21-21@/home/alex/dev/Bachelor/baseline/Godsend/Client/src/app/store/products/product-card.component.ts","/home/alex/dev/Bachelor/baseline/Godsend/Client/src/app/store/products/product-card.component.ts","(anonymous)","(anonymous)",21,21
3,1,22,0,3,"get canDelete@20-22@/home/alex/dev/Bachelor/baseline/Godsend/Client/src/app/store/products/product-card.component.ts","/home/alex/dev/Bachelor/baseline/Godsend/Client/src/app/store/products/product-card.component.ts","get canDelete","get canDelete ( )",20,22
1,1,18,3,1,"constructor@24-24@/home/alex/dev/Bachelor/baseline/Godsend/Client/src/app/store/products/product-card.component.ts","/home/alex/dev/Bachelor/baseline/Godsend/Client/src/app/store/products/product-card.component.ts","constructor","constructor ( private repo RepositoryService , private imageService ImageService , private auth AuthenticationService )",24,24
1,1,9,0,1,"(anonymous)@27-27@/home/alex/dev/Bachelor/baseline/Godsend/Client/src/app/store/products/product-card.component.ts","/home/alex/dev/Bachelor/baseline/Godsend/Client/src/app/store/products/product-card.component.ts","(anonymous)","(anonymous)",27,27
3,2,25,0,3,"get viewed@26-28@/home/alex/dev/Bachelor/baseline/Godsend/Client/src/app/store/products/product-card.component.ts","/home/alex/dev/Bachelor/baseline/Godsend/Client/src/app/store/products/product-card.component.ts","get viewed","get viewed ( )",26,28
7,3,42,0,7,"get imagePath@30-36@/home/alex/dev/Bachelor/baseline/Godsend/Client/src/app/store/products/product-card.component.ts","/home/alex/dev/Bachelor/baseline/Godsend/Client/src/app/store/products/product-card.component.ts","get imagePath","get imagePath ( )",30,36
3,1,12,0,3,"onDelete@38-40@/home/alex/dev/Bachelor/baseline/Godsend/Client/src/app/store/products/product-card.component.ts","/home/alex/dev/Bachelor/baseline/Godsend/Client/src/app/store/products/product-card.component.ts","onDelete","onDelete ( )",38,40
1,3,30,1,1,"r@4-4@/home/alex/dev/Bachelor/baseline/Godsend/Client/src/app/store/products/product-detail.component.js","/home/alex/dev/Bachelor/baseline/Godsend/Client/src/app/store/products/product-detail.component.js","r","r ( c ( )",4,4
4,7,104,4,4,"__decorate@1-4@/home/alex/dev/Bachelor/baseline/Godsend/Client/src/app/store/products/product-detail.component.js","/home/alex/dev/Bachelor/baseline/Godsend/Client/src/app/store/products/product-detail.component.js","__decorate","__decorate ( decorators , target , key , desc )",1,4
3,3,31,2,3,"__metadata@7-9@/home/alex/dev/Bachelor/baseline/Godsend/Client/src/app/store/products/product-detail.component.js","/home/alex/dev/Bachelor/baseline/Godsend/Client/src/app/store/products/product-detail.component.js","__metadata","__metadata ( k , v )",7,9
17,1,100,7,18,"ProductDetailComponent@20-37@/home/alex/dev/Bachelor/baseline/Godsend/Client/src/app/store/products/product-detail.component.js","/home/alex/dev/Bachelor/baseline/Godsend/Client/src/app/store/products/product-detail.component.js","ProductDetailComponent","ProductDetailComponent ( route , router , repo , cart , auth , storage , catService )",20,37
1,2,14,1,1,"(anonymous)@40-40@/home/alex/dev/Bachelor/baseline/Godsend/Client/src/app/store/products/product-detail.component.js","/home/alex/dev/Bachelor/baseline/Godsend/Client/src/app/store/products/product-detail.component.js","(anonymous)","(anonymous) ( x )",40,40
3,1,20,0,3,"(anonymous)@39-41@/home/alex/dev/Bachelor/baseline/Godsend/Client/src/app/store/products/product-detail.component.js","/home/alex/dev/Bachelor/baseline/Godsend/Client/src/app/store/products/product-detail.component.js","(anonymous)","(anonymous) ( )",39,41
1,2,14,1,1,"(anonymous)@47-47@/home/alex/dev/Bachelor/baseline/Godsend/Client/src/app/store/products/product-detail.component.js","/home/alex/dev/Bachelor/baseline/Godsend/Client/src/app/store/products/product-detail.component.js","(anonymous)","(anonymous) ( x )",47,47
3,1,20,0,3,"(anonymous)@46-48@/home/alex/dev/Bachelor/baseline/Godsend/Client/src/app/store/products/product-detail.component.js","/home/alex/dev/Bachelor/baseline/Godsend/Client/src/app/store/products/product-detail.component.js","(anonymous)","(anonymous) ( )",46,48
3,2,28,0,3,"(anonymous)@53-55@/home/alex/dev/Bachelor/baseline/Godsend/Client/src/app/store/products/product-detail.component.js","/home/alex/dev/Bachelor/baseline/Godsend/Client/src/app/store/products/product-detail.component.js","(anonymous)","(anonymous) ( )",53,55
3,1,11,0,3,"(anonymous)@60-62@/home/alex/dev/Bachelor/baseline/Godsend/Client/src/app/store/products/product-detail.component.js","/home/alex/dev/Bachelor/baseline/Godsend/Client/src/app/store/products/product-detail.component.js","(anonymous)","(anonymous) ( )",60,62
3,1,11,0,3,"(anonymous)@67-69@/home/alex/dev/Bachelor/baseline/Godsend/Client/src/app/store/products/product-detail.component.js","/home/alex/dev/Bachelor/baseline/Godsend/Client/src/app/store/products/product-detail.component.js","(anonymous)","(anonymous) ( )",67,69
6,2,44,0,6,"ProductDetailComponent.prototype.deleteProduct@73-78@/home/alex/dev/Bachelor/baseline/Godsend/Client/src/app/store/products/product-detail.component.js","/home/alex/dev/Bachelor/baseline/Godsend/Client/src/app/store/products/product-detail.component.js","ProductDetailComponent.prototype.deleteProduct","ProductDetailComponent.prototype.deleteProduct ( )",73,78
13,3,73,0,14,"ProductDetailComponent.prototype.buy@79-92@/home/alex/dev/Bachelor/baseline/Godsend/Client/src/app/store/products/product-detail.component.js","/home/alex/dev/Bachelor/baseline/Godsend/Client/src/app/store/products/product-detail.component.js","ProductDetailComponent.prototype.buy","ProductDetailComponent.prototype.buy ( )",79,92
16,2,90,0,16,"ProductDetailComponent.prototype.editMode@93-108@/home/alex/dev/Bachelor/baseline/Godsend/Client/src/app/store/products/product-detail.component.js","/home/alex/dev/Bachelor/baseline/Godsend/Client/src/app/store/products/product-detail.component.js","ProductDetailComponent.prototype.editMode","ProductDetailComponent.prototype.editMode ( )",93,108
5,2,34,0,5,"ProductDetailComponent.prototype.save@109-113@/home/alex/dev/Bachelor/baseline/Godsend/Client/src/app/store/products/product-detail.component.js","/home/alex/dev/Bachelor/baseline/Godsend/Client/src/app/store/products/product-detail.component.js","ProductDetailComponent.prototype.save","ProductDetailComponent.prototype.save ( )",109,113
11,2,100,0,11,"ProductDetailComponent.prototype.discard@114-124@/home/alex/dev/Bachelor/baseline/Godsend/Client/src/app/store/products/product-detail.component.js","/home/alex/dev/Bachelor/baseline/Godsend/Client/src/app/store/products/product-detail.component.js","ProductDetailComponent.prototype.discard","ProductDetailComponent.prototype.discard ( )",114,124
4,2,28,1,7,"(anonymous)@128-134@/home/alex/dev/Bachelor/baseline/Godsend/Client/src/app/store/products/product-detail.component.js","/home/alex/dev/Bachelor/baseline/Godsend/Client/src/app/store/products/product-detail.component.js","(anonymous)","(anonymous) ( p )",128,134
1,1,10,1,1,"(anonymous)@135-135@/home/alex/dev/Bachelor/baseline/Godsend/Client/src/app/store/products/product-detail.component.js","/home/alex/dev/Bachelor/baseline/Godsend/Client/src/app/store/products/product-detail.component.js","(anonymous)","(anonymous) ( x )",135,135
8,2,73,0,14,"ProductDetailComponent.prototype.ngOnInit@125-138@/home/alex/dev/Bachelor/baseline/Godsend/Client/src/app/store/products/product-detail.component.js","/home/alex/dev/Bachelor/baseline/Godsend/Client/src/app/store/products/product-detail.component.js","ProductDetailComponent.prototype.ngOnInit","ProductDetailComponent.prototype.ngOnInit ( )",125,138
6,2,30,1,6,"ProductDetailComponent.prototype.changeCategory@139-144@/home/alex/dev/Bachelor/baseline/Godsend/Client/src/app/store/products/product-detail.component.js","/home/alex/dev/Bachelor/baseline/Godsend/Client/src/app/store/products/product-detail.component.js","ProductDetailComponent.prototype.changeCategory","ProductDetailComponent.prototype.changeCategory ( newCat )",139,144
3,1,41,1,3,"(anonymous)@150-152@/home/alex/dev/Bachelor/baseline/Godsend/Client/src/app/store/products/product-detail.component.js","/home/alex/dev/Bachelor/baseline/Godsend/Client/src/app/store/products/product-detail.component.js","(anonymous)","(anonymous) ( dp )",150,152
3,1,41,1,3,"(anonymous)@158-160@/home/alex/dev/Bachelor/baseline/Godsend/Client/src/app/store/products/product-detail.component.js","/home/alex/dev/Bachelor/baseline/Godsend/Client/src/app/store/products/product-detail.component.js","(anonymous)","(anonymous) ( sp )",158,160
3,1,41,1,3,"(anonymous)@166-168@/home/alex/dev/Bachelor/baseline/Godsend/Client/src/app/store/products/product-detail.component.js","/home/alex/dev/Bachelor/baseline/Godsend/Client/src/app/store/products/product-detail.component.js","(anonymous)","(anonymous) ( ip )",166,168
22,5,121,1,28,"(anonymous)@147-174@/home/alex/dev/Bachelor/baseline/Godsend/Client/src/app/store/products/product-detail.component.js","/home/alex/dev/Bachelor/baseline/Godsend/Client/src/app/store/products/product-detail.component.js","(anonymous)","(anonymous) ( filter )",147,174
4,1,22,1,31,"ProductDetailComponent.prototype.refreshProperties@145-175@/home/alex/dev/Bachelor/baseline/Godsend/Client/src/app/store/products/product-detail.component.js","/home/alex/dev/Bachelor/baseline/Godsend/Client/src/app/store/products/product-detail.component.js","ProductDetailComponent.prototype.refreshProperties","ProductDetailComponent.prototype.refreshProperties ( catId )",145,175
3,1,13,1,3,"ProductDetailComponent.prototype.refreshFoundSuppliers@176-178@/home/alex/dev/Bachelor/baseline/Godsend/Client/src/app/store/products/product-detail.component.js","/home/alex/dev/Bachelor/baseline/Godsend/Client/src/app/store/products/product-detail.component.js","ProductDetailComponent.prototype.refreshFoundSuppliers","ProductDetailComponent.prototype.refreshFoundSuppliers ( newData )",176,178
10,5,74,0,11,"ProductDetailComponent.prototype.addSupplier@179-189@/home/alex/dev/Bachelor/baseline/Godsend/Client/src/app/store/products/product-detail.component.js","/home/alex/dev/Bachelor/baseline/Godsend/Client/src/app/store/products/product-detail.component.js","ProductDetailComponent.prototype.addSupplier","ProductDetailComponent.prototype.addSupplier ( )",179,189
1,1,10,1,1,"(anonymous)@192-192@/home/alex/dev/Bachelor/baseline/Godsend/Client/src/app/store/products/product-detail.component.js","/home/alex/dev/Bachelor/baseline/Godsend/Client/src/app/store/products/product-detail.component.js","(anonymous)","(anonymous) ( s )",192,192
5,3,37,1,5,"ProductDetailComponent.prototype.removeSupplier@190-194@/home/alex/dev/Bachelor/baseline/Godsend/Client/src/app/store/products/product-detail.component.js","/home/alex/dev/Bachelor/baseline/Godsend/Client/src/app/store/products/product-detail.component.js","ProductDetailComponent.prototype.removeSupplier","ProductDetailComponent.prototype.removeSupplier ( snp )",190,194
5,2,21,1,5,"ProductDetailComponent.prototype.setImages@195-199@/home/alex/dev/Bachelor/baseline/Godsend/Client/src/app/store/products/product-detail.component.js","/home/alex/dev/Bachelor/baseline/Godsend/Client/src/app/store/products/product-detail.component.js","ProductDetailComponent.prototype.setImages","ProductDetailComponent.prototype.setImages ( images )",195,199
55,1,299,1,197,"ProductDetailComponent@19-215@/home/alex/dev/Bachelor/baseline/Godsend/Client/src/app/store/products/product-detail.component.js","/home/alex/dev/Bachelor/baseline/Godsend/Client/src/app/store/products/product-detail.component.js","ProductDetailComponent","ProductDetailComponent ( function ( )",19,215
1,2,8,0,1,"(anonymous)@42-42@/home/alex/dev/Bachelor/baseline/Godsend/Client/src/app/store/products/product-detail.component.ts","/home/alex/dev/Bachelor/baseline/Godsend/Client/src/app/store/products/product-detail.component.ts","(anonymous)","(anonymous)",42,42
3,1,22,0,3,"get canEdit@41-43@/home/alex/dev/Bachelor/baseline/Godsend/Client/src/app/store/products/product-detail.component.ts","/home/alex/dev/Bachelor/baseline/Godsend/Client/src/app/store/products/product-detail.component.ts","get canEdit","get canEdit ( )",41,43
1,2,8,0,1,"(anonymous)@46-46@/home/alex/dev/Bachelor/baseline/Godsend/Client/src/app/store/products/product-detail.component.ts","/home/alex/dev/Bachelor/baseline/Godsend/Client/src/app/store/products/product-detail.component.ts","(anonymous)","(anonymous)",46,46
3,1,22,0,3,"get canDelete@45-47@/home/alex/dev/Bachelor/baseline/Godsend/Client/src/app/store/products/product-detail.component.ts","/home/alex/dev/Bachelor/baseline/Godsend/Client/src/app/store/products/product-detail.component.ts","get canDelete","get canDelete ( )",45,47
3,2,30,0,3,"get price@49-51@/home/alex/dev/Bachelor/baseline/Godsend/Client/src/app/store/products/product-detail.component.ts","/home/alex/dev/Bachelor/baseline/Godsend/Client/src/app/store/products/product-detail.component.ts","get price","get price ( )",49,51
3,1,11,0,3,"get authenticated@53-55@/home/alex/dev/Bachelor/baseline/Godsend/Client/src/app/store/products/product-detail.component.ts","/home/alex/dev/Bachelor/baseline/Godsend/Client/src/app/store/products/product-detail.component.ts","get authenticated","get authenticated ( )",53,55
3,1,11,0,3,"get cats@57-59@/home/alex/dev/Bachelor/baseline/Godsend/Client/src/app/store/products/product-detail.component.ts","/home/alex/dev/Bachelor/baseline/Godsend/Client/src/app/store/products/product-detail.component.ts","get cats","get cats ( )",57,59
9,1,38,7,9,"constructor@61-69@/home/alex/dev/Bachelor/baseline/Godsend/Client/src/app/store/products/product-detail.component.ts","/home/alex/dev/Bachelor/baseline/Godsend/Client/src/app/store/products/product-detail.component.ts","constructor","constructor ( public route ActivatedRoute , private router Router , private repo RepositoryService , private cart CartService , private auth AuthenticationService , private storage StorageService , private catService CategoryService )",61,69
6,2,44,0,6,"deleteProduct@71-76@/home/alex/dev/Bachelor/baseline/Godsend/Client/src/app/store/products/product-detail.component.ts","/home/alex/dev/Bachelor/baseline/Godsend/Client/src/app/store/products/product-detail.component.ts","deleteProduct","deleteProduct ( )",71,76
13,3,75,0,16,"buy@77-92@/home/alex/dev/Bachelor/baseline/Godsend/Client/src/app/store/products/product-detail.component.ts","/home/alex/dev/Bachelor/baseline/Godsend/Client/src/app/store/products/product-detail.component.ts","buy","buy ( )",77,92
15,2,90,0,15,"editMode@94-108@/home/alex/dev/Bachelor/baseline/Godsend/Client/src/app/store/products/product-detail.component.ts","/home/alex/dev/Bachelor/baseline/Godsend/Client/src/app/store/products/product-detail.component.ts","editMode","editMode ( )",94,108
5,2,34,0,5,"save@110-114@/home/alex/dev/Bachelor/baseline/Godsend/Client/src/app/store/products/product-detail.component.ts","/home/alex/dev/Bachelor/baseline/Godsend/Client/src/app/store/products/product-detail.component.ts","save","save ( )",110,114
11,2,100,0,11,"discard@116-126@/home/alex/dev/Bachelor/baseline/Godsend/Client/src/app/store/products/product-detail.component.ts","/home/alex/dev/Bachelor/baseline/Godsend/Client/src/app/store/products/product-detail.component.ts","discard","discard ( )",116,126
4,2,25,0,7,"(anonymous)@130-136@/home/alex/dev/Bachelor/baseline/Godsend/Client/src/app/store/products/product-detail.component.ts","/home/alex/dev/Bachelor/baseline/Godsend/Client/src/app/store/products/product-detail.component.ts","(anonymous)","(anonymous)",130,136
1,1,4,0,1,"(anonymous)@137-137@/home/alex/dev/Bachelor/baseline/Godsend/Client/src/app/store/products/product-detail.component.ts","/home/alex/dev/Bachelor/baseline/Godsend/Client/src/app/store/products/product-detail.component.ts","(anonymous)","(anonymous)",137,137
7,2,74,0,13,"ngOnInit@128-140@/home/alex/dev/Bachelor/baseline/Godsend/Client/src/app/store/products/product-detail.component.ts","/home/alex/dev/Bachelor/baseline/Godsend/Client/src/app/store/products/product-detail.component.ts","ngOnInit","ngOnInit ( )",128,140
6,2,32,1,6,"changeCategory@142-147@/home/alex/dev/Bachelor/baseline/Godsend/Client/src/app/store/products/product-detail.component.ts","/home/alex/dev/Bachelor/baseline/Godsend/Client/src/app/store/products/product-detail.component.ts","changeCategory","changeCategory ( newCat Category )",142,147
3,1,39,0,3,"(anonymous)@154-156@/home/alex/dev/Bachelor/baseline/Godsend/Client/src/app/store/products/product-detail.component.ts","/home/alex/dev/Bachelor/baseline/Godsend/Client/src/app/store/products/product-detail.component.ts","(anonymous)","(anonymous)",154,156
3,1,39,0,3,"(anonymous)@162-164@/home/alex/dev/Bachelor/baseline/Godsend/Client/src/app/store/products/product-detail.component.ts","/home/alex/dev/Bachelor/baseline/Godsend/Client/src/app/store/products/product-detail.component.ts","(anonymous)","(anonymous)",162,164
3,1,39,0,3,"(anonymous)@170-172@/home/alex/dev/Bachelor/baseline/Godsend/Client/src/app/store/products/product-detail.component.ts","/home/alex/dev/Bachelor/baseline/Godsend/Client/src/app/store/products/product-detail.component.ts","(anonymous)","(anonymous)",170,172
22,5,118,0,28,"(anonymous)@150-177@/home/alex/dev/Bachelor/baseline/Godsend/Client/src/app/store/products/product-detail.component.ts","/home/alex/dev/Bachelor/baseline/Godsend/Client/src/app/store/products/product-detail.component.ts","(anonymous)","(anonymous)",150,177
3,1,20,1,30,"refreshProperties@149-178@/home/alex/dev/Bachelor/baseline/Godsend/Client/src/app/store/products/product-detail.component.ts","/home/alex/dev/Bachelor/baseline/Godsend/Client/src/app/store/products/product-detail.component.ts","refreshProperties","refreshProperties ( catId )",149,178
3,1,15,1,3,"refreshFoundSuppliers@180-182@/home/alex/dev/Bachelor/baseline/Godsend/Client/src/app/store/products/product-detail.component.ts","/home/alex/dev/Bachelor/baseline/Godsend/Client/src/app/store/products/product-detail.component.ts","refreshFoundSuppliers","refreshFoundSuppliers ( newData AllSearchResult )",180,182
10,5,74,0,12,"addSupplier@184-195@/home/alex/dev/Bachelor/baseline/Godsend/Client/src/app/store/products/product-detail.component.ts","/home/alex/dev/Bachelor/baseline/Godsend/Client/src/app/store/products/product-detail.component.ts","addSupplier","addSupplier ( )",184,195
1,1,4,0,1,"(anonymous)@199-199@/home/alex/dev/Bachelor/baseline/Godsend/Client/src/app/store/products/product-detail.component.ts","/home/alex/dev/Bachelor/baseline/Godsend/Client/src/app/store/products/product-detail.component.ts","(anonymous)","(anonymous)",199,199
5,3,39,1,5,"removeSupplier@197-201@/home/alex/dev/Bachelor/baseline/Godsend/Client/src/app/store/products/product-detail.component.ts","/home/alex/dev/Bachelor/baseline/Godsend/Client/src/app/store/products/product-detail.component.ts","removeSupplier","removeSupplier ( snp SupplierAndPrice )",197,201
5,2,25,1,5,"setImages@203-207@/home/alex/dev/Bachelor/baseline/Godsend/Client/src/app/store/products/product-detail.component.ts","/home/alex/dev/Bachelor/baseline/Godsend/Client/src/app/store/products/product-detail.component.ts","setImages","setImages ( images Image )",203,207
3,1,11,0,3,"get authenticated@19-21@/home/alex/dev/Bachelor/baseline/Godsend/Client/src/app/store/products/products-comparison.component.ts","/home/alex/dev/Bachelor/baseline/Godsend/Client/src/app/store/products/products-comparison.component.ts","get authenticated","get authenticated ( )",19,21
1,1,12,0,1,"(anonymous)@28-28@/home/alex/dev/Bachelor/baseline/Godsend/Client/src/app/store/products/products-comparison.component.ts","/home/alex/dev/Bachelor/baseline/Godsend/Client/src/app/store/products/products-comparison.component.ts","(anonymous)","(anonymous)",28,28
4,2,25,0,4,"(anonymous)@27-30@/home/alex/dev/Bachelor/baseline/Godsend/Client/src/app/store/products/products-comparison.component.ts","/home/alex/dev/Bachelor/baseline/Godsend/Client/src/app/store/products/products-comparison.component.ts","(anonymous)","(anonymous)",27,30
5,2,21,0,8,"(anonymous)@25-32@/home/alex/dev/Bachelor/baseline/Godsend/Client/src/app/store/products/products-comparison.component.ts","/home/alex/dev/Bachelor/baseline/Godsend/Client/src/app/store/products/products-comparison.component.ts","(anonymous)","(anonymous)",25,32
6,2,36,0,13,"get dProps@23-35@/home/alex/dev/Bachelor/baseline/Godsend/Client/src/app/store/products/products-comparison.component.ts","/home/alex/dev/Bachelor/baseline/Godsend/Client/src/app/store/products/products-comparison.component.ts","get dProps","get dProps ( )",23,35
1,1,12,0,1,"(anonymous)@41-41@/home/alex/dev/Bachelor/baseline/Godsend/Client/src/app/store/products/products-comparison.component.ts","/home/alex/dev/Bachelor/baseline/Godsend/Client/src/app/store/products/products-comparison.component.ts","(anonymous)","(anonymous)",41,41
3,2,22,0,3,"(anonymous)@40-42@/home/alex/dev/Bachelor/baseline/Godsend/Client/src/app/store/products/products-comparison.component.ts","/home/alex/dev/Bachelor/baseline/Godsend/Client/src/app/store/products/products-comparison.component.ts","(anonymous)","(anonymous)",40,42
3,2,18,0,5,"(anonymous)@39-43@/home/alex/dev/Bachelor/baseline/Godsend/Client/src/app/store/products/products-comparison.component.ts","/home/alex/dev/Bachelor/baseline/Godsend/Client/src/app/store/products/products-comparison.component.ts","(anonymous)","(anonymous)",39,43
6,2,36,0,10,"get iProps@37-46@/home/alex/dev/Bachelor/baseline/Godsend/Client/src/app/store/products/products-comparison.component.ts","/home/alex/dev/Bachelor/baseline/Godsend/Client/src/app/store/products/products-comparison.component.ts","get iProps","get iProps ( )",37,46
1,1,12,0,1,"(anonymous)@52-52@/home/alex/dev/Bachelor/baseline/Godsend/Client/src/app/store/products/products-comparison.component.ts","/home/alex/dev/Bachelor/baseline/Godsend/Client/src/app/store/products/products-comparison.component.ts","(anonymous)","(anonymous)",52,52
3,2,22,0,3,"(anonymous)@51-53@/home/alex/dev/Bachelor/baseline/Godsend/Client/src/app/store/products/products-comparison.component.ts","/home/alex/dev/Bachelor/baseline/Godsend/Client/src/app/store/products/products-comparison.component.ts","(anonymous)","(anonymous)",51,53
3,2,18,0,5,"(anonymous)@50-54@/home/alex/dev/Bachelor/baseline/Godsend/Client/src/app/store/products/products-comparison.component.ts","/home/alex/dev/Bachelor/baseline/Godsend/Client/src/app/store/products/products-comparison.component.ts","(anonymous)","(anonymous)",50,54
5,2,34,0,9,"get sProps@48-56@/home/alex/dev/Bachelor/baseline/Godsend/Client/src/app/store/products/products-comparison.component.ts","/home/alex/dev/Bachelor/baseline/Godsend/Client/src/app/store/products/products-comparison.component.ts","get sProps","get sProps ( )",48,56
1,1,8,0,1,"(anonymous)@59-59@/home/alex/dev/Bachelor/baseline/Godsend/Client/src/app/store/products/products-comparison.component.ts","/home/alex/dev/Bachelor/baseline/Godsend/Client/src/app/store/products/products-comparison.component.ts","(anonymous)","(anonymous)",59,59
1,1,8,0,1,"(anonymous)@60-60@/home/alex/dev/Bachelor/baseline/Godsend/Client/src/app/store/products/products-comparison.component.ts","/home/alex/dev/Bachelor/baseline/Godsend/Client/src/app/store/products/products-comparison.component.ts","(anonymous)","(anonymous)",60,60
5,3,53,2,5,"getValue@58-62@/home/alex/dev/Bachelor/baseline/Godsend/Client/src/app/store/products/products-comparison.component.ts","/home/alex/dev/Bachelor/baseline/Godsend/Client/src/app/store/products/products-comparison.component.ts","getValue","getValue ( props EAV , propName )",58,62
3,1,11,0,3,"get cats@64-66@/home/alex/dev/Bachelor/baseline/Godsend/Client/src/app/store/products/products-comparison.component.ts","/home/alex/dev/Bachelor/baseline/Godsend/Client/src/app/store/products/products-comparison.component.ts","get cats","get cats ( )",64,66
8,1,33,6,8,"constructor@67-74@/home/alex/dev/Bachelor/baseline/Godsend/Client/src/app/store/products/products-comparison.component.ts","/home/alex/dev/Bachelor/baseline/Godsend/Client/src/app/store/products/products-comparison.component.ts","constructor","constructor ( private route ActivatedRoute , private router Router , private repo RepositoryService , private imageService ImageService , private storage StorageService , private catService CategoryService )",67,74
3,1,8,0,3,"(anonymous)@77-79@/home/alex/dev/Bachelor/baseline/Godsend/Client/src/app/store/products/products-comparison.component.ts","/home/alex/dev/Bachelor/baseline/Godsend/Client/src/app/store/products/products-comparison.component.ts","(anonymous)","(anonymous)",77,79
4,1,54,0,7,"ngOnInit@75-81@/home/alex/dev/Bachelor/baseline/Godsend/Client/src/app/store/products/products-comparison.component.ts","/home/alex/dev/Bachelor/baseline/Godsend/Client/src/app/store/products/products-comparison.component.ts","ngOnInit","ngOnInit ( )",75,81
1,3,30,1,1,"r@4-4@/home/alex/dev/Bachelor/baseline/Godsend/Client/src/app/store/products/products.component.js","/home/alex/dev/Bachelor/baseline/Godsend/Client/src/app/store/products/products.component.js","r","r ( c ( )",4,4
4,7,104,4,4,"__decorate@1-4@/home/alex/dev/Bachelor/baseline/Godsend/Client/src/app/store/products/products.component.js","/home/alex/dev/Bachelor/baseline/Godsend/Client/src/app/store/products/products.component.js","__decorate","__decorate ( decorators , target , key , desc )",1,4
3,3,31,2,3,"__metadata@7-9@/home/alex/dev/Bachelor/baseline/Godsend/Client/src/app/store/products/products.component.js","/home/alex/dev/Bachelor/baseline/Godsend/Client/src/app/store/products/products.component.js","__metadata","__metadata ( k , v )",7,9
11,1,73,4,15,"ProductsComponent@24-38@/home/alex/dev/Bachelor/baseline/Godsend/Client/src/app/store/products/products.component.js","/home/alex/dev/Bachelor/baseline/Godsend/Client/src/app/store/products/products.component.js","ProductsComponent","ProductsComponent ( repo , catService , router , auth )",24,38
3,1,24,0,3,"(anonymous)@40-42@/home/alex/dev/Bachelor/baseline/Godsend/Client/src/app/store/products/products.component.js","/home/alex/dev/Bachelor/baseline/Godsend/Client/src/app/store/products/products.component.js","(anonymous)","(anonymous) ( )",40,42
1,2,14,1,1,"(anonymous)@48-48@/home/alex/dev/Bachelor/baseline/Godsend/Client/src/app/store/products/products.component.js","/home/alex/dev/Bachelor/baseline/Godsend/Client/src/app/store/products/products.component.js","(anonymous)","(anonymous) ( x )",48,48
3,1,20,0,3,"(anonymous)@47-49@/home/alex/dev/Bachelor/baseline/Godsend/Client/src/app/store/products/products.component.js","/home/alex/dev/Bachelor/baseline/Godsend/Client/src/app/store/products/products.component.js","(anonymous)","(anonymous) ( )",47,49
1,2,14,1,1,"(anonymous)@55-55@/home/alex/dev/Bachelor/baseline/Godsend/Client/src/app/store/products/products.component.js","/home/alex/dev/Bachelor/baseline/Godsend/Client/src/app/store/products/products.component.js","(anonymous)","(anonymous) ( x )",55,55
3,1,20,0,3,"(anonymous)@54-56@/home/alex/dev/Bachelor/baseline/Godsend/Client/src/app/store/products/products.component.js","/home/alex/dev/Bachelor/baseline/Godsend/Client/src/app/store/products/products.component.js","(anonymous)","(anonymous) ( )",54,56
4,1,21,1,4,"ProductsComponent.prototype.onPageChanged@60-63@/home/alex/dev/Bachelor/baseline/Godsend/Client/src/app/store/products/products.component.js","/home/alex/dev/Bachelor/baseline/Godsend/Client/src/app/store/products/products.component.js","ProductsComponent.prototype.onPageChanged","ProductsComponent.prototype.onPageChanged ( page )",60,63
3,1,12,1,3,"(anonymous)@65-67@/home/alex/dev/Bachelor/baseline/Godsend/Client/src/app/store/products/products.component.js","/home/alex/dev/Bachelor/baseline/Godsend/Client/src/app/store/products/products.component.js","(anonymous)","(anonymous) ( res )",65,67
3,1,14,0,5,"ProductsComponent.prototype.getProducts@64-68@/home/alex/dev/Bachelor/baseline/Godsend/Client/src/app/store/products/products.component.js","/home/alex/dev/Bachelor/baseline/Godsend/Client/src/app/store/products/products.component.js","ProductsComponent.prototype.getProducts","ProductsComponent.prototype.getProducts ( )",64,68
3,1,16,0,3,"(anonymous)@70-72@/home/alex/dev/Bachelor/baseline/Godsend/Client/src/app/store/products/products.component.js","/home/alex/dev/Bachelor/baseline/Godsend/Client/src/app/store/products/products.component.js","(anonymous)","(anonymous) ( )",70,72
3,1,14,0,3,"(anonymous)@77-79@/home/alex/dev/Bachelor/baseline/Godsend/Client/src/app/store/products/products.component.js","/home/alex/dev/Bachelor/baseline/Godsend/Client/src/app/store/products/products.component.js","(anonymous)","(anonymous) ( )",77,79
1,1,10,1,1,"(anonymous)@91-91@/home/alex/dev/Bachelor/baseline/Godsend/Client/src/app/store/products/products.component.js","/home/alex/dev/Bachelor/baseline/Godsend/Client/src/app/store/products/products.component.js","(anonymous)","(anonymous) ( x )",91,91
11,3,58,1,11,"ProductsComponent.prototype.toggleComparsion@83-93@/home/alex/dev/Bachelor/baseline/Godsend/Client/src/app/store/products/products.component.js","/home/alex/dev/Bachelor/baseline/Godsend/Client/src/app/store/products/products.component.js","ProductsComponent.prototype.toggleComparsion","ProductsComponent.prototype.toggleComparsion ( id )",83,93
1,1,19,1,1,"(anonymous)@105-105@/home/alex/dev/Bachelor/baseline/Godsend/Client/src/app/store/products/products.component.js","/home/alex/dev/Bachelor/baseline/Godsend/Client/src/app/store/products/products.component.js","(anonymous)","(anonymous) ( pi )",105,105
5,1,53,2,6,"ProductsComponent.prototype.createProduct@101-106@/home/alex/dev/Bachelor/baseline/Godsend/Client/src/app/store/products/products.component.js","/home/alex/dev/Bachelor/baseline/Godsend/Client/src/app/store/products/products.component.js","ProductsComponent.prototype.createProduct","ProductsComponent.prototype.createProduct ( descr , name )",101,106
4,2,26,1,4,"ProductsComponent.prototype.deleteProduct@107-110@/home/alex/dev/Bachelor/baseline/Godsend/Client/src/app/store/products/products.component.js","/home/alex/dev/Bachelor/baseline/Godsend/Client/src/app/store/products/products.component.js","ProductsComponent.prototype.deleteProduct","ProductsComponent.prototype.deleteProduct ( id )",107,110
4,1,18,1,4,"(anonymous)@113-116@/home/alex/dev/Bachelor/baseline/Godsend/Client/src/app/store/products/products.component.js","/home/alex/dev/Bachelor/baseline/Godsend/Client/src/app/store/products/products.component.js","(anonymous)","(anonymous) ( newProducts )",113,116
5,1,27,0,8,"ProductsComponent.prototype.ngOnInit@111-118@/home/alex/dev/Bachelor/baseline/Godsend/Client/src/app/store/products/products.component.js","/home/alex/dev/Bachelor/baseline/Godsend/Client/src/app/store/products/products.component.js","ProductsComponent.prototype.ngOnInit","ProductsComponent.prototype.ngOnInit ( )",111,118
1,1,10,1,1,"(anonymous)@120-120@/home/alex/dev/Bachelor/baseline/Godsend/Client/src/app/store/products/products.component.js","/home/alex/dev/Bachelor/baseline/Godsend/Client/src/app/store/products/products.component.js","(anonymous)","(anonymous) ( cws )",120,120
4,2,38,0,4,"ProductsComponent.prototype.getCategories@119-122@/home/alex/dev/Bachelor/baseline/Godsend/Client/src/app/store/products/products.component.js","/home/alex/dev/Bachelor/baseline/Godsend/Client/src/app/store/products/products.component.js","ProductsComponent.prototype.getCategories","ProductsComponent.prototype.getCategories ( )",119,122
1,1,18,1,1,"(anonymous)@155-155@/home/alex/dev/Bachelor/baseline/Godsend/Client/src/app/store/products/products.component.js","/home/alex/dev/Bachelor/baseline/Godsend/Client/src/app/store/products/products.component.js","(anonymous)","(anonymous) ( filter )",155,155
4,1,24,1,4,"ProductsComponent.prototype.getCategoryProps@153-156@/home/alex/dev/Bachelor/baseline/Godsend/Client/src/app/store/products/products.component.js","/home/alex/dev/Bachelor/baseline/Godsend/Client/src/app/store/products/products.component.js","ProductsComponent.prototype.getCategoryProps","ProductsComponent.prototype.getCategoryProps ( category )",153,156
6,1,37,1,6,"ProductsComponent.prototype.setCurrentCategory@157-162@/home/alex/dev/Bachelor/baseline/Godsend/Client/src/app/store/products/products.component.js","/home/alex/dev/Bachelor/baseline/Godsend/Client/src/app/store/products/products.component.js","ProductsComponent.prototype.setCurrentCategory","ProductsComponent.prototype.setCurrentCategory ( category )",157,162
53,1,292,1,161,"ProductsComponent@19-179@/home/alex/dev/Bachelor/baseline/Godsend/Client/src/app/store/products/products.component.js","/home/alex/dev/Bachelor/baseline/Godsend/Client/src/app/store/products/products.component.js","ProductsComponent","ProductsComponent ( function ( )",19,179
3,1,26,0,3,"get pagesCount@38-40@/home/alex/dev/Bachelor/baseline/Godsend/Client/src/app/store/products/products.component.ts","/home/alex/dev/Bachelor/baseline/Godsend/Client/src/app/store/products/products.component.ts","get pagesCount","get pagesCount ( )",38,40
1,2,8,0,1,"(anonymous)@43-43@/home/alex/dev/Bachelor/baseline/Godsend/Client/src/app/store/products/products.component.ts","/home/alex/dev/Bachelor/baseline/Godsend/Client/src/app/store/products/products.component.ts","(anonymous)","(anonymous)",43,43
3,1,22,0,3,"get canCreate@42-44@/home/alex/dev/Bachelor/baseline/Godsend/Client/src/app/store/products/products.component.ts","/home/alex/dev/Bachelor/baseline/Godsend/Client/src/app/store/products/products.component.ts","get canCreate","get canCreate ( )",42,44
1,2,8,0,1,"(anonymous)@47-47@/home/alex/dev/Bachelor/baseline/Godsend/Client/src/app/store/products/products.component.ts","/home/alex/dev/Bachelor/baseline/Godsend/Client/src/app/store/products/products.component.ts","(anonymous)","(anonymous)",47,47
3,1,22,0,3,"get canDelete@46-48@/home/alex/dev/Bachelor/baseline/Godsend/Client/src/app/store/products/products.component.ts","/home/alex/dev/Bachelor/baseline/Godsend/Client/src/app/store/products/products.component.ts","get canDelete","get canDelete ( )",46,48
4,1,23,1,4,"onPageChanged@50-53@/home/alex/dev/Bachelor/baseline/Godsend/Client/src/app/store/products/products.component.ts","/home/alex/dev/Bachelor/baseline/Godsend/Client/src/app/store/products/products.component.ts","onPageChanged","onPageChanged ( page )",50,53
3,1,9,0,3,"(anonymous)@56-58@/home/alex/dev/Bachelor/baseline/Godsend/Client/src/app/store/products/products.component.ts","/home/alex/dev/Bachelor/baseline/Godsend/Client/src/app/store/products/products.component.ts","(anonymous)","(anonymous)",56,58
3,1,15,0,5,"getProducts@55-59@/home/alex/dev/Bachelor/baseline/Godsend/Client/src/app/store/products/products.component.ts","/home/alex/dev/Bachelor/baseline/Godsend/Client/src/app/store/products/products.component.ts","getProducts","getProducts ( )",55,59
3,1,18,0,3,"get isFilteredByCategory@61-63@/home/alex/dev/Bachelor/baseline/Godsend/Client/src/app/store/products/products.component.ts","/home/alex/dev/Bachelor/baseline/Godsend/Client/src/app/store/products/products.component.ts","get isFilteredByCategory","get isFilteredByCategory ( )",61,63
3,1,16,0,3,"get idsForCompare@65-67@/home/alex/dev/Bachelor/baseline/Godsend/Client/src/app/store/products/products.component.ts","/home/alex/dev/Bachelor/baseline/Godsend/Client/src/app/store/products/products.component.ts","get idsForCompare","get idsForCompare ( )",65,67
1,1,4,0,1,"(anonymous)@74-74@/home/alex/dev/Bachelor/baseline/Godsend/Client/src/app/store/products/products.component.ts","/home/alex/dev/Bachelor/baseline/Godsend/Client/src/app/store/products/products.component.ts","(anonymous)","(anonymous)",74,74
8,3,60,1,8,"toggleComparsion@69-76@/home/alex/dev/Bachelor/baseline/Godsend/Client/src/app/store/products/products.component.ts","/home/alex/dev/Bachelor/baseline/Godsend/Client/src/app/store/products/products.component.ts","toggleComparsion","toggleComparsion ( id )",69,76
1,1,13,0,1,"(anonymous)@90-90@/home/alex/dev/Bachelor/baseline/Godsend/Client/src/app/store/products/products.component.ts","/home/alex/dev/Bachelor/baseline/Godsend/Client/src/app/store/products/products.component.ts","(anonymous)","(anonymous)",90,90
4,1,52,2,5,"createProduct@87-91@/home/alex/dev/Bachelor/baseline/Godsend/Client/src/app/store/products/products.component.ts","/home/alex/dev/Bachelor/baseline/Godsend/Client/src/app/store/products/products.component.ts","createProduct","createProduct ( descr , name )",87,91
4,2,28,1,4,"deleteProduct@93-96@/home/alex/dev/Bachelor/baseline/Godsend/Client/src/app/store/products/products.component.ts","/home/alex/dev/Bachelor/baseline/Godsend/Client/src/app/store/products/products.component.ts","deleteProduct","deleteProduct ( id )",93,96
6,1,23,4,6,"constructor@103-108@/home/alex/dev/Bachelor/baseline/Godsend/Client/src/app/store/products/products.component.ts","/home/alex/dev/Bachelor/baseline/Godsend/Client/src/app/store/products/products.component.ts","constructor","constructor ( private repo RepositoryService , private catService CategoryService , private router Router , private auth AuthenticationService )",103,108
4,1,15,0,4,"(anonymous)@111-114@/home/alex/dev/Bachelor/baseline/Godsend/Client/src/app/store/products/products.component.ts","/home/alex/dev/Bachelor/baseline/Godsend/Client/src/app/store/products/products.component.ts","(anonymous)","(anonymous)",111,114
4,1,29,0,7,"ngOnInit@110-116@/home/alex/dev/Bachelor/baseline/Godsend/Client/src/app/store/products/products.component.ts","/home/alex/dev/Bachelor/baseline/Godsend/Client/src/app/store/products/products.component.ts","ngOnInit","ngOnInit ( )",110,116
1,1,4,0,1,"(anonymous)@119-119@/home/alex/dev/Bachelor/baseline/Godsend/Client/src/app/store/products/products.component.ts","/home/alex/dev/Bachelor/baseline/Godsend/Client/src/app/store/products/products.component.ts","(anonymous)","(anonymous)",119,119
4,2,40,0,4,"getCategories@118-121@/home/alex/dev/Bachelor/baseline/Godsend/Client/src/app/store/products/products.component.ts","/home/alex/dev/Bachelor/baseline/Godsend/Client/src/app/store/products/products.component.ts","getCategories","getCategories ( )",118,121
1,1,15,0,1,"(anonymous)@160-160@/home/alex/dev/Bachelor/baseline/Godsend/Client/src/app/store/products/products.component.ts","/home/alex/dev/Bachelor/baseline/Godsend/Client/src/app/store/products/products.component.ts","(anonymous)","(anonymous)",160,160
3,1,24,1,3,"getCategoryProps@159-161@/home/alex/dev/Bachelor/baseline/Godsend/Client/src/app/store/products/products.component.ts","/home/alex/dev/Bachelor/baseline/Godsend/Client/src/app/store/products/products.component.ts","getCategoryProps","getCategoryProps ( category Category )",159,161
6,1,41,1,6,"setCurrentCategory@163-168@/home/alex/dev/Bachelor/baseline/Godsend/Client/src/app/store/products/products.component.ts","/home/alex/dev/Bachelor/baseline/Godsend/Client/src/app/store/products/products.component.ts","setCurrentCategory","setCurrentCategory ( category Category )",163,168
1,3,30,1,1,"r@4-4@/home/alex/dev/Bachelor/baseline/Godsend/Client/src/app/store/products/products.module.js","/home/alex/dev/Bachelor/baseline/Godsend/Client/src/app/store/products/products.module.js","r","r ( c ( )",4,4
4,7,104,4,4,"__decorate@1-4@/home/alex/dev/Bachelor/baseline/Godsend/Client/src/app/store/products/products.module.js","/home/alex/dev/Bachelor/baseline/Godsend/Client/src/app/store/products/products.module.js","__decorate","__decorate ( decorators , target , key , desc )",1,4
2,1,4,0,2,"ProductsModule@15-16@/home/alex/dev/Bachelor/baseline/Godsend/Client/src/app/store/products/products.module.js","/home/alex/dev/Bachelor/baseline/Godsend/Client/src/app/store/products/products.module.js","ProductsModule","ProductsModule ( )",15,16
14,1,40,1,18,"ProductsModule@14-31@/home/alex/dev/Bachelor/baseline/Godsend/Client/src/app/store/products/products.module.js","/home/alex/dev/Bachelor/baseline/Godsend/Client/src/app/store/products/products.module.js","ProductsModule","ProductsModule ( function ( )",14,31
1,1,8,1,1,"constructor@19-19@/home/alex/dev/Bachelor/baseline/Godsend/Client/src/app/store/rating/entity-ratings.component.ts","/home/alex/dev/Bachelor/baseline/Godsend/Client/src/app/store/rating/entity-ratings.component.ts","constructor","constructor ( private repo RepositoryService )",19,19
2,1,4,0,2,"ngOnInit@21-22@/home/alex/dev/Bachelor/baseline/Godsend/Client/src/app/store/rating/entity-ratings.component.ts","/home/alex/dev/Bachelor/baseline/Godsend/Client/src/app/store/rating/entity-ratings.component.ts","ngOnInit","ngOnInit ( )",21,22
4,1,14,0,4,"(anonymous)@26-29@/home/alex/dev/Bachelor/baseline/Godsend/Client/src/app/store/rating/entity-ratings.component.ts","/home/alex/dev/Bachelor/baseline/Godsend/Client/src/app/store/rating/entity-ratings.component.ts","(anonymous)","(anonymous)",26,29
5,2,33,0,8,"showAll@24-31@/home/alex/dev/Bachelor/baseline/Godsend/Client/src/app/store/rating/entity-ratings.component.ts","/home/alex/dev/Bachelor/baseline/Godsend/Client/src/app/store/rating/entity-ratings.component.ts","showAll","showAll ( )",24,31
3,1,10,0,3,"hideAll@33-35@/home/alex/dev/Bachelor/baseline/Godsend/Client/src/app/store/rating/entity-ratings.component.ts","/home/alex/dev/Bachelor/baseline/Godsend/Client/src/app/store/rating/entity-ratings.component.ts","hideAll","hideAll ( )",33,35
3,1,11,0,3,"get authenticated@29-31@/home/alex/dev/Bachelor/baseline/Godsend/Client/src/app/store/rating/ratings.component.ts","/home/alex/dev/Bachelor/baseline/Godsend/Client/src/app/store/rating/ratings.component.ts","get authenticated","get authenticated ( )",29,31
4,1,17,2,4,"constructor@33-36@/home/alex/dev/Bachelor/baseline/Godsend/Client/src/app/store/rating/ratings.component.ts","/home/alex/dev/Bachelor/baseline/Godsend/Client/src/app/store/rating/ratings.component.ts","constructor","constructor ( private repo RepositoryService , private storage StorageService )",33,36
1,1,6,0,1,"(anonymous)@40-40@/home/alex/dev/Bachelor/baseline/Godsend/Client/src/app/store/rating/ratings.component.ts","/home/alex/dev/Bachelor/baseline/Godsend/Client/src/app/store/rating/ratings.component.ts","(anonymous)","(anonymous)",40,40
5,2,30,0,5,"ngOnInit@38-42@/home/alex/dev/Bachelor/baseline/Godsend/Client/src/app/store/rating/ratings.component.ts","/home/alex/dev/Bachelor/baseline/Godsend/Client/src/app/store/rating/ratings.component.ts","ngOnInit","ngOnInit ( )",38,42
6,2,25,0,6,"(anonymous)@46-51@/home/alex/dev/Bachelor/baseline/Godsend/Client/src/app/store/rating/ratings.component.ts","/home/alex/dev/Bachelor/baseline/Godsend/Client/src/app/store/rating/ratings.component.ts","(anonymous)","(anonymous)",46,51
5,2,38,1,10,"saveRating@44-53@/home/alex/dev/Bachelor/baseline/Godsend/Client/src/app/store/rating/ratings.component.ts","/home/alex/dev/Bachelor/baseline/Godsend/Client/src/app/store/rating/ratings.component.ts","saveRating","saveRating ( newRating )",44,53
1,1,8,1,1,"constructor@15-15@/home/alex/dev/Bachelor/baseline/Godsend/Client/src/app/store/registration/registration.component.ts","/home/alex/dev/Bachelor/baseline/Godsend/Client/src/app/store/registration/registration.component.ts","constructor","constructor ( private auth AuthenticationService )",15,15
4,1,42,0,4,"register@16-19@/home/alex/dev/Bachelor/baseline/Godsend/Client/src/app/store/registration/registration.component.ts","/home/alex/dev/Bachelor/baseline/Godsend/Client/src/app/store/registration/registration.component.ts","register","register ( )",16,19
2,1,10,0,2,"result@39-40@/home/alex/dev/Bachelor/baseline/Godsend/Client/src/app/store/richtext/richtext.component.ts","/home/alex/dev/Bachelor/baseline/Godsend/Client/src/app/store/richtext/richtext.component.ts","result","result ( )",39,40
2,1,10,0,2,"result@44-45@/home/alex/dev/Bachelor/baseline/Godsend/Client/src/app/store/richtext/richtext.component.ts","/home/alex/dev/Bachelor/baseline/Godsend/Client/src/app/store/richtext/richtext.component.ts","result","result ( )",44,45
2,1,10,0,2,"result@49-50@/home/alex/dev/Bachelor/baseline/Godsend/Client/src/app/store/richtext/richtext.component.ts","/home/alex/dev/Bachelor/baseline/Godsend/Client/src/app/store/richtext/richtext.component.ts","result","result ( )",49,50
2,1,10,0,2,"result@54-55@/home/alex/dev/Bachelor/baseline/Godsend/Client/src/app/store/richtext/richtext.component.ts","/home/alex/dev/Bachelor/baseline/Godsend/Client/src/app/store/richtext/richtext.component.ts","result","result ( )",54,55
2,1,12,0,2,"result@59-60@/home/alex/dev/Bachelor/baseline/Godsend/Client/src/app/store/richtext/richtext.component.ts","/home/alex/dev/Bachelor/baseline/Godsend/Client/src/app/store/richtext/richtext.component.ts","result","result ( )",59,60
2,1,12,0,2,"result@64-65@/home/alex/dev/Bachelor/baseline/Godsend/Client/src/app/store/richtext/richtext.component.ts","/home/alex/dev/Bachelor/baseline/Godsend/Client/src/app/store/richtext/richtext.component.ts","result","result ( )",64,65
2,1,12,0,2,"result@69-70@/home/alex/dev/Bachelor/baseline/Godsend/Client/src/app/store/richtext/richtext.component.ts","/home/alex/dev/Bachelor/baseline/Godsend/Client/src/app/store/richtext/richtext.component.ts","result","result ( )",69,70
2,1,12,0,2,"result@74-75@/home/alex/dev/Bachelor/baseline/Godsend/Client/src/app/store/richtext/richtext.component.ts","/home/alex/dev/Bachelor/baseline/Godsend/Client/src/app/store/richtext/richtext.component.ts","result","result ( )",74,75
2,1,10,0,2,"result@79-80@/home/alex/dev/Bachelor/baseline/Godsend/Client/src/app/store/richtext/richtext.component.ts","/home/alex/dev/Bachelor/baseline/Godsend/Client/src/app/store/richtext/richtext.component.ts","result","result ( )",79,80
2,1,10,0,2,"result@84-85@/home/alex/dev/Bachelor/baseline/Godsend/Client/src/app/store/richtext/richtext.component.ts","/home/alex/dev/Bachelor/baseline/Godsend/Client/src/app/store/richtext/richtext.component.ts","result","result ( )",84,85
2,1,12,0,2,"result@89-90@/home/alex/dev/Bachelor/baseline/Godsend/Client/src/app/store/richtext/richtext.component.ts","/home/alex/dev/Bachelor/baseline/Godsend/Client/src/app/store/richtext/richtext.component.ts","result","result ( )",89,90
2,1,10,0,2,"result@94-95@/home/alex/dev/Bachelor/baseline/Godsend/Client/src/app/store/richtext/richtext.component.ts","/home/alex/dev/Bachelor/baseline/Godsend/Client/src/app/store/richtext/richtext.component.ts","result","result ( )",94,95
4,2,30,0,4,"result@99-102@/home/alex/dev/Bachelor/baseline/Godsend/Client/src/app/store/richtext/richtext.component.ts","/home/alex/dev/Bachelor/baseline/Godsend/Client/src/app/store/richtext/richtext.component.ts","result","result ( )",99,102
4,2,30,0,4,"result@107-110@/home/alex/dev/Bachelor/baseline/Godsend/Client/src/app/store/richtext/richtext.component.ts","/home/alex/dev/Bachelor/baseline/Godsend/Client/src/app/store/richtext/richtext.component.ts","result","result ( )",107,110
2,1,10,0,2,"result@115-116@/home/alex/dev/Bachelor/baseline/Godsend/Client/src/app/store/richtext/richtext.component.ts","/home/alex/dev/Bachelor/baseline/Godsend/Client/src/app/store/richtext/richtext.component.ts","result","result ( )",115,116
2,1,10,0,2,"result@120-121@/home/alex/dev/Bachelor/baseline/Godsend/Client/src/app/store/richtext/richtext.component.ts","/home/alex/dev/Bachelor/baseline/Godsend/Client/src/app/store/richtext/richtext.component.ts","result","result ( )",120,121
2,1,10,0,2,"result@125-126@/home/alex/dev/Bachelor/baseline/Godsend/Client/src/app/store/richtext/richtext.component.ts","/home/alex/dev/Bachelor/baseline/Godsend/Client/src/app/store/richtext/richtext.component.ts","result","result ( )",125,126
2,1,10,0,2,"result@130-131@/home/alex/dev/Bachelor/baseline/Godsend/Client/src/app/store/richtext/richtext.component.ts","/home/alex/dev/Bachelor/baseline/Godsend/Client/src/app/store/richtext/richtext.component.ts","result","result ( )",130,131
4,1,27,2,4,"onChange@149-152@/home/alex/dev/Bachelor/baseline/Godsend/Client/src/app/store/richtext/richtext.component.ts","/home/alex/dev/Bachelor/baseline/Godsend/Client/src/app/store/richtext/richtext.component.ts","onChange","onChange ( html , text )",149,152
28,1,80,0,47,"ngAfterViewInit@141-187@/home/alex/dev/Bachelor/baseline/Godsend/Client/src/app/store/richtext/richtext.component.ts","/home/alex/dev/Bachelor/baseline/Godsend/Client/src/app/store/richtext/richtext.component.ts","ngAfterViewInit","ngAfterViewInit ( )",141,187
8,8,102,0,10,"ngDoCheck@190-199@/home/alex/dev/Bachelor/baseline/Godsend/Client/src/app/store/richtext/richtext.component.ts","/home/alex/dev/Bachelor/baseline/Godsend/Client/src/app/store/richtext/richtext.component.ts","ngDoCheck","ngDoCheck ( )",190,199
3,1,25,2,3,"exec@201-203@/home/alex/dev/Bachelor/baseline/Godsend/Client/src/app/store/richtext/richtext.component.ts","/home/alex/dev/Bachelor/baseline/Godsend/Client/src/app/store/richtext/richtext.component.ts","exec","exec ( command , value null )",201,203
5,2,24,1,5,"preventTab@205-209@/home/alex/dev/Bachelor/baseline/Godsend/Client/src/app/store/richtext/richtext.component.ts","/home/alex/dev/Bachelor/baseline/Godsend/Client/src/app/store/richtext/richtext.component.ts","preventTab","preventTab ( event )",205,209
8,3,52,0,8,"(anonymous)@214-221@/home/alex/dev/Bachelor/baseline/Godsend/Client/src/app/store/richtext/richtext.component.ts","/home/alex/dev/Bachelor/baseline/Godsend/Client/src/app/store/richtext/richtext.component.ts","(anonymous)","(anonymous)",214,221
1,1,7,0,1,"(anonymous)@222-222@/home/alex/dev/Bachelor/baseline/Godsend/Client/src/app/store/richtext/richtext.component.ts","/home/alex/dev/Bachelor/baseline/Godsend/Client/src/app/store/richtext/richtext.component.ts","(anonymous)","(anonymous)",222,222
1,1,17,0,1,"settings.element.content.oninput@233-233@/home/alex/dev/Bachelor/baseline/Godsend/Client/src/app/store/richtext/richtext.component.ts","/home/alex/dev/Bachelor/baseline/Godsend/Client/src/app/store/richtext/richtext.component.ts","settings.element.content.oninput","settings.element.content.oninput",233,233
5,1,34,1,5,"(anonymous)@237-241@/home/alex/dev/Bachelor/baseline/Godsend/Client/src/app/store/richtext/richtext.component.ts","/home/alex/dev/Bachelor/baseline/Godsend/Client/src/app/store/richtext/richtext.component.ts","(anonymous)","(anonymous) ( e )",237,241
8,1,53,0,8,"(anonymous)@245-252@/home/alex/dev/Bachelor/baseline/Godsend/Client/src/app/store/richtext/richtext.component.ts","/home/alex/dev/Bachelor/baseline/Godsend/Client/src/app/store/richtext/richtext.component.ts","(anonymous)","(anonymous)",245,252
20,3,222,1,47,"init@211-257@/home/alex/dev/Bachelor/baseline/Godsend/Client/src/app/store/richtext/richtext.component.ts","/home/alex/dev/Bachelor/baseline/Godsend/Client/src/app/store/richtext/richtext.component.ts","init","init ( settings )",211,257
1,1,13,2,1,"(anonymous)@4-4@/home/alex/dev/Bachelor/baseline/Godsend/Client/src/app/store/search/search-inline.component.js","/home/alex/dev/Bachelor/baseline/Godsend/Client/src/app/store/search/search-inline.component.js","(anonymous)","(anonymous) ( d , b )",4,4
1,3,33,2,1,"extendStatics@5-5@/home/alex/dev/Bachelor/baseline/Godsend/Client/src/app/store/search/search-inline.component.js","/home/alex/dev/Bachelor/baseline/Godsend/Client/src/app/store/search/search-inline.component.js","extendStatics","extendStatics ( d , b )",5,5
6,4,38,2,6,"extendStatics@2-7@/home/alex/dev/Bachelor/baseline/Godsend/Client/src/app/store/search/search-inline.component.js","/home/alex/dev/Bachelor/baseline/Godsend/Client/src/app/store/search/search-inline.component.js","extendStatics","extendStatics ( d , b )",2,7
1,1,10,0,1,"__@10-10@/home/alex/dev/Bachelor/baseline/Godsend/Client/src/app/store/search/search-inline.component.js","/home/alex/dev/Bachelor/baseline/Godsend/Client/src/app/store/search/search-inline.component.js","__","__ ( )",10,10
5,2,47,2,5,"(anonymous)@8-12@/home/alex/dev/Bachelor/baseline/Godsend/Client/src/app/store/search/search-inline.component.js","/home/alex/dev/Bachelor/baseline/Godsend/Client/src/app/store/search/search-inline.component.js","(anonymous)","(anonymous) ( d , b )",8,12
4,1,13,0,13,"(anonymous)@1-13@/home/alex/dev/Bachelor/baseline/Godsend/Client/src/app/store/search/search-inline.component.js","/home/alex/dev/Bachelor/baseline/Godsend/Client/src/app/store/search/search-inline.component.js","(anonymous)","(anonymous) ( )",1,13
1,3,30,1,1,"r@17-17@/home/alex/dev/Bachelor/baseline/Godsend/Client/src/app/store/search/search-inline.component.js","/home/alex/dev/Bachelor/baseline/Godsend/Client/src/app/store/search/search-inline.component.js","r","r ( c ( )",17,17
4,7,104,4,4,"__decorate@14-17@/home/alex/dev/Bachelor/baseline/Godsend/Client/src/app/store/search/search-inline.component.js","/home/alex/dev/Bachelor/baseline/Godsend/Client/src/app/store/search/search-inline.component.js","__decorate","__decorate ( decorators , target , key , desc )",14,17
3,3,31,2,3,"__metadata@20-22@/home/alex/dev/Bachelor/baseline/Godsend/Client/src/app/store/search/search-inline.component.js","/home/alex/dev/Bachelor/baseline/Godsend/Client/src/app/store/search/search-inline.component.js","__metadata","__metadata ( k , v )",20,22
8,2,51,2,8,"SearchInlineComponent@29-36@/home/alex/dev/Bachelor/baseline/Godsend/Client/src/app/store/search/search-inline.component.js","/home/alex/dev/Bachelor/baseline/Godsend/Client/src/app/store/search/search-inline.component.js","SearchInlineComponent","SearchInlineComponent ( ss , repo )",29,36
3,1,15,0,3,"SearchInlineComponent.prototype.ngOnInit@37-39@/home/alex/dev/Bachelor/baseline/Godsend/Client/src/app/store/search/search-inline.component.js","/home/alex/dev/Bachelor/baseline/Godsend/Client/src/app/store/search/search-inline.component.js","SearchInlineComponent.prototype.ngOnInit","SearchInlineComponent.prototype.ngOnInit ( )",37,39
1,1,15,1,1,"(anonymous)@50-50@/home/alex/dev/Bachelor/baseline/Godsend/Client/src/app/store/search/search-inline.component.js","/home/alex/dev/Bachelor/baseline/Godsend/Client/src/app/store/search/search-inline.component.js","(anonymous)","(anonymous) ( res )",50,50
13,3,70,1,13,"SearchInlineComponent.prototype.doSearch@40-52@/home/alex/dev/Bachelor/baseline/Godsend/Client/src/app/store/search/search-inline.component.js","/home/alex/dev/Bachelor/baseline/Godsend/Client/src/app/store/search/search-inline.component.js","SearchInlineComponent.prototype.doSearch","SearchInlineComponent.prototype.doSearch ( term )",40,52
22,1,122,1,43,"SearchInlineComponent@27-69@/home/alex/dev/Bachelor/baseline/Godsend/Client/src/app/store/search/search-inline.component.js","/home/alex/dev/Bachelor/baseline/Godsend/Client/src/app/store/search/search-inline.component.js","SearchInlineComponent","SearchInlineComponent ( function ( )",27,69
1,1,17,2,1,"constructor@18-18@/home/alex/dev/Bachelor/baseline/Godsend/Client/src/app/store/search/search-inline.component.ts","/home/alex/dev/Bachelor/baseline/Godsend/Client/src/app/store/search/search-inline.component.ts","constructor","constructor ( private ss SearchService , private repo RepositoryService )",18,18
3,1,10,0,3,"ngOnInit@20-22@/home/alex/dev/Bachelor/baseline/Godsend/Client/src/app/store/search/search-inline.component.ts","/home/alex/dev/Bachelor/baseline/Godsend/Client/src/app/store/search/search-inline.component.ts","ngOnInit","ngOnInit ( )",20,22
1,1,9,0,1,"(anonymous)@33-33@/home/alex/dev/Bachelor/baseline/Godsend/Client/src/app/store/search/search-inline.component.ts","/home/alex/dev/Bachelor/baseline/Godsend/Client/src/app/store/search/search-inline.component.ts","(anonymous)","(anonymous)",33,33
11,3,72,1,12,"doSearch@24-35@/home/alex/dev/Bachelor/baseline/Godsend/Client/src/app/store/search/search-inline.component.ts","/home/alex/dev/Bachelor/baseline/Godsend/Client/src/app/store/search/search-inline.component.ts","doSearch","doSearch ( term )",24,35
3,1,13,0,3,"SearchBaseComponent@4-6@/home/alex/dev/Bachelor/baseline/Godsend/Client/src/app/store/search/search.base.component.js","/home/alex/dev/Bachelor/baseline/Godsend/Client/src/app/store/search/search.base.component.js","SearchBaseComponent","SearchBaseComponent ( )",4,6
1,1,13,1,1,"(anonymous)@13-13@/home/alex/dev/Bachelor/baseline/Godsend/Client/src/app/store/search/search.base.component.js","/home/alex/dev/Bachelor/baseline/Godsend/Client/src/app/store/search/search.base.component.js","(anonymous)","(anonymous) ( term )",13,13
8,1,45,0,8,"SearchBaseComponent.prototype.ngOnInit@7-14@/home/alex/dev/Bachelor/baseline/Godsend/Client/src/app/store/search/search.base.component.js","/home/alex/dev/Bachelor/baseline/Godsend/Client/src/app/store/search/search.base.component.js","SearchBaseComponent.prototype.ngOnInit","SearchBaseComponent.prototype.ngOnInit ( )",7,14
5,1,21,1,14,"SearchBaseComponent@3-16@/home/alex/dev/Bachelor/baseline/Godsend/Client/src/app/store/search/search.base.component.js","/home/alex/dev/Bachelor/baseline/Godsend/Client/src/app/store/search/search.base.component.js","SearchBaseComponent","SearchBaseComponent ( function ( )",3,16
1,1,7,0,1,"(anonymous)@13-13@/home/alex/dev/Bachelor/baseline/Godsend/Client/src/app/store/search/search.base.component.ts","/home/alex/dev/Bachelor/baseline/Godsend/Client/src/app/store/search/search.base.component.ts","(anonymous)","(anonymous)",13,13
7,1,40,0,7,"ngOnInit@8-14@/home/alex/dev/Bachelor/baseline/Godsend/Client/src/app/store/search/search.base.component.ts","/home/alex/dev/Bachelor/baseline/Godsend/Client/src/app/store/search/search.base.component.ts","ngOnInit","ngOnInit ( )",8,14
1,1,13,2,1,"(anonymous)@4-4@/home/alex/dev/Bachelor/baseline/Godsend/Client/src/app/store/search/search.component.js","/home/alex/dev/Bachelor/baseline/Godsend/Client/src/app/store/search/search.component.js","(anonymous)","(anonymous) ( d , b )",4,4
1,3,33,2,1,"extendStatics@5-5@/home/alex/dev/Bachelor/baseline/Godsend/Client/src/app/store/search/search.component.js","/home/alex/dev/Bachelor/baseline/Godsend/Client/src/app/store/search/search.component.js","extendStatics","extendStatics ( d , b )",5,5
6,4,38,2,6,"extendStatics@2-7@/home/alex/dev/Bachelor/baseline/Godsend/Client/src/app/store/search/search.component.js","/home/alex/dev/Bachelor/baseline/Godsend/Client/src/app/store/search/search.component.js","extendStatics","extendStatics ( d , b )",2,7
1,1,10,0,1,"__@10-10@/home/alex/dev/Bachelor/baseline/Godsend/Client/src/app/store/search/search.component.js","/home/alex/dev/Bachelor/baseline/Godsend/Client/src/app/store/search/search.component.js","__","__ ( )",10,10
5,2,47,2,5,"(anonymous)@8-12@/home/alex/dev/Bachelor/baseline/Godsend/Client/src/app/store/search/search.component.js","/home/alex/dev/Bachelor/baseline/Godsend/Client/src/app/store/search/search.component.js","(anonymous)","(anonymous) ( d , b )",8,12
4,1,13,0,13,"(anonymous)@1-13@/home/alex/dev/Bachelor/baseline/Godsend/Client/src/app/store/search/search.component.js","/home/alex/dev/Bachelor/baseline/Godsend/Client/src/app/store/search/search.component.js","(anonymous)","(anonymous) ( )",1,13
1,3,30,1,1,"r@17-17@/home/alex/dev/Bachelor/baseline/Godsend/Client/src/app/store/search/search.component.js","/home/alex/dev/Bachelor/baseline/Godsend/Client/src/app/store/search/search.component.js","r","r ( c ( )",17,17
4,7,104,4,4,"__decorate@14-17@/home/alex/dev/Bachelor/baseline/Godsend/Client/src/app/store/search/search.component.js","/home/alex/dev/Bachelor/baseline/Godsend/Client/src/app/store/search/search.component.js","__decorate","__decorate ( decorators , target , key , desc )",14,17
3,3,31,2,3,"__metadata@20-22@/home/alex/dev/Bachelor/baseline/Godsend/Client/src/app/store/search/search.component.js","/home/alex/dev/Bachelor/baseline/Godsend/Client/src/app/store/search/search.component.js","__metadata","__metadata ( k , v )",20,22
5,2,26,1,5,"SearchComponent@28-32@/home/alex/dev/Bachelor/baseline/Godsend/Client/src/app/store/search/search.component.js","/home/alex/dev/Bachelor/baseline/Godsend/Client/src/app/store/search/search.component.js","SearchComponent","SearchComponent ( ss )",28,32
3,1,15,0,3,"SearchComponent.prototype.ngOnInit@33-35@/home/alex/dev/Bachelor/baseline/Godsend/Client/src/app/store/search/search.component.js","/home/alex/dev/Bachelor/baseline/Godsend/Client/src/app/store/search/search.component.js","SearchComponent.prototype.ngOnInit","SearchComponent.prototype.ngOnInit ( )",33,35
4,1,18,1,4,"(anonymous)@38-41@/home/alex/dev/Bachelor/baseline/Godsend/Client/src/app/store/search/search.component.js","/home/alex/dev/Bachelor/baseline/Godsend/Client/src/app/store/search/search.component.js","(anonymous)","(anonymous) ( res )",38,41
4,1,26,1,7,"SearchComponent.prototype.doSearch@36-42@/home/alex/dev/Bachelor/baseline/Godsend/Client/src/app/store/search/search.component.js","/home/alex/dev/Bachelor/baseline/Godsend/Client/src/app/store/search/search.component.js","SearchComponent.prototype.doSearch","SearchComponent.prototype.doSearch ( term )",36,42
18,1,77,1,30,"SearchComponent@26-55@/home/alex/dev/Bachelor/baseline/Godsend/Client/src/app/store/search/search.component.js","/home/alex/dev/Bachelor/baseline/Godsend/Client/src/app/store/search/search.component.js","SearchComponent","SearchComponent ( function ( )",26,55
1,1,12,1,1,"constructor@16-16@/home/alex/dev/Bachelor/baseline/Godsend/Client/src/app/store/search/search.component.ts","/home/alex/dev/Bachelor/baseline/Godsend/Client/src/app/store/search/search.component.ts","constructor","constructor ( private ss SearchService )",16,16
3,1,10,0,3,"ngOnInit@18-20@/home/alex/dev/Bachelor/baseline/Godsend/Client/src/app/store/search/search.component.ts","/home/alex/dev/Bachelor/baseline/Godsend/Client/src/app/store/search/search.component.ts","ngOnInit","ngOnInit ( )",18,20
4,1,15,0,4,"(anonymous)@23-26@/home/alex/dev/Bachelor/baseline/Godsend/Client/src/app/store/search/search.component.ts","/home/alex/dev/Bachelor/baseline/Godsend/Client/src/app/store/search/search.component.ts","(anonymous)","(anonymous)",23,26
3,1,24,1,6,"doSearch@22-27@/home/alex/dev/Bachelor/baseline/Godsend/Client/src/app/store/search/search.component.ts","/home/alex/dev/Bachelor/baseline/Godsend/Client/src/app/store/search/search.component.ts","doSearch","doSearch ( term )",22,27
1,3,30,1,1,"r@4-4@/home/alex/dev/Bachelor/baseline/Godsend/Client/src/app/store/search/search.service.js","/home/alex/dev/Bachelor/baseline/Godsend/Client/src/app/store/search/search.service.js","r","r ( c ( )",4,4
4,7,104,4,4,"__decorate@1-4@/home/alex/dev/Bachelor/baseline/Godsend/Client/src/app/store/search/search.service.js","/home/alex/dev/Bachelor/baseline/Godsend/Client/src/app/store/search/search.service.js","__decorate","__decorate ( decorators , target , key , desc )",1,4
3,3,31,2,3,"__metadata@7-9@/home/alex/dev/Bachelor/baseline/Godsend/Client/src/app/store/search/search.service.js","/home/alex/dev/Bachelor/baseline/Godsend/Client/src/app/store/search/search.service.js","__metadata","__metadata ( k , v )",7,9
5,1,23,1,5,"SearchService@19-23@/home/alex/dev/Bachelor/baseline/Godsend/Client/src/app/store/search/search.service.js","/home/alex/dev/Bachelor/baseline/Godsend/Client/src/app/store/search/search.service.js","SearchService","SearchService ( data )",19,23
1,1,11,1,1,"(anonymous)@26-26@/home/alex/dev/Bachelor/baseline/Godsend/Client/src/app/store/search/search.service.js","/home/alex/dev/Bachelor/baseline/Godsend/Client/src/app/store/search/search.service.js","(anonymous)","(anonymous) ( products )",26,26
4,1,38,2,4,"SearchService.prototype.findProducts@24-27@/home/alex/dev/Bachelor/baseline/Godsend/Client/src/app/store/search/search.service.js","/home/alex/dev/Bachelor/baseline/Godsend/Client/src/app/store/search/search.service.js","SearchService.prototype.findProducts","SearchService.prototype.findProducts ( term , fn )",24,27
1,1,11,1,1,"(anonymous)@30-30@/home/alex/dev/Bachelor/baseline/Godsend/Client/src/app/store/search/search.service.js","/home/alex/dev/Bachelor/baseline/Godsend/Client/src/app/store/search/search.service.js","(anonymous)","(anonymous) ( suppliers )",30,30
4,1,38,2,4,"SearchService.prototype.findSuppliers@28-31@/home/alex/dev/Bachelor/baseline/Godsend/Client/src/app/store/search/search.service.js","/home/alex/dev/Bachelor/baseline/Godsend/Client/src/app/store/search/search.service.js","SearchService.prototype.findSuppliers","SearchService.prototype.findSuppliers ( term , fn )",28,31
1,1,11,1,1,"(anonymous)@34-34@/home/alex/dev/Bachelor/baseline/Godsend/Client/src/app/store/search/search.service.js","/home/alex/dev/Bachelor/baseline/Godsend/Client/src/app/store/search/search.service.js","(anonymous)","(anonymous) ( result )",34,34
4,1,38,2,4,"SearchService.prototype.findAll@32-35@/home/alex/dev/Bachelor/baseline/Godsend/Client/src/app/store/search/search.service.js","/home/alex/dev/Bachelor/baseline/Godsend/Client/src/app/store/search/search.service.js","SearchService.prototype.findAll","SearchService.prototype.findAll ( term , fn )",32,35
1,1,11,1,1,"(anonymous)@38-38@/home/alex/dev/Bachelor/baseline/Godsend/Client/src/app/store/search/search.service.js","/home/alex/dev/Bachelor/baseline/Godsend/Client/src/app/store/search/search.service.js","(anonymous)","(anonymous) ( items )",38,38
4,1,44,3,4,"SearchService.prototype.findByType@36-39@/home/alex/dev/Bachelor/baseline/Godsend/Client/src/app/store/search/search.service.js","/home/alex/dev/Bachelor/baseline/Godsend/Client/src/app/store/search/search.service.js","SearchService.prototype.findByType","SearchService.prototype.findByType ( type , term , fn )",36,39
12,1,70,1,28,"SearchService@18-45@/home/alex/dev/Bachelor/baseline/Godsend/Client/src/app/store/search/search.service.js","/home/alex/dev/Bachelor/baseline/Godsend/Client/src/app/store/search/search.service.js","SearchService","SearchService ( function ( )",18,45
1,1,8,1,1,"constructor@15-15@/home/alex/dev/Bachelor/baseline/Godsend/Client/src/app/store/search/search.service.ts","/home/alex/dev/Bachelor/baseline/Godsend/Client/src/app/store/search/search.service.ts","constructor","constructor ( private data DataService )",15,15
1,1,17,2,1,"findProducts@20-20@/home/alex/dev/Bachelor/baseline/Godsend/Client/src/app/store/search/search.service.ts","/home/alex/dev/Bachelor/baseline/Godsend/Client/src/app/store/search/search.service.ts","findProducts","findProducts ( term , fn ( Product )",20,20
1,1,5,0,1,"(anonymous)@22-22@/home/alex/dev/Bachelor/baseline/Godsend/Client/src/app/store/search/search.service.ts","/home/alex/dev/Bachelor/baseline/Godsend/Client/src/app/store/search/search.service.ts","(anonymous)","(anonymous)",22,22
1,1,2,0,1,"(anonymous)@25-25@/home/alex/dev/Bachelor/baseline/Godsend/Client/src/app/store/search/search.service.ts","/home/alex/dev/Bachelor/baseline/Godsend/Client/src/app/store/search/search.service.ts","(anonymous)","(anonymous)",25,25
1,1,5,0,1,"(anonymous)@27-27@/home/alex/dev/Bachelor/baseline/Godsend/Client/src/app/store/search/search.service.ts","/home/alex/dev/Bachelor/baseline/Godsend/Client/src/app/store/search/search.service.ts","(anonymous)","(anonymous)",27,27
1,1,2,0,1,"(anonymous)@30-30@/home/alex/dev/Bachelor/baseline/Godsend/Client/src/app/store/search/search.service.ts","/home/alex/dev/Bachelor/baseline/Godsend/Client/src/app/store/search/search.service.ts","(anonymous)","(anonymous)",30,30
1,1,5,0,1,"(anonymous)@32-32@/home/alex/dev/Bachelor/baseline/Godsend/Client/src/app/store/search/search.service.ts","/home/alex/dev/Bachelor/baseline/Godsend/Client/src/app/store/search/search.service.ts","(anonymous)","(anonymous)",32,32
1,1,2,0,1,"(anonymous)@35-35@/home/alex/dev/Bachelor/baseline/Godsend/Client/src/app/store/search/search.service.ts","/home/alex/dev/Bachelor/baseline/Godsend/Client/src/app/store/search/search.service.ts","(anonymous)","(anonymous)",35,35
1,1,5,0,1,"(anonymous)@37-37@/home/alex/dev/Bachelor/baseline/Godsend/Client/src/app/store/search/search.service.ts","/home/alex/dev/Bachelor/baseline/Godsend/Client/src/app/store/search/search.service.ts","(anonymous)","(anonymous)",37,37
3,1,8,0,3,"constructor@36-38@/home/alex/dev/Bachelor/baseline/Godsend/Client/src/app/store/shared/edit-delete/edit-delete.component.ts","/home/alex/dev/Bachelor/baseline/Godsend/Client/src/app/store/shared/edit-delete/edit-delete.component.ts","constructor","constructor ( )",36,38
4,1,19,0,4,"toEditMode@40-43@/home/alex/dev/Bachelor/baseline/Godsend/Client/src/app/store/shared/edit-delete/edit-delete.component.ts","/home/alex/dev/Bachelor/baseline/Godsend/Client/src/app/store/shared/edit-delete/edit-delete.component.ts","toEditMode","toEditMode ( )",40,43
4,1,19,0,4,"onSave@45-48@/home/alex/dev/Bachelor/baseline/Godsend/Client/src/app/store/shared/edit-delete/edit-delete.component.ts","/home/alex/dev/Bachelor/baseline/Godsend/Client/src/app/store/shared/edit-delete/edit-delete.component.ts","onSave","onSave ( )",45,48
4,1,19,0,4,"onDelete@50-53@/home/alex/dev/Bachelor/baseline/Godsend/Client/src/app/store/shared/edit-delete/edit-delete.component.ts","/home/alex/dev/Bachelor/baseline/Godsend/Client/src/app/store/shared/edit-delete/edit-delete.component.ts","onDelete","onDelete ( )",50,53
4,1,19,0,4,"onDiscard@55-58@/home/alex/dev/Bachelor/baseline/Godsend/Client/src/app/store/shared/edit-delete/edit-delete.component.ts","/home/alex/dev/Bachelor/baseline/Godsend/Client/src/app/store/shared/edit-delete/edit-delete.component.ts","onDiscard","onDiscard ( )",55,58
1,1,8,1,1,"onChange@6-6@/home/alex/dev/Bachelor/baseline/Godsend/Client/src/app/store/shared/custom-control-value-accessor.ts","/home/alex/dev/Bachelor/baseline/Godsend/Client/src/app/store/shared/custom-control-value-accessor.ts","onChange","onChange ( T )",6,6
1,1,8,1,1,"onTouched@8-8@/home/alex/dev/Bachelor/baseline/Godsend/Client/src/app/store/shared/custom-control-value-accessor.ts","/home/alex/dev/Bachelor/baseline/Godsend/Client/src/app/store/shared/custom-control-value-accessor.ts","onTouched","onTouched ( T )",8,8
1,1,4,0,1,"constructor@10-10@/home/alex/dev/Bachelor/baseline/Godsend/Client/src/app/store/shared/custom-control-value-accessor.ts","/home/alex/dev/Bachelor/baseline/Godsend/Client/src/app/store/shared/custom-control-value-accessor.ts","constructor","constructor ( )",10,10
4,1,22,1,4,"changeValue@12-15@/home/alex/dev/Bachelor/baseline/Godsend/Client/src/app/store/shared/custom-control-value-accessor.ts","/home/alex/dev/Bachelor/baseline/Godsend/Client/src/app/store/shared/custom-control-value-accessor.ts","changeValue","changeValue ( newValue T )",12,15
3,1,15,1,3,"writeValue@17-19@/home/alex/dev/Bachelor/baseline/Godsend/Client/src/app/store/shared/custom-control-value-accessor.ts","/home/alex/dev/Bachelor/baseline/Godsend/Client/src/app/store/shared/custom-control-value-accessor.ts","writeValue","writeValue ( obj T )",17,19
1,1,11,1,1,"registerOnChange@21-21@/home/alex/dev/Bachelor/baseline/Godsend/Client/src/app/store/shared/custom-control-value-accessor.ts","/home/alex/dev/Bachelor/baseline/Godsend/Client/src/app/store/shared/custom-control-value-accessor.ts","registerOnChange","registerOnChange ( fn ( T )",21,21
1,3,30,1,1,"r@4-4@/home/alex/dev/Bachelor/baseline/Godsend/Client/src/app/store/stars/stars.component.js","/home/alex/dev/Bachelor/baseline/Godsend/Client/src/app/store/stars/stars.component.js","r","r ( c ( )",4,4
4,7,104,4,4,"__decorate@1-4@/home/alex/dev/Bachelor/baseline/Godsend/Client/src/app/store/stars/stars.component.js","/home/alex/dev/Bachelor/baseline/Godsend/Client/src/app/store/stars/stars.component.js","__decorate","__decorate ( decorators , target , key , desc )",1,4
3,3,31,2,3,"__metadata@7-9@/home/alex/dev/Bachelor/baseline/Godsend/Client/src/app/store/stars/stars.component.js","/home/alex/dev/Bachelor/baseline/Godsend/Client/src/app/store/stars/stars.component.js","__metadata","__metadata ( k , v )",7,9
7,1,47,0,9,"StarsComponent@12-20@/home/alex/dev/Bachelor/baseline/Godsend/Client/src/app/store/stars/stars.component.js","/home/alex/dev/Bachelor/baseline/Godsend/Client/src/app/store/stars/stars.component.js","StarsComponent","StarsComponent ( )",12,20
3,1,14,1,3,"StarsComponent.prototype.onValueChanged@21-23@/home/alex/dev/Bachelor/baseline/Godsend/Client/src/app/store/stars/stars.component.js","/home/alex/dev/Bachelor/baseline/Godsend/Client/src/app/store/stars/stars.component.js","StarsComponent.prototype.onValueChanged","StarsComponent.prototype.onValueChanged ( newValue )",21,23
28,1,149,1,38,"StarsComponent@11-48@/home/alex/dev/Bachelor/baseline/Godsend/Client/src/app/store/stars/stars.component.js","/home/alex/dev/Bachelor/baseline/Godsend/Client/src/app/store/stars/stars.component.js","StarsComponent","StarsComponent ( function ( )",11,48
3,1,16,1,3,"onValueChanged@25-27@/home/alex/dev/Bachelor/baseline/Godsend/Client/src/app/store/stars/stars.component.ts","/home/alex/dev/Bachelor/baseline/Godsend/Client/src/app/store/stars/stars.component.ts","onValueChanged","onValueChanged ( newValue )",25,27
1,3,30,1,1,"r@4-4@/home/alex/dev/Bachelor/baseline/Godsend/Client/src/app/store/statistics/statistics.component.js","/home/alex/dev/Bachelor/baseline/Godsend/Client/src/app/store/statistics/statistics.component.js","r","r ( c ( )",4,4
4,7,104,4,4,"__decorate@1-4@/home/alex/dev/Bachelor/baseline/Godsend/Client/src/app/store/statistics/statistics.component.js","/home/alex/dev/Bachelor/baseline/Godsend/Client/src/app/store/statistics/statistics.component.js","__decorate","__decorate ( decorators , target , key , desc )",1,4
3,3,31,2,3,"__metadata@7-9@/home/alex/dev/Bachelor/baseline/Godsend/Client/src/app/store/statistics/statistics.component.js","/home/alex/dev/Bachelor/baseline/Godsend/Client/src/app/store/statistics/statistics.component.js","__metadata","__metadata ( k , v )",7,9
2,1,4,0,2,"StatisticsComponent@12-13@/home/alex/dev/Bachelor/baseline/Godsend/Client/src/app/store/statistics/statistics.component.js","/home/alex/dev/Bachelor/baseline/Godsend/Client/src/app/store/statistics/statistics.component.js","StatisticsComponent","StatisticsComponent ( )",12,13
11,1,42,1,12,"StatisticsComponent@11-22@/home/alex/dev/Bachelor/baseline/Godsend/Client/src/app/store/statistics/statistics.component.js","/home/alex/dev/Bachelor/baseline/Godsend/Client/src/app/store/statistics/statistics.component.js","StatisticsComponent","StatisticsComponent ( function ( )",11,22
1,1,4,0,1,"constructor@9-9@/home/alex/dev/Bachelor/baseline/Godsend/Client/src/app/store/statistics/statistics.component.ts","/home/alex/dev/Bachelor/baseline/Godsend/Client/src/app/store/statistics/statistics.component.ts","constructor","constructor ( )",9,9
1,3,30,1,1,"r@4-4@/home/alex/dev/Bachelor/baseline/Godsend/Client/src/app/store/suppliers/supplier-card.component.js","/home/alex/dev/Bachelor/baseline/Godsend/Client/src/app/store/suppliers/supplier-card.component.js","r","r ( c ( )",4,4
4,7,104,4,4,"__decorate@1-4@/home/alex/dev/Bachelor/baseline/Godsend/Client/src/app/store/suppliers/supplier-card.component.js","/home/alex/dev/Bachelor/baseline/Godsend/Client/src/app/store/suppliers/supplier-card.component.js","__decorate","__decorate ( decorators , target , key , desc )",1,4
3,3,31,2,3,"__metadata@7-9@/home/alex/dev/Bachelor/baseline/Godsend/Client/src/app/store/suppliers/supplier-card.component.js","/home/alex/dev/Bachelor/baseline/Godsend/Client/src/app/store/suppliers/supplier-card.component.js","__metadata","__metadata ( k , v )",7,9
6,1,36,3,6,"SupplierCardComponent@16-21@/home/alex/dev/Bachelor/baseline/Godsend/Client/src/app/store/suppliers/supplier-card.component.js","/home/alex/dev/Bachelor/baseline/Godsend/Client/src/app/store/suppliers/supplier-card.component.js","SupplierCardComponent","SupplierCardComponent ( repo , imageService , auth )",16,21
1,1,14,1,1,"(anonymous)@25-25@/home/alex/dev/Bachelor/baseline/Godsend/Client/src/app/store/suppliers/supplier-card.component.js","/home/alex/dev/Bachelor/baseline/Godsend/Client/src/app/store/suppliers/supplier-card.component.js","(anonymous)","(anonymous) ( id )",25,25
4,2,30,0,4,"(anonymous)@23-26@/home/alex/dev/Bachelor/baseline/Godsend/Client/src/app/store/suppliers/supplier-card.component.js","/home/alex/dev/Bachelor/baseline/Godsend/Client/src/app/store/suppliers/supplier-card.component.js","(anonymous)","(anonymous) ( )",23,26
1,3,18,1,1,"(anonymous)@32-32@/home/alex/dev/Bachelor/baseline/Godsend/Client/src/app/store/suppliers/supplier-card.component.js","/home/alex/dev/Bachelor/baseline/Godsend/Client/src/app/store/suppliers/supplier-card.component.js","(anonymous)","(anonymous) ( x )",32,32
3,1,20,0,3,"(anonymous)@31-33@/home/alex/dev/Bachelor/baseline/Godsend/Client/src/app/store/suppliers/supplier-card.component.js","/home/alex/dev/Bachelor/baseline/Godsend/Client/src/app/store/suppliers/supplier-card.component.js","(anonymous)","(anonymous) ( )",31,33
1,3,18,1,1,"(anonymous)@39-39@/home/alex/dev/Bachelor/baseline/Godsend/Client/src/app/store/suppliers/supplier-card.component.js","/home/alex/dev/Bachelor/baseline/Godsend/Client/src/app/store/suppliers/supplier-card.component.js","(anonymous)","(anonymous) ( x )",39,39
3,1,20,0,3,"(anonymous)@38-40@/home/alex/dev/Bachelor/baseline/Godsend/Client/src/app/store/suppliers/supplier-card.component.js","/home/alex/dev/Bachelor/baseline/Godsend/Client/src/app/store/suppliers/supplier-card.component.js","(anonymous)","(anonymous) ( )",38,40
8,3,40,0,8,"(anonymous)@45-52@/home/alex/dev/Bachelor/baseline/Godsend/Client/src/app/store/suppliers/supplier-card.component.js","/home/alex/dev/Bachelor/baseline/Godsend/Client/src/app/store/suppliers/supplier-card.component.js","(anonymous)","(anonymous) ( )",45,52
3,1,12,0,3,"SupplierCardComponent.prototype.onDelete@56-58@/home/alex/dev/Bachelor/baseline/Godsend/Client/src/app/store/suppliers/supplier-card.component.js","/home/alex/dev/Bachelor/baseline/Godsend/Client/src/app/store/suppliers/supplier-card.component.js","SupplierCardComponent.prototype.onDelete","SupplierCardComponent.prototype.onDelete ( )",56,58
41,1,216,1,62,"SupplierCardComponent@15-76@/home/alex/dev/Bachelor/baseline/Godsend/Client/src/app/store/suppliers/supplier-card.component.js","/home/alex/dev/Bachelor/baseline/Godsend/Client/src/app/store/suppliers/supplier-card.component.js","SupplierCardComponent","SupplierCardComponent ( function ( )",15,76
1,1,18,3,1,"constructor@19-19@/home/alex/dev/Bachelor/baseline/Godsend/Client/src/app/store/suppliers/supplier-card.component.ts","/home/alex/dev/Bachelor/baseline/Godsend/Client/src/app/store/suppliers/supplier-card.component.ts","constructor","constructor ( private repo RepositoryService , private imageService ImageService , private auth AuthenticationService )",19,19
1,1,9,0,1,"(anonymous)@22-22@/home/alex/dev/Bachelor/baseline/Godsend/Client/src/app/store/suppliers/supplier-card.component.ts","/home/alex/dev/Bachelor/baseline/Godsend/Client/src/app/store/suppliers/supplier-card.component.ts","(anonymous)","(anonymous)",22,22
3,2,25,0,3,"get viewed@21-23@/home/alex/dev/Bachelor/baseline/Godsend/Client/src/app/store/suppliers/supplier-card.component.ts","/home/alex/dev/Bachelor/baseline/Godsend/Client/src/app/store/suppliers/supplier-card.component.ts","get viewed","get viewed ( )",21,23
1,3,12,0,1,"(anonymous)@26-26@/home/alex/dev/Bachelor/baseline/Godsend/Client/src/app/store/suppliers/supplier-card.component.ts","/home/alex/dev/Bachelor/baseline/Godsend/Client/src/app/store/suppliers/supplier-card.component.ts","(anonymous)","(anonymous)",26,26
3,1,22,0,3,"get canDelete@25-27@/home/alex/dev/Bachelor/baseline/Godsend/Client/src/app/store/suppliers/supplier-card.component.ts","/home/alex/dev/Bachelor/baseline/Godsend/Client/src/app/store/suppliers/supplier-card.component.ts","get canDelete","get canDelete ( )",25,27
1,3,12,0,1,"(anonymous)@30-30@/home/alex/dev/Bachelor/baseline/Godsend/Client/src/app/store/suppliers/supplier-card.component.ts","/home/alex/dev/Bachelor/baseline/Godsend/Client/src/app/store/suppliers/supplier-card.component.ts","(anonymous)","(anonymous)",30,30
3,1,22,0,3,"get canEdit@29-31@/home/alex/dev/Bachelor/baseline/Godsend/Client/src/app/store/suppliers/supplier-card.component.ts","/home/alex/dev/Bachelor/baseline/Godsend/Client/src/app/store/suppliers/supplier-card.component.ts","get canEdit","get canEdit ( )",29,31
7,3,42,0,7,"get imagePath@33-39@/home/alex/dev/Bachelor/baseline/Godsend/Client/src/app/store/suppliers/supplier-card.component.ts","/home/alex/dev/Bachelor/baseline/Godsend/Client/src/app/store/suppliers/supplier-card.component.ts","get imagePath","get imagePath ( )",33,39
3,1,12,0,3,"onDelete@41-43@/home/alex/dev/Bachelor/baseline/Godsend/Client/src/app/store/suppliers/supplier-card.component.ts","/home/alex/dev/Bachelor/baseline/Godsend/Client/src/app/store/suppliers/supplier-card.component.ts","onDelete","onDelete ( )",41,43
1,3,30,1,1,"r@4-4@/home/alex/dev/Bachelor/baseline/Godsend/Client/src/app/store/suppliers/supplier-detail.component.js","/home/alex/dev/Bachelor/baseline/Godsend/Client/src/app/store/suppliers/supplier-detail.component.js","r","r ( c ( )",4,4
4,7,104,4,4,"__decorate@1-4@/home/alex/dev/Bachelor/baseline/Godsend/Client/src/app/store/suppliers/supplier-detail.component.js","/home/alex/dev/Bachelor/baseline/Godsend/Client/src/app/store/suppliers/supplier-detail.component.js","__decorate","__decorate ( decorators , target , key , desc )",1,4
3,3,31,2,3,"__metadata@7-9@/home/alex/dev/Bachelor/baseline/Godsend/Client/src/app/store/suppliers/supplier-detail.component.js","/home/alex/dev/Bachelor/baseline/Godsend/Client/src/app/store/suppliers/supplier-detail.component.js","__metadata","__metadata ( k , v )",7,9
14,1,74,5,14,"SupplierDetailComponent@17-30@/home/alex/dev/Bachelor/baseline/Godsend/Client/src/app/store/suppliers/supplier-detail.component.js","/home/alex/dev/Bachelor/baseline/Godsend/Client/src/app/store/suppliers/supplier-detail.component.js","SupplierDetailComponent","SupplierDetailComponent ( route , router , repo , storage , auth )",17,30
1,3,18,1,1,"(anonymous)@33-33@/home/alex/dev/Bachelor/baseline/Godsend/Client/src/app/store/suppliers/supplier-detail.component.js","/home/alex/dev/Bachelor/baseline/Godsend/Client/src/app/store/suppliers/supplier-detail.component.js","(anonymous)","(anonymous) ( x )",33,33
3,1,20,0,3,"(anonymous)@32-34@/home/alex/dev/Bachelor/baseline/Godsend/Client/src/app/store/suppliers/supplier-detail.component.js","/home/alex/dev/Bachelor/baseline/Godsend/Client/src/app/store/suppliers/supplier-detail.component.js","(anonymous)","(anonymous) ( )",32,34
1,3,18,1,1,"(anonymous)@40-40@/home/alex/dev/Bachelor/baseline/Godsend/Client/src/app/store/suppliers/supplier-detail.component.js","/home/alex/dev/Bachelor/baseline/Godsend/Client/src/app/store/suppliers/supplier-detail.component.js","(anonymous)","(anonymous) ( x )",40,40
3,1,20,0,3,"(anonymous)@39-41@/home/alex/dev/Bachelor/baseline/Godsend/Client/src/app/store/suppliers/supplier-detail.component.js","/home/alex/dev/Bachelor/baseline/Godsend/Client/src/app/store/suppliers/supplier-detail.component.js","(anonymous)","(anonymous) ( )",39,41
3,1,11,0,3,"(anonymous)@46-48@/home/alex/dev/Bachelor/baseline/Godsend/Client/src/app/store/suppliers/supplier-detail.component.js","/home/alex/dev/Bachelor/baseline/Godsend/Client/src/app/store/suppliers/supplier-detail.component.js","(anonymous)","(anonymous) ( )",46,48
6,2,44,0,6,"SupplierDetailComponent.prototype.deleteSupplier@52-57@/home/alex/dev/Bachelor/baseline/Godsend/Client/src/app/store/suppliers/supplier-detail.component.js","/home/alex/dev/Bachelor/baseline/Godsend/Client/src/app/store/suppliers/supplier-detail.component.js","SupplierDetailComponent.prototype.deleteSupplier","SupplierDetailComponent.prototype.deleteSupplier ( )",52,57
3,1,18,1,3,"SupplierDetailComponent.prototype.gotoProduct@58-60@/home/alex/dev/Bachelor/baseline/Godsend/Client/src/app/store/suppliers/supplier-detail.component.js","/home/alex/dev/Bachelor/baseline/Godsend/Client/src/app/store/suppliers/supplier-detail.component.js","SupplierDetailComponent.prototype.gotoProduct","SupplierDetailComponent.prototype.gotoProduct ( prodId )",58,60
4,1,20,1,7,"(anonymous)@64-70@/home/alex/dev/Bachelor/baseline/Godsend/Client/src/app/store/suppliers/supplier-detail.component.js","/home/alex/dev/Bachelor/baseline/Godsend/Client/src/app/store/suppliers/supplier-detail.component.js","(anonymous)","(anonymous) ( s )",64,70
1,1,10,1,1,"(anonymous)@71-71@/home/alex/dev/Bachelor/baseline/Godsend/Client/src/app/store/suppliers/supplier-detail.component.js","/home/alex/dev/Bachelor/baseline/Godsend/Client/src/app/store/suppliers/supplier-detail.component.js","(anonymous)","(anonymous) ( x )",71,71
8,2,73,0,14,"SupplierDetailComponent.prototype.ngOnInit@61-74@/home/alex/dev/Bachelor/baseline/Godsend/Client/src/app/store/suppliers/supplier-detail.component.js","/home/alex/dev/Bachelor/baseline/Godsend/Client/src/app/store/suppliers/supplier-detail.component.js","SupplierDetailComponent.prototype.ngOnInit","SupplierDetailComponent.prototype.ngOnInit ( )",61,74
11,2,57,0,11,"SupplierDetailComponent.prototype.editMode@75-85@/home/alex/dev/Bachelor/baseline/Godsend/Client/src/app/store/suppliers/supplier-detail.component.js","/home/alex/dev/Bachelor/baseline/Godsend/Client/src/app/store/suppliers/supplier-detail.component.js","SupplierDetailComponent.prototype.editMode","SupplierDetailComponent.prototype.editMode ( )",75,85
8,2,56,0,8,"SupplierDetailComponent.prototype.save@86-93@/home/alex/dev/Bachelor/baseline/Godsend/Client/src/app/store/suppliers/supplier-detail.component.js","/home/alex/dev/Bachelor/baseline/Godsend/Client/src/app/store/suppliers/supplier-detail.component.js","SupplierDetailComponent.prototype.save","SupplierDetailComponent.prototype.save ( )",86,93
5,2,21,1,5,"SupplierDetailComponent.prototype.setImages@94-98@/home/alex/dev/Bachelor/baseline/Godsend/Client/src/app/store/suppliers/supplier-detail.component.js","/home/alex/dev/Bachelor/baseline/Godsend/Client/src/app/store/suppliers/supplier-detail.component.js","SupplierDetailComponent.prototype.setImages","SupplierDetailComponent.prototype.setImages ( newImages )",94,98
8,2,60,0,8,"SupplierDetailComponent.prototype.discard@99-106@/home/alex/dev/Bachelor/baseline/Godsend/Client/src/app/store/suppliers/supplier-detail.component.js","/home/alex/dev/Bachelor/baseline/Godsend/Client/src/app/store/suppliers/supplier-detail.component.js","SupplierDetailComponent.prototype.discard","SupplierDetailComponent.prototype.discard ( )",99,106
38,1,198,1,105,"SupplierDetailComponent@16-120@/home/alex/dev/Bachelor/baseline/Godsend/Client/src/app/store/suppliers/supplier-detail.component.js","/home/alex/dev/Bachelor/baseline/Godsend/Client/src/app/store/suppliers/supplier-detail.component.js","SupplierDetailComponent","SupplierDetailComponent ( function ( )",16,120
1,3,12,0,1,"(anonymous)@28-28@/home/alex/dev/Bachelor/baseline/Godsend/Client/src/app/store/suppliers/supplier-detail.component.ts","/home/alex/dev/Bachelor/baseline/Godsend/Client/src/app/store/suppliers/supplier-detail.component.ts","(anonymous)","(anonymous)",28,28
3,1,22,0,3,"get canDelete@27-29@/home/alex/dev/Bachelor/baseline/Godsend/Client/src/app/store/suppliers/supplier-detail.component.ts","/home/alex/dev/Bachelor/baseline/Godsend/Client/src/app/store/suppliers/supplier-detail.component.ts","get canDelete","get canDelete ( )",27,29
1,3,12,0,1,"(anonymous)@32-32@/home/alex/dev/Bachelor/baseline/Godsend/Client/src/app/store/suppliers/supplier-detail.component.ts","/home/alex/dev/Bachelor/baseline/Godsend/Client/src/app/store/suppliers/supplier-detail.component.ts","(anonymous)","(anonymous)",32,32
3,1,22,0,3,"get canEdit@31-33@/home/alex/dev/Bachelor/baseline/Godsend/Client/src/app/store/suppliers/supplier-detail.component.ts","/home/alex/dev/Bachelor/baseline/Godsend/Client/src/app/store/suppliers/supplier-detail.component.ts","get canEdit","get canEdit ( )",31,33
3,1,11,0,3,"get authenticated@35-37@/home/alex/dev/Bachelor/baseline/Godsend/Client/src/app/store/suppliers/supplier-detail.component.ts","/home/alex/dev/Bachelor/baseline/Godsend/Client/src/app/store/suppliers/supplier-detail.component.ts","get authenticated","get authenticated ( )",35,37
7,1,28,5,7,"constructor@39-45@/home/alex/dev/Bachelor/baseline/Godsend/Client/src/app/store/suppliers/supplier-detail.component.ts","/home/alex/dev/Bachelor/baseline/Godsend/Client/src/app/store/suppliers/supplier-detail.component.ts","constructor","constructor ( public route ActivatedRoute , private router Router , private repo RepositoryService , private storage StorageService , private auth AuthenticationService )",39,45
6,2,44,0,6,"deleteSupplier@47-52@/home/alex/dev/Bachelor/baseline/Godsend/Client/src/app/store/suppliers/supplier-detail.component.ts","/home/alex/dev/Bachelor/baseline/Godsend/Client/src/app/store/suppliers/supplier-detail.component.ts","deleteSupplier","deleteSupplier ( )",47,52
3,1,20,1,3,"gotoProduct@54-56@/home/alex/dev/Bachelor/baseline/Godsend/Client/src/app/store/suppliers/supplier-detail.component.ts","/home/alex/dev/Bachelor/baseline/Godsend/Client/src/app/store/suppliers/supplier-detail.component.ts","gotoProduct","gotoProduct ( prodId )",54,56
4,1,17,0,7,"(anonymous)@60-66@/home/alex/dev/Bachelor/baseline/Godsend/Client/src/app/store/suppliers/supplier-detail.component.ts","/home/alex/dev/Bachelor/baseline/Godsend/Client/src/app/store/suppliers/supplier-detail.component.ts","(anonymous)","(anonymous)",60,66
1,1,4,0,1,"(anonymous)@67-67@/home/alex/dev/Bachelor/baseline/Godsend/Client/src/app/store/suppliers/supplier-detail.component.ts","/home/alex/dev/Bachelor/baseline/Godsend/Client/src/app/store/suppliers/supplier-detail.component.ts","(anonymous)","(anonymous)",67,67
7,2,72,0,13,"ngOnInit@58-70@/home/alex/dev/Bachelor/baseline/Godsend/Client/src/app/store/suppliers/supplier-detail.component.ts","/home/alex/dev/Bachelor/baseline/Godsend/Client/src/app/store/suppliers/supplier-detail.component.ts","ngOnInit","ngOnInit ( )",58,70
11,2,57,0,13,"editMode@72-84@/home/alex/dev/Bachelor/baseline/Godsend/Client/src/app/store/suppliers/supplier-detail.component.ts","/home/alex/dev/Bachelor/baseline/Godsend/Client/src/app/store/suppliers/supplier-detail.component.ts","editMode","editMode ( )",72,84
8,2,56,0,9,"save@86-94@/home/alex/dev/Bachelor/baseline/Godsend/Client/src/app/store/suppliers/supplier-detail.component.ts","/home/alex/dev/Bachelor/baseline/Godsend/Client/src/app/store/suppliers/supplier-detail.component.ts","save","save ( )",86,94
5,2,25,1,5,"setImages@96-100@/home/alex/dev/Bachelor/baseline/Godsend/Client/src/app/store/suppliers/supplier-detail.component.ts","/home/alex/dev/Bachelor/baseline/Godsend/Client/src/app/store/suppliers/supplier-detail.component.ts","setImages","setImages ( newImages Image )",96,100
8,2,60,0,9,"discard@102-110@/home/alex/dev/Bachelor/baseline/Godsend/Client/src/app/store/suppliers/supplier-detail.component.ts","/home/alex/dev/Bachelor/baseline/Godsend/Client/src/app/store/suppliers/supplier-detail.component.ts","discard","discard ( )",102,110
1,3,30,1,1,"r@4-4@/home/alex/dev/Bachelor/baseline/Godsend/Client/src/app/store/suppliers/suppliers.component.js","/home/alex/dev/Bachelor/baseline/Godsend/Client/src/app/store/suppliers/suppliers.component.js","r","r ( c ( )",4,4
4,7,104,4,4,"__decorate@1-4@/home/alex/dev/Bachelor/baseline/Godsend/Client/src/app/store/suppliers/suppliers.component.js","/home/alex/dev/Bachelor/baseline/Godsend/Client/src/app/store/suppliers/suppliers.component.js","__decorate","__decorate ( decorators , target , key , desc )",1,4
3,3,31,2,3,"__metadata@7-9@/home/alex/dev/Bachelor/baseline/Godsend/Client/src/app/store/suppliers/suppliers.component.js","/home/alex/dev/Bachelor/baseline/Godsend/Client/src/app/store/suppliers/suppliers.component.js","__metadata","__metadata ( k , v )",7,9
9,1,53,3,9,"SuppliersComponent@18-26@/home/alex/dev/Bachelor/baseline/Godsend/Client/src/app/store/suppliers/suppliers.component.js","/home/alex/dev/Bachelor/baseline/Godsend/Client/src/app/store/suppliers/suppliers.component.js","SuppliersComponent","SuppliersComponent ( repo , router , auth )",18,26
3,2,15,0,3,"(anonymous)@28-30@/home/alex/dev/Bachelor/baseline/Godsend/Client/src/app/store/suppliers/suppliers.component.js","/home/alex/dev/Bachelor/baseline/Godsend/Client/src/app/store/suppliers/suppliers.component.js","(anonymous)","(anonymous) ( )",28,30
1,3,18,1,1,"(anonymous)@36-36@/home/alex/dev/Bachelor/baseline/Godsend/Client/src/app/store/suppliers/suppliers.component.js","/home/alex/dev/Bachelor/baseline/Godsend/Client/src/app/store/suppliers/suppliers.component.js","(anonymous)","(anonymous) ( x )",36,36
3,1,20,0,3,"(anonymous)@35-37@/home/alex/dev/Bachelor/baseline/Godsend/Client/src/app/store/suppliers/suppliers.component.js","/home/alex/dev/Bachelor/baseline/Godsend/Client/src/app/store/suppliers/suppliers.component.js","(anonymous)","(anonymous) ( )",35,37
3,1,20,0,3,"(anonymous)@42-44@/home/alex/dev/Bachelor/baseline/Godsend/Client/src/app/store/suppliers/suppliers.component.js","/home/alex/dev/Bachelor/baseline/Godsend/Client/src/app/store/suppliers/suppliers.component.js","(anonymous)","(anonymous) ( )",42,44
4,1,17,1,4,"SuppliersComponent.prototype.onPageChanged@48-51@/home/alex/dev/Bachelor/baseline/Godsend/Client/src/app/store/suppliers/suppliers.component.js","/home/alex/dev/Bachelor/baseline/Godsend/Client/src/app/store/suppliers/suppliers.component.js","SuppliersComponent.prototype.onPageChanged","SuppliersComponent.prototype.onPageChanged ( page )",48,51
3,1,21,0,3,"SuppliersComponent.prototype.getSuppliers@52-54@/home/alex/dev/Bachelor/baseline/Godsend/Client/src/app/store/suppliers/suppliers.component.js","/home/alex/dev/Bachelor/baseline/Godsend/Client/src/app/store/suppliers/suppliers.component.js","SuppliersComponent.prototype.getSuppliers","SuppliersComponent.prototype.getSuppliers ( )",52,54
3,1,10,0,3,"SuppliersComponent.prototype.ngOnInit@55-57@/home/alex/dev/Bachelor/baseline/Godsend/Client/src/app/store/suppliers/suppliers.component.js","/home/alex/dev/Bachelor/baseline/Godsend/Client/src/app/store/suppliers/suppliers.component.js","SuppliersComponent.prototype.ngOnInit","SuppliersComponent.prototype.ngOnInit ( )",55,57
1,1,19,1,1,"(anonymous)@63-63@/home/alex/dev/Bachelor/baseline/Godsend/Client/src/app/store/suppliers/suppliers.component.js","/home/alex/dev/Bachelor/baseline/Godsend/Client/src/app/store/suppliers/suppliers.component.js","(anonymous)","(anonymous) ( info )",63,63
5,1,56,2,7,"SuppliersComponent.prototype.createSupplier@58-64@/home/alex/dev/Bachelor/baseline/Godsend/Client/src/app/store/suppliers/suppliers.component.js","/home/alex/dev/Bachelor/baseline/Godsend/Client/src/app/store/suppliers/suppliers.component.js","SuppliersComponent.prototype.createSupplier","SuppliersComponent.prototype.createSupplier ( name , address )",58,64
1,1,13,0,1,"(anonymous)@68-68@/home/alex/dev/Bachelor/baseline/Godsend/Client/src/app/store/suppliers/suppliers.component.js","/home/alex/dev/Bachelor/baseline/Godsend/Client/src/app/store/suppliers/suppliers.component.js","(anonymous)","(anonymous) ( )",68,68
4,1,32,1,5,"SuppliersComponent.prototype.deleteSupplier@65-69@/home/alex/dev/Bachelor/baseline/Godsend/Client/src/app/store/suppliers/suppliers.component.js","/home/alex/dev/Bachelor/baseline/Godsend/Client/src/app/store/suppliers/suppliers.component.js","SuppliersComponent.prototype.deleteSupplier","SuppliersComponent.prototype.deleteSupplier ( id )",65,69
4,1,17,1,4,"SuppliersComponent.prototype.onFound@70-73@/home/alex/dev/Bachelor/baseline/Godsend/Client/src/app/store/suppliers/suppliers.component.js","/home/alex/dev/Bachelor/baseline/Godsend/Client/src/app/store/suppliers/suppliers.component.js","SuppliersComponent.prototype.onFound","SuppliersComponent.prototype.onFound ( suppliers )",70,73
40,1,213,1,74,"SuppliersComponent@17-90@/home/alex/dev/Bachelor/baseline/Godsend/Client/src/app/store/suppliers/suppliers.component.js","/home/alex/dev/Bachelor/baseline/Godsend/Client/src/app/store/suppliers/suppliers.component.js","SuppliersComponent","SuppliersComponent ( function ( )",17,90
3,2,15,0,3,"get suppliers@28-30@/home/alex/dev/Bachelor/baseline/Godsend/Client/src/app/store/suppliers/suppliers.component.ts","/home/alex/dev/Bachelor/baseline/Godsend/Client/src/app/store/suppliers/suppliers.component.ts","get suppliers","get suppliers ( )",28,30
1,3,12,0,1,"(anonymous)@33-33@/home/alex/dev/Bachelor/baseline/Godsend/Client/src/app/store/suppliers/suppliers.component.ts","/home/alex/dev/Bachelor/baseline/Godsend/Client/src/app/store/suppliers/suppliers.component.ts","(anonymous)","(anonymous)",33,33
3,1,22,0,3,"get canCreate@32-34@/home/alex/dev/Bachelor/baseline/Godsend/Client/src/app/store/suppliers/suppliers.component.ts","/home/alex/dev/Bachelor/baseline/Godsend/Client/src/app/store/suppliers/suppliers.component.ts","get canCreate","get canCreate ( )",32,34
3,1,22,0,3,"get pagesCount@36-38@/home/alex/dev/Bachelor/baseline/Godsend/Client/src/app/store/suppliers/suppliers.component.ts","/home/alex/dev/Bachelor/baseline/Godsend/Client/src/app/store/suppliers/suppliers.component.ts","get pagesCount","get pagesCount ( )",36,38
4,1,19,1,4,"onPageChanged@40-43@/home/alex/dev/Bachelor/baseline/Godsend/Client/src/app/store/suppliers/suppliers.component.ts","/home/alex/dev/Bachelor/baseline/Godsend/Client/src/app/store/suppliers/suppliers.component.ts","onPageChanged","onPageChanged ( page )",40,43
3,1,24,0,3,"getSuppliers@45-47@/home/alex/dev/Bachelor/baseline/Godsend/Client/src/app/store/suppliers/suppliers.component.ts","/home/alex/dev/Bachelor/baseline/Godsend/Client/src/app/store/suppliers/suppliers.component.ts","getSuppliers","getSuppliers ( )",45,47
1,1,18,3,1,"constructor@49-49@/home/alex/dev/Bachelor/baseline/Godsend/Client/src/app/store/suppliers/suppliers.component.ts","/home/alex/dev/Bachelor/baseline/Godsend/Client/src/app/store/suppliers/suppliers.component.ts","constructor","constructor ( private repo RepositoryService , private router Router , private auth AuthenticationService )",49,49
3,1,10,0,3,"ngOnInit@51-53@/home/alex/dev/Bachelor/baseline/Godsend/Client/src/app/store/suppliers/suppliers.component.ts","/home/alex/dev/Bachelor/baseline/Godsend/Client/src/app/store/suppliers/suppliers.component.ts","ngOnInit","ngOnInit ( )",51,53
1,1,13,0,1,"(anonymous)@59-59@/home/alex/dev/Bachelor/baseline/Godsend/Client/src/app/store/suppliers/suppliers.component.ts","/home/alex/dev/Bachelor/baseline/Godsend/Client/src/app/store/suppliers/suppliers.component.ts","(anonymous)","(anonymous)",59,59
4,1,55,2,6,"createSupplier@55-60@/home/alex/dev/Bachelor/baseline/Godsend/Client/src/app/store/suppliers/suppliers.component.ts","/home/alex/dev/Bachelor/baseline/Godsend/Client/src/app/store/suppliers/suppliers.component.ts","createSupplier","createSupplier ( name , address )",55,60
1,1,8,0,1,"(anonymous)@64-64@/home/alex/dev/Bachelor/baseline/Godsend/Client/src/app/store/suppliers/suppliers.component.ts","/home/alex/dev/Bachelor/baseline/Godsend/Client/src/app/store/suppliers/suppliers.component.ts","(anonymous)","(anonymous)",64,64
3,1,30,1,4,"deleteSupplier@62-65@/home/alex/dev/Bachelor/baseline/Godsend/Client/src/app/store/suppliers/suppliers.component.ts","/home/alex/dev/Bachelor/baseline/Godsend/Client/src/app/store/suppliers/suppliers.component.ts","deleteSupplier","deleteSupplier ( id )",62,65
4,1,21,1,4,"onFound@67-70@/home/alex/dev/Bachelor/baseline/Godsend/Client/src/app/store/suppliers/suppliers.component.ts","/home/alex/dev/Bachelor/baseline/Godsend/Client/src/app/store/suppliers/suppliers.component.ts","onFound","onFound ( suppliers SupplierInfo )",67,70
1,3,30,1,1,"r@4-4@/home/alex/dev/Bachelor/baseline/Godsend/Client/src/app/store/suppliers/suppliers.module.js","/home/alex/dev/Bachelor/baseline/Godsend/Client/src/app/store/suppliers/suppliers.module.js","r","r ( c ( )",4,4
4,7,104,4,4,"__decorate@1-4@/home/alex/dev/Bachelor/baseline/Godsend/Client/src/app/store/suppliers/suppliers.module.js","/home/alex/dev/Bachelor/baseline/Godsend/Client/src/app/store/suppliers/suppliers.module.js","__decorate","__decorate ( decorators , target , key , desc )",1,4
2,1,4,0,2,"SuppliersModule@13-14@/home/alex/dev/Bachelor/baseline/Godsend/Client/src/app/store/suppliers/suppliers.module.js","/home/alex/dev/Bachelor/baseline/Godsend/Client/src/app/store/suppliers/suppliers.module.js","SuppliersModule","SuppliersModule ( )",13,14
14,1,40,1,17,"SuppliersModule@12-28@/home/alex/dev/Bachelor/baseline/Godsend/Client/src/app/store/suppliers/suppliers.module.js","/home/alex/dev/Bachelor/baseline/Godsend/Client/src/app/store/suppliers/suppliers.module.js","SuppliersModule","SuppliersModule ( function ( )",12,28
3,1,15,0,3,"get isCurrent@24-26@/home/alex/dev/Bachelor/baseline/Godsend/Client/src/app/store/user/user.component.ts","/home/alex/dev/Bachelor/baseline/Godsend/Client/src/app/store/user/user.component.ts","get isCurrent","get isCurrent ( )",24,26
1,1,18,3,1,"constructor@28-28@/home/alex/dev/Bachelor/baseline/Godsend/Client/src/app/store/user/user.component.ts","/home/alex/dev/Bachelor/baseline/Godsend/Client/src/app/store/user/user.component.ts","constructor","constructor ( private storage StorageService , private data DataService , private route ActivatedRoute )",28,28
1,1,6,0,1,"(anonymous)@34-34@/home/alex/dev/Bachelor/baseline/Godsend/Client/src/app/store/user/user.component.ts","/home/alex/dev/Bachelor/baseline/Godsend/Client/src/app/store/user/user.component.ts","(anonymous)","(anonymous)",34,34
8,3,62,0,10,"save@30-39@/home/alex/dev/Bachelor/baseline/Godsend/Client/src/app/store/user/user.component.ts","/home/alex/dev/Bachelor/baseline/Godsend/Client/src/app/store/user/user.component.ts","save","save ( )",30,39
8,2,54,0,9,"discard@41-49@/home/alex/dev/Bachelor/baseline/Godsend/Client/src/app/store/user/user.component.ts","/home/alex/dev/Bachelor/baseline/Godsend/Client/src/app/store/user/user.component.ts","discard","discard ( )",41,49
12,2,60,0,12,"editMode@51-62@/home/alex/dev/Bachelor/baseline/Godsend/Client/src/app/store/user/user.component.ts","/home/alex/dev/Bachelor/baseline/Godsend/Client/src/app/store/user/user.component.ts","editMode","editMode ( )",51,62
3,1,8,0,4,"(anonymous)@66-69@/home/alex/dev/Bachelor/baseline/Godsend/Client/src/app/store/user/user.component.ts","/home/alex/dev/Bachelor/baseline/Godsend/Client/src/app/store/user/user.component.ts","(anonymous)","(anonymous)",66,69
5,1,31,0,8,"ngOnInit@64-71@/home/alex/dev/Bachelor/baseline/Godsend/Client/src/app/store/user/user.component.ts","/home/alex/dev/Bachelor/baseline/Godsend/Client/src/app/store/user/user.component.ts","ngOnInit","ngOnInit ( )",64,71
1,3,30,1,1,"r@4-4@/home/alex/dev/Bachelor/baseline/Godsend/Client/src/app/app.module.js","/home/alex/dev/Bachelor/baseline/Godsend/Client/src/app/app.module.js","r","r ( c ( )",4,4
4,7,104,4,4,"__decorate@1-4@/home/alex/dev/Bachelor/baseline/Godsend/Client/src/app/app.module.js","/home/alex/dev/Bachelor/baseline/Godsend/Client/src/app/app.module.js","__decorate","__decorate ( decorators , target , key , desc )",1,4
3,1,12,1,3,"HttpLoaderFactory@58-60@/home/alex/dev/Bachelor/baseline/Godsend/Client/src/app/app.module.js","/home/alex/dev/Bachelor/baseline/Godsend/Client/src/app/app.module.js","HttpLoaderFactory","HttpLoaderFactory ( httpClient )",58,60
2,1,4,0,2,"AppModule@86-87@/home/alex/dev/Bachelor/baseline/Godsend/Client/src/app/app.module.js","/home/alex/dev/Bachelor/baseline/Godsend/Client/src/app/app.module.js","AppModule","AppModule ( )",86,87
68,1,172,1,69,"AppModule@85-153@/home/alex/dev/Bachelor/baseline/Godsend/Client/src/app/app.module.js","/home/alex/dev/Bachelor/baseline/Godsend/Client/src/app/app.module.js","AppModule","AppModule ( function ( )",85,153
3,1,14,1,3,"HttpLoaderFactory@55-57@/home/alex/dev/Bachelor/baseline/Godsend/Client/src/app/app.module.ts","/home/alex/dev/Bachelor/baseline/Godsend/Client/src/app/app.module.ts","HttpLoaderFactory","HttpLoaderFactory ( httpClient HttpClient )",55,57
28,1,127,1,28,"module.exports@4-31@/home/alex/dev/Bachelor/baseline/Godsend/Client/src/karma.conf.js","/home/alex/dev/Bachelor/baseline/Godsend/Client/src/karma.conf.js","module.exports","module.exports ( config )",4,31
1,1,13,1,1,"(anonymous)@9-9@/home/alex/dev/Bachelor/baseline/Godsend/Client/src/main.js","/home/alex/dev/Bachelor/baseline/Godsend/Client/src/main.js","(anonymous)","(anonymous) ( err )",9,9
1,1,7,0,1,"(anonymous)@12-12@/home/alex/dev/Bachelor/baseline/Godsend/Client/src/main.ts","/home/alex/dev/Bachelor/baseline/Godsend/Client/src/main.ts","(anonymous)","(anonymous)",12,12
17,1,73,7,20,"AccountController::AccountController@47-66@/home/alex/dev/Bachelor/baseline/Godsend/Godsend/Controllers/AccountController.cs","/home/alex/dev/Bachelor/baseline/Godsend/Godsend/Controllers/AccountController.cs","AccountController::AccountController","Godsend.Controllers::AccountController::AccountController( UserManager<User> userMgr , SignInManager<User> signInMgr , IConfiguration configuration , DataContext context , RoleManager<Role> roleMngr , ISeedHelper seedHlpr , IOptions<FacebookAuthSettings> fbAuthSettingsAccessor)",47,66
5,1,43,0,6,"AccountController::GetCurrentUser@68-73@/home/alex/dev/Bachelor/baseline/Godsend/Godsend/Controllers/AccountController.cs","/home/alex/dev/Bachelor/baseline/Godsend/Godsend/Controllers/AccountController.cs","AccountController::GetCurrentUser","Godsend.Controllers::AccountController::GetCurrentUser()",68,73
5,1,21,0,5,"AccountController::GetRoles@81-85@/home/alex/dev/Bachelor/baseline/Godsend/Godsend/Controllers/AccountController.cs","/home/alex/dev/Bachelor/baseline/Godsend/Godsend/Controllers/AccountController.cs","AccountController::GetRoles","Godsend.Controllers::AccountController::GetRoles()",81,85
10,3,65,1,16,"UserAndRole::AddToRole@95-110@/home/alex/dev/Bachelor/baseline/Godsend/Godsend/Controllers/AccountController.cs","/home/alex/dev/Bachelor/baseline/Godsend/Godsend/Controllers/AccountController.cs","UserAndRole::AddToRole","Godsend.Controllers::AccountController::AddToRole( [ FromBody ] UserAndRole userAndRole)",95,110
10,3,59,2,16,"UserAndRole::ExcludeFromRole@114-129@/home/alex/dev/Bachelor/baseline/Godsend/Godsend/Controllers/AccountController.cs","/home/alex/dev/Bachelor/baseline/Godsend/Godsend/Controllers/AccountController.cs","UserAndRole::ExcludeFromRole","Godsend.Controllers::AccountController::ExcludeFromRole( string userName , string role)",114,129
4,1,19,0,4,"UserAndRole::GetAllRoles@136-139@/home/alex/dev/Bachelor/baseline/Godsend/Godsend/Controllers/AccountController.cs","/home/alex/dev/Bachelor/baseline/Godsend/Godsend/Controllers/AccountController.cs","UserAndRole::GetAllRoles","Godsend.Controllers::AccountController::GetAllRoles()",136,139
5,1,19,1,5,"UserAndRole::Logout@147-151@/home/alex/dev/Bachelor/baseline/Godsend/Godsend/Controllers/AccountController.cs","/home/alex/dev/Bachelor/baseline/Godsend/Godsend/Controllers/AccountController.cs","UserAndRole::Logout","Godsend.Controllers::AccountController::Logout( string redirectUrl)",147,151
12,2,87,1,15,"UserAndRole::Login@159-173@/home/alex/dev/Bachelor/baseline/Godsend/Godsend/Controllers/AccountController.cs","/home/alex/dev/Bachelor/baseline/Godsend/Godsend/Controllers/AccountController.cs","UserAndRole::Login","Godsend.Controllers::AccountController::Login( [ FromBody ] LoginViewModel creds)",159,173
38,5,281,1,55,"UserAndRole::FacebookLogin@177-231@/home/alex/dev/Bachelor/baseline/Godsend/Godsend/Controllers/AccountController.cs","/home/alex/dev/Bachelor/baseline/Godsend/Godsend/Controllers/AccountController.cs","UserAndRole::FacebookLogin","Godsend.Controllers::AccountController::FacebookLogin( [ FromBody ] FacebookAuthViewModel model)",177,231
22,3,160,1,23,"UserAndRole::EditProfile@236-258@/home/alex/dev/Bachelor/baseline/Godsend/Godsend/Controllers/AccountController.cs","/home/alex/dev/Bachelor/baseline/Godsend/Godsend/Controllers/AccountController.cs","UserAndRole::EditProfile","Godsend.Controllers::AccountController::EditProfile( [ FromBody ] RegisterViewModel model)",236,258
16,2,98,1,22,"UserAndRole::Register@261-282@/home/alex/dev/Bachelor/baseline/Godsend/Godsend/Controllers/AccountController.cs","/home/alex/dev/Bachelor/baseline/Godsend/Godsend/Controllers/AccountController.cs","UserAndRole::Register","Godsend.Controllers::AccountController::Register( [ FromBody ] RegisterViewModel model)",261,282
9,2,73,1,11,"UserAndRole::GetProfile@286-296@/home/alex/dev/Bachelor/baseline/Godsend/Godsend/Controllers/AccountController.cs","/home/alex/dev/Bachelor/baseline/Godsend/Godsend/Controllers/AccountController.cs","UserAndRole::GetProfile","Godsend.Controllers::AccountController::GetProfile( string id)",286,296
6,1,43,2,6,"UserAndRole::GetUserList@300-305@/home/alex/dev/Bachelor/baseline/Godsend/Godsend/Controllers/AccountController.cs","/home/alex/dev/Bachelor/baseline/Godsend/Godsend/Controllers/AccountController.cs","UserAndRole::GetUserList","Godsend.Controllers::AccountController::GetUserList( int page , int rpp)",300,305
13,1,97,1,14,"UserAndRole::GenerateJwtToken@307-320@/home/alex/dev/Bachelor/baseline/Godsend/Godsend/Controllers/AccountController.cs","/home/alex/dev/Bachelor/baseline/Godsend/Godsend/Controllers/AccountController.cs","UserAndRole::GenerateJwtToken","Godsend.Controllers::AccountController::GenerateJwtToken( User user)",307,320
5,1,35,3,5,"ArticleController::ArticleController@30-34@/home/alex/dev/Bachelor/baseline/Godsend/Godsend/Controllers/ArticleController.cs","/home/alex/dev/Bachelor/baseline/Godsend/Godsend/Controllers/ArticleController.cs","ArticleController::ArticleController","Godsend.Controllers::ArticleController::ArticleController( ArticleRepository repository , IHubContext<NotificationHub> hubContext , ILogger<EntityController<Article>> logger)",30,34
9,2,61,1,11,"ArticleController::CreateOrUpdate@48-58@/home/alex/dev/Bachelor/baseline/Godsend/Godsend/Controllers/ArticleController.cs","/home/alex/dev/Bachelor/baseline/Godsend/Godsend/Controllers/ArticleController.cs","ArticleController::CreateOrUpdate","Godsend.Controllers::ArticleController::CreateOrUpdate( [ FromBody ] Article entity)",48,58
7,1,41,1,9,"ArticleController::Detail@66-74@/home/alex/dev/Bachelor/baseline/Godsend/Godsend/Controllers/ArticleController.cs","/home/alex/dev/Bachelor/baseline/Godsend/Godsend/Controllers/ArticleController.cs","ArticleController::Detail","Godsend.Controllers::ArticleController::Detail( Guid infoId)",66,74
5,1,29,2,5,"EntityController::EntityController@35-39@/home/alex/dev/Bachelor/baseline/Godsend/Godsend/Controllers/EntityController.cs","/home/alex/dev/Bachelor/baseline/Godsend/Godsend/Controllers/EntityController.cs","EntityController::EntityController","Godsend.Controllers::EntityController::EntityController( IHubContext<NotificationHub> hubContext , ILogger<EntityController<TEntity>> logger)",35,39
5,1,34,2,5,"EntityController::All@48-52@/home/alex/dev/Bachelor/baseline/Godsend/Godsend/Controllers/EntityController.cs","/home/alex/dev/Bachelor/baseline/Godsend/Godsend/Controllers/EntityController.cs","EntityController::All","Godsend.Controllers::EntityController::All( int page , int rpp)",48,52
5,1,20,0,5,"EntityController::Count@55-59@/home/alex/dev/Bachelor/baseline/Godsend/Godsend/Controllers/EntityController.cs","/home/alex/dev/Bachelor/baseline/Godsend/Godsend/Controllers/EntityController.cs","EntityController::Count","Godsend.Controllers::EntityController::Count()",55,59
22,3,129,1,24,"EntityController::Delete@68-91@/home/alex/dev/Bachelor/baseline/Godsend/Godsend/Controllers/EntityController.cs","/home/alex/dev/Bachelor/baseline/Godsend/Godsend/Controllers/EntityController.cs","EntityController::Delete","Godsend.Controllers::EntityController::Delete( Guid id)",68,91
27,5,196,1,31,"EntityController::CreateOrUpdate@101-131@/home/alex/dev/Bachelor/baseline/Godsend/Godsend/Controllers/EntityController.cs","/home/alex/dev/Bachelor/baseline/Godsend/Godsend/Controllers/EntityController.cs","EntityController::CreateOrUpdate","Godsend.Controllers::EntityController::CreateOrUpdate( [ FromBody ] TEntity entity)",101,131
19,2,132,2,22,"EntityController::SetRating@135-156@/home/alex/dev/Bachelor/baseline/Godsend/Godsend/Controllers/EntityController.cs","/home/alex/dev/Bachelor/baseline/Godsend/Godsend/Controllers/EntityController.cs","EntityController::SetRating","Godsend.Controllers::EntityController::SetRating( Guid entityId , int rating)",135,156
5,1,34,1,5,"EntityController::Ratings@159-163@/home/alex/dev/Bachelor/baseline/Godsend/Godsend/Controllers/EntityController.cs","/home/alex/dev/Bachelor/baseline/Godsend/Godsend/Controllers/EntityController.cs","EntityController::Ratings","Godsend.Controllers::EntityController::Ratings( Guid entityId)",159,163
6,1,47,1,7,"EntityController::Rating@167-173@/home/alex/dev/Bachelor/baseline/Godsend/Godsend/Controllers/EntityController.cs","/home/alex/dev/Bachelor/baseline/Godsend/Godsend/Controllers/EntityController.cs","EntityController::Rating","Godsend.Controllers::EntityController::Rating( Guid entityId)",167,173
22,3,153,3,25,"EntityController::AddComment@179-203@/home/alex/dev/Bachelor/baseline/Godsend/Godsend/Controllers/EntityController.cs","/home/alex/dev/Bachelor/baseline/Godsend/Godsend/Controllers/EntityController.cs","EntityController::AddComment","Godsend.Controllers::EntityController::AddComment( Guid entityId , Guid ? baseCommentId , [ FromBody ] TmpComment comment)",179,203
4,1,24,2,5,"EntityController::AddComment@207-211@/home/alex/dev/Bachelor/baseline/Godsend/Godsend/Controllers/EntityController.cs","/home/alex/dev/Bachelor/baseline/Godsend/Godsend/Controllers/EntityController.cs","EntityController::AddComment","Godsend.Controllers::EntityController::AddComment( Guid entityId , [ FromBody ] TmpComment comment)",207,211
23,3,142,2,27,"EntityController::DeleteOwnComment@215-241@/home/alex/dev/Bachelor/baseline/Godsend/Godsend/Controllers/EntityController.cs","/home/alex/dev/Bachelor/baseline/Godsend/Godsend/Controllers/EntityController.cs","EntityController::DeleteOwnComment","Godsend.Controllers::EntityController::DeleteOwnComment( Guid entityId , Guid commentId)",215,241
22,3,136,2,25,"EntityController::DeleteComment@245-269@/home/alex/dev/Bachelor/baseline/Godsend/Godsend/Controllers/EntityController.cs","/home/alex/dev/Bachelor/baseline/Godsend/Godsend/Controllers/EntityController.cs","EntityController::DeleteComment","Godsend.Controllers::EntityController::DeleteComment( Guid entityId , Guid commentId)",245,269
19,2,137,2,22,"EntityController::EditOwnComment@273-294@/home/alex/dev/Bachelor/baseline/Godsend/Godsend/Controllers/EntityController.cs","/home/alex/dev/Bachelor/baseline/Godsend/Godsend/Controllers/EntityController.cs","EntityController::EditOwnComment","Godsend.Controllers::EntityController::EditOwnComment( Guid commentId , [ FromBody ] TmpComment comment)",273,294
18,2,131,2,20,"EntityController::EditComment@298-317@/home/alex/dev/Bachelor/baseline/Godsend/Godsend/Controllers/EntityController.cs","/home/alex/dev/Bachelor/baseline/Godsend/Godsend/Controllers/EntityController.cs","EntityController::EditComment","Godsend.Controllers::EntityController::EditComment( Guid commentId , [ FromBody ] TmpComment comment)",298,317
29,3,142,1,40,"EntityController::Comments@322-361@/home/alex/dev/Bachelor/baseline/Godsend/Godsend/Controllers/EntityController.cs","/home/alex/dev/Bachelor/baseline/Godsend/Godsend/Controllers/EntityController.cs","EntityController::Comments","Godsend.Controllers::EntityController::Comments( Guid entityId)",322,361
4,2,24,1,4,"EntityController::GetSubComments@363-366@/home/alex/dev/Bachelor/baseline/Godsend/Godsend/Controllers/EntityController.cs","/home/alex/dev/Bachelor/baseline/Godsend/Godsend/Controllers/EntityController.cs","EntityController::GetSubComments","Godsend.Controllers::EntityController::GetSubComments( Guid id)",363,366
15,2,89,1,16,"EntityController::GetRecursiveComs@368-383@/home/alex/dev/Bachelor/baseline/Godsend/Godsend/Controllers/EntityController.cs","/home/alex/dev/Bachelor/baseline/Godsend/Godsend/Controllers/EntityController.cs","EntityController::GetRecursiveComs","Godsend.Controllers::EntityController::GetRecursiveComs( CommentWithSubs<TEntity> cur)",368,383
11,2,45,1,13,"ImageController::GetImage@33-45@/home/alex/dev/Bachelor/baseline/Godsend/Godsend/Controllers/ImageController.cs","/home/alex/dev/Bachelor/baseline/Godsend/Godsend/Controllers/ImageController.cs","ImageController::GetImage","Godsend.Controllers::ImageController::GetImage( Guid id)",33,45
6,1,27,3,6,"ImageController::ImageController@53-58@/home/alex/dev/Bachelor/baseline/Godsend/Godsend/Controllers/ImageController.cs","/home/alex/dev/Bachelor/baseline/Godsend/Godsend/Controllers/ImageController.cs","ImageController::ImageController","Godsend.Controllers::ImageController::ImageController( ImageRepository repo , IImageService imageService , IStorageService storageService)",53,58
44,4,266,0,48,"ImageController::Upload@62-109@/home/alex/dev/Bachelor/baseline/Godsend/Godsend/Controllers/ImageController.cs","/home/alex/dev/Bachelor/baseline/Godsend/Godsend/Controllers/ImageController.cs","ImageController::Upload","Godsend.Controllers::ImageController::Upload()",62,109
15,2,62,1,17,"ImageController::GetImageFromFile@111-127@/home/alex/dev/Bachelor/baseline/Godsend/Godsend/Controllers/ImageController.cs","/home/alex/dev/Bachelor/baseline/Godsend/Godsend/Controllers/ImageController.cs","ImageController::GetImageFromFile","Godsend.Controllers::ImageController::GetImageFromFile( IFormFile file)",111,127
16,7,104,7,18,"ImageController::CheckSize@129-146@/home/alex/dev/Bachelor/baseline/Godsend/Godsend/Controllers/ImageController.cs","/home/alex/dev/Bachelor/baseline/Godsend/Godsend/Controllers/ImageController.cs","ImageController::CheckSize","Godsend.Controllers::ImageController::CheckSize( int maxImageWidth , int maxImageHeight , int minImageWidth , int minImageHeight , double maxImageProportionCoef , double minImageProportionCoef , SKBitmap image)",129,146
12,3,69,3,13,"ImageController::CheckExtensionAndFileLength@148-160@/home/alex/dev/Bachelor/baseline/Godsend/Godsend/Controllers/ImageController.cs","/home/alex/dev/Bachelor/baseline/Godsend/Godsend/Controllers/ImageController.cs","ImageController::CheckExtensionAndFileLength","Godsend.Controllers::ImageController::CheckExtensionAndFileLength( List<string> allowedImageExtensions , int maxImageFileLength , IFormFile file)",148,160
47,5,308,8,59,"ImageController::ProcessImages@162-220@/home/alex/dev/Bachelor/baseline/Godsend/Godsend/Controllers/ImageController.cs","/home/alex/dev/Bachelor/baseline/Godsend/Godsend/Controllers/ImageController.cs","ImageController::ProcessImages","Godsend.Controllers::ImageController::ProcessImages( int resizeImageWidth , int resizeImageHeight , int thumbWidth , int thumbHeight , int hashThumbWidth , int hashThumbHeight , List<SKBitmap> skImages , ref List<Image> images)",162,220
7,1,68,2,7,"NotificationHub::SendTo@21-27@/home/alex/dev/Bachelor/baseline/Godsend/Godsend/Controllers/NotificationHub.cs","/home/alex/dev/Bachelor/baseline/Godsend/Godsend/Controllers/NotificationHub.cs","NotificationHub::SendTo","Godsend.Controllers::NotificationHub::SendTo( string to , string message)",21,27
7,1,62,1,9,"NotificationHub::Send@30-38@/home/alex/dev/Bachelor/baseline/Godsend/Godsend/Controllers/NotificationHub.cs","/home/alex/dev/Bachelor/baseline/Godsend/Godsend/Controllers/NotificationHub.cs","NotificationHub::Send","Godsend.Controllers::NotificationHub::Send( string message)",30,38
10,2,48,0,11,"NotificationHub::OnConnectedAsync@40-50@/home/alex/dev/Bachelor/baseline/Godsend/Godsend/Controllers/NotificationHub.cs","/home/alex/dev/Bachelor/baseline/Godsend/Godsend/Controllers/NotificationHub.cs","NotificationHub::OnConnectedAsync","Godsend.Controllers::NotificationHub::OnConnectedAsync()",40,50
6,1,38,1,7,"NotificationHub::OnDisconnectedAsync@52-58@/home/alex/dev/Bachelor/baseline/Godsend/Godsend/Controllers/NotificationHub.cs","/home/alex/dev/Bachelor/baseline/Godsend/Godsend/Controllers/NotificationHub.cs","NotificationHub::OnDisconnectedAsync","Godsend.Controllers::NotificationHub::OnDisconnectedAsync( Exception exception)",52,58
15,1,62,6,15,"OrderController::OrderController@38-52@/home/alex/dev/Bachelor/baseline/Godsend/Godsend/Controllers/OrderController.cs","/home/alex/dev/Bachelor/baseline/Godsend/Godsend/Controllers/OrderController.cs","OrderController::OrderController","Godsend.Controllers::OrderController::OrderController( IOrderRepository repo , ProductRepository prodRepo , SupplierRepository supRepo , DataContext context , IHubContext<NotificationHub> hubContext , UserManager<User> userManager)",38,52
4,1,26,2,4,"OrderController::All@58-61@/home/alex/dev/Bachelor/baseline/Godsend/Godsend/Controllers/OrderController.cs","/home/alex/dev/Bachelor/baseline/Godsend/Godsend/Controllers/OrderController.cs","OrderController::All","Godsend.Controllers::OrderController::All( int page , int rpp)",58,61
4,1,12,0,4,"OrderController::Count@64-67@/home/alex/dev/Bachelor/baseline/Godsend/Godsend/Controllers/OrderController.cs","/home/alex/dev/Bachelor/baseline/Godsend/Godsend/Controllers/OrderController.cs","OrderController::Count","Godsend.Controllers::OrderController::Count()",64,67
20,3,129,2,25,"OrderController::ChangeStatus@78-102@/home/alex/dev/Bachelor/baseline/Godsend/Godsend/Controllers/OrderController.cs","/home/alex/dev/Bachelor/baseline/Godsend/Godsend/Controllers/OrderController.cs","OrderController::ChangeStatus","Godsend.Controllers::OrderController::ChangeStatus( Guid id , int status)",78,102
31,4,201,1,36,"OrderController::CreateOrUpdate@111-146@/home/alex/dev/Bachelor/baseline/Godsend/Godsend/Controllers/OrderController.cs","/home/alex/dev/Bachelor/baseline/Godsend/Godsend/Controllers/OrderController.cs","OrderController::CreateOrUpdate","Godsend.Controllers::OrderController::CreateOrUpdate( [ FromBody ] OrderFromNg data)",111,146
4,1,15,1,4,"OrderController::Detail@150-153@/home/alex/dev/Bachelor/baseline/Godsend/Godsend/Controllers/OrderController.cs","/home/alex/dev/Bachelor/baseline/Godsend/Godsend/Controllers/OrderController.cs","OrderController::Detail","Godsend.Controllers::OrderController::Detail( Guid id)",150,153
4,2,30,1,4,"OrderController::Delete@157-160@/home/alex/dev/Bachelor/baseline/Godsend/Godsend/Controllers/OrderController.cs","/home/alex/dev/Bachelor/baseline/Godsend/Godsend/Controllers/OrderController.cs","OrderController::Delete","Godsend.Controllers::OrderController::Delete( Guid id)",157,160
1,1,9,0,1,"ProductController::SayHello@30-30@/home/alex/dev/Bachelor/baseline/Godsend/Godsend/Controllers/ProductController.cs","/home/alex/dev/Bachelor/baseline/Godsend/Godsend/Controllers/ProductController.cs","ProductController::SayHello","Godsend.Controllers::ProductController::SayHello()",30,30
6,1,55,4,6,"ProductController::ProductController@32-37@/home/alex/dev/Bachelor/baseline/Godsend/Godsend/Controllers/ProductController.cs","/home/alex/dev/Bachelor/baseline/Godsend/Godsend/Controllers/ProductController.cs","ProductController::ProductController","Godsend.Controllers::ProductController::ProductController( ProductRepository repo , IHubContext<NotificationHub> hubContext , ILogger<Product> logger , ILogger<EntityController<Product>> logger2)",32,37
13,3,51,1,14,"ProductController::Detail@40-53@/home/alex/dev/Bachelor/baseline/Godsend/Godsend/Controllers/ProductController.cs","/home/alex/dev/Bachelor/baseline/Godsend/Godsend/Controllers/ProductController.cs","ProductController::Detail","Godsend.Controllers::ProductController::Detail( Guid id)",40,53
20,3,103,0,21,"ProductController::GetBaseCategories@56-76@/home/alex/dev/Bachelor/baseline/Godsend/Godsend/Controllers/ProductController.cs","/home/alex/dev/Bachelor/baseline/Godsend/Godsend/Controllers/ProductController.cs","ProductController::GetBaseCategories","Godsend.Controllers::ProductController::GetBaseCategories()",56,76
4,2,24,1,4,"ProductController::GetSubCategories@80-83@/home/alex/dev/Bachelor/baseline/Godsend/Godsend/Controllers/ProductController.cs","/home/alex/dev/Bachelor/baseline/Godsend/Godsend/Controllers/ProductController.cs","ProductController::GetSubCategories","Godsend.Controllers::ProductController::GetSubCategories( Guid id)",80,83
10,1,48,0,10,"ProductController::GetAllCategories@92-101@/home/alex/dev/Bachelor/baseline/Godsend/Godsend/Controllers/ProductController.cs","/home/alex/dev/Bachelor/baseline/Godsend/Godsend/Controllers/ProductController.cs","ProductController::GetAllCategories","Godsend.Controllers::ProductController::GetAllCategories()",92,101
4,2,50,3,4,"ProductController::GetByCategory@111-114@/home/alex/dev/Bachelor/baseline/Godsend/Godsend/Controllers/ProductController.cs","/home/alex/dev/Bachelor/baseline/Godsend/Godsend/Controllers/ProductController.cs","ProductController::GetByCategory","Godsend.Controllers::ProductController::GetByCategory( Guid id , int quantity = 5 , int skip = 0)",111,114
5,1,27,1,6,"ProductController::ByFilter@125-130@/home/alex/dev/Bachelor/baseline/Godsend/Godsend/Controllers/ProductController.cs","/home/alex/dev/Bachelor/baseline/Godsend/Godsend/Controllers/ProductController.cs","ProductController::ByFilter","Godsend.Controllers::ProductController::ByFilter( [ FromBody ] ProductFilterInfo filter)",125,130
5,1,24,1,5,"ProductController::GetPropertiesByCategory@133-137@/home/alex/dev/Bachelor/baseline/Godsend/Godsend/Controllers/ProductController.cs","/home/alex/dev/Bachelor/baseline/Godsend/Godsend/Controllers/ProductController.cs","ProductController::GetPropertiesByCategory","Godsend.Controllers::ProductController::GetPropertiesByCategory( Guid categoryId)",133,137
16,2,103,1,17,"ProductController::GetRecursiveCats@143-159@/home/alex/dev/Bachelor/baseline/Godsend/Godsend/Controllers/ProductController.cs","/home/alex/dev/Bachelor/baseline/Godsend/Godsend/Controllers/ProductController.cs","ProductController::GetRecursiveCats","Godsend.Controllers::ProductController::GetRecursiveCats( ref CatWithSubs cur)",143,159
4,1,13,1,4,"SearchController::SearchController@34-37@/home/alex/dev/Bachelor/baseline/Godsend/Godsend/Controllers/SearchController.cs","/home/alex/dev/Bachelor/baseline/Godsend/Godsend/Controllers/SearchController.cs","SearchController::SearchController","Godsend.Controllers::SearchController::SearchController( DataContext context)",34,37
14,4,87,4,14,"SearchController::Find@45-58@/home/alex/dev/Bachelor/baseline/Godsend/Godsend/Controllers/SearchController.cs","/home/alex/dev/Bachelor/baseline/Godsend/Godsend/Controllers/SearchController.cs","SearchController::Find","Godsend.Controllers::SearchController::Find( SearchType searchType , string term , int page , int rpp)",45,58
8,1,40,3,8,"SearchController::FindAll@65-72@/home/alex/dev/Bachelor/baseline/Godsend/Godsend/Controllers/SearchController.cs","/home/alex/dev/Bachelor/baseline/Godsend/Godsend/Controllers/SearchController.cs","SearchController::FindAll","Godsend.Controllers::SearchController::FindAll( string term , int page , int rpp)",65,72
9,2,81,3,9,"SearchController::FindProducts@79-87@/home/alex/dev/Bachelor/baseline/Godsend/Godsend/Controllers/SearchController.cs","/home/alex/dev/Bachelor/baseline/Godsend/Godsend/Controllers/SearchController.cs","SearchController::FindProducts","Godsend.Controllers::SearchController::FindProducts( string term , int page , int rpp)",79,87
9,2,81,3,9,"SearchController::FindSuppliers@94-102@/home/alex/dev/Bachelor/baseline/Godsend/Godsend/Controllers/SearchController.cs","/home/alex/dev/Bachelor/baseline/Godsend/Godsend/Controllers/SearchController.cs","SearchController::FindSuppliers","Godsend.Controllers::SearchController::FindSuppliers( string term , int page , int rpp)",94,102
5,1,33,3,5,"SupplierController::SupplierController@23-27@/home/alex/dev/Bachelor/baseline/Godsend/Godsend/Controllers/SupplierController.cs","/home/alex/dev/Bachelor/baseline/Godsend/Godsend/Controllers/SupplierController.cs","SupplierController::SupplierController","Godsend.Controllers::SupplierController::SupplierController( SupplierRepository repo , IHubContext<NotificationHub> hubContext , ILogger<EntityController<Supplier>> logger)",23,27
6,1,27,1,6,"SupplierController::Detail@30-35@/home/alex/dev/Bachelor/baseline/Godsend/Godsend/Controllers/SupplierController.cs","/home/alex/dev/Bachelor/baseline/Godsend/Godsend/Controllers/SupplierController.cs","SupplierController::Detail","Godsend.Controllers::SupplierController::Detail( Guid id)",30,35
12,1,81,3,14,"ImageService::GetThumbnail@24-37@/home/alex/dev/Bachelor/baseline/Godsend/Godsend/Services/ImageService.cs","/home/alex/dev/Bachelor/baseline/Godsend/Godsend/Services/ImageService.cs","ImageService::GetThumbnail","Godsend::ImageService::GetThumbnail( SKBitmap image , int width , int height)",24,37
11,1,102,3,14,"ImageService::ResizeImage@39-52@/home/alex/dev/Bachelor/baseline/Godsend/Godsend/Services/ImageService.cs","/home/alex/dev/Bachelor/baseline/Godsend/Godsend/Services/ImageService.cs","ImageService::ResizeImage","Godsend::ImageService::ResizeImage( SKBitmap image , int maxWidth , int maxHeight)",39,52
10,1,55,1,12,"ImageService::ConvertToStream@54-65@/home/alex/dev/Bachelor/baseline/Godsend/Godsend/Services/ImageService.cs","/home/alex/dev/Bachelor/baseline/Godsend/Godsend/Services/ImageService.cs","ImageService::ConvertToStream","Godsend::ImageService::ConvertToStream( SKBitmap image)",54,65
1,1,12,1,1,"NotFoundException::NotFoundException@21-21@/home/alex/dev/Bachelor/baseline/Godsend/Godsend/Services/NotFoundException.cs","/home/alex/dev/Bachelor/baseline/Godsend/Godsend/Services/NotFoundException.cs","NotFoundException::NotFoundException","Godsend::NotFoundException::NotFoundException( string message)",21,21
9,2,42,1,11,"StorageService::GetFromStorage@23-33@/home/alex/dev/Bachelor/baseline/Godsend/Godsend/Services/StorageService.cs","/home/alex/dev/Bachelor/baseline/Godsend/Godsend/Services/StorageService.cs","StorageService::GetFromStorage","Godsend::StorageService::GetFromStorage( string outerFileName)",23,33
11,1,64,2,12,"StorageService::SaveToStorage@35-46@/home/alex/dev/Bachelor/baseline/Godsend/Godsend/Services/StorageService.cs","/home/alex/dev/Bachelor/baseline/Godsend/Godsend/Services/StorageService.cs","StorageService::SaveToStorage","Godsend::StorageService::SaveToStorage( string fileName , Stream contents)",35,46
18,2,75,1,20,"Program::Main@20-39@/home/alex/dev/Bachelor/baseline/Godsend/Godsend/Program.cs","/home/alex/dev/Bachelor/baseline/Godsend/Godsend/Program.cs","Program::Main","Godsend::Program::Main( string [ ] args)",20,39
5,1,37,1,5,"Program::CreateWebHostBuilder@41-45@/home/alex/dev/Bachelor/baseline/Godsend/Godsend/Program.cs","/home/alex/dev/Bachelor/baseline/Godsend/Godsend/Program.cs","Program::CreateWebHostBuilder","Godsend::Program::CreateWebHostBuilder( string [ ] args)",41,45
5,1,7,0,48,"*global*@0-47@/home/alex/dev/Bachelor/baseline/Godsend/Godsend/Program.cs","/home/alex/dev/Bachelor/baseline/Godsend/Godsend/Program.cs","*global*","*global*",0,47
5,1,29,1,5,"Startup::Startup@33-37@/home/alex/dev/Bachelor/baseline/Godsend/Godsend/Startup.cs","/home/alex/dev/Bachelor/baseline/Godsend/Godsend/Startup.cs","Startup::Startup","Godsend::Startup::Startup( IConfiguration configuration)",33,37
65,3,427,1,92,"Startup::ConfigureServices@42-133@/home/alex/dev/Bachelor/baseline/Godsend/Godsend/Startup.cs","/home/alex/dev/Bachelor/baseline/Godsend/Godsend/Startup.cs","Startup::ConfigureServices","Godsend::Startup::ConfigureServices( IServiceCollection services)",42,133
20,2,87,2,26,"Startup::Configure@136-161@/home/alex/dev/Bachelor/baseline/Godsend/Godsend/Startup.cs","/home/alex/dev/Bachelor/baseline/Godsend/Godsend/Startup.cs","Startup::Configure","Godsend::Startup::Configure( IApplicationBuilder app , IHostingEnvironment env)",136,161
4,1,17,0,4,"Resource::Resource@22-25@/home/alex/dev/Bachelor/baseline/Godsend/MobileClient/MobileClient.Android/Resources/Resource.designer.cs","/home/alex/dev/Bachelor/baseline/Godsend/MobileClient/MobileClient.Android/Resources/Resource.designer.cs","Resource::Resource","MobileClient.Droid::Resource::Resource()",22,25
4,1,33,0,4,"Resource::UpdateIdValues@27-30@/home/alex/dev/Bachelor/baseline/Godsend/MobileClient/MobileClient.Android/Resources/Resource.designer.cs","/home/alex/dev/Bachelor/baseline/Godsend/MobileClient/MobileClient.Android/Resources/Resource.designer.cs","Resource::UpdateIdValues","MobileClient.Droid::Resource::UpdateIdValues()",27,30
4,1,17,0,4,"Animation::Animation@83-86@/home/alex/dev/Bachelor/baseline/Godsend/MobileClient/MobileClient.Android/Resources/Resource.designer.cs","/home/alex/dev/Bachelor/baseline/Godsend/MobileClient/MobileClient.Android/Resources/Resource.designer.cs","Animation::Animation","MobileClient.Droid::Resource::Animation::Animation()",83,86
3,1,5,0,3,"Animation::Animation@88-90@/home/alex/dev/Bachelor/baseline/Godsend/MobileClient/MobileClient.Android/Resources/Resource.designer.cs","/home/alex/dev/Bachelor/baseline/Godsend/MobileClient/MobileClient.Android/Resources/Resource.designer.cs","Animation::Animation","MobileClient.Droid::Resource::Animation::Animation()",88,90
4,1,17,0,4,"Animator::Animator@99-102@/home/alex/dev/Bachelor/baseline/Godsend/MobileClient/MobileClient.Android/Resources/Resource.designer.cs","/home/alex/dev/Bachelor/baseline/Godsend/MobileClient/MobileClient.Android/Resources/Resource.designer.cs","Animator::Animator","MobileClient.Droid::Resource::Animator::Animator()",99,102
3,1,5,0,3,"Animator::Animator@104-106@/home/alex/dev/Bachelor/baseline/Godsend/MobileClient/MobileClient.Android/Resources/Resource.designer.cs","/home/alex/dev/Bachelor/baseline/Godsend/MobileClient/MobileClient.Android/Resources/Resource.designer.cs","Animator::Animator","MobileClient.Droid::Resource::Animator::Animator()",104,106
4,1,17,0,4,"Attribute::Attribute@1135-1138@/home/alex/dev/Bachelor/baseline/Godsend/MobileClient/MobileClient.Android/Resources/Resource.designer.cs","/home/alex/dev/Bachelor/baseline/Godsend/MobileClient/MobileClient.Android/Resources/Resource.designer.cs","Attribute::Attribute","MobileClient.Droid::Resource::Attribute::Attribute()",1135,1138
3,1,5,0,3,"Attribute::Attribute@1140-1142@/home/alex/dev/Bachelor/baseline/Godsend/MobileClient/MobileClient.Android/Resources/Resource.designer.cs","/home/alex/dev/Bachelor/baseline/Godsend/MobileClient/MobileClient.Android/Resources/Resource.designer.cs","Attribute::Attribute","MobileClient.Droid::Resource::Attribute::Attribute()",1140,1142
4,1,17,0,4,"Boolean::Boolean@1163-1166@/home/alex/dev/Bachelor/baseline/Godsend/MobileClient/MobileClient.Android/Resources/Resource.designer.cs","/home/alex/dev/Bachelor/baseline/Godsend/MobileClient/MobileClient.Android/Resources/Resource.designer.cs","Boolean::Boolean","MobileClient.Droid::Resource::Boolean::Boolean()",1163,1166
3,1,5,0,3,"Boolean::Boolean@1168-1170@/home/alex/dev/Bachelor/baseline/Godsend/MobileClient/MobileClient.Android/Resources/Resource.designer.cs","/home/alex/dev/Bachelor/baseline/Godsend/MobileClient/MobileClient.Android/Resources/Resource.designer.cs","Boolean::Boolean","MobileClient.Droid::Resource::Boolean::Boolean()",1168,1170
4,1,17,0,4,"Color::Color@1473-1476@/home/alex/dev/Bachelor/baseline/Godsend/MobileClient/MobileClient.Android/Resources/Resource.designer.cs","/home/alex/dev/Bachelor/baseline/Godsend/MobileClient/MobileClient.Android/Resources/Resource.designer.cs","Color::Color","MobileClient.Droid::Resource::Color::Color()",1473,1476
3,1,5,0,3,"Color::Color@1478-1480@/home/alex/dev/Bachelor/baseline/Godsend/MobileClient/MobileClient.Android/Resources/Resource.designer.cs","/home/alex/dev/Bachelor/baseline/Godsend/MobileClient/MobileClient.Android/Resources/Resource.designer.cs","Color::Color","MobileClient.Droid::Resource::Color::Color()",1478,1480
4,1,17,0,4,"Dimension::Dimension@1930-1933@/home/alex/dev/Bachelor/baseline/Godsend/MobileClient/MobileClient.Android/Resources/Resource.designer.cs","/home/alex/dev/Bachelor/baseline/Godsend/MobileClient/MobileClient.Android/Resources/Resource.designer.cs","Dimension::Dimension","MobileClient.Droid::Resource::Dimension::Dimension()",1930,1933
3,1,5,0,3,"Dimension::Dimension@1935-1937@/home/alex/dev/Bachelor/baseline/Godsend/MobileClient/MobileClient.Android/Resources/Resource.designer.cs","/home/alex/dev/Bachelor/baseline/Godsend/MobileClient/MobileClient.Android/Resources/Resource.designer.cs","Dimension::Dimension","MobileClient.Droid::Resource::Dimension::Dimension()",1935,1937
4,1,17,0,4,"Drawable::Drawable@2774-2777@/home/alex/dev/Bachelor/baseline/Godsend/MobileClient/MobileClient.Android/Resources/Resource.designer.cs","/home/alex/dev/Bachelor/baseline/Godsend/MobileClient/MobileClient.Android/Resources/Resource.designer.cs","Drawable::Drawable","MobileClient.Droid::Resource::Drawable::Drawable()",2774,2777
3,1,5,0,3,"Drawable::Drawable@2779-2781@/home/alex/dev/Bachelor/baseline/Godsend/MobileClient/MobileClient.Android/Resources/Resource.designer.cs","/home/alex/dev/Bachelor/baseline/Godsend/MobileClient/MobileClient.Android/Resources/Resource.designer.cs","Drawable::Drawable","MobileClient.Droid::Resource::Drawable::Drawable()",2779,2781
4,1,17,0,4,"Id::Id@3333-3336@/home/alex/dev/Bachelor/baseline/Godsend/MobileClient/MobileClient.Android/Resources/Resource.designer.cs","/home/alex/dev/Bachelor/baseline/Godsend/MobileClient/MobileClient.Android/Resources/Resource.designer.cs","Id::Id","MobileClient.Droid::Resource::Id::Id()",3333,3336
3,1,5,0,3,"Id::Id@3338-3340@/home/alex/dev/Bachelor/baseline/Godsend/MobileClient/MobileClient.Android/Resources/Resource.designer.cs","/home/alex/dev/Bachelor/baseline/Godsend/MobileClient/MobileClient.Android/Resources/Resource.designer.cs","Id::Id","MobileClient.Droid::Resource::Id::Id()",3338,3340
4,1,17,0,4,"Integer::Integer@3382-3385@/home/alex/dev/Bachelor/baseline/Godsend/MobileClient/MobileClient.Android/Resources/Resource.designer.cs","/home/alex/dev/Bachelor/baseline/Godsend/MobileClient/MobileClient.Android/Resources/Resource.designer.cs","Integer::Integer","MobileClient.Droid::Resource::Integer::Integer()",3382,3385
3,1,5,0,3,"Integer::Integer@3387-3389@/home/alex/dev/Bachelor/baseline/Godsend/MobileClient/MobileClient.Android/Resources/Resource.designer.cs","/home/alex/dev/Bachelor/baseline/Godsend/MobileClient/MobileClient.Android/Resources/Resource.designer.cs","Integer::Integer","MobileClient.Droid::Resource::Integer::Integer()",3387,3389
4,1,17,0,4,"Interpolator::Interpolator@3401-3404@/home/alex/dev/Bachelor/baseline/Godsend/MobileClient/MobileClient.Android/Resources/Resource.designer.cs","/home/alex/dev/Bachelor/baseline/Godsend/MobileClient/MobileClient.Android/Resources/Resource.designer.cs","Interpolator::Interpolator","MobileClient.Droid::Resource::Interpolator::Interpolator()",3401,3404
3,1,5,0,3,"Interpolator::Interpolator@3406-3408@/home/alex/dev/Bachelor/baseline/Godsend/MobileClient/MobileClient.Android/Resources/Resource.designer.cs","/home/alex/dev/Bachelor/baseline/Godsend/MobileClient/MobileClient.Android/Resources/Resource.designer.cs","Interpolator::Interpolator","MobileClient.Droid::Resource::Interpolator::Interpolator()",3406,3408
4,1,17,0,4,"Layout::Layout@3618-3621@/home/alex/dev/Bachelor/baseline/Godsend/MobileClient/MobileClient.Android/Resources/Resource.designer.cs","/home/alex/dev/Bachelor/baseline/Godsend/MobileClient/MobileClient.Android/Resources/Resource.designer.cs","Layout::Layout","MobileClient.Droid::Resource::Layout::Layout()",3618,3621
3,1,5,0,3,"Layout::Layout@3623-3625@/home/alex/dev/Bachelor/baseline/Godsend/MobileClient/MobileClient.Android/Resources/Resource.designer.cs","/home/alex/dev/Bachelor/baseline/Godsend/MobileClient/MobileClient.Android/Resources/Resource.designer.cs","Layout::Layout","MobileClient.Droid::Resource::Layout::Layout()",3623,3625
4,1,17,0,4,"String::String@3817-3820@/home/alex/dev/Bachelor/baseline/Godsend/MobileClient/MobileClient.Android/Resources/Resource.designer.cs","/home/alex/dev/Bachelor/baseline/Godsend/MobileClient/MobileClient.Android/Resources/Resource.designer.cs","String::String","MobileClient.Droid::Resource::String::String()",3817,3820
3,1,5,0,3,"String::String@3822-3824@/home/alex/dev/Bachelor/baseline/Godsend/MobileClient/MobileClient.Android/Resources/Resource.designer.cs","/home/alex/dev/Bachelor/baseline/Godsend/MobileClient/MobileClient.Android/Resources/Resource.designer.cs","String::String","MobileClient.Droid::Resource::String::String()",3822,3824
4,1,17,0,4,"Style::Style@5018-5021@/home/alex/dev/Bachelor/baseline/Godsend/MobileClient/MobileClient.Android/Resources/Resource.designer.cs","/home/alex/dev/Bachelor/baseline/Godsend/MobileClient/MobileClient.Android/Resources/Resource.designer.cs","Style::Style","MobileClient.Droid::Resource::Style::Style()",5018,5021
3,1,5,0,3,"Style::Style@5023-5025@/home/alex/dev/Bachelor/baseline/Godsend/MobileClient/MobileClient.Android/Resources/Resource.designer.cs","/home/alex/dev/Bachelor/baseline/Godsend/MobileClient/MobileClient.Android/Resources/Resource.designer.cs","Style::Style","MobileClient.Droid::Resource::Style::Style()",5023,5025
4,1,17,0,4,"Styleable::Styleable@6995-6998@/home/alex/dev/Bachelor/baseline/Godsend/MobileClient/MobileClient.Android/Resources/Resource.designer.cs","/home/alex/dev/Bachelor/baseline/Godsend/MobileClient/MobileClient.Android/Resources/Resource.designer.cs","Styleable::Styleable","MobileClient.Droid::Resource::Styleable::Styleable()",6995,6998
3,1,5,0,3,"Styleable::Styleable@7000-7002@/home/alex/dev/Bachelor/baseline/Godsend/MobileClient/MobileClient.Android/Resources/Resource.designer.cs","/home/alex/dev/Bachelor/baseline/Godsend/MobileClient/MobileClient.Android/Resources/Resource.designer.cs","Styleable::Styleable","MobileClient.Droid::Resource::Styleable::Styleable()",7000,7002
8,1,53,1,10,"MainActivity::OnCreate@15-24@/home/alex/dev/Bachelor/baseline/Godsend/MobileClient/MobileClient.Android/MainActivity.cs","/home/alex/dev/Bachelor/baseline/Godsend/MobileClient/MobileClient.Android/MainActivity.cs","MainActivity::OnCreate","MobileClient.Droid::MainActivity::OnCreate( Bundle bundle)",15,24
6,1,40,2,7,"AppDelegate::FinishedLaunching@23-29@/home/alex/dev/Bachelor/baseline/Godsend/MobileClient/MobileClient.iOS/AppDelegate.cs","/home/alex/dev/Bachelor/baseline/Godsend/MobileClient/MobileClient.iOS/AppDelegate.cs","AppDelegate::FinishedLaunching","MobileClient.iOS::AppDelegate::FinishedLaunching( UIApplication app , NSDictionary options)",23,29
4,1,20,1,6,"Application::Main@13-18@/home/alex/dev/Bachelor/baseline/Godsend/MobileClient/MobileClient.iOS/Main.cs","/home/alex/dev/Bachelor/baseline/Godsend/MobileClient/MobileClient.iOS/Main.cs","Application::Main","MobileClient.iOS::Application::Main( string [ ] args)",13,18
15,2,88,0,15,"MockDataStore::MyMeth@18-32@/home/alex/dev/Bachelor/baseline/Godsend/MobileClient/MobileClient/Services/MockDataStore.cs","/home/alex/dev/Bachelor/baseline/Godsend/MobileClient/MobileClient/Services/MockDataStore.cs","MockDataStore::MyMeth","MobileClient.Services::MockDataStore::MyMeth()",18,32
18,1,190,0,19,"MockDataStore::MockDataStore@34-52@/home/alex/dev/Bachelor/baseline/Godsend/MobileClient/MobileClient/Services/MockDataStore.cs","/home/alex/dev/Bachelor/baseline/Godsend/MobileClient/MobileClient/Services/MockDataStore.cs","MockDataStore::MockDataStore","MobileClient.Services::MockDataStore::MockDataStore()",34,52
5,1,23,1,6,"MockDataStore::AddItemAsync@54-59@/home/alex/dev/Bachelor/baseline/Godsend/MobileClient/MobileClient/Services/MockDataStore.cs","/home/alex/dev/Bachelor/baseline/Godsend/MobileClient/MobileClient/Services/MockDataStore.cs","MockDataStore::AddItemAsync","MobileClient.Services::MockDataStore::AddItemAsync( Item item)",54,59
7,1,55,1,8,"MockDataStore::UpdateItemAsync@61-68@/home/alex/dev/Bachelor/baseline/Godsend/MobileClient/MobileClient/Services/MockDataStore.cs","/home/alex/dev/Bachelor/baseline/Godsend/MobileClient/MobileClient/Services/MockDataStore.cs","MockDataStore::UpdateItemAsync","MobileClient.Services::MockDataStore::UpdateItemAsync( Item item)",61,68
6,1,48,1,7,"MockDataStore::DeleteItemAsync@70-76@/home/alex/dev/Bachelor/baseline/Godsend/MobileClient/MobileClient/Services/MockDataStore.cs","/home/alex/dev/Bachelor/baseline/Godsend/MobileClient/MobileClient/Services/MockDataStore.cs","MockDataStore::DeleteItemAsync","MobileClient.Services::MockDataStore::DeleteItemAsync( Item item)",70,76
4,1,27,1,4,"MockDataStore::GetItemAsync@78-81@/home/alex/dev/Bachelor/baseline/Godsend/MobileClient/MobileClient/Services/MockDataStore.cs","/home/alex/dev/Bachelor/baseline/Godsend/MobileClient/MobileClient/Services/MockDataStore.cs","MockDataStore::GetItemAsync","MobileClient.Services::MockDataStore::GetItemAsync( string id)",78,81
4,1,18,1,4,"MockDataStore::GetItemsAsync@83-86@/home/alex/dev/Bachelor/baseline/Godsend/MobileClient/MobileClient/Services/MockDataStore.cs","/home/alex/dev/Bachelor/baseline/Godsend/MobileClient/MobileClient/Services/MockDataStore.cs","MockDataStore::GetItemsAsync","MobileClient.Services::MockDataStore::GetItemsAsync( bool forceRefresh = false)",83,86
4,1,18,1,4,"MockDataStore::GetProductsAsync@87-90@/home/alex/dev/Bachelor/baseline/Godsend/MobileClient/MobileClient/Services/MockDataStore.cs","/home/alex/dev/Bachelor/baseline/Godsend/MobileClient/MobileClient/Services/MockDataStore.cs","MockDataStore::GetProductsAsync","MobileClient.Services::MockDataStore::GetProductsAsync( bool forceRefresh = false)",87,90
5,1,29,0,6,"AboutViewModel::AboutViewModel@10-15@/home/alex/dev/Bachelor/baseline/Godsend/MobileClient/MobileClient/ViewModels/AboutViewModel.cs","/home/alex/dev/Bachelor/baseline/Godsend/MobileClient/MobileClient/ViewModels/AboutViewModel.cs","AboutViewModel::AboutViewModel","MobileClient.ViewModels::AboutViewModel::AboutViewModel()",10,15
11,3,65,4,12,"BaseViewModel::SetProperty<T>@31-42@/home/alex/dev/Bachelor/baseline/Godsend/MobileClient/MobileClient/ViewModels/BaseViewModel.cs","/home/alex/dev/Bachelor/baseline/Godsend/MobileClient/MobileClient/ViewModels/BaseViewModel.cs","BaseViewModel::SetProperty<T>","MobileClient.ViewModels::BaseViewModel::SetProperty<T>( ref T backingStore , T value , [ CallerMemberName ] string propertyName = '' , Action onChanged = null)",31,42
7,2,38,1,8,"BaseViewModel::OnPropertyChanged@46-53@/home/alex/dev/Bachelor/baseline/Godsend/MobileClient/MobileClient/ViewModels/BaseViewModel.cs","/home/alex/dev/Bachelor/baseline/Godsend/MobileClient/MobileClient/ViewModels/BaseViewModel.cs","BaseViewModel::OnPropertyChanged","MobileClient.ViewModels::BaseViewModel::OnPropertyChanged( [ CallerMemberName ] string propertyName = '')",46,53
4,1,9,0,4,"HelloWorldViewModel::HelloWorldViewModel@7-10@/home/alex/dev/Bachelor/baseline/Godsend/MobileClient/MobileClient/ViewModels/HelloWorldViewModel.cs","/home/alex/dev/Bachelor/baseline/Godsend/MobileClient/MobileClient/ViewModels/HelloWorldViewModel.cs","HelloWorldViewModel::HelloWorldViewModel","MobileClient.ViewModels::HelloWorldViewModel::HelloWorldViewModel()",7,10
5,2,20,1,5,"ItemDetailViewModel::ItemDetailViewModel@10-14@/home/alex/dev/Bachelor/baseline/Godsend/MobileClient/MobileClient/ViewModels/ItemDetailViewModel.cs","/home/alex/dev/Bachelor/baseline/Godsend/MobileClient/MobileClient/ViewModels/ItemDetailViewModel.cs","ItemDetailViewModel::ItemDetailViewModel","MobileClient.ViewModels::ItemDetailViewModel::ItemDetailViewModel( Item item = null)",10,14
12,1,80,0,13,"ItemsViewModel::ItemsViewModel@18-30@/home/alex/dev/Bachelor/baseline/Godsend/MobileClient/MobileClient/ViewModels/ItemsViewModel.cs","/home/alex/dev/Bachelor/baseline/Godsend/MobileClient/MobileClient/ViewModels/ItemsViewModel.cs","ItemsViewModel::ItemsViewModel","MobileClient.ViewModels::ItemsViewModel::ItemsViewModel()",18,30
23,3,72,0,25,"ItemsViewModel::ExecuteLoadItemsCommand@32-56@/home/alex/dev/Bachelor/baseline/Godsend/MobileClient/MobileClient/ViewModels/ItemsViewModel.cs","/home/alex/dev/Bachelor/baseline/Godsend/MobileClient/MobileClient/ViewModels/ItemsViewModel.cs","ItemsViewModel::ExecuteLoadItemsCommand","MobileClient.ViewModels::ItemsViewModel::ExecuteLoadItemsCommand()",32,56
6,1,34,0,6,"ProductsViewModel::ProductsViewModel@16-21@/home/alex/dev/Bachelor/baseline/Godsend/MobileClient/MobileClient/ViewModels/ProductsViewModel.cs","/home/alex/dev/Bachelor/baseline/Godsend/MobileClient/MobileClient/ViewModels/ProductsViewModel.cs","ProductsViewModel::ProductsViewModel","MobileClient.ViewModels::ProductsViewModel::ProductsViewModel()",16,21
23,3,72,0,25,"ProductsViewModel::ExecuteLoadProductsCommmand@23-47@/home/alex/dev/Bachelor/baseline/Godsend/MobileClient/MobileClient/ViewModels/ProductsViewModel.cs","/home/alex/dev/Bachelor/baseline/Godsend/MobileClient/MobileClient/ViewModels/ProductsViewModel.cs","ProductsViewModel::ExecuteLoadProductsCommmand","MobileClient.ViewModels::ProductsViewModel::ExecuteLoadProductsCommmand()",23,47
4,1,9,0,4,"AboutPage::AboutPage@11-14@/home/alex/dev/Bachelor/baseline/Godsend/MobileClient/MobileClient/Views/AboutPage.xaml.cs","/home/alex/dev/Bachelor/baseline/Godsend/MobileClient/MobileClient/Views/AboutPage.xaml.cs","AboutPage::AboutPage","MobileClient.Views::AboutPage::AboutPage()",11,14
4,1,9,0,4,"HelloWorldPage::HelloWorldPage@15-18@/home/alex/dev/Bachelor/baseline/Godsend/MobileClient/MobileClient/Views/HelloWorldPage.cs","/home/alex/dev/Bachelor/baseline/Godsend/MobileClient/MobileClient/Views/HelloWorldPage.cs","HelloWorldPage::HelloWorldPage","MobileClient.Views::HelloWorldPage::HelloWorldPage()",15,18
4,1,9,0,4,"HelloWorldPage::HelloWorldPage@15-18@/home/alex/dev/Bachelor/baseline/Godsend/MobileClient/MobileClient/Views/HelloWorldPage.xaml.cs","/home/alex/dev/Bachelor/baseline/Godsend/MobileClient/MobileClient/Views/HelloWorldPage.xaml.cs","HelloWorldPage::HelloWorldPage","MobileClient.Views::HelloWorldPage::HelloWorldPage()",15,18
5,1,19,1,6,"ItemDetailPage::ItemDetailPage@16-21@/home/alex/dev/Bachelor/baseline/Godsend/MobileClient/MobileClient/Views/ItemDetailPage.xaml.cs","/home/alex/dev/Bachelor/baseline/Godsend/MobileClient/MobileClient/Views/ItemDetailPage.xaml.cs","ItemDetailPage::ItemDetailPage","MobileClient.Views::ItemDetailPage::ItemDetailPage( ItemDetailViewModel viewModel)",16,21
11,1,36,0,13,"ItemDetailPage::ItemDetailPage@23-35@/home/alex/dev/Bachelor/baseline/Godsend/MobileClient/MobileClient/Views/ItemDetailPage.xaml.cs","/home/alex/dev/Bachelor/baseline/Godsend/MobileClient/MobileClient/Views/ItemDetailPage.xaml.cs","ItemDetailPage::ItemDetailPage","MobileClient.Views::ItemDetailPage::ItemDetailPage()",23,35
5,1,18,0,6,"ItemsPage::ItemsPage@21-26@/home/alex/dev/Bachelor/baseline/Godsend/MobileClient/MobileClient/Views/ItemsPage.xaml.cs","/home/alex/dev/Bachelor/baseline/Godsend/MobileClient/MobileClient/Views/ItemsPage.xaml.cs","ItemsPage::ItemsPage","MobileClient.Views::ItemsPage::ItemsPage()",21,26
8,2,49,2,11,"ItemsPage::OnItemSelected@28-38@/home/alex/dev/Bachelor/baseline/Godsend/MobileClient/MobileClient/Views/ItemsPage.xaml.cs","/home/alex/dev/Bachelor/baseline/Godsend/MobileClient/MobileClient/Views/ItemsPage.xaml.cs","ItemsPage::OnItemSelected","MobileClient.Views::ItemsPage::OnItemSelected( object sender , SelectedItemChangedEventArgs args)",28,38
4,1,25,2,4,"ItemsPage::AddItem_Clicked@40-43@/home/alex/dev/Bachelor/baseline/Godsend/MobileClient/MobileClient/Views/ItemsPage.xaml.cs","/home/alex/dev/Bachelor/baseline/Godsend/MobileClient/MobileClient/Views/ItemsPage.xaml.cs","ItemsPage::AddItem_Clicked","MobileClient.Views::ItemsPage::AddItem_Clicked( object sender , EventArgs e)",40,43
6,2,30,0,7,"ItemsPage::OnAppearing@45-51@/home/alex/dev/Bachelor/baseline/Godsend/MobileClient/MobileClient/Views/ItemsPage.xaml.cs","/home/alex/dev/Bachelor/baseline/Godsend/MobileClient/MobileClient/Views/ItemsPage.xaml.cs","ItemsPage::OnAppearing","MobileClient.Views::ItemsPage::OnAppearing()",45,51
4,1,9,0,4,"MainPage::MainPage@11-14@/home/alex/dev/Bachelor/baseline/Godsend/MobileClient/MobileClient/Views/MainPage.xaml.cs","/home/alex/dev/Bachelor/baseline/Godsend/MobileClient/MobileClient/Views/MainPage.xaml.cs","MainPage::MainPage","MobileClient.Views::MainPage::MainPage()",11,14
10,1,27,0,12,"NewItemPage::NewItemPage@16-27@/home/alex/dev/Bachelor/baseline/Godsend/MobileClient/MobileClient/Views/NewItemPage - Copy.xaml.cs","/home/alex/dev/Bachelor/baseline/Godsend/MobileClient/MobileClient/Views/NewItemPage - Copy.xaml.cs","NewItemPage::NewItemPage","MobileClient.Views::NewItemPage::NewItemPage()",16,27
5,1,28,2,5,"NewItemPage::Save_Clicked@29-33@/home/alex/dev/Bachelor/baseline/Godsend/MobileClient/MobileClient/Views/NewItemPage - Copy.xaml.cs","/home/alex/dev/Bachelor/baseline/Godsend/MobileClient/MobileClient/Views/NewItemPage - Copy.xaml.cs","NewItemPage::Save_Clicked","MobileClient.Views::NewItemPage::Save_Clicked( object sender , EventArgs e)",29,33
4,1,9,0,4,"ProductsPage::ProductsPage@20-23@/home/alex/dev/Bachelor/baseline/Godsend/MobileClient/MobileClient/Views/ProductsPage.xaml.cs","/home/alex/dev/Bachelor/baseline/Godsend/MobileClient/MobileClient/Views/ProductsPage.xaml.cs","ProductsPage::ProductsPage","MobileClient.Views::ProductsPage::ProductsPage()",20,23
3,1,10,2,4,"ProductsPage::OnAdd@25-28@/home/alex/dev/Bachelor/baseline/Godsend/MobileClient/MobileClient/Views/ProductsPage.xaml.cs","/home/alex/dev/Bachelor/baseline/Godsend/MobileClient/MobileClient/Views/ProductsPage.xaml.cs","ProductsPage::OnAdd","MobileClient.Views::ProductsPage::OnAdd( object sender , EventArgs e)",25,28
3,1,10,2,4,"ProductsPage::OnUpdate@30-33@/home/alex/dev/Bachelor/baseline/Godsend/MobileClient/MobileClient/Views/ProductsPage.xaml.cs","/home/alex/dev/Bachelor/baseline/Godsend/MobileClient/MobileClient/Views/ProductsPage.xaml.cs","ProductsPage::OnUpdate","MobileClient.Views::ProductsPage::OnUpdate( object sender , EventArgs e)",30,33
3,1,10,2,4,"ProductsPage::OnDelete@35-38@/home/alex/dev/Bachelor/baseline/Godsend/MobileClient/MobileClient/Views/ProductsPage.xaml.cs","/home/alex/dev/Bachelor/baseline/Godsend/MobileClient/MobileClient/Views/ProductsPage.xaml.cs","ProductsPage::OnDelete","MobileClient.Views::ProductsPage::OnDelete( object sender , EventArgs e)",35,38
5,1,16,0,7,"App::App@11-17@/home/alex/dev/Bachelor/baseline/Godsend/MobileClient/MobileClient/App.xaml.cs","/home/alex/dev/Bachelor/baseline/Godsend/MobileClient/MobileClient/App.xaml.cs","App::App","MobileClient::App::App()",11,17
3,1,5,0,4,"App::OnStart@19-22@/home/alex/dev/Bachelor/baseline/Godsend/MobileClient/MobileClient/App.xaml.cs","/home/alex/dev/Bachelor/baseline/Godsend/MobileClient/MobileClient/App.xaml.cs","App::OnStart","MobileClient::App::OnStart()",19,22
3,1,5,0,4,"App::OnSleep@24-27@/home/alex/dev/Bachelor/baseline/Godsend/MobileClient/MobileClient/App.xaml.cs","/home/alex/dev/Bachelor/baseline/Godsend/MobileClient/MobileClient/App.xaml.cs","App::OnSleep","MobileClient::App::OnSleep()",24,27
3,1,5,0,4,"App::OnResume@29-32@/home/alex/dev/Bachelor/baseline/Godsend/MobileClient/MobileClient/App.xaml.cs","/home/alex/dev/Bachelor/baseline/Godsend/MobileClient/MobileClient/App.xaml.cs","App::OnResume","MobileClient::App::OnResume()",29,32
3,1,5,0,3,"Article::Article@19-21@/home/alex/dev/Bachelor/baseline/Godsend/SharedProject/Models/Article/Article.cs","/home/alex/dev/Bachelor/baseline/Godsend/SharedProject/Models/Article/Article.cs","Article::Article","Godsend.Models::Article::Article()",19,21
12,1,51,1,12,"Article::Article@24-35@/home/alex/dev/Bachelor/baseline/Godsend/SharedProject/Models/Article/Article.cs","/home/alex/dev/Bachelor/baseline/Godsend/SharedProject/Models/Article/Article.cs","Article::Article","Godsend.Models::Article::Article( ArticleInformation info)",24,35
13,1,61,6,13,"Article::Article@37-49@/home/alex/dev/Bachelor/baseline/Godsend/SharedProject/Models/Article/Article.cs","/home/alex/dev/Bachelor/baseline/Godsend/SharedProject/Models/Article/Article.cs","Article::Article","Godsend.Models::Article::Article( string content , User author , string description , string name , double rating , int watches)",37,49
7,1,43,1,8,"Article::CopyTo@71-78@/home/alex/dev/Bachelor/baseline/Godsend/SharedProject/Models/Article/Article.cs","/home/alex/dev/Bachelor/baseline/Godsend/SharedProject/Models/Article/Article.cs","Article::CopyTo","Godsend.Models::Article::CopyTo( Article target)",71,78
4,1,25,3,4,"ArticleRepository::ArticleRepository@14-17@/home/alex/dev/Bachelor/baseline/Godsend/SharedProject/Models/Article/ArticleRepository.cs","/home/alex/dev/Bachelor/baseline/Godsend/SharedProject/Models/Article/ArticleRepository.cs","ArticleRepository::ArticleRepository","Godsend.Models::ArticleRepository::ArticleRepository( DataContext ctx , ISeedHelper seedHelper , ICommentHelper<Article> commentHelper)",14,17
4,1,25,3,4,"EFArticleRepository::EFArticleRepository@27-30@/home/alex/dev/Bachelor/baseline/Godsend/SharedProject/Models/Article/EFArticleRepository.cs","/home/alex/dev/Bachelor/baseline/Godsend/SharedProject/Models/Article/EFArticleRepository.cs","EFArticleRepository::EFArticleRepository","Godsend.Models::EFArticleRepository::EFArticleRepository( DataContext ctx , ISeedHelper seedHelper , ICommentHelper<Article> commentHelper)",27,30
4,1,13,1,4,"EFArticleRepository::SaveChangedState@36-39@/home/alex/dev/Bachelor/baseline/Godsend/SharedProject/Models/Article/EFArticleRepository.cs","/home/alex/dev/Bachelor/baseline/Godsend/SharedProject/Models/Article/EFArticleRepository.cs","EFArticleRepository::SaveChangedState","Godsend.Models::EFArticleRepository::SaveChangedState( Article changedEntity)",36,39
10,2,48,1,13,"EFArticleRepository::DeleteEntity@45-57@/home/alex/dev/Bachelor/baseline/Godsend/SharedProject/Models/Article/EFArticleRepository.cs","/home/alex/dev/Bachelor/baseline/Godsend/SharedProject/Models/Article/EFArticleRepository.cs","EFArticleRepository::DeleteEntity","Godsend.Models::EFArticleRepository::DeleteEntity( Guid id)",45,57
23,2,249,1,34,"EFArticleRepository::SaveEntity@63-96@/home/alex/dev/Bachelor/baseline/Godsend/SharedProject/Models/Article/EFArticleRepository.cs","/home/alex/dev/Bachelor/baseline/Godsend/SharedProject/Models/Article/EFArticleRepository.cs","EFArticleRepository::SaveEntity","Godsend.Models::EFArticleRepository::SaveEntity( Article entity)",63,96
4,1,19,1,4,"StringWrapper::operator StringWrapper@40-43@/home/alex/dev/Bachelor/baseline/Godsend/SharedProject/Models/Article/StringWrapper.cs","/home/alex/dev/Bachelor/baseline/Godsend/SharedProject/Models/Article/StringWrapper.cs","StringWrapper::operator StringWrapper","Godsend.Models::StringWrapper::operator StringWrapper( string s)",40,43
4,1,11,1,4,"Tag::Tag@19-22@/home/alex/dev/Bachelor/baseline/Godsend/SharedProject/Models/Article/Tag.cs","/home/alex/dev/Bachelor/baseline/Godsend/SharedProject/Models/Article/Tag.cs","Tag::Tag","Godsend.Models::Tag::Tag( string value)",19,22
8,2,27,1,8,"WithoutArticle::WithoutArticle@43-50@/home/alex/dev/Bachelor/baseline/Godsend/SharedProject/Models/Article/Tag.cs","/home/alex/dev/Bachelor/baseline/Godsend/SharedProject/Models/Article/Tag.cs","WithoutArticle::WithoutArticle","Godsend.Models::LinkArticleTag::WithoutArticle::WithoutArticle( LinkArticleTag link)",43,50
16,2,59,1,17,"ClientUser::FromEFUser@65-81@/home/alex/dev/Bachelor/baseline/Godsend/SharedProject/Models/Identity/ClientUser.cs","/home/alex/dev/Bachelor/baseline/Godsend/SharedProject/Models/Identity/ClientUser.cs","ClientUser::FromEFUser","Godsend.Models::ClientUser::FromEFUser( User user)",65,81
16,2,57,1,17,"ClientUser::FromEFUserGeneralInfo@83-99@/home/alex/dev/Bachelor/baseline/Godsend/SharedProject/Models/Identity/ClientUser.cs","/home/alex/dev/Bachelor/baseline/Godsend/SharedProject/Models/Identity/ClientUser.cs","ClientUser::FromEFUserGeneralInfo","Godsend.Models::ClientUser::FromEFUserGeneralInfo( User user)",83,99
3,1,9,0,3,"Role::Role@14-16@/home/alex/dev/Bachelor/baseline/Godsend/SharedProject/Models/Identity/Role.cs","/home/alex/dev/Bachelor/baseline/Godsend/SharedProject/Models/Identity/Role.cs","Role::Role","Godsend.Models::Role::Role()",14,16
3,1,12,1,3,"Role::Role@18-20@/home/alex/dev/Bachelor/baseline/Godsend/SharedProject/Models/Identity/Role.cs","/home/alex/dev/Bachelor/baseline/Godsend/SharedProject/Models/Identity/Role.cs","Role::Role","Godsend.Models::Role::Role( string name)",18,20
3,1,9,0,3,"User::User@14-16@/home/alex/dev/Bachelor/baseline/Godsend/SharedProject/Models/Identity/User.cs","/home/alex/dev/Bachelor/baseline/Godsend/SharedProject/Models/Identity/User.cs","User::User","Godsend.Models::User::User()",14,16
3,1,12,1,3,"User::User@18-20@/home/alex/dev/Bachelor/baseline/Godsend/SharedProject/Models/Identity/User.cs","/home/alex/dev/Bachelor/baseline/Godsend/SharedProject/Models/Identity/User.cs","User::User","Godsend.Models::User::User( string userName)",18,20
5,1,21,2,6,"ImageRepository::ImageRepository@27-32@/home/alex/dev/Bachelor/baseline/Godsend/SharedProject/Models/ImageProcessing/ImageRepository.cs","/home/alex/dev/Bachelor/baseline/Godsend/SharedProject/Models/ImageProcessing/ImageRepository.cs","ImageRepository::ImageRepository","Godsend.Models::ImageRepository::ImageRepository( DataContext ctx , ISeedHelper seedHelper)",27,32
4,1,25,1,4,"ImageRepository::GetImage@49-52@/home/alex/dev/Bachelor/baseline/Godsend/SharedProject/Models/ImageProcessing/ImageRepository.cs","/home/alex/dev/Bachelor/baseline/Godsend/SharedProject/Models/ImageProcessing/ImageRepository.cs","ImageRepository::GetImage","Godsend.Models::ImageRepository::GetImage( Guid id)",49,52
4,1,23,1,4,"ImageRepository::GetImageByThumb@54-57@/home/alex/dev/Bachelor/baseline/Godsend/SharedProject/Models/ImageProcessing/ImageRepository.cs","/home/alex/dev/Bachelor/baseline/Godsend/SharedProject/Models/ImageProcessing/ImageRepository.cs","ImageRepository::GetImageByThumb","Godsend.Models::ImageRepository::GetImageByThumb( string thumb)",54,57
5,1,22,1,6,"ImageRepository::AddImage@59-64@/home/alex/dev/Bachelor/baseline/Godsend/SharedProject/Models/ImageProcessing/ImageRepository.cs","/home/alex/dev/Bachelor/baseline/Godsend/SharedProject/Models/ImageProcessing/ImageRepository.cs","ImageRepository::AddImage","Godsend.Models::ImageRepository::AddImage( Image image)",59,64
5,1,27,3,6,"EFOrderRepository::EFOrderRepository@27-32@/home/alex/dev/Bachelor/baseline/Godsend/SharedProject/Models/Order/EFOrderRepository.cs","/home/alex/dev/Bachelor/baseline/Godsend/SharedProject/Models/Order/EFOrderRepository.cs","EFOrderRepository::EFOrderRepository","Godsend.Models::EFOrderRepository::EFOrderRepository( DataContext ctx , UserManager<User> userManager , ISeedHelper seedHelper)",27,32
2,1,27,2,2,"EFOrderRepository::GetOrders@36-37@/home/alex/dev/Bachelor/baseline/Godsend/SharedProject/Models/Order/EFOrderRepository.cs","/home/alex/dev/Bachelor/baseline/Godsend/SharedProject/Models/Order/EFOrderRepository.cs","EFOrderRepository::GetOrders","Godsend.Models::EFOrderRepository::GetOrders( int quantity , int skip = 0)",36,37
14,2,58,1,18,"EFOrderRepository::SaveOrder@43-60@/home/alex/dev/Bachelor/baseline/Godsend/SharedProject/Models/Order/EFOrderRepository.cs","/home/alex/dev/Bachelor/baseline/Godsend/SharedProject/Models/Order/EFOrderRepository.cs","EFOrderRepository::SaveOrder","Godsend.Models::EFOrderRepository::SaveOrder( Order order)",43,60
10,2,41,1,11,"EFOrderRepository::DeleteOrder@62-72@/home/alex/dev/Bachelor/baseline/Godsend/SharedProject/Models/Order/EFOrderRepository.cs","/home/alex/dev/Bachelor/baseline/Godsend/SharedProject/Models/Order/EFOrderRepository.cs","EFOrderRepository::DeleteOrder","Godsend.Models::EFOrderRepository::DeleteOrder( Guid orderId)",62,72
14,3,66,2,16,"EFOrderRepository::ChangeStatus@79-94@/home/alex/dev/Bachelor/baseline/Godsend/SharedProject/Models/Order/EFOrderRepository.cs","/home/alex/dev/Bachelor/baseline/Godsend/SharedProject/Models/Order/EFOrderRepository.cs","EFOrderRepository::ChangeStatus","Godsend.Models::EFOrderRepository::ChangeStatus( Guid orderId , int status)",79,94
4,1,23,1,4,"EFOrderRepository::GetOrder@96-99@/home/alex/dev/Bachelor/baseline/Godsend/SharedProject/Models/Order/EFOrderRepository.cs","/home/alex/dev/Bachelor/baseline/Godsend/SharedProject/Models/Order/EFOrderRepository.cs","EFOrderRepository::GetOrder","Godsend.Models::EFOrderRepository::GetOrder( Guid orderID)",96,99
4,1,14,0,4,"EFOrderRepository::GetCount@101-104@/home/alex/dev/Bachelor/baseline/Godsend/SharedProject/Models/Order/EFOrderRepository.cs","/home/alex/dev/Bachelor/baseline/Godsend/SharedProject/Models/Order/EFOrderRepository.cs","EFOrderRepository::GetCount","Godsend.Models::EFOrderRepository::GetCount()",101,104
4,1,25,1,4,"EFOrderRepository::GetOrderById@106-109@/home/alex/dev/Bachelor/baseline/Godsend/SharedProject/Models/Order/EFOrderRepository.cs","/home/alex/dev/Bachelor/baseline/Godsend/SharedProject/Models/Order/EFOrderRepository.cs","EFOrderRepository::GetOrderById","Godsend.Models::EFOrderRepository::GetOrderById( Guid id)",106,109
4,1,10,0,4,"Category::ToString@46-49@/home/alex/dev/Bachelor/baseline/Godsend/SharedProject/Models/Product/Category.cs","/home/alex/dev/Bachelor/baseline/Godsend/SharedProject/Models/Product/Category.cs","Category::ToString","Godsend.Models::Category::ToString()",46,49
12,3,37,1,14,"Category::HasParent@58-71@/home/alex/dev/Bachelor/baseline/Godsend/SharedProject/Models/Product/Category.cs","/home/alex/dev/Bachelor/baseline/Godsend/SharedProject/Models/Product/Category.cs","Category::HasParent","Godsend.Models::Category::HasParent( Guid categoryId)",58,71
4,1,12,0,4,"CatWithSubs::ToString@101-104@/home/alex/dev/Bachelor/baseline/Godsend/SharedProject/Models/Product/Category.cs","/home/alex/dev/Bachelor/baseline/Godsend/SharedProject/Models/Product/Category.cs","CatWithSubs::ToString","Godsend.Models::CatWithSubs::ToString()",101,104
4,1,9,0,4,"EAV::ToString@55-58@/home/alex/dev/Bachelor/baseline/Godsend/SharedProject/Models/Product/EAV.cs","/home/alex/dev/Bachelor/baseline/Godsend/SharedProject/Models/Product/EAV.cs","EAV::ToString","Godsend.Models::EAV::ToString()",55,58
5,1,31,3,5,"EFProductRepository::EFProductRepository@35-39@/home/alex/dev/Bachelor/baseline/Godsend/SharedProject/Models/Product/EFProductRepository.cs","/home/alex/dev/Bachelor/baseline/Godsend/SharedProject/Models/Product/EFProductRepository.cs","EFProductRepository::EFProductRepository","Godsend::EFProductRepository::EFProductRepository( DataContext ctx , ISeedHelper seedHelper , ICommentHelper<Product> commentHelper)",35,39
4,1,13,1,4,"EFProductRepository::SaveChangedState@45-48@/home/alex/dev/Bachelor/baseline/Godsend/SharedProject/Models/Product/EFProductRepository.cs","/home/alex/dev/Bachelor/baseline/Godsend/SharedProject/Models/Product/EFProductRepository.cs","EFProductRepository::SaveChangedState","Godsend::EFProductRepository::SaveChangedState( Product changedProduct)",45,48
19,2,123,1,23,"EFProductRepository::SaveEntity@54-76@/home/alex/dev/Bachelor/baseline/Godsend/SharedProject/Models/Product/EFProductRepository.cs","/home/alex/dev/Bachelor/baseline/Godsend/SharedProject/Models/Product/EFProductRepository.cs","EFProductRepository::SaveEntity","Godsend::EFProductRepository::SaveEntity( Product entity)",54,76
10,2,56,1,16,"EFProductRepository::DeleteEntity@82-97@/home/alex/dev/Bachelor/baseline/Godsend/SharedProject/Models/Product/EFProductRepository.cs","/home/alex/dev/Bachelor/baseline/Godsend/SharedProject/Models/Product/EFProductRepository.cs","EFProductRepository::DeleteEntity","Godsend::EFProductRepository::DeleteEntity( Guid id)",82,97
4,1,10,0,4,"EFProductRepository::Categories@99-102@/home/alex/dev/Bachelor/baseline/Godsend/SharedProject/Models/Product/EFProductRepository.cs","/home/alex/dev/Bachelor/baseline/Godsend/SharedProject/Models/Product/EFProductRepository.cs","EFProductRepository::Categories","Godsend::EFProductRepository::Categories()",99,102
4,1,45,1,4,"EFProductRepository::Properties@110-113@/home/alex/dev/Bachelor/baseline/Godsend/SharedProject/Models/Product/EFProductRepository.cs","/home/alex/dev/Bachelor/baseline/Godsend/SharedProject/Models/Product/EFProductRepository.cs","EFProductRepository::Properties","Godsend::EFProductRepository::Properties( Guid categoryId)",110,113
34,11,241,1,42,"EFProductRepository::GetProductInformationsByProductFilter@115-156@/home/alex/dev/Bachelor/baseline/Godsend/SharedProject/Models/Product/EFProductRepository.cs","/home/alex/dev/Bachelor/baseline/Godsend/SharedProject/Models/Product/EFProductRepository.cs","EFProductRepository::GetProductInformationsByProductFilter","Godsend::EFProductRepository::GetProductInformationsByProductFilter( ProductFilterInfo filter)",115,156
21,5,132,4,23,"EFProductRepository::OrderProducts@160-182@/home/alex/dev/Bachelor/baseline/Godsend/SharedProject/Models/Product/EFProductRepository.cs","/home/alex/dev/Bachelor/baseline/Godsend/SharedProject/Models/Product/EFProductRepository.cs","EFProductRepository::OrderProducts","Godsend::EFProductRepository::OrderProducts( IQueryable<Product> products , OrderBy orderBy , Guid ? sortingPropertyId , bool sortAscending)",160,182
4,2,35,2,4,"EFProductRepository::MaybeReverse<T>@184-187@/home/alex/dev/Bachelor/baseline/Godsend/SharedProject/Models/Product/EFProductRepository.cs","/home/alex/dev/Bachelor/baseline/Godsend/SharedProject/Models/Product/EFProductRepository.cs","EFProductRepository::MaybeReverse<T>","Godsend::EFProductRepository::MaybeReverse<T>( IQueryable<T> query , bool reverse)",184,187
15,4,108,3,16,"EFProductRepository::OrderByProperty@189-204@/home/alex/dev/Bachelor/baseline/Godsend/SharedProject/Models/Product/EFProductRepository.cs","/home/alex/dev/Bachelor/baseline/Godsend/SharedProject/Models/Product/EFProductRepository.cs","EFProductRepository::OrderByProperty","Godsend::EFProductRepository::OrderByProperty( IQueryable<Product> products , Guid sortingPropertyId , bool sortAscending)",189,204
26,4,194,4,28,"EFProductRepository::OrderByPropertyCommon<T>@206-233@/home/alex/dev/Bachelor/baseline/Godsend/SharedProject/Models/Product/EFProductRepository.cs","/home/alex/dev/Bachelor/baseline/Godsend/SharedProject/Models/Product/EFProductRepository.cs","EFProductRepository::OrderByPropertyCommon<T>","Godsend::EFProductRepository::OrderByPropertyCommon<T>( IEnumerable<Product> products , Guid sortingPropertyId , IQueryable<EAV<T>> eavs , bool sortAscending)",206,233
4,1,40,2,4,"EFProductRepository::FilterBySearch@235-238@/home/alex/dev/Bachelor/baseline/Godsend/SharedProject/Models/Product/EFProductRepository.cs","/home/alex/dev/Bachelor/baseline/Godsend/SharedProject/Models/Product/EFProductRepository.cs","EFProductRepository::FilterBySearch","Godsend::EFProductRepository::FilterBySearch( IQueryable<Product> products , string searchTerm)",235,238
7,1,72,2,7,"EFProductRepository::FilterByCategory@240-246@/home/alex/dev/Bachelor/baseline/Godsend/SharedProject/Models/Product/EFProductRepository.cs","/home/alex/dev/Bachelor/baseline/Godsend/SharedProject/Models/Product/EFProductRepository.cs","EFProductRepository::FilterByCategory","Godsend::EFProductRepository::FilterByCategory( IQueryable<Product> products , Guid categoryId)",240,246
13,3,124,2,15,"EFProductRepository::FilterByDecimalProps@248-262@/home/alex/dev/Bachelor/baseline/Godsend/SharedProject/Models/Product/EFProductRepository.cs","/home/alex/dev/Bachelor/baseline/Godsend/SharedProject/Models/Product/EFProductRepository.cs","EFProductRepository::FilterByDecimalProps","Godsend::EFProductRepository::FilterByDecimalProps( IQueryable<Product> products , IEnumerable<DecimalPropertyInfo> decimalProps)",248,262
13,2,119,2,15,"EFProductRepository::FilterByStringProps@264-278@/home/alex/dev/Bachelor/baseline/Godsend/SharedProject/Models/Product/EFProductRepository.cs","/home/alex/dev/Bachelor/baseline/Godsend/SharedProject/Models/Product/EFProductRepository.cs","EFProductRepository::FilterByStringProps","Godsend::EFProductRepository::FilterByStringProps( IQueryable<Product> products , IEnumerable<StringPropertyInfo> stringProps)",264,278
13,3,124,2,15,"EFProductRepository::FilterByIntProps@280-294@/home/alex/dev/Bachelor/baseline/Godsend/SharedProject/Models/Product/EFProductRepository.cs","/home/alex/dev/Bachelor/baseline/Godsend/SharedProject/Models/Product/EFProductRepository.cs","EFProductRepository::FilterByIntProps","Godsend::EFProductRepository::FilterByIntProps( IQueryable<Product> products , IEnumerable<IntPropertyInfo> intProps)",280,294
4,2,26,1,4,"EFProductRepository::GetSubCategories@298-301@/home/alex/dev/Bachelor/baseline/Godsend/SharedProject/Models/Product/EFProductRepository.cs","/home/alex/dev/Bachelor/baseline/Godsend/SharedProject/Models/Product/EFProductRepository.cs","EFProductRepository::GetSubCategories","Godsend::EFProductRepository::GetSubCategories( Guid id)",298,301
19,2,129,1,20,"EFProductRepository::GetRecursiveCats@303-322@/home/alex/dev/Bachelor/baseline/Godsend/SharedProject/Models/Product/EFProductRepository.cs","/home/alex/dev/Bachelor/baseline/Godsend/SharedProject/Models/Product/EFProductRepository.cs","EFProductRepository::GetRecursiveCats","Godsend::EFProductRepository::GetRecursiveCats( ref CatWithSubs cur)",303,322
3,1,5,0,3,"Product::Product@19-21@/home/alex/dev/Bachelor/baseline/Godsend/SharedProject/Models/Product/Product.cs","/home/alex/dev/Bachelor/baseline/Godsend/SharedProject/Models/Product/Product.cs","Product::Product","Godsend.Models::Product::Product()",19,21
12,1,51,1,12,"Product::Product@24-35@/home/alex/dev/Bachelor/baseline/Godsend/SharedProject/Models/Product/Product.cs","/home/alex/dev/Bachelor/baseline/Godsend/SharedProject/Models/Product/Product.cs","Product::Product","Godsend.Models::Product::Product( ProductInformation info)",24,35
12,1,62,6,12,"Product::Product@37-48@/home/alex/dev/Bachelor/baseline/Godsend/SharedProject/Models/Product/Product.cs","/home/alex/dev/Bachelor/baseline/Godsend/SharedProject/Models/Product/Product.cs","Product::Product","Godsend.Models::Product::Product( string name , string description , Category category , double rating = 0 , int watches = 0 , ProductState state = ProductState . Normal)",37,48
1,1,16,0,1,"Product::Category@71-71@/home/alex/dev/Bachelor/baseline/Godsend/SharedProject/Models/Product/Product.cs","/home/alex/dev/Bachelor/baseline/Godsend/SharedProject/Models/Product/Product.cs","Product::Category","Godsend.Models::Product::Category()",71,71
4,3,15,0,4,"Product::ToString@111-114@/home/alex/dev/Bachelor/baseline/Godsend/SharedProject/Models/Product/Product.cs","/home/alex/dev/Bachelor/baseline/Godsend/SharedProject/Models/Product/Product.cs","Product::ToString","Godsend.Models::Product::ToString()",111,114
12,1,187,1,13,"Product::CopyTo@116-128@/home/alex/dev/Bachelor/baseline/Godsend/SharedProject/Models/Product/Product.cs","/home/alex/dev/Bachelor/baseline/Godsend/SharedProject/Models/Product/Product.cs","Product::CopyTo","Godsend.Models::Product::CopyTo( Product target)",116,128
3,1,5,0,3,"ProductInformation::ProductInformation@31-33@/home/alex/dev/Bachelor/baseline/Godsend/SharedProject/Models/Product/ProductInformation.cs","/home/alex/dev/Bachelor/baseline/Godsend/SharedProject/Models/Product/ProductInformation.cs","ProductInformation::ProductInformation","Godsend.Models::ProductInformation::ProductInformation()",31,33
4,1,11,1,4,"ProductInformation::ProductInformation@35-38@/home/alex/dev/Bachelor/baseline/Godsend/SharedProject/Models/Product/ProductInformation.cs","/home/alex/dev/Bachelor/baseline/Godsend/SharedProject/Models/Product/ProductInformation.cs","ProductInformation::ProductInformation","Godsend.Models::ProductInformation::ProductInformation( string name)",35,38
3,1,25,3,3,"ProductRepository::ProductRepository@18-20@/home/alex/dev/Bachelor/baseline/Godsend/SharedProject/Models/Product/ProductRepository.cs","/home/alex/dev/Bachelor/baseline/Godsend/SharedProject/Models/Product/ProductRepository.cs","ProductRepository::ProductRepository","Godsend::ProductRepository::ProductRepository( DataContext ctx , ISeedHelper seedHelper , ICommentHelper<Product> commentHelper)",18,20
4,1,10,0,4,"Property::ToString@69-72@/home/alex/dev/Bachelor/baseline/Godsend/SharedProject/Models/Product/Property.cs","/home/alex/dev/Bachelor/baseline/Godsend/SharedProject/Models/Product/Property.cs","Property::ToString","Godsend.Models::Property::ToString()",69,72
17,3,125,2,18,"IdentitySeedData::EnsurePopulated@22-39@/home/alex/dev/Bachelor/baseline/Godsend/SharedProject/Models/Seed/IdentitySeedData.cs","/home/alex/dev/Bachelor/baseline/Godsend/SharedProject/Models/Seed/IdentitySeedData.cs","IdentitySeedData::EnsurePopulated","Godsend.Models::IdentitySeedData::EnsurePopulated( UserManager<User> userManager , RoleManager<Role> roleManager)",22,39
7,1,24,2,7,"SeedHelper::SeedHelper@27-33@/home/alex/dev/Bachelor/baseline/Godsend/SharedProject/Models/Seed/SeedHelper.cs","/home/alex/dev/Bachelor/baseline/Godsend/SharedProject/Models/Seed/SeedHelper.cs","SeedHelper::SeedHelper","Godsend.Models::SeedHelper::SeedHelper( UserManager<User> userMgr , RoleManager<Role> roleMngr)",27,33
490,14,3568,1,582,"SeedHelper::EnsurePopulated@35-616@/home/alex/dev/Bachelor/baseline/Godsend/SharedProject/Models/Seed/SeedHelper.cs","/home/alex/dev/Bachelor/baseline/Godsend/SharedProject/Models/Seed/SeedHelper.cs","SeedHelper::EnsurePopulated","Godsend.Models::SeedHelper::EnsurePopulated( DataContext context)",35,616
14,3,54,1,14,"SeedHelper::ToEnumerable<T>@618-631@/home/alex/dev/Bachelor/baseline/Godsend/SharedProject/Models/Seed/SeedHelper.cs","/home/alex/dev/Bachelor/baseline/Godsend/SharedProject/Models/Seed/SeedHelper.cs","SeedHelper::ToEnumerable<T>","Godsend.Models::SeedHelper::ToEnumerable<T>( ITuple tuple)",618,631
8,1,33,1,8,"CommentHelper::deleteRecursive@36-43@/home/alex/dev/Bachelor/baseline/Godsend/SharedProject/Models/Shared/CommentHelper.cs","/home/alex/dev/Bachelor/baseline/Godsend/SharedProject/Models/Shared/CommentHelper.cs","CommentHelper::deleteRecursive","Godsend.Models::CommentHelper::deleteRecursive( LinkCommentEntity<T> current)",36,43
13,1,46,0,13,"CommentHelper::new@47-59@/home/alex/dev/Bachelor/baseline/Godsend/SharedProject/Models/Shared/CommentHelper.cs","/home/alex/dev/Bachelor/baseline/Godsend/SharedProject/Models/Shared/CommentHelper.cs","CommentHelper::new","Godsend.Models::CommentHelper::new()",47,59
4,1,15,1,4,"DataContext::DataContext@25-28@/home/alex/dev/Bachelor/baseline/Godsend/SharedProject/Models/Shared/DataContext.cs","/home/alex/dev/Bachelor/baseline/Godsend/SharedProject/Models/Shared/DataContext.cs","DataContext::DataContext","Godsend.Models::DataContext::DataContext( DbContextOptions<DataContext> options)",25,28
27,1,418,1,41,"DataContext::OnModelCreating@113-153@/home/alex/dev/Bachelor/baseline/Godsend/SharedProject/Models/Shared/DataContext.cs","/home/alex/dev/Bachelor/baseline/Godsend/SharedProject/Models/Shared/DataContext.cs","DataContext::OnModelCreating","Godsend.Models::DataContext::OnModelCreating( ModelBuilder builder)",113,153
4,1,10,0,4,"Information::ToString@51-54@/home/alex/dev/Bachelor/baseline/Godsend/SharedProject/Models/Shared/Information.cs","/home/alex/dev/Bachelor/baseline/Godsend/SharedProject/Models/Shared/Information.cs","Information::ToString","Godsend.Models::Information::ToString()",51,54
9,3,36,1,9,"WithoutProduct::WithoutProduct@39-47@/home/alex/dev/Bachelor/baseline/Godsend/SharedProject/Models/Shared/LinkProductsSuppliers.cs","/home/alex/dev/Bachelor/baseline/Godsend/SharedProject/Models/Shared/LinkProductsSuppliers.cs","WithoutProduct::WithoutProduct","Godsend.Models::LinkProductsSuppliers::WithoutProduct::WithoutProduct( LinkProductsSuppliers link)",39,47
9,3,36,1,9,"WithoutSupplier::WithoutSupplier@58-66@/home/alex/dev/Bachelor/baseline/Godsend/SharedProject/Models/Shared/LinkProductsSuppliers.cs","/home/alex/dev/Bachelor/baseline/Godsend/SharedProject/Models/Shared/LinkProductsSuppliers.cs","WithoutSupplier::WithoutSupplier","Godsend.Models::LinkProductsSuppliers::WithoutSupplier::WithoutSupplier( LinkProductsSuppliers link)",58,66
6,1,19,0,6,"LinkRatingEntity::GetWithoutEntity@35-40@/home/alex/dev/Bachelor/baseline/Godsend/SharedProject/Models/Shared/LinkRatingEntity.cs","/home/alex/dev/Bachelor/baseline/Godsend/SharedProject/Models/Shared/LinkRatingEntity.cs","LinkRatingEntity::GetWithoutEntity","Godsend.Models::LinkRatingEntity::GetWithoutEntity()",35,40
3,1,4,0,43,"*global*@0-42@/home/alex/dev/Bachelor/baseline/Godsend/SharedProject/Models/Shared/LinkRatingEntity.cs","/home/alex/dev/Bachelor/baseline/Godsend/SharedProject/Models/Shared/LinkRatingEntity.cs","*global*","*global*",0,42
6,1,33,3,6,"Repository::Repository@24-29@/home/alex/dev/Bachelor/baseline/Godsend/SharedProject/Models/Shared/Repository.cs","/home/alex/dev/Bachelor/baseline/Godsend/SharedProject/Models/Shared/Repository.cs","Repository::Repository","Godsend.Models::Repository::Repository( DataContext ctx , ISeedHelper seedHelper , ICommentHelper<T> commentHelper)",24,29
4,1,25,2,4,"Repository::GetEntities@37-40@/home/alex/dev/Bachelor/baseline/Godsend/SharedProject/Models/Shared/Repository.cs","/home/alex/dev/Bachelor/baseline/Godsend/SharedProject/Models/Shared/Repository.cs","Repository::GetEntities","Godsend.Models::Repository::GetEntities( int quantity , int skip = 0)",37,40
4,1,29,2,4,"Repository::EntitiesInfo@42-45@/home/alex/dev/Bachelor/baseline/Godsend/SharedProject/Models/Shared/Repository.cs","/home/alex/dev/Bachelor/baseline/Godsend/SharedProject/Models/Shared/Repository.cs","Repository::EntitiesInfo","Godsend.Models::Repository::EntitiesInfo( int quantity , int skip = 0)",42,45
4,1,21,1,4,"Repository::GetEntity@47-50@/home/alex/dev/Bachelor/baseline/Godsend/SharedProject/Models/Shared/Repository.cs","/home/alex/dev/Bachelor/baseline/Godsend/SharedProject/Models/Shared/Repository.cs","Repository::GetEntity","Godsend.Models::Repository::GetEntity( Guid entityId)",47,50
4,1,12,0,4,"Repository::EntitiesCount@52-55@/home/alex/dev/Bachelor/baseline/Godsend/SharedProject/Models/Shared/Repository.cs","/home/alex/dev/Bachelor/baseline/Godsend/SharedProject/Models/Shared/Repository.cs","Repository::EntitiesCount","Godsend.Models::Repository::EntitiesCount()",52,55
8,2,27,1,8,"Repository::Watch@64-71@/home/alex/dev/Bachelor/baseline/Godsend/SharedProject/Models/Shared/Repository.cs","/home/alex/dev/Bachelor/baseline/Godsend/SharedProject/Models/Shared/Repository.cs","Repository::Watch","Godsend.Models::Repository::Watch( T entity)",64,71
15,3,94,3,17,"Repository::SetRatingAsync@73-89@/home/alex/dev/Bachelor/baseline/Godsend/SharedProject/Models/Shared/Repository.cs","/home/alex/dev/Bachelor/baseline/Godsend/SharedProject/Models/Shared/Repository.cs","Repository::SetRatingAsync","Godsend.Models::Repository::SetRatingAsync( Guid entityId , string userId , int rating)",73,89
5,1,23,1,5,"Repository::AddAndSaveRating@91-95@/home/alex/dev/Bachelor/baseline/Godsend/SharedProject/Models/Shared/Repository.cs","/home/alex/dev/Bachelor/baseline/Godsend/SharedProject/Models/Shared/Repository.cs","Repository::AddAndSaveRating","Godsend.Models::Repository::AddAndSaveRating( LinkRatingEntity<T> newRating)",91,95
4,1,21,1,4,"Repository::GetAllRatings@97-100@/home/alex/dev/Bachelor/baseline/Godsend/SharedProject/Models/Shared/Repository.cs","/home/alex/dev/Bachelor/baseline/Godsend/SharedProject/Models/Shared/Repository.cs","Repository::GetAllRatings","Godsend.Models::Repository::GetAllRatings( Guid entityId)",97,100
4,3,33,2,4,"Repository::GetUserRating@102-105@/home/alex/dev/Bachelor/baseline/Godsend/SharedProject/Models/Shared/Repository.cs","/home/alex/dev/Bachelor/baseline/Godsend/SharedProject/Models/Shared/Repository.cs","Repository::GetUserRating","Godsend.Models::Repository::GetUserRating( Guid entityId , string userId)",102,105
14,2,91,1,19,"Repository::RecalcRatingsAsync@107-125@/home/alex/dev/Bachelor/baseline/Godsend/SharedProject/Models/Shared/Repository.cs","/home/alex/dev/Bachelor/baseline/Godsend/SharedProject/Models/Shared/Repository.cs","Repository::RecalcRatingsAsync","Godsend.Models::Repository::RecalcRatingsAsync( Guid entityId)",107,125
6,1,51,4,8,"Repository::AddCommentAsync@127-134@/home/alex/dev/Bachelor/baseline/Godsend/SharedProject/Models/Shared/Repository.cs","/home/alex/dev/Bachelor/baseline/Godsend/SharedProject/Models/Shared/Repository.cs","Repository::AddCommentAsync","Godsend.Models::Repository::AddCommentAsync( Guid entityId , string userId , Guid ? baseCommentId , string comment)",127,134
7,1,73,1,10,"Repository::RecalcCommentsAsync@136-145@/home/alex/dev/Bachelor/baseline/Godsend/SharedProject/Models/Shared/Repository.cs","/home/alex/dev/Bachelor/baseline/Godsend/SharedProject/Models/Shared/Repository.cs","Repository::RecalcCommentsAsync","Godsend.Models::Repository::RecalcCommentsAsync( Guid entityId)",136,145
5,1,74,1,5,"Repository::GetAllComments@147-151@/home/alex/dev/Bachelor/baseline/Godsend/SharedProject/Models/Shared/Repository.cs","/home/alex/dev/Bachelor/baseline/Godsend/SharedProject/Models/Shared/Repository.cs","Repository::GetAllComments","Godsend.Models::Repository::GetAllComments( Guid entityId)",147,151
5,1,43,3,6,"Repository::DeleteCommentAsync@153-158@/home/alex/dev/Bachelor/baseline/Godsend/SharedProject/Models/Shared/Repository.cs","/home/alex/dev/Bachelor/baseline/Godsend/SharedProject/Models/Shared/Repository.cs","Repository::DeleteCommentAsync","Godsend.Models::Repository::DeleteCommentAsync( Guid entityId , Guid commentId , string userId)",153,158
9,2,70,3,11,"Repository::EditForeignCommentAsync@160-170@/home/alex/dev/Bachelor/baseline/Godsend/SharedProject/Models/Shared/Repository.cs","/home/alex/dev/Bachelor/baseline/Godsend/SharedProject/Models/Shared/Repository.cs","Repository::EditForeignCommentAsync","Godsend.Models::Repository::EditForeignCommentAsync( Guid commentId , string newContent , string userId)",160,170
3,1,19,3,3,"Repository::EditOwnCommentAsync@172-174@/home/alex/dev/Bachelor/baseline/Godsend/SharedProject/Models/Shared/Repository.cs","/home/alex/dev/Bachelor/baseline/Godsend/SharedProject/Models/Shared/Repository.cs","Repository::EditOwnCommentAsync","Godsend.Models::Repository::EditOwnCommentAsync( Guid commentId , string newContent , string userId)",172,174
4,1,25,3,4,"EFSupplierRepository::EFSupplierRepository@24-27@/home/alex/dev/Bachelor/baseline/Godsend/SharedProject/Models/Supplier/EFSupplierRepository.cs","/home/alex/dev/Bachelor/baseline/Godsend/SharedProject/Models/Supplier/EFSupplierRepository.cs","EFSupplierRepository::EFSupplierRepository","Godsend.Models::EFSupplierRepository::EFSupplierRepository( DataContext ctx , ISeedHelper seedHelper , ICommentHelper<Supplier> commentHelper)",24,27
4,1,13,1,4,"EFSupplierRepository::SaveChangedState@33-36@/home/alex/dev/Bachelor/baseline/Godsend/SharedProject/Models/Supplier/EFSupplierRepository.cs","/home/alex/dev/Bachelor/baseline/Godsend/SharedProject/Models/Supplier/EFSupplierRepository.cs","EFSupplierRepository::SaveChangedState","Godsend.Models::EFSupplierRepository::SaveChangedState( Supplier changedEntity)",33,36
10,2,46,1,13,"EFSupplierRepository::DeleteEntity@42-54@/home/alex/dev/Bachelor/baseline/Godsend/SharedProject/Models/Supplier/EFSupplierRepository.cs","/home/alex/dev/Bachelor/baseline/Godsend/SharedProject/Models/Supplier/EFSupplierRepository.cs","EFSupplierRepository::DeleteEntity","Godsend.Models::EFSupplierRepository::DeleteEntity( Guid id)",42,54
14,2,58,1,16,"EFSupplierRepository::SaveEntity@60-75@/home/alex/dev/Bachelor/baseline/Godsend/SharedProject/Models/Supplier/EFSupplierRepository.cs","/home/alex/dev/Bachelor/baseline/Godsend/SharedProject/Models/Supplier/EFSupplierRepository.cs","EFSupplierRepository::SaveEntity","Godsend.Models::EFSupplierRepository::SaveEntity( Supplier entity)",60,75
4,1,34,1,4,"EFSupplierRepository::GetProducts@77-80@/home/alex/dev/Bachelor/baseline/Godsend/SharedProject/Models/Supplier/EFSupplierRepository.cs","/home/alex/dev/Bachelor/baseline/Godsend/SharedProject/Models/Supplier/EFSupplierRepository.cs","EFSupplierRepository::GetProducts","Godsend.Models::EFSupplierRepository::GetProducts( Guid supplierId)",77,80
3,1,5,0,3,"Location::Location@22-24@/home/alex/dev/Bachelor/baseline/Godsend/SharedProject/Models/Supplier/Location.cs","/home/alex/dev/Bachelor/baseline/Godsend/SharedProject/Models/Supplier/Location.cs","Location::Location","Godsend.Models::Location::Location()",22,24
3,1,5,0,3,"Supplier::Supplier@19-21@/home/alex/dev/Bachelor/baseline/Godsend/SharedProject/Models/Supplier/Supplier.cs","/home/alex/dev/Bachelor/baseline/Godsend/SharedProject/Models/Supplier/Supplier.cs","Supplier::Supplier","Godsend.Models::Supplier::Supplier()",19,21
11,1,45,1,11,"Supplier::Supplier@24-34@/home/alex/dev/Bachelor/baseline/Godsend/SharedProject/Models/Supplier/Supplier.cs","/home/alex/dev/Bachelor/baseline/Godsend/SharedProject/Models/Supplier/Supplier.cs","Supplier::Supplier","Godsend.Models::Supplier::Supplier( SupplierInformation info)",24,34
13,1,52,4,13,"Supplier::Supplier@36-48@/home/alex/dev/Bachelor/baseline/Godsend/SharedProject/Models/Supplier/Supplier.cs","/home/alex/dev/Bachelor/baseline/Godsend/SharedProject/Models/Supplier/Supplier.cs","Supplier::Supplier","Godsend.Models::Supplier::Supplier( string name , string address , double rating = 0 , int watches = 0)",36,48
6,1,53,6,6,"Supplier::Supplier@50-55@/home/alex/dev/Bachelor/baseline/Godsend/SharedProject/Models/Supplier/Supplier.cs","/home/alex/dev/Bachelor/baseline/Godsend/SharedProject/Models/Supplier/Supplier.cs","Supplier::Supplier","Godsend.Models::Supplier::Supplier( string name , string address , float latitude , float longtitude , double rating = 0 , int watches = 0)",50,55
14,5,81,1,16,"Supplier::CopyTo@83-98@/home/alex/dev/Bachelor/baseline/Godsend/SharedProject/Models/Supplier/Supplier.cs","/home/alex/dev/Bachelor/baseline/Godsend/SharedProject/Models/Supplier/Supplier.cs","Supplier::CopyTo","Godsend.Models::Supplier::CopyTo( Supplier target)",83,98
7,1,38,1,7,"Supplier::CloneTo@100-106@/home/alex/dev/Bachelor/baseline/Godsend/SharedProject/Models/Supplier/Supplier.cs","/home/alex/dev/Bachelor/baseline/Godsend/SharedProject/Models/Supplier/Supplier.cs","Supplier::CloneTo","Godsend.Models::Supplier::CloneTo( Supplier target)",100,106
3,1,25,3,3,"SupplierRepository::SupplierRepository@14-16@/home/alex/dev/Bachelor/baseline/Godsend/SharedProject/Models/Supplier/SupplierRepository.cs","/home/alex/dev/Bachelor/baseline/Godsend/SharedProject/Models/Supplier/SupplierRepository.cs","SupplierRepository::SupplierRepository","Godsend.Models::SupplierRepository::SupplierRepository( DataContext ctx , ISeedHelper seedHelper , ICommentHelper<Supplier> commentHelper)",14,16
10,1,59,1,10,"Program::Main@26-35@/home/alex/dev/Bachelor/baseline/Godsend/TelegramBot/Program.cs","/home/alex/dev/Bachelor/baseline/Godsend/TelegramBot/Program.cs","Program::Main","TelegramBot::Program::Main( string [ ] args)",26,35
30,4,173,2,30,"Program::CallbackQueryReceived@37-66@/home/alex/dev/Bachelor/baseline/Godsend/TelegramBot/Program.cs","/home/alex/dev/Bachelor/baseline/Godsend/TelegramBot/Program.cs","Program::CallbackQueryReceived","TelegramBot::Program::CallbackQueryReceived( object sender , CallbackQueryEventArgs e)",37,66
97,16,510,2,100,"Program::MessageReceived@68-167@/home/alex/dev/Bachelor/baseline/Godsend/TelegramBot/Program.cs","/home/alex/dev/Bachelor/baseline/Godsend/TelegramBot/Program.cs","Program::MessageReceived","TelegramBot::Program::MessageReceived( object sender , MessageEventArgs e)",68,167
20,4,61,1,21,"Program::foreach@175-195@/home/alex/dev/Bachelor/baseline/Godsend/TelegramBot/Program.cs","/home/alex/dev/Bachelor/baseline/Godsend/TelegramBot/Program.cs","Program::foreach","TelegramBot::Program::foreach( var info in informations)",175,195
11,3,85,3,11,"Program::GetKeyboard@215-225@/home/alex/dev/Bachelor/baseline/Godsend/TelegramBot/Program.cs","/home/alex/dev/Bachelor/baseline/Godsend/TelegramBot/Program.cs","Program::GetKeyboard","TelegramBot::Program::GetKeyboard( int page , int pagesNum , string items)",215,225
6,1,49,1,6,"Program::GetItems<T>@227-232@/home/alex/dev/Bachelor/baseline/Godsend/TelegramBot/Program.cs","/home/alex/dev/Bachelor/baseline/Godsend/TelegramBot/Program.cs","Program::GetItems<T>","TelegramBot::Program::GetItems<T>( string url)",227,232
5,1,38,2,5,"Program::SendImage@234-238@/home/alex/dev/Bachelor/baseline/Godsend/TelegramBot/Program.cs","/home/alex/dev/Bachelor/baseline/Godsend/TelegramBot/Program.cs","Program::SendImage","TelegramBot::Program::SendImage( Guid imgId , Chat chat)",234,238
7,3,39,1,7,"Program::RatingStars@240-246@/home/alex/dev/Bachelor/baseline/Godsend/TelegramBot/Program.cs","/home/alex/dev/Bachelor/baseline/Godsend/TelegramBot/Program.cs","Program::RatingStars","TelegramBot::Program::RatingStars( double rating)",240,246
29,5,179,1,33,"Program::GetFormattedCategoryTree@248-280@/home/alex/dev/Bachelor/baseline/Godsend/TelegramBot/Program.cs","/home/alex/dev/Bachelor/baseline/Godsend/TelegramBot/Program.cs","Program::GetFormattedCategoryTree","TelegramBot::Program::GetFormattedCategoryTree( IEnumerable<CatWithSubs> rootCats)",248,280
