3,1,28,0,3,"getCategories@11-13@/home/alex/dev/Bachelor/bmad-vergleichsstudie/.lizard-tmp-DUgF1d/code/seed-b-frontend/src/app/core/services/category.service.ts","/home/alex/dev/Bachelor/bmad-vergleichsstudie/.lizard-tmp-DUgF1d/code/seed-b-frontend/src/app/core/services/category.service.ts","getCategories","getCategories ( )",11,13
15,10,206,1,15,"getProducts@11-25@/home/alex/dev/Bachelor/bmad-vergleichsstudie/.lizard-tmp-DUgF1d/code/seed-b-frontend/src/app/core/services/product.service.ts","/home/alex/dev/Bachelor/bmad-vergleichsstudie/.lizard-tmp-DUgF1d/code/seed-b-frontend/src/app/core/services/product.service.ts","getProducts","getProducts ( query ProductQuery )",11,25
3,1,33,1,3,"getProduct@27-29@/home/alex/dev/Bachelor/bmad-vergleichsstudie/.lizard-tmp-DUgF1d/code/seed-b-frontend/src/app/core/services/product.service.ts","/home/alex/dev/Bachelor/bmad-vergleichsstudie/.lizard-tmp-DUgF1d/code/seed-b-frontend/src/app/core/services/product.service.ts","getProduct","getProduct ( id )",27,29
3,1,40,2,3,"addReview@31-33@/home/alex/dev/Bachelor/bmad-vergleichsstudie/.lizard-tmp-DUgF1d/code/seed-b-frontend/src/app/core/services/product.service.ts","/home/alex/dev/Bachelor/bmad-vergleichsstudie/.lizard-tmp-DUgF1d/code/seed-b-frontend/src/app/core/services/product.service.ts","addReview","addReview ( id , review ReviewCreate )",31,33
9,3,48,0,13,"loadFromStorage@6-18@/home/alex/dev/Bachelor/bmad-vergleichsstudie/.lizard-tmp-DUgF1d/code/seed-b-frontend/src/app/core/services/cart.service.ts","/home/alex/dev/Bachelor/bmad-vergleichsstudie/.lizard-tmp-DUgF1d/code/seed-b-frontend/src/app/core/services/cart.service.ts","loadFromStorage","loadFromStorage ( )",6,18
1,1,8,0,1,"(anonymous)@23-23@/home/alex/dev/Bachelor/bmad-vergleichsstudie/.lizard-tmp-DUgF1d/code/seed-b-frontend/src/app/core/services/cart.service.ts","/home/alex/dev/Bachelor/bmad-vergleichsstudie/.lizard-tmp-DUgF1d/code/seed-b-frontend/src/app/core/services/cart.service.ts","(anonymous)","(anonymous)",23,23
1,1,16,0,1,"(anonymous)@23-23@/home/alex/dev/Bachelor/bmad-vergleichsstudie/.lizard-tmp-DUgF1d/code/seed-b-frontend/src/app/core/services/cart.service.ts","/home/alex/dev/Bachelor/bmad-vergleichsstudie/.lizard-tmp-DUgF1d/code/seed-b-frontend/src/app/core/services/cart.service.ts","(anonymous)","(anonymous)",23,23
1,1,12,0,1,"(anonymous)@24-24@/home/alex/dev/Bachelor/bmad-vergleichsstudie/.lizard-tmp-DUgF1d/code/seed-b-frontend/src/app/core/services/cart.service.ts","/home/alex/dev/Bachelor/bmad-vergleichsstudie/.lizard-tmp-DUgF1d/code/seed-b-frontend/src/app/core/services/cart.service.ts","(anonymous)","(anonymous)",24,24
1,1,16,0,1,"(anonymous)@24-24@/home/alex/dev/Bachelor/bmad-vergleichsstudie/.lizard-tmp-DUgF1d/code/seed-b-frontend/src/app/core/services/cart.service.ts","/home/alex/dev/Bachelor/bmad-vergleichsstudie/.lizard-tmp-DUgF1d/code/seed-b-frontend/src/app/core/services/cart.service.ts","(anonymous)","(anonymous)",24,24
3,1,24,0,3,"effect@27-29@/home/alex/dev/Bachelor/bmad-vergleichsstudie/.lizard-tmp-DUgF1d/code/seed-b-frontend/src/app/core/services/cart.service.ts","/home/alex/dev/Bachelor/bmad-vergleichsstudie/.lizard-tmp-DUgF1d/code/seed-b-frontend/src/app/core/services/cart.service.ts","effect","effect ( ( )",27,29
2,2,17,0,2,"(anonymous)@36-37@/home/alex/dev/Bachelor/bmad-vergleichsstudie/.lizard-tmp-DUgF1d/code/seed-b-frontend/src/app/core/services/cart.service.ts","/home/alex/dev/Bachelor/bmad-vergleichsstudie/.lizard-tmp-DUgF1d/code/seed-b-frontend/src/app/core/services/cart.service.ts","(anonymous)","(anonymous)",36,37
13,2,72,0,14,"(anonymous)@34-47@/home/alex/dev/Bachelor/bmad-vergleichsstudie/.lizard-tmp-DUgF1d/code/seed-b-frontend/src/app/core/services/cart.service.ts","/home/alex/dev/Bachelor/bmad-vergleichsstudie/.lizard-tmp-DUgF1d/code/seed-b-frontend/src/app/core/services/cart.service.ts","(anonymous)","(anonymous)",34,47
1,1,1,0,1,"(anonymous)@56-56@/home/alex/dev/Bachelor/bmad-vergleichsstudie/.lizard-tmp-DUgF1d/code/seed-b-frontend/src/app/core/services/cart.service.ts","/home/alex/dev/Bachelor/bmad-vergleichsstudie/.lizard-tmp-DUgF1d/code/seed-b-frontend/src/app/core/services/cart.service.ts","(anonymous)","(anonymous)",56,56
1,3,23,0,1,"(anonymous)@56-56@/home/alex/dev/Bachelor/bmad-vergleichsstudie/.lizard-tmp-DUgF1d/code/seed-b-frontend/src/app/core/services/cart.service.ts","/home/alex/dev/Bachelor/bmad-vergleichsstudie/.lizard-tmp-DUgF1d/code/seed-b-frontend/src/app/core/services/cart.service.ts","(anonymous)","(anonymous)",56,56
1,2,15,0,1,"(anonymous)@61-61@/home/alex/dev/Bachelor/bmad-vergleichsstudie/.lizard-tmp-DUgF1d/code/seed-b-frontend/src/app/core/services/cart.service.ts","/home/alex/dev/Bachelor/bmad-vergleichsstudie/.lizard-tmp-DUgF1d/code/seed-b-frontend/src/app/core/services/cart.service.ts","(anonymous)","(anonymous)",61,61
1,1,10,0,1,"(anonymous)@61-61@/home/alex/dev/Bachelor/bmad-vergleichsstudie/.lizard-tmp-DUgF1d/code/seed-b-frontend/src/app/core/services/cart.service.ts","/home/alex/dev/Bachelor/bmad-vergleichsstudie/.lizard-tmp-DUgF1d/code/seed-b-frontend/src/app/core/services/cart.service.ts","(anonymous)","(anonymous)",61,61
3,1,29,1,3,"createOrder@11-13@/home/alex/dev/Bachelor/bmad-vergleichsstudie/.lizard-tmp-DUgF1d/code/seed-b-frontend/src/app/core/services/order.service.ts","/home/alex/dev/Bachelor/bmad-vergleichsstudie/.lizard-tmp-DUgF1d/code/seed-b-frontend/src/app/core/services/order.service.ts","createOrder","createOrder ( order OrderCreate )",11,13
3,1,33,1,3,"getOrder@15-17@/home/alex/dev/Bachelor/bmad-vergleichsstudie/.lizard-tmp-DUgF1d/code/seed-b-frontend/src/app/core/services/order.service.ts","/home/alex/dev/Bachelor/bmad-vergleichsstudie/.lizard-tmp-DUgF1d/code/seed-b-frontend/src/app/core/services/order.service.ts","getOrder","getOrder ( id )",15,17
5,1,25,0,5,"(anonymous)@7-11@/home/alex/dev/Bachelor/bmad-vergleichsstudie/.lizard-tmp-DUgF1d/code/seed-b-frontend/src/app/core/services/cart.service.spec.ts","/home/alex/dev/Bachelor/bmad-vergleichsstudie/.lizard-tmp-DUgF1d/code/seed-b-frontend/src/app/core/services/cart.service.spec.ts","(anonymous)","(anonymous)",7,11
5,1,45,0,5,"(anonymous)@13-17@/home/alex/dev/Bachelor/bmad-vergleichsstudie/.lizard-tmp-DUgF1d/code/seed-b-frontend/src/app/core/services/cart.service.spec.ts","/home/alex/dev/Bachelor/bmad-vergleichsstudie/.lizard-tmp-DUgF1d/code/seed-b-frontend/src/app/core/services/cart.service.spec.ts","(anonymous)","(anonymous)",13,17
9,1,84,0,10,"(anonymous)@19-28@/home/alex/dev/Bachelor/bmad-vergleichsstudie/.lizard-tmp-DUgF1d/code/seed-b-frontend/src/app/core/services/cart.service.spec.ts","/home/alex/dev/Bachelor/bmad-vergleichsstudie/.lizard-tmp-DUgF1d/code/seed-b-frontend/src/app/core/services/cart.service.spec.ts","(anonymous)","(anonymous)",19,28
7,1,86,0,8,"(anonymous)@30-37@/home/alex/dev/Bachelor/bmad-vergleichsstudie/.lizard-tmp-DUgF1d/code/seed-b-frontend/src/app/core/services/cart.service.spec.ts","/home/alex/dev/Bachelor/bmad-vergleichsstudie/.lizard-tmp-DUgF1d/code/seed-b-frontend/src/app/core/services/cart.service.spec.ts","(anonymous)","(anonymous)",30,37
11,1,90,0,12,"(anonymous)@39-50@/home/alex/dev/Bachelor/bmad-vergleichsstudie/.lizard-tmp-DUgF1d/code/seed-b-frontend/src/app/core/services/cart.service.spec.ts","/home/alex/dev/Bachelor/bmad-vergleichsstudie/.lizard-tmp-DUgF1d/code/seed-b-frontend/src/app/core/services/cart.service.spec.ts","(anonymous)","(anonymous)",39,50
8,1,68,0,10,"(anonymous)@52-61@/home/alex/dev/Bachelor/bmad-vergleichsstudie/.lizard-tmp-DUgF1d/code/seed-b-frontend/src/app/core/services/cart.service.spec.ts","/home/alex/dev/Bachelor/bmad-vergleichsstudie/.lizard-tmp-DUgF1d/code/seed-b-frontend/src/app/core/services/cart.service.spec.ts","(anonymous)","(anonymous)",52,61
8,1,64,0,10,"(anonymous)@63-72@/home/alex/dev/Bachelor/bmad-vergleichsstudie/.lizard-tmp-DUgF1d/code/seed-b-frontend/src/app/core/services/cart.service.spec.ts","/home/alex/dev/Bachelor/bmad-vergleichsstudie/.lizard-tmp-DUgF1d/code/seed-b-frontend/src/app/core/services/cart.service.spec.ts","(anonymous)","(anonymous)",63,72
8,1,62,0,10,"(anonymous)@74-83@/home/alex/dev/Bachelor/bmad-vergleichsstudie/.lizard-tmp-DUgF1d/code/seed-b-frontend/src/app/core/services/cart.service.spec.ts","/home/alex/dev/Bachelor/bmad-vergleichsstudie/.lizard-tmp-DUgF1d/code/seed-b-frontend/src/app/core/services/cart.service.spec.ts","(anonymous)","(anonymous)",74,83
8,1,59,0,10,"(anonymous)@85-94@/home/alex/dev/Bachelor/bmad-vergleichsstudie/.lizard-tmp-DUgF1d/code/seed-b-frontend/src/app/core/services/cart.service.spec.ts","/home/alex/dev/Bachelor/bmad-vergleichsstudie/.lizard-tmp-DUgF1d/code/seed-b-frontend/src/app/core/services/cart.service.spec.ts","(anonymous)","(anonymous)",85,94
12,1,95,0,92,"(anonymous)@4-95@/home/alex/dev/Bachelor/bmad-vergleichsstudie/.lizard-tmp-DUgF1d/code/seed-b-frontend/src/app/core/services/cart.service.spec.ts","/home/alex/dev/Bachelor/bmad-vergleichsstudie/.lizard-tmp-DUgF1d/code/seed-b-frontend/src/app/core/services/cart.service.spec.ts","(anonymous)","(anonymous)",4,95
7,1,40,0,7,"(anonymous)@10-16@/home/alex/dev/Bachelor/bmad-vergleichsstudie/.lizard-tmp-DUgF1d/code/seed-b-frontend/src/app/core/services/product.service.spec.ts","/home/alex/dev/Bachelor/bmad-vergleichsstudie/.lizard-tmp-DUgF1d/code/seed-b-frontend/src/app/core/services/product.service.spec.ts","(anonymous)","(anonymous)",10,16
3,1,8,0,3,"(anonymous)@18-20@/home/alex/dev/Bachelor/bmad-vergleichsstudie/.lizard-tmp-DUgF1d/code/seed-b-frontend/src/app/core/services/product.service.spec.ts","/home/alex/dev/Bachelor/bmad-vergleichsstudie/.lizard-tmp-DUgF1d/code/seed-b-frontend/src/app/core/services/product.service.spec.ts","(anonymous)","(anonymous)",18,20
1,1,1,0,1,"(anonymous)@36-36@/home/alex/dev/Bachelor/bmad-vergleichsstudie/.lizard-tmp-DUgF1d/code/seed-b-frontend/src/app/core/services/product.service.spec.ts","/home/alex/dev/Bachelor/bmad-vergleichsstudie/.lizard-tmp-DUgF1d/code/seed-b-frontend/src/app/core/services/product.service.spec.ts","(anonymous)","(anonymous)",36,36
24,8,165,0,25,"(anonymous)@22-46@/home/alex/dev/Bachelor/bmad-vergleichsstudie/.lizard-tmp-DUgF1d/code/seed-b-frontend/src/app/core/services/product.service.spec.ts","/home/alex/dev/Bachelor/bmad-vergleichsstudie/.lizard-tmp-DUgF1d/code/seed-b-frontend/src/app/core/services/product.service.spec.ts","(anonymous)","(anonymous)",22,46
6,1,45,0,7,"(anonymous)@48-54@/home/alex/dev/Bachelor/bmad-vergleichsstudie/.lizard-tmp-DUgF1d/code/seed-b-frontend/src/app/core/services/product.service.spec.ts","/home/alex/dev/Bachelor/bmad-vergleichsstudie/.lizard-tmp-DUgF1d/code/seed-b-frontend/src/app/core/services/product.service.spec.ts","(anonymous)","(anonymous)",48,54
7,1,84,0,8,"(anonymous)@56-63@/home/alex/dev/Bachelor/bmad-vergleichsstudie/.lizard-tmp-DUgF1d/code/seed-b-frontend/src/app/core/services/product.service.spec.ts","/home/alex/dev/Bachelor/bmad-vergleichsstudie/.lizard-tmp-DUgF1d/code/seed-b-frontend/src/app/core/services/product.service.spec.ts","(anonymous)","(anonymous)",56,63
9,1,58,0,59,"(anonymous)@6-64@/home/alex/dev/Bachelor/bmad-vergleichsstudie/.lizard-tmp-DUgF1d/code/seed-b-frontend/src/app/core/services/product.service.spec.ts","/home/alex/dev/Bachelor/bmad-vergleichsstudie/.lizard-tmp-DUgF1d/code/seed-b-frontend/src/app/core/services/product.service.spec.ts","(anonymous)","(anonymous)",6,64
1,1,6,0,1,"(anonymous)@38-38@/home/alex/dev/Bachelor/bmad-vergleichsstudie/.lizard-tmp-DUgF1d/code/seed-b-frontend/src/app/features/product-list/product-list.component.ts","/home/alex/dev/Bachelor/bmad-vergleichsstudie/.lizard-tmp-DUgF1d/code/seed-b-frontend/src/app/features/product-list/product-list.component.ts","(anonymous)","(anonymous)",38,38
1,1,6,0,1,"(anonymous)@39-39@/home/alex/dev/Bachelor/bmad-vergleichsstudie/.lizard-tmp-DUgF1d/code/seed-b-frontend/src/app/features/product-list/product-list.component.ts","/home/alex/dev/Bachelor/bmad-vergleichsstudie/.lizard-tmp-DUgF1d/code/seed-b-frontend/src/app/features/product-list/product-list.component.ts","(anonymous)","(anonymous)",39,39
7,4,66,0,7,"computed@34-40@/home/alex/dev/Bachelor/bmad-vergleichsstudie/.lizard-tmp-DUgF1d/code/seed-b-frontend/src/app/features/product-list/product-list.component.ts","/home/alex/dev/Bachelor/bmad-vergleichsstudie/.lizard-tmp-DUgF1d/code/seed-b-frontend/src/app/features/product-list/product-list.component.ts","computed","computed ( ( )",34,40
5,2,40,0,5,"(anonymous)@42-46@/home/alex/dev/Bachelor/bmad-vergleichsstudie/.lizard-tmp-DUgF1d/code/seed-b-frontend/src/app/features/product-list/product-list.component.ts","/home/alex/dev/Bachelor/bmad-vergleichsstudie/.lizard-tmp-DUgF1d/code/seed-b-frontend/src/app/features/product-list/product-list.component.ts","(anonymous)","(anonymous)",42,46
1,1,9,0,1,"(anonymous)@49-49@/home/alex/dev/Bachelor/bmad-vergleichsstudie/.lizard-tmp-DUgF1d/code/seed-b-frontend/src/app/features/product-list/product-list.component.ts","/home/alex/dev/Bachelor/bmad-vergleichsstudie/.lizard-tmp-DUgF1d/code/seed-b-frontend/src/app/features/product-list/product-list.component.ts","(anonymous)","(anonymous)",49,49
4,1,24,1,4,"next@71-74@/home/alex/dev/Bachelor/bmad-vergleichsstudie/.lizard-tmp-DUgF1d/code/seed-b-frontend/src/app/features/product-list/product-list.component.ts","/home/alex/dev/Bachelor/bmad-vergleichsstudie/.lizard-tmp-DUgF1d/code/seed-b-frontend/src/app/features/product-list/product-list.component.ts","next","next ( res )",71,74
4,1,23,0,4,"error@75-78@/home/alex/dev/Bachelor/bmad-vergleichsstudie/.lizard-tmp-DUgF1d/code/seed-b-frontend/src/app/features/product-list/product-list.component.ts","/home/alex/dev/Bachelor/bmad-vergleichsstudie/.lizard-tmp-DUgF1d/code/seed-b-frontend/src/app/features/product-list/product-list.component.ts","error","error ( )",75,78
4,1,17,0,4,"(anonymous)@101-104@/home/alex/dev/Bachelor/bmad-vergleichsstudie/.lizard-tmp-DUgF1d/code/seed-b-frontend/src/app/features/product-list/product-list.component.ts","/home/alex/dev/Bachelor/bmad-vergleichsstudie/.lizard-tmp-DUgF1d/code/seed-b-frontend/src/app/features/product-list/product-list.component.ts","(anonymous)","(anonymous)",101,104
1,1,13,0,1,"(anonymous)@116-116@/home/alex/dev/Bachelor/bmad-vergleichsstudie/.lizard-tmp-DUgF1d/code/seed-b-frontend/src/app/features/product-list/product-list.component.ts","/home/alex/dev/Bachelor/bmad-vergleichsstudie/.lizard-tmp-DUgF1d/code/seed-b-frontend/src/app/features/product-list/product-list.component.ts","(anonymous)","(anonymous)",116,116
4,1,32,0,4,"ngOnInit@36-39@/home/alex/dev/Bachelor/bmad-vergleichsstudie/.lizard-tmp-DUgF1d/code/seed-b-frontend/src/app/features/product-detail/product-detail.component.ts","/home/alex/dev/Bachelor/bmad-vergleichsstudie/.lizard-tmp-DUgF1d/code/seed-b-frontend/src/app/features/product-detail/product-detail.component.ts","ngOnInit","ngOnInit ( )",36,39
5,4,44,1,5,"next@45-49@/home/alex/dev/Bachelor/bmad-vergleichsstudie/.lizard-tmp-DUgF1d/code/seed-b-frontend/src/app/features/product-detail/product-detail.component.ts","/home/alex/dev/Bachelor/bmad-vergleichsstudie/.lizard-tmp-DUgF1d/code/seed-b-frontend/src/app/features/product-detail/product-detail.component.ts","next","next ( p )",45,49
4,1,23,0,4,"error@50-53@/home/alex/dev/Bachelor/bmad-vergleichsstudie/.lizard-tmp-DUgF1d/code/seed-b-frontend/src/app/features/product-detail/product-detail.component.ts","/home/alex/dev/Bachelor/bmad-vergleichsstudie/.lizard-tmp-DUgF1d/code/seed-b-frontend/src/app/features/product-detail/product-detail.component.ts","error","error ( )",50,53
8,1,50,1,15,"load@41-55@/home/alex/dev/Bachelor/bmad-vergleichsstudie/.lizard-tmp-DUgF1d/code/seed-b-frontend/src/app/features/product-detail/product-detail.component.ts","/home/alex/dev/Bachelor/bmad-vergleichsstudie/.lizard-tmp-DUgF1d/code/seed-b-frontend/src/app/features/product-detail/product-detail.component.ts","load","load ( id )",41,55
1,1,6,0,1,"(anonymous)@61-61@/home/alex/dev/Bachelor/bmad-vergleichsstudie/.lizard-tmp-DUgF1d/code/seed-b-frontend/src/app/features/product-detail/product-detail.component.ts","/home/alex/dev/Bachelor/bmad-vergleichsstudie/.lizard-tmp-DUgF1d/code/seed-b-frontend/src/app/features/product-detail/product-detail.component.ts","(anonymous)","(anonymous)",61,61
1,1,11,0,1,"(anonymous)@77-77@/home/alex/dev/Bachelor/bmad-vergleichsstudie/.lizard-tmp-DUgF1d/code/seed-b-frontend/src/app/features/product-detail/product-detail.component.ts","/home/alex/dev/Bachelor/bmad-vergleichsstudie/.lizard-tmp-DUgF1d/code/seed-b-frontend/src/app/features/product-detail/product-detail.component.ts","(anonymous)","(anonymous)",77,77
20,4,126,0,22,"addToCart@57-78@/home/alex/dev/Bachelor/bmad-vergleichsstudie/.lizard-tmp-DUgF1d/code/seed-b-frontend/src/app/features/product-detail/product-detail.component.ts","/home/alex/dev/Bachelor/bmad-vergleichsstudie/.lizard-tmp-DUgF1d/code/seed-b-frontend/src/app/features/product-detail/product-detail.component.ts","addToCart","addToCart ( )",57,78
1,1,1,0,1,"(anonymous)@97-97@/home/alex/dev/Bachelor/bmad-vergleichsstudie/.lizard-tmp-DUgF1d/code/seed-b-frontend/src/app/features/product-detail/product-detail.component.ts","/home/alex/dev/Bachelor/bmad-vergleichsstudie/.lizard-tmp-DUgF1d/code/seed-b-frontend/src/app/features/product-detail/product-detail.component.ts","(anonymous)","(anonymous)",97,97
7,2,57,1,7,"next@95-101@/home/alex/dev/Bachelor/bmad-vergleichsstudie/.lizard-tmp-DUgF1d/code/seed-b-frontend/src/app/features/product-detail/product-detail.component.ts","/home/alex/dev/Bachelor/bmad-vergleichsstudie/.lizard-tmp-DUgF1d/code/seed-b-frontend/src/app/features/product-detail/product-detail.component.ts","next","next ( result )",95,101
4,1,23,0,4,"error@102-105@/home/alex/dev/Bachelor/bmad-vergleichsstudie/.lizard-tmp-DUgF1d/code/seed-b-frontend/src/app/features/product-detail/product-detail.component.ts","/home/alex/dev/Bachelor/bmad-vergleichsstudie/.lizard-tmp-DUgF1d/code/seed-b-frontend/src/app/features/product-detail/product-detail.component.ts","error","error ( )",102,105
16,3,119,0,28,"submitReview@80-107@/home/alex/dev/Bachelor/bmad-vergleichsstudie/.lizard-tmp-DUgF1d/code/seed-b-frontend/src/app/features/product-detail/product-detail.component.ts","/home/alex/dev/Bachelor/bmad-vergleichsstudie/.lizard-tmp-DUgF1d/code/seed-b-frontend/src/app/features/product-detail/product-detail.component.ts","submitReview","submitReview ( )",80,107
3,1,33,3,3,"updateQuantity@16-18@/home/alex/dev/Bachelor/bmad-vergleichsstudie/.lizard-tmp-DUgF1d/code/seed-b-frontend/src/app/features/cart/cart.component.ts","/home/alex/dev/Bachelor/bmad-vergleichsstudie/.lizard-tmp-DUgF1d/code/seed-b-frontend/src/app/features/cart/cart.component.ts","updateQuantity","updateQuantity ( productId , supplierId , quantity )",16,18
3,1,24,2,3,"remove@20-22@/home/alex/dev/Bachelor/bmad-vergleichsstudie/.lizard-tmp-DUgF1d/code/seed-b-frontend/src/app/features/cart/cart.component.ts","/home/alex/dev/Bachelor/bmad-vergleichsstudie/.lizard-tmp-DUgF1d/code/seed-b-frontend/src/app/features/cart/cart.component.ts","remove","remove ( productId , supplierId )",20,22
1,1,22,0,1,"(anonymous)@48-48@/home/alex/dev/Bachelor/bmad-vergleichsstudie/.lizard-tmp-DUgF1d/code/seed-b-frontend/src/app/features/checkout/checkout.component.ts","/home/alex/dev/Bachelor/bmad-vergleichsstudie/.lizard-tmp-DUgF1d/code/seed-b-frontend/src/app/features/checkout/checkout.component.ts","(anonymous)","(anonymous)",48,48
5,1,38,1,5,"next@52-56@/home/alex/dev/Bachelor/bmad-vergleichsstudie/.lizard-tmp-DUgF1d/code/seed-b-frontend/src/app/features/checkout/checkout.component.ts","/home/alex/dev/Bachelor/bmad-vergleichsstudie/.lizard-tmp-DUgF1d/code/seed-b-frontend/src/app/features/checkout/checkout.component.ts","next","next ( created )",52,56
1,1,4,0,1,"(anonymous)@61-61@/home/alex/dev/Bachelor/bmad-vergleichsstudie/.lizard-tmp-DUgF1d/code/seed-b-frontend/src/app/features/checkout/checkout.component.ts","/home/alex/dev/Bachelor/bmad-vergleichsstudie/.lizard-tmp-DUgF1d/code/seed-b-frontend/src/app/features/checkout/checkout.component.ts","(anonymous)","(anonymous)",61,61
9,2,71,1,9,"error@57-65@/home/alex/dev/Bachelor/bmad-vergleichsstudie/.lizard-tmp-DUgF1d/code/seed-b-frontend/src/app/features/checkout/checkout.component.ts","/home/alex/dev/Bachelor/bmad-vergleichsstudie/.lizard-tmp-DUgF1d/code/seed-b-frontend/src/app/features/checkout/checkout.component.ts","error","error ( err HttpErrorResponse )",57,65
23,2,167,0,38,"submit@30-67@/home/alex/dev/Bachelor/bmad-vergleichsstudie/.lizard-tmp-DUgF1d/code/seed-b-frontend/src/app/features/checkout/checkout.component.ts","/home/alex/dev/Bachelor/bmad-vergleichsstudie/.lizard-tmp-DUgF1d/code/seed-b-frontend/src/app/features/checkout/checkout.component.ts","submit","submit ( )",30,67
4,1,24,1,4,"next@25-28@/home/alex/dev/Bachelor/bmad-vergleichsstudie/.lizard-tmp-DUgF1d/code/seed-b-frontend/src/app/features/order-confirmation/order-confirmation.component.ts","/home/alex/dev/Bachelor/bmad-vergleichsstudie/.lizard-tmp-DUgF1d/code/seed-b-frontend/src/app/features/order-confirmation/order-confirmation.component.ts","next","next ( o )",25,28
4,1,23,0,4,"error@29-32@/home/alex/dev/Bachelor/bmad-vergleichsstudie/.lizard-tmp-DUgF1d/code/seed-b-frontend/src/app/features/order-confirmation/order-confirmation.component.ts","/home/alex/dev/Bachelor/bmad-vergleichsstudie/.lizard-tmp-DUgF1d/code/seed-b-frontend/src/app/features/order-confirmation/order-confirmation.component.ts","error","error ( )",29,32
8,1,57,0,14,"ngOnInit@21-34@/home/alex/dev/Bachelor/bmad-vergleichsstudie/.lizard-tmp-DUgF1d/code/seed-b-frontend/src/app/features/order-confirmation/order-confirmation.component.ts","/home/alex/dev/Bachelor/bmad-vergleichsstudie/.lizard-tmp-DUgF1d/code/seed-b-frontend/src/app/features/order-confirmation/order-confirmation.component.ts","ngOnInit","ngOnInit ( )",21,34
7,2,26,1,7,"(anonymous)@22-28@/home/alex/dev/Bachelor/bmad-vergleichsstudie/.lizard-tmp-DUgF1d/code/seed-b-frontend/.angular/cache/22.1.3/seed-b-frontend/vite/deps/@angular_forms.js","/home/alex/dev/Bachelor/bmad-vergleichsstudie/.lizard-tmp-DUgF1d/code/seed-b-frontend/.angular/cache/22.1.3/seed-b-frontend/vite/deps/@angular_forms.js","(anonymous)","(anonymous) ( value )",22,28
3,1,8,0,3,"(anonymous)@28-30@/home/alex/dev/Bachelor/bmad-vergleichsstudie/.lizard-tmp-DUgF1d/code/seed-b-frontend/.angular/cache/22.1.3/seed-b-frontend/vite/deps/@angular_forms.js","/home/alex/dev/Bachelor/bmad-vergleichsstudie/.lizard-tmp-DUgF1d/code/seed-b-frontend/.angular/cache/22.1.3/seed-b-frontend/vite/deps/@angular_forms.js","(anonymous)","(anonymous) ( )",28,30
6,5,41,0,6,"(anonymous)@30-35@/home/alex/dev/Bachelor/bmad-vergleichsstudie/.lizard-tmp-DUgF1d/code/seed-b-frontend/.angular/cache/22.1.3/seed-b-frontend/vite/deps/@angular_forms.js","/home/alex/dev/Bachelor/bmad-vergleichsstudie/.lizard-tmp-DUgF1d/code/seed-b-frontend/.angular/cache/22.1.3/seed-b-frontend/vite/deps/@angular_forms.js","(anonymous)","(anonymous) ( )",30,35
4,1,38,1,17,"_loop_1@20-36@/home/alex/dev/Bachelor/bmad-vergleichsstudie/.lizard-tmp-DUgF1d/code/seed-b-frontend/.angular/cache/22.1.3/seed-b-frontend/vite/deps/@angular_forms.js","/home/alex/dev/Bachelor/bmad-vergleichsstudie/.lizard-tmp-DUgF1d/code/seed-b-frontend/.angular/cache/22.1.3/seed-b-frontend/vite/deps/@angular_forms.js","_loop_1","_loop_1 ( sourceIndex )",20,36
12,3,71,1,28,"(anonymous)@11-38@/home/alex/dev/Bachelor/bmad-vergleichsstudie/.lizard-tmp-DUgF1d/code/seed-b-frontend/.angular/cache/22.1.3/seed-b-frontend/vite/deps/@angular_forms.js","/home/alex/dev/Bachelor/bmad-vergleichsstudie/.lizard-tmp-DUgF1d/code/seed-b-frontend/.angular/cache/22.1.3/seed-b-frontend/vite/deps/@angular_forms.js","(anonymous)","(anonymous) ( subscriber )",11,38
8,3,89,0,35,"forkJoin@6-40@/home/alex/dev/Bachelor/bmad-vergleichsstudie/.lizard-tmp-DUgF1d/code/seed-b-frontend/.angular/cache/22.1.3/seed-b-frontend/vite/deps/@angular_forms.js","/home/alex/dev/Bachelor/bmad-vergleichsstudie/.lizard-tmp-DUgF1d/code/seed-b-frontend/.angular/cache/22.1.3/seed-b-frontend/vite/deps/@angular_forms.js","forkJoin","forkJoin ( )",6,40
1,1,6,0,1,"onChange@51-51@/home/alex/dev/Bachelor/bmad-vergleichsstudie/.lizard-tmp-DUgF1d/code/seed-b-frontend/.angular/cache/22.1.3/seed-b-frontend/vite/deps/@angular_forms.js","/home/alex/dev/Bachelor/bmad-vergleichsstudie/.lizard-tmp-DUgF1d/code/seed-b-frontend/.angular/cache/22.1.3/seed-b-frontend/vite/deps/@angular_forms.js","onChange","onChange ( )",51,51
1,1,5,0,1,"onTouched@52-52@/home/alex/dev/Bachelor/bmad-vergleichsstudie/.lizard-tmp-DUgF1d/code/seed-b-frontend/.angular/cache/22.1.3/seed-b-frontend/vite/deps/@angular_forms.js","/home/alex/dev/Bachelor/bmad-vergleichsstudie/.lizard-tmp-DUgF1d/code/seed-b-frontend/.angular/cache/22.1.3/seed-b-frontend/vite/deps/@angular_forms.js","onTouched","onTouched ( )",52,52
4,1,19,0,4,"constructor@53-56@/home/alex/dev/Bachelor/bmad-vergleichsstudie/.lizard-tmp-DUgF1d/code/seed-b-frontend/.angular/cache/22.1.3/seed-b-frontend/vite/deps/@angular_forms.js","/home/alex/dev/Bachelor/bmad-vergleichsstudie/.lizard-tmp-DUgF1d/code/seed-b-frontend/.angular/cache/22.1.3/seed-b-frontend/vite/deps/@angular_forms.js","constructor","constructor ( , )",53,56
3,1,24,2,3,"setProperty@57-59@/home/alex/dev/Bachelor/bmad-vergleichsstudie/.lizard-tmp-DUgF1d/code/seed-b-frontend/.angular/cache/22.1.3/seed-b-frontend/vite/deps/@angular_forms.js","/home/alex/dev/Bachelor/bmad-vergleichsstudie/.lizard-tmp-DUgF1d/code/seed-b-frontend/.angular/cache/22.1.3/seed-b-frontend/vite/deps/@angular_forms.js","setProperty","setProperty ( key , value )",57,59
3,1,11,1,3,"registerOnTouched@60-62@/home/alex/dev/Bachelor/bmad-vergleichsstudie/.lizard-tmp-DUgF1d/code/seed-b-frontend/.angular/cache/22.1.3/seed-b-frontend/vite/deps/@angular_forms.js","/home/alex/dev/Bachelor/bmad-vergleichsstudie/.lizard-tmp-DUgF1d/code/seed-b-frontend/.angular/cache/22.1.3/seed-b-frontend/vite/deps/@angular_forms.js","registerOnTouched","registerOnTouched ( fn )",60,62
3,1,11,1,3,"registerOnChange@63-65@/home/alex/dev/Bachelor/bmad-vergleichsstudie/.lizard-tmp-DUgF1d/code/seed-b-frontend/.angular/cache/22.1.3/seed-b-frontend/vite/deps/@angular_forms.js","/home/alex/dev/Bachelor/bmad-vergleichsstudie/.lizard-tmp-DUgF1d/code/seed-b-frontend/.angular/cache/22.1.3/seed-b-frontend/vite/deps/@angular_forms.js","registerOnChange","registerOnChange ( fn )",63,65
3,1,14,1,3,"setDisabledState@66-68@/home/alex/dev/Bachelor/bmad-vergleichsstudie/.lizard-tmp-DUgF1d/code/seed-b-frontend/.angular/cache/22.1.3/seed-b-frontend/vite/deps/@angular_forms.js","/home/alex/dev/Bachelor/bmad-vergleichsstudie/.lizard-tmp-DUgF1d/code/seed-b-frontend/.angular/cache/22.1.3/seed-b-frontend/vite/deps/@angular_forms.js","setDisabledState","setDisabledState ( isDisabled )",66,68
3,2,24,0,3,"BaseControlValueAccessor_Factory@69-71@/home/alex/dev/Bachelor/bmad-vergleichsstudie/.lizard-tmp-DUgF1d/code/seed-b-frontend/.angular/cache/22.1.3/seed-b-frontend/vite/deps/@angular_forms.js","/home/alex/dev/Bachelor/bmad-vergleichsstudie/.lizard-tmp-DUgF1d/code/seed-b-frontend/.angular/cache/22.1.3/seed-b-frontend/vite/deps/@angular_forms.js","BaseControlValueAccessor_Factory","BaseControlValueAccessor_Factory ( )",69,71
1,1,6,0,1,"(anonymous)@75-75@/home/alex/dev/Bachelor/bmad-vergleichsstudie/.lizard-tmp-DUgF1d/code/seed-b-frontend/.angular/cache/22.1.3/seed-b-frontend/vite/deps/@angular_forms.js","/home/alex/dev/Bachelor/bmad-vergleichsstudie/.lizard-tmp-DUgF1d/code/seed-b-frontend/.angular/cache/22.1.3/seed-b-frontend/vite/deps/@angular_forms.js","(anonymous)","(anonymous)",75,75
3,3,38,0,3,"(anonymous)@74-76@/home/alex/dev/Bachelor/bmad-vergleichsstudie/.lizard-tmp-DUgF1d/code/seed-b-frontend/.angular/cache/22.1.3/seed-b-frontend/vite/deps/@angular_forms.js","/home/alex/dev/Bachelor/bmad-vergleichsstudie/.lizard-tmp-DUgF1d/code/seed-b-frontend/.angular/cache/22.1.3/seed-b-frontend/vite/deps/@angular_forms.js","(anonymous)","(anonymous)",74,76
3,3,24,0,3,"BuiltInControlValueAccessor_Factory@80-82@/home/alex/dev/Bachelor/bmad-vergleichsstudie/.lizard-tmp-DUgF1d/code/seed-b-frontend/.angular/cache/22.1.3/seed-b-frontend/vite/deps/@angular_forms.js","/home/alex/dev/Bachelor/bmad-vergleichsstudie/.lizard-tmp-DUgF1d/code/seed-b-frontend/.angular/cache/22.1.3/seed-b-frontend/vite/deps/@angular_forms.js","BuiltInControlValueAccessor_Factory","BuiltInControlValueAccessor_Factory ( )",80,82
4,1,14,0,6,"ɵfac@78-83@/home/alex/dev/Bachelor/bmad-vergleichsstudie/.lizard-tmp-DUgF1d/code/seed-b-frontend/.angular/cache/22.1.3/seed-b-frontend/vite/deps/@angular_forms.js","/home/alex/dev/Bachelor/bmad-vergleichsstudie/.lizard-tmp-DUgF1d/code/seed-b-frontend/.angular/cache/22.1.3/seed-b-frontend/vite/deps/@angular_forms.js","ɵfac","ɵfac ( ( )",78,83
3,3,28,0,3,"(anonymous)@89-91@/home/alex/dev/Bachelor/bmad-vergleichsstudie/.lizard-tmp-DUgF1d/code/seed-b-frontend/.angular/cache/22.1.3/seed-b-frontend/vite/deps/@angular_forms.js","/home/alex/dev/Bachelor/bmad-vergleichsstudie/.lizard-tmp-DUgF1d/code/seed-b-frontend/.angular/cache/22.1.3/seed-b-frontend/vite/deps/@angular_forms.js","(anonymous)","(anonymous)",89,91
1,1,2,0,1,"(anonymous)@95-95@/home/alex/dev/Bachelor/bmad-vergleichsstudie/.lizard-tmp-DUgF1d/code/seed-b-frontend/.angular/cache/22.1.3/seed-b-frontend/vite/deps/@angular_forms.js","/home/alex/dev/Bachelor/bmad-vergleichsstudie/.lizard-tmp-DUgF1d/code/seed-b-frontend/.angular/cache/22.1.3/seed-b-frontend/vite/deps/@angular_forms.js","(anonymous)","(anonymous)",95,95
3,1,14,1,3,"writeValue@99-101@/home/alex/dev/Bachelor/bmad-vergleichsstudie/.lizard-tmp-DUgF1d/code/seed-b-frontend/.angular/cache/22.1.3/seed-b-frontend/vite/deps/@angular_forms.js","/home/alex/dev/Bachelor/bmad-vergleichsstudie/.lizard-tmp-DUgF1d/code/seed-b-frontend/.angular/cache/22.1.3/seed-b-frontend/vite/deps/@angular_forms.js","writeValue","writeValue ( value )",99,101
3,3,24,0,3,"CheckboxControlValueAccessor_Factory@104-106@/home/alex/dev/Bachelor/bmad-vergleichsstudie/.lizard-tmp-DUgF1d/code/seed-b-frontend/.angular/cache/22.1.3/seed-b-frontend/vite/deps/@angular_forms.js","/home/alex/dev/Bachelor/bmad-vergleichsstudie/.lizard-tmp-DUgF1d/code/seed-b-frontend/.angular/cache/22.1.3/seed-b-frontend/vite/deps/@angular_forms.js","CheckboxControlValueAccessor_Factory","CheckboxControlValueAccessor_Factory ( )",104,106
4,1,14,0,6,"ɵfac@102-107@/home/alex/dev/Bachelor/bmad-vergleichsstudie/.lizard-tmp-DUgF1d/code/seed-b-frontend/.angular/cache/22.1.3/seed-b-frontend/vite/deps/@angular_forms.js","/home/alex/dev/Bachelor/bmad-vergleichsstudie/.lizard-tmp-DUgF1d/code/seed-b-frontend/.angular/cache/22.1.3/seed-b-frontend/vite/deps/@angular_forms.js","ɵfac","ɵfac ( ( )",102,107
3,1,17,0,3,"CheckboxControlValueAccessor_change_HostBindingHandler@143-145@/home/alex/dev/Bachelor/bmad-vergleichsstudie/.lizard-tmp-DUgF1d/code/seed-b-frontend/.angular/cache/22.1.3/seed-b-frontend/vite/deps/@angular_forms.js","/home/alex/dev/Bachelor/bmad-vergleichsstudie/.lizard-tmp-DUgF1d/code/seed-b-frontend/.angular/cache/22.1.3/seed-b-frontend/vite/deps/@angular_forms.js","CheckboxControlValueAccessor_change_HostBindingHandler","CheckboxControlValueAccessor_change_HostBindingHandler ( )",143,145
3,1,11,0,3,"CheckboxControlValueAccessor_blur_HostBindingHandler@145-147@/home/alex/dev/Bachelor/bmad-vergleichsstudie/.lizard-tmp-DUgF1d/code/seed-b-frontend/.angular/cache/22.1.3/seed-b-frontend/vite/deps/@angular_forms.js","/home/alex/dev/Bachelor/bmad-vergleichsstudie/.lizard-tmp-DUgF1d/code/seed-b-frontend/.angular/cache/22.1.3/seed-b-frontend/vite/deps/@angular_forms.js","CheckboxControlValueAccessor_blur_HostBindingHandler","CheckboxControlValueAccessor_blur_HostBindingHandler ( )",145,147
3,2,29,2,7,"CheckboxControlValueAccessor_HostBindings@142-148@/home/alex/dev/Bachelor/bmad-vergleichsstudie/.lizard-tmp-DUgF1d/code/seed-b-frontend/.angular/cache/22.1.3/seed-b-frontend/vite/deps/@angular_forms.js","/home/alex/dev/Bachelor/bmad-vergleichsstudie/.lizard-tmp-DUgF1d/code/seed-b-frontend/.angular/cache/22.1.3/seed-b-frontend/vite/deps/@angular_forms.js","CheckboxControlValueAccessor_HostBindings","CheckboxControlValueAccessor_HostBindings ( rf , ctx )",142,148
13,3,58,0,13,"(anonymous)@153-165@/home/alex/dev/Bachelor/bmad-vergleichsstudie/.lizard-tmp-DUgF1d/code/seed-b-frontend/.angular/cache/22.1.3/seed-b-frontend/vite/deps/@angular_forms.js","/home/alex/dev/Bachelor/bmad-vergleichsstudie/.lizard-tmp-DUgF1d/code/seed-b-frontend/.angular/cache/22.1.3/seed-b-frontend/vite/deps/@angular_forms.js","(anonymous)","(anonymous)",153,165
1,1,2,0,1,"(anonymous)@169-169@/home/alex/dev/Bachelor/bmad-vergleichsstudie/.lizard-tmp-DUgF1d/code/seed-b-frontend/.angular/cache/22.1.3/seed-b-frontend/vite/deps/@angular_forms.js","/home/alex/dev/Bachelor/bmad-vergleichsstudie/.lizard-tmp-DUgF1d/code/seed-b-frontend/.angular/cache/22.1.3/seed-b-frontend/vite/deps/@angular_forms.js","(anonymous)","(anonymous)",169,169
4,2,40,0,4,"_isAndroid@172-175@/home/alex/dev/Bachelor/bmad-vergleichsstudie/.lizard-tmp-DUgF1d/code/seed-b-frontend/.angular/cache/22.1.3/seed-b-frontend/vite/deps/@angular_forms.js","/home/alex/dev/Bachelor/bmad-vergleichsstudie/.lizard-tmp-DUgF1d/code/seed-b-frontend/.angular/cache/22.1.3/seed-b-frontend/vite/deps/@angular_forms.js","_isAndroid","_isAndroid ( )",172,175
5,2,39,2,5,"constructor@180-184@/home/alex/dev/Bachelor/bmad-vergleichsstudie/.lizard-tmp-DUgF1d/code/seed-b-frontend/.angular/cache/22.1.3/seed-b-frontend/vite/deps/@angular_forms.js","/home/alex/dev/Bachelor/bmad-vergleichsstudie/.lizard-tmp-DUgF1d/code/seed-b-frontend/.angular/cache/22.1.3/seed-b-frontend/vite/deps/@angular_forms.js","constructor","constructor ( renderer , elementRef , )",180,184
4,2,25,1,4,"writeValue@185-188@/home/alex/dev/Bachelor/bmad-vergleichsstudie/.lizard-tmp-DUgF1d/code/seed-b-frontend/.angular/cache/22.1.3/seed-b-frontend/vite/deps/@angular_forms.js","/home/alex/dev/Bachelor/bmad-vergleichsstudie/.lizard-tmp-DUgF1d/code/seed-b-frontend/.angular/cache/22.1.3/seed-b-frontend/vite/deps/@angular_forms.js","writeValue","writeValue ( value )",185,188
3,4,28,1,3,"_handleInput@189-191@/home/alex/dev/Bachelor/bmad-vergleichsstudie/.lizard-tmp-DUgF1d/code/seed-b-frontend/.angular/cache/22.1.3/seed-b-frontend/vite/deps/@angular_forms.js","/home/alex/dev/Bachelor/bmad-vergleichsstudie/.lizard-tmp-DUgF1d/code/seed-b-frontend/.angular/cache/22.1.3/seed-b-frontend/vite/deps/@angular_forms.js","_handleInput","_handleInput ( value )",189,191
3,1,10,0,3,"_compositionStart@192-194@/home/alex/dev/Bachelor/bmad-vergleichsstudie/.lizard-tmp-DUgF1d/code/seed-b-frontend/.angular/cache/22.1.3/seed-b-frontend/vite/deps/@angular_forms.js","/home/alex/dev/Bachelor/bmad-vergleichsstudie/.lizard-tmp-DUgF1d/code/seed-b-frontend/.angular/cache/22.1.3/seed-b-frontend/vite/deps/@angular_forms.js","_compositionStart","_compositionStart ( )",192,194
4,2,22,1,4,"_compositionEnd@195-198@/home/alex/dev/Bachelor/bmad-vergleichsstudie/.lizard-tmp-DUgF1d/code/seed-b-frontend/.angular/cache/22.1.3/seed-b-frontend/vite/deps/@angular_forms.js","/home/alex/dev/Bachelor/bmad-vergleichsstudie/.lizard-tmp-DUgF1d/code/seed-b-frontend/.angular/cache/22.1.3/seed-b-frontend/vite/deps/@angular_forms.js","_compositionEnd","_compositionEnd ( value )",195,198
3,2,31,0,3,"DefaultValueAccessor_Factory@199-201@/home/alex/dev/Bachelor/bmad-vergleichsstudie/.lizard-tmp-DUgF1d/code/seed-b-frontend/.angular/cache/22.1.3/seed-b-frontend/vite/deps/@angular_forms.js","/home/alex/dev/Bachelor/bmad-vergleichsstudie/.lizard-tmp-DUgF1d/code/seed-b-frontend/.angular/cache/22.1.3/seed-b-frontend/vite/deps/@angular_forms.js","DefaultValueAccessor_Factory","DefaultValueAccessor_Factory ( )",199,201
3,1,17,0,3,"DefaultValueAccessor_input_HostBindingHandler@269-271@/home/alex/dev/Bachelor/bmad-vergleichsstudie/.lizard-tmp-DUgF1d/code/seed-b-frontend/.angular/cache/22.1.3/seed-b-frontend/vite/deps/@angular_forms.js","/home/alex/dev/Bachelor/bmad-vergleichsstudie/.lizard-tmp-DUgF1d/code/seed-b-frontend/.angular/cache/22.1.3/seed-b-frontend/vite/deps/@angular_forms.js","DefaultValueAccessor_input_HostBindingHandler","DefaultValueAccessor_input_HostBindingHandler ( )",269,271
3,1,11,0,3,"DefaultValueAccessor_blur_HostBindingHandler@271-273@/home/alex/dev/Bachelor/bmad-vergleichsstudie/.lizard-tmp-DUgF1d/code/seed-b-frontend/.angular/cache/22.1.3/seed-b-frontend/vite/deps/@angular_forms.js","/home/alex/dev/Bachelor/bmad-vergleichsstudie/.lizard-tmp-DUgF1d/code/seed-b-frontend/.angular/cache/22.1.3/seed-b-frontend/vite/deps/@angular_forms.js","DefaultValueAccessor_blur_HostBindingHandler","DefaultValueAccessor_blur_HostBindingHandler ( )",271,273
3,1,11,0,3,"DefaultValueAccessor_compositionstart_HostBindingHandler@273-275@/home/alex/dev/Bachelor/bmad-vergleichsstudie/.lizard-tmp-DUgF1d/code/seed-b-frontend/.angular/cache/22.1.3/seed-b-frontend/vite/deps/@angular_forms.js","/home/alex/dev/Bachelor/bmad-vergleichsstudie/.lizard-tmp-DUgF1d/code/seed-b-frontend/.angular/cache/22.1.3/seed-b-frontend/vite/deps/@angular_forms.js","DefaultValueAccessor_compositionstart_HostBindingHandler","DefaultValueAccessor_compositionstart_HostBindingHandler ( )",273,275
3,1,17,0,3,"DefaultValueAccessor_compositionend_HostBindingHandler@275-277@/home/alex/dev/Bachelor/bmad-vergleichsstudie/.lizard-tmp-DUgF1d/code/seed-b-frontend/.angular/cache/22.1.3/seed-b-frontend/vite/deps/@angular_forms.js","/home/alex/dev/Bachelor/bmad-vergleichsstudie/.lizard-tmp-DUgF1d/code/seed-b-frontend/.angular/cache/22.1.3/seed-b-frontend/vite/deps/@angular_forms.js","DefaultValueAccessor_compositionend_HostBindingHandler","DefaultValueAccessor_compositionend_HostBindingHandler ( )",275,277
69,2,167,4,77,"ɵɵdefineDirective@202-278@/home/alex/dev/Bachelor/bmad-vergleichsstudie/.lizard-tmp-DUgF1d/code/seed-b-frontend/.angular/cache/22.1.3/seed-b-frontend/vite/deps/@angular_forms.js","/home/alex/dev/Bachelor/bmad-vergleichsstudie/.lizard-tmp-DUgF1d/code/seed-b-frontend/.angular/cache/22.1.3/seed-b-frontend/vite/deps/@angular_forms.js","ɵɵdefineDirective","ɵɵdefineDirective ( type DefaultValueAccessor , selectors , , , , , , , , , , , , , , , , , , , , , , , , , , , , , , , , , , , , , , , , , , , , , , , , hostBindings function DefaultValueAccessor_HostBindings ( rf , ctx )",202,278
2,1,6,0,2,"(anonymous)@297-298@/home/alex/dev/Bachelor/bmad-vergleichsstudie/.lizard-tmp-DUgF1d/code/seed-b-frontend/.angular/cache/22.1.3/seed-b-frontend/vite/deps/@angular_forms.js","/home/alex/dev/Bachelor/bmad-vergleichsstudie/.lizard-tmp-DUgF1d/code/seed-b-frontend/.angular/cache/22.1.3/seed-b-frontend/vite/deps/@angular_forms.js","(anonymous)","(anonymous)",297,298
23,3,101,0,24,"(anonymous)@283-306@/home/alex/dev/Bachelor/bmad-vergleichsstudie/.lizard-tmp-DUgF1d/code/seed-b-frontend/.angular/cache/22.1.3/seed-b-frontend/vite/deps/@angular_forms.js","/home/alex/dev/Bachelor/bmad-vergleichsstudie/.lizard-tmp-DUgF1d/code/seed-b-frontend/.angular/cache/22.1.3/seed-b-frontend/vite/deps/@angular_forms.js","(anonymous)","(anonymous)",283,306
3,2,17,1,3,"isEmptyInputValue@309-311@/home/alex/dev/Bachelor/bmad-vergleichsstudie/.lizard-tmp-DUgF1d/code/seed-b-frontend/.angular/cache/22.1.3/seed-b-frontend/vite/deps/@angular_forms.js","/home/alex/dev/Bachelor/bmad-vergleichsstudie/.lizard-tmp-DUgF1d/code/seed-b-frontend/.angular/cache/22.1.3/seed-b-frontend/vite/deps/@angular_forms.js","isEmptyInputValue","isEmptyInputValue ( value )",309,311
6,5,49,1,6,"lengthOrSize@312-317@/home/alex/dev/Bachelor/bmad-vergleichsstudie/.lizard-tmp-DUgF1d/code/seed-b-frontend/.angular/cache/22.1.3/seed-b-frontend/vite/deps/@angular_forms.js","/home/alex/dev/Bachelor/bmad-vergleichsstudie/.lizard-tmp-DUgF1d/code/seed-b-frontend/.angular/cache/22.1.3/seed-b-frontend/vite/deps/@angular_forms.js","lengthOrSize","lengthOrSize ( value )",312,317
1,1,7,0,1,"(anonymous)@4744-4744@/home/alex/dev/Bachelor/bmad-vergleichsstudie/.lizard-tmp-DUgF1d/code/seed-b-frontend/.angular/cache/22.1.3/seed-b-frontend/vite/deps/@angular_forms.js","/home/alex/dev/Bachelor/bmad-vergleichsstudie/.lizard-tmp-DUgF1d/code/seed-b-frontend/.angular/cache/22.1.3/seed-b-frontend/vite/deps/@angular_forms.js","(anonymous)","(anonymous)",4744,4744
3,1,23,2,3,"optionSelectedStateSetter@4745-4747@/home/alex/dev/Bachelor/bmad-vergleichsstudie/.lizard-tmp-DUgF1d/code/seed-b-frontend/.angular/cache/22.1.3/seed-b-frontend/vite/deps/@angular_forms.js","/home/alex/dev/Bachelor/bmad-vergleichsstudie/.lizard-tmp-DUgF1d/code/seed-b-frontend/.angular/cache/22.1.3/seed-b-frontend/vite/deps/@angular_forms.js","optionSelectedStateSetter","optionSelectedStateSetter ( opt , id )",4745,4747
3,1,13,1,3,"optionSelectedStateSetter@4748-4750@/home/alex/dev/Bachelor/bmad-vergleichsstudie/.lizard-tmp-DUgF1d/code/seed-b-frontend/.angular/cache/22.1.3/seed-b-frontend/vite/deps/@angular_forms.js","/home/alex/dev/Bachelor/bmad-vergleichsstudie/.lizard-tmp-DUgF1d/code/seed-b-frontend/.angular/cache/22.1.3/seed-b-frontend/vite/deps/@angular_forms.js","optionSelectedStateSetter","optionSelectedStateSetter ( opt )",4748,4750
23,5,148,0,23,"this.onChange@4754-4776@/home/alex/dev/Bachelor/bmad-vergleichsstudie/.lizard-tmp-DUgF1d/code/seed-b-frontend/.angular/cache/22.1.3/seed-b-frontend/vite/deps/@angular_forms.js","/home/alex/dev/Bachelor/bmad-vergleichsstudie/.lizard-tmp-DUgF1d/code/seed-b-frontend/.angular/cache/22.1.3/seed-b-frontend/vite/deps/@angular_forms.js","this.onChange","this.onChange",4754,4776
3,3,24,0,3,"SelectMultipleControlValueAccessor_Factory@4793-4795@/home/alex/dev/Bachelor/bmad-vergleichsstudie/.lizard-tmp-DUgF1d/code/seed-b-frontend/.angular/cache/22.1.3/seed-b-frontend/vite/deps/@angular_forms.js","/home/alex/dev/Bachelor/bmad-vergleichsstudie/.lizard-tmp-DUgF1d/code/seed-b-frontend/.angular/cache/22.1.3/seed-b-frontend/vite/deps/@angular_forms.js","SelectMultipleControlValueAccessor_Factory","SelectMultipleControlValueAccessor_Factory ( )",4793,4795
4,1,14,0,6,"ɵfac@4791-4796@/home/alex/dev/Bachelor/bmad-vergleichsstudie/.lizard-tmp-DUgF1d/code/seed-b-frontend/.angular/cache/22.1.3/seed-b-frontend/vite/deps/@angular_forms.js","/home/alex/dev/Bachelor/bmad-vergleichsstudie/.lizard-tmp-DUgF1d/code/seed-b-frontend/.angular/cache/22.1.3/seed-b-frontend/vite/deps/@angular_forms.js","ɵfac","ɵfac ( ( )",4791,4796
3,1,15,0,3,"SelectMultipleControlValueAccessor_change_HostBindingHandler@4832-4834@/home/alex/dev/Bachelor/bmad-vergleichsstudie/.lizard-tmp-DUgF1d/code/seed-b-frontend/.angular/cache/22.1.3/seed-b-frontend/vite/deps/@angular_forms.js","/home/alex/dev/Bachelor/bmad-vergleichsstudie/.lizard-tmp-DUgF1d/code/seed-b-frontend/.angular/cache/22.1.3/seed-b-frontend/vite/deps/@angular_forms.js","SelectMultipleControlValueAccessor_change_HostBindingHandler","SelectMultipleControlValueAccessor_change_HostBindingHandler ( )",4832,4834
3,1,11,0,3,"SelectMultipleControlValueAccessor_blur_HostBindingHandler@4834-4836@/home/alex/dev/Bachelor/bmad-vergleichsstudie/.lizard-tmp-DUgF1d/code/seed-b-frontend/.angular/cache/22.1.3/seed-b-frontend/vite/deps/@angular_forms.js","/home/alex/dev/Bachelor/bmad-vergleichsstudie/.lizard-tmp-DUgF1d/code/seed-b-frontend/.angular/cache/22.1.3/seed-b-frontend/vite/deps/@angular_forms.js","SelectMultipleControlValueAccessor_blur_HostBindingHandler","SelectMultipleControlValueAccessor_blur_HostBindingHandler ( )",4834,4836
3,2,29,2,7,"SelectMultipleControlValueAccessor_HostBindings@4831-4837@/home/alex/dev/Bachelor/bmad-vergleichsstudie/.lizard-tmp-DUgF1d/code/seed-b-frontend/.angular/cache/22.1.3/seed-b-frontend/vite/deps/@angular_forms.js","/home/alex/dev/Bachelor/bmad-vergleichsstudie/.lizard-tmp-DUgF1d/code/seed-b-frontend/.angular/cache/22.1.3/seed-b-frontend/vite/deps/@angular_forms.js","SelectMultipleControlValueAccessor_HostBindings","SelectMultipleControlValueAccessor_HostBindings ( rf , ctx )",4831,4837
13,3,68,0,13,"(anonymous)@4843-4855@/home/alex/dev/Bachelor/bmad-vergleichsstudie/.lizard-tmp-DUgF1d/code/seed-b-frontend/.angular/cache/22.1.3/seed-b-frontend/vite/deps/@angular_forms.js","/home/alex/dev/Bachelor/bmad-vergleichsstudie/.lizard-tmp-DUgF1d/code/seed-b-frontend/.angular/cache/22.1.3/seed-b-frontend/vite/deps/@angular_forms.js","(anonymous)","(anonymous)",4843,4855
6,2,46,0,6,"constructor@4863-4868@/home/alex/dev/Bachelor/bmad-vergleichsstudie/.lizard-tmp-DUgF1d/code/seed-b-frontend/.angular/cache/22.1.3/seed-b-frontend/vite/deps/@angular_forms.js","/home/alex/dev/Bachelor/bmad-vergleichsstudie/.lizard-tmp-DUgF1d/code/seed-b-frontend/.angular/cache/22.1.3/seed-b-frontend/vite/deps/@angular_forms.js","constructor","constructor ( , , )",4863,4868
6,2,48,1,6,"set ngValue@4869-4874@/home/alex/dev/Bachelor/bmad-vergleichsstudie/.lizard-tmp-DUgF1d/code/seed-b-frontend/.angular/cache/22.1.3/seed-b-frontend/vite/deps/@angular_forms.js","/home/alex/dev/Bachelor/bmad-vergleichsstudie/.lizard-tmp-DUgF1d/code/seed-b-frontend/.angular/cache/22.1.3/seed-b-frontend/vite/deps/@angular_forms.js","set ngValue","set ngValue ( value )",4869,4874
7,2,54,1,7,"set value@4875-4881@/home/alex/dev/Bachelor/bmad-vergleichsstudie/.lizard-tmp-DUgF1d/code/seed-b-frontend/.angular/cache/22.1.3/seed-b-frontend/vite/deps/@angular_forms.js","/home/alex/dev/Bachelor/bmad-vergleichsstudie/.lizard-tmp-DUgF1d/code/seed-b-frontend/.angular/cache/22.1.3/seed-b-frontend/vite/deps/@angular_forms.js","set value","set value ( value )",4875,4881
3,1,22,1,3,"_setElementValue@4882-4884@/home/alex/dev/Bachelor/bmad-vergleichsstudie/.lizard-tmp-DUgF1d/code/seed-b-frontend/.angular/cache/22.1.3/seed-b-frontend/vite/deps/@angular_forms.js","/home/alex/dev/Bachelor/bmad-vergleichsstudie/.lizard-tmp-DUgF1d/code/seed-b-frontend/.angular/cache/22.1.3/seed-b-frontend/vite/deps/@angular_forms.js","_setElementValue","_setElementValue ( value )",4882,4884
3,1,22,1,3,"_setSelected@4885-4887@/home/alex/dev/Bachelor/bmad-vergleichsstudie/.lizard-tmp-DUgF1d/code/seed-b-frontend/.angular/cache/22.1.3/seed-b-frontend/vite/deps/@angular_forms.js","/home/alex/dev/Bachelor/bmad-vergleichsstudie/.lizard-tmp-DUgF1d/code/seed-b-frontend/.angular/cache/22.1.3/seed-b-frontend/vite/deps/@angular_forms.js","_setSelected","_setSelected ( selected )",4885,4887
6,2,38,0,6,"ngOnDestroy@4888-4893@/home/alex/dev/Bachelor/bmad-vergleichsstudie/.lizard-tmp-DUgF1d/code/seed-b-frontend/.angular/cache/22.1.3/seed-b-frontend/vite/deps/@angular_forms.js","/home/alex/dev/Bachelor/bmad-vergleichsstudie/.lizard-tmp-DUgF1d/code/seed-b-frontend/.angular/cache/22.1.3/seed-b-frontend/vite/deps/@angular_forms.js","ngOnDestroy","ngOnDestroy ( )",4888,4893
3,2,31,0,3,"ɵNgSelectMultipleOption_Factory@4894-4896@/home/alex/dev/Bachelor/bmad-vergleichsstudie/.lizard-tmp-DUgF1d/code/seed-b-frontend/.angular/cache/22.1.3/seed-b-frontend/vite/deps/@angular_forms.js","/home/alex/dev/Bachelor/bmad-vergleichsstudie/.lizard-tmp-DUgF1d/code/seed-b-frontend/.angular/cache/22.1.3/seed-b-frontend/vite/deps/@angular_forms.js","ɵNgSelectMultipleOption_Factory","ɵNgSelectMultipleOption_Factory ( )",4894,4896
2,1,6,0,2,"(anonymous)@4914-4915@/home/alex/dev/Bachelor/bmad-vergleichsstudie/.lizard-tmp-DUgF1d/code/seed-b-frontend/.angular/cache/22.1.3/seed-b-frontend/vite/deps/@angular_forms.js","/home/alex/dev/Bachelor/bmad-vergleichsstudie/.lizard-tmp-DUgF1d/code/seed-b-frontend/.angular/cache/22.1.3/seed-b-frontend/vite/deps/@angular_forms.js","(anonymous)","(anonymous)",4914,4915
23,3,104,0,24,"(anonymous)@4907-4930@/home/alex/dev/Bachelor/bmad-vergleichsstudie/.lizard-tmp-DUgF1d/code/seed-b-frontend/.angular/cache/22.1.3/seed-b-frontend/vite/deps/@angular_forms.js","/home/alex/dev/Bachelor/bmad-vergleichsstudie/.lizard-tmp-DUgF1d/code/seed-b-frontend/.angular/cache/22.1.3/seed-b-frontend/vite/deps/@angular_forms.js","(anonymous)","(anonymous)",4907,4930
3,2,15,0,3,"ɵInternalFormsSharedModule_Factory@4968-4970@/home/alex/dev/Bachelor/bmad-vergleichsstudie/.lizard-tmp-DUgF1d/code/seed-b-frontend/.angular/cache/22.1.3/seed-b-frontend/vite/deps/@angular_forms.js","/home/alex/dev/Bachelor/bmad-vergleichsstudie/.lizard-tmp-DUgF1d/code/seed-b-frontend/.angular/cache/22.1.3/seed-b-frontend/vite/deps/@angular_forms.js","ɵInternalFormsSharedModule_Factory","ɵInternalFormsSharedModule_Factory ( )",4968,4970
9,3,42,0,9,"(anonymous)@5020-5028@/home/alex/dev/Bachelor/bmad-vergleichsstudie/.lizard-tmp-DUgF1d/code/seed-b-frontend/.angular/cache/22.1.3/seed-b-frontend/vite/deps/@angular_forms.js","/home/alex/dev/Bachelor/bmad-vergleichsstudie/.lizard-tmp-DUgF1d/code/seed-b-frontend/.angular/cache/22.1.3/seed-b-frontend/vite/deps/@angular_forms.js","(anonymous)","(anonymous)",5020,5028
3,4,33,1,3,"isAbstractControlOptions@5029-5031@/home/alex/dev/Bachelor/bmad-vergleichsstudie/.lizard-tmp-DUgF1d/code/seed-b-frontend/.angular/cache/22.1.3/seed-b-frontend/vite/deps/@angular_forms.js","/home/alex/dev/Bachelor/bmad-vergleichsstudie/.lizard-tmp-DUgF1d/code/seed-b-frontend/.angular/cache/22.1.3/seed-b-frontend/vite/deps/@angular_forms.js","isAbstractControlOptions","isAbstractControlOptions ( options )",5029,5031
5,1,21,0,5,"get nonNullable@5034-5038@/home/alex/dev/Bachelor/bmad-vergleichsstudie/.lizard-tmp-DUgF1d/code/seed-b-frontend/.angular/cache/22.1.3/seed-b-frontend/vite/deps/@angular_forms.js","/home/alex/dev/Bachelor/bmad-vergleichsstudie/.lizard-tmp-DUgF1d/code/seed-b-frontend/.angular/cache/22.1.3/seed-b-frontend/vite/deps/@angular_forms.js","get nonNullable","get nonNullable ( )",5034,5038
10,3,70,2,10,"group@5039-5048@/home/alex/dev/Bachelor/bmad-vergleichsstudie/.lizard-tmp-DUgF1d/code/seed-b-frontend/.angular/cache/22.1.3/seed-b-frontend/vite/deps/@angular_forms.js","/home/alex/dev/Bachelor/bmad-vergleichsstudie/.lizard-tmp-DUgF1d/code/seed-b-frontend/.angular/cache/22.1.3/seed-b-frontend/vite/deps/@angular_forms.js","group","group ( controls , options null )",5039,5048
3,1,23,2,3,"record@5049-5051@/home/alex/dev/Bachelor/bmad-vergleichsstudie/.lizard-tmp-DUgF1d/code/seed-b-frontend/.angular/cache/22.1.3/seed-b-frontend/vite/deps/@angular_forms.js","/home/alex/dev/Bachelor/bmad-vergleichsstudie/.lizard-tmp-DUgF1d/code/seed-b-frontend/.angular/cache/22.1.3/seed-b-frontend/vite/deps/@angular_forms.js","record","record ( controls , options null )",5049,5051
13,3,75,3,13,"control@5052-5064@/home/alex/dev/Bachelor/bmad-vergleichsstudie/.lizard-tmp-DUgF1d/code/seed-b-frontend/.angular/cache/22.1.3/seed-b-frontend/vite/deps/@angular_forms.js","/home/alex/dev/Bachelor/bmad-vergleichsstudie/.lizard-tmp-DUgF1d/code/seed-b-frontend/.angular/cache/22.1.3/seed-b-frontend/vite/deps/@angular_forms.js","control","control ( formState , validatorOrOpts , asyncValidator )",5052,5064
1,1,7,0,1,"(anonymous)@5066-5066@/home/alex/dev/Bachelor/bmad-vergleichsstudie/.lizard-tmp-DUgF1d/code/seed-b-frontend/.angular/cache/22.1.3/seed-b-frontend/vite/deps/@angular_forms.js","/home/alex/dev/Bachelor/bmad-vergleichsstudie/.lizard-tmp-DUgF1d/code/seed-b-frontend/.angular/cache/22.1.3/seed-b-frontend/vite/deps/@angular_forms.js","(anonymous)","(anonymous)",5066,5066
3,1,28,3,3,"array@5065-5067@/home/alex/dev/Bachelor/bmad-vergleichsstudie/.lizard-tmp-DUgF1d/code/seed-b-frontend/.angular/cache/22.1.3/seed-b-frontend/vite/deps/@angular_forms.js","/home/alex/dev/Bachelor/bmad-vergleichsstudie/.lizard-tmp-DUgF1d/code/seed-b-frontend/.angular/cache/22.1.3/seed-b-frontend/vite/deps/@angular_forms.js","array","array ( controls , validatorOrOpts , asyncValidator )",5065,5067
3,1,17,0,3,"(anonymous)@5070-5072@/home/alex/dev/Bachelor/bmad-vergleichsstudie/.lizard-tmp-DUgF1d/code/seed-b-frontend/.angular/cache/22.1.3/seed-b-frontend/vite/deps/@angular_forms.js","/home/alex/dev/Bachelor/bmad-vergleichsstudie/.lizard-tmp-DUgF1d/code/seed-b-frontend/.angular/cache/22.1.3/seed-b-frontend/vite/deps/@angular_forms.js","(anonymous)","(anonymous)",5070,5072
5,1,30,1,7,"_reduceControls@5068-5074@/home/alex/dev/Bachelor/bmad-vergleichsstudie/.lizard-tmp-DUgF1d/code/seed-b-frontend/.angular/cache/22.1.3/seed-b-frontend/vite/deps/@angular_forms.js","/home/alex/dev/Bachelor/bmad-vergleichsstudie/.lizard-tmp-DUgF1d/code/seed-b-frontend/.angular/cache/22.1.3/seed-b-frontend/vite/deps/@angular_forms.js","_reduceControls","_reduceControls ( controls )",5068,5074
10,6,97,1,10,"_createControl@5075-5084@/home/alex/dev/Bachelor/bmad-vergleichsstudie/.lizard-tmp-DUgF1d/code/seed-b-frontend/.angular/cache/22.1.3/seed-b-frontend/vite/deps/@angular_forms.js","/home/alex/dev/Bachelor/bmad-vergleichsstudie/.lizard-tmp-DUgF1d/code/seed-b-frontend/.angular/cache/22.1.3/seed-b-frontend/vite/deps/@angular_forms.js","_createControl","_createControl ( controls )",5075,5084
3,2,15,0,3,"FormBuilder_Factory@5085-5087@/home/alex/dev/Bachelor/bmad-vergleichsstudie/.lizard-tmp-DUgF1d/code/seed-b-frontend/.angular/cache/22.1.3/seed-b-frontend/vite/deps/@angular_forms.js","/home/alex/dev/Bachelor/bmad-vergleichsstudie/.lizard-tmp-DUgF1d/code/seed-b-frontend/.angular/cache/22.1.3/seed-b-frontend/vite/deps/@angular_forms.js","FormBuilder_Factory","FormBuilder_Factory ( )",5085,5087
3,3,28,0,3,"(anonymous)@5093-5095@/home/alex/dev/Bachelor/bmad-vergleichsstudie/.lizard-tmp-DUgF1d/code/seed-b-frontend/.angular/cache/22.1.3/seed-b-frontend/vite/deps/@angular_forms.js","/home/alex/dev/Bachelor/bmad-vergleichsstudie/.lizard-tmp-DUgF1d/code/seed-b-frontend/.angular/cache/22.1.3/seed-b-frontend/vite/deps/@angular_forms.js","(anonymous)","(anonymous)",5093,5095
3,2,15,0,3,"NonNullableFormBuilder_Factory@5097-5099@/home/alex/dev/Bachelor/bmad-vergleichsstudie/.lizard-tmp-DUgF1d/code/seed-b-frontend/.angular/cache/22.1.3/seed-b-frontend/vite/deps/@angular_forms.js","/home/alex/dev/Bachelor/bmad-vergleichsstudie/.lizard-tmp-DUgF1d/code/seed-b-frontend/.angular/cache/22.1.3/seed-b-frontend/vite/deps/@angular_forms.js","NonNullableFormBuilder_Factory","NonNullableFormBuilder_Factory ( )",5097,5099
6,3,46,0,6,"(anonymous)@5105-5110@/home/alex/dev/Bachelor/bmad-vergleichsstudie/.lizard-tmp-DUgF1d/code/seed-b-frontend/.angular/cache/22.1.3/seed-b-frontend/vite/deps/@angular_forms.js","/home/alex/dev/Bachelor/bmad-vergleichsstudie/.lizard-tmp-DUgF1d/code/seed-b-frontend/.angular/cache/22.1.3/seed-b-frontend/vite/deps/@angular_forms.js","(anonymous)","(anonymous)",5105,5110
3,1,19,2,3,"group@5112-5114@/home/alex/dev/Bachelor/bmad-vergleichsstudie/.lizard-tmp-DUgF1d/code/seed-b-frontend/.angular/cache/22.1.3/seed-b-frontend/vite/deps/@angular_forms.js","/home/alex/dev/Bachelor/bmad-vergleichsstudie/.lizard-tmp-DUgF1d/code/seed-b-frontend/.angular/cache/22.1.3/seed-b-frontend/vite/deps/@angular_forms.js","group","group ( controlsConfig , options null )",5112,5114
3,1,21,3,3,"control@5115-5117@/home/alex/dev/Bachelor/bmad-vergleichsstudie/.lizard-tmp-DUgF1d/code/seed-b-frontend/.angular/cache/22.1.3/seed-b-frontend/vite/deps/@angular_forms.js","/home/alex/dev/Bachelor/bmad-vergleichsstudie/.lizard-tmp-DUgF1d/code/seed-b-frontend/.angular/cache/22.1.3/seed-b-frontend/vite/deps/@angular_forms.js","control","control ( formState , validatorOrOpts , asyncValidator )",5115,5117
3,1,21,3,3,"array@5118-5120@/home/alex/dev/Bachelor/bmad-vergleichsstudie/.lizard-tmp-DUgF1d/code/seed-b-frontend/.angular/cache/22.1.3/seed-b-frontend/vite/deps/@angular_forms.js","/home/alex/dev/Bachelor/bmad-vergleichsstudie/.lizard-tmp-DUgF1d/code/seed-b-frontend/.angular/cache/22.1.3/seed-b-frontend/vite/deps/@angular_forms.js","array","array ( controlsConfig , validatorOrOpts , asyncValidator )",5118,5120
3,2,15,0,3,"UntypedFormBuilder_Factory@5121-5123@/home/alex/dev/Bachelor/bmad-vergleichsstudie/.lizard-tmp-DUgF1d/code/seed-b-frontend/.angular/cache/22.1.3/seed-b-frontend/vite/deps/@angular_forms.js","/home/alex/dev/Bachelor/bmad-vergleichsstudie/.lizard-tmp-DUgF1d/code/seed-b-frontend/.angular/cache/22.1.3/seed-b-frontend/vite/deps/@angular_forms.js","UntypedFormBuilder_Factory","UntypedFormBuilder_Factory ( )",5121,5123
3,3,28,0,3,"(anonymous)@5129-5131@/home/alex/dev/Bachelor/bmad-vergleichsstudie/.lizard-tmp-DUgF1d/code/seed-b-frontend/.angular/cache/22.1.3/seed-b-frontend/vite/deps/@angular_forms.js","/home/alex/dev/Bachelor/bmad-vergleichsstudie/.lizard-tmp-DUgF1d/code/seed-b-frontend/.angular/cache/22.1.3/seed-b-frontend/vite/deps/@angular_forms.js","(anonymous)","(anonymous)",5129,5131
9,3,31,1,9,"withConfig@5133-5141@/home/alex/dev/Bachelor/bmad-vergleichsstudie/.lizard-tmp-DUgF1d/code/seed-b-frontend/.angular/cache/22.1.3/seed-b-frontend/vite/deps/@angular_forms.js","/home/alex/dev/Bachelor/bmad-vergleichsstudie/.lizard-tmp-DUgF1d/code/seed-b-frontend/.angular/cache/22.1.3/seed-b-frontend/vite/deps/@angular_forms.js","withConfig","withConfig ( opts )",5133,5141
3,2,15,0,3,"FormsModule_Factory@5142-5144@/home/alex/dev/Bachelor/bmad-vergleichsstudie/.lizard-tmp-DUgF1d/code/seed-b-frontend/.angular/cache/22.1.3/seed-b-frontend/vite/deps/@angular_forms.js","/home/alex/dev/Bachelor/bmad-vergleichsstudie/.lizard-tmp-DUgF1d/code/seed-b-frontend/.angular/cache/22.1.3/seed-b-frontend/vite/deps/@angular_forms.js","FormsModule_Factory","FormsModule_Factory ( )",5142,5144
8,3,44,0,8,"(anonymous)@5161-5168@/home/alex/dev/Bachelor/bmad-vergleichsstudie/.lizard-tmp-DUgF1d/code/seed-b-frontend/.angular/cache/22.1.3/seed-b-frontend/vite/deps/@angular_forms.js","/home/alex/dev/Bachelor/bmad-vergleichsstudie/.lizard-tmp-DUgF1d/code/seed-b-frontend/.angular/cache/22.1.3/seed-b-frontend/vite/deps/@angular_forms.js","(anonymous)","(anonymous)",5161,5168
12,5,46,1,12,"withConfig@5171-5182@/home/alex/dev/Bachelor/bmad-vergleichsstudie/.lizard-tmp-DUgF1d/code/seed-b-frontend/.angular/cache/22.1.3/seed-b-frontend/vite/deps/@angular_forms.js","/home/alex/dev/Bachelor/bmad-vergleichsstudie/.lizard-tmp-DUgF1d/code/seed-b-frontend/.angular/cache/22.1.3/seed-b-frontend/vite/deps/@angular_forms.js","withConfig","withConfig ( opts )",5171,5182
3,2,15,0,3,"ReactiveFormsModule_Factory@5183-5185@/home/alex/dev/Bachelor/bmad-vergleichsstudie/.lizard-tmp-DUgF1d/code/seed-b-frontend/.angular/cache/22.1.3/seed-b-frontend/vite/deps/@angular_forms.js","/home/alex/dev/Bachelor/bmad-vergleichsstudie/.lizard-tmp-DUgF1d/code/seed-b-frontend/.angular/cache/22.1.3/seed-b-frontend/vite/deps/@angular_forms.js","ReactiveFormsModule_Factory","ReactiveFormsModule_Factory ( )",5183,5185
8,3,46,0,8,"(anonymous)@5208-5215@/home/alex/dev/Bachelor/bmad-vergleichsstudie/.lizard-tmp-DUgF1d/code/seed-b-frontend/.angular/cache/22.1.3/seed-b-frontend/vite/deps/@angular_forms.js","/home/alex/dev/Bachelor/bmad-vergleichsstudie/.lizard-tmp-DUgF1d/code/seed-b-frontend/.angular/cache/22.1.3/seed-b-frontend/vite/deps/@angular_forms.js","(anonymous)","(anonymous)",5208,5215
3,1,12,1,3,"(anonymous)@9-11@/home/alex/dev/Bachelor/bmad-vergleichsstudie/.lizard-tmp-DUgF1d/code/seed-b-frontend/.angular/cache/22.1.3/seed-b-frontend/vite/deps/@angular_router.js","/home/alex/dev/Bachelor/bmad-vergleichsstudie/.lizard-tmp-DUgF1d/code/seed-b-frontend/.angular/cache/22.1.3/seed-b-frontend/vite/deps/@angular_router.js","(anonymous)","(anonymous) ( subscriber )",9,11
3,1,15,1,3,"init@18-20@/home/alex/dev/Bachelor/bmad-vergleichsstudie/.lizard-tmp-DUgF1d/code/seed-b-frontend/.angular/cache/22.1.3/seed-b-frontend/vite/deps/@angular_router.js","/home/alex/dev/Bachelor/bmad-vergleichsstudie/.lizard-tmp-DUgF1d/code/seed-b-frontend/.angular/cache/22.1.3/seed-b-frontend/vite/deps/@angular_router.js","init","init ( subscriber )",18,20
3,1,17,1,3,"(anonymous)@21-23@/home/alex/dev/Bachelor/bmad-vergleichsstudie/.lizard-tmp-DUgF1d/code/seed-b-frontend/.angular/cache/22.1.3/seed-b-frontend/vite/deps/@angular_router.js","/home/alex/dev/Bachelor/bmad-vergleichsstudie/.lizard-tmp-DUgF1d/code/seed-b-frontend/.angular/cache/22.1.3/seed-b-frontend/vite/deps/@angular_router.js","(anonymous)","(anonymous) ( subscriber )",21,23
7,3,45,2,11,"throwError@14-24@/home/alex/dev/Bachelor/bmad-vergleichsstudie/.lizard-tmp-DUgF1d/code/seed-b-frontend/.angular/cache/22.1.3/seed-b-frontend/vite/deps/@angular_router.js","/home/alex/dev/Bachelor/bmad-vergleichsstudie/.lizard-tmp-DUgF1d/code/seed-b-frontend/.angular/cache/22.1.3/seed-b-frontend/vite/deps/@angular_router.js","throwError","throwError ( errorOrErrorFactory , scheduler )",14,24
3,4,32,1,3,"isObservable@27-29@/home/alex/dev/Bachelor/bmad-vergleichsstudie/.lizard-tmp-DUgF1d/code/seed-b-frontend/.angular/cache/22.1.3/seed-b-frontend/vite/deps/@angular_router.js","/home/alex/dev/Bachelor/bmad-vergleichsstudie/.lizard-tmp-DUgF1d/code/seed-b-frontend/.angular/cache/22.1.3/seed-b-frontend/vite/deps/@angular_router.js","isObservable","isObservable ( obj )",27,29
5,1,21,0,5,"EmptyErrorImpl@33-37@/home/alex/dev/Bachelor/bmad-vergleichsstudie/.lizard-tmp-DUgF1d/code/seed-b-frontend/.angular/cache/22.1.3/seed-b-frontend/vite/deps/@angular_router.js","/home/alex/dev/Bachelor/bmad-vergleichsstudie/.lizard-tmp-DUgF1d/code/seed-b-frontend/.angular/cache/22.1.3/seed-b-frontend/vite/deps/@angular_router.js","EmptyErrorImpl","EmptyErrorImpl ( )",33,37
3,1,10,0,7,"(anonymous)@32-38@/home/alex/dev/Bachelor/bmad-vergleichsstudie/.lizard-tmp-DUgF1d/code/seed-b-frontend/.angular/cache/22.1.3/seed-b-frontend/vite/deps/@angular_router.js","/home/alex/dev/Bachelor/bmad-vergleichsstudie/.lizard-tmp-DUgF1d/code/seed-b-frontend/.angular/cache/22.1.3/seed-b-frontend/vite/deps/@angular_router.js","(anonymous)","(anonymous) ( )",32,38
3,1,13,1,3,"(anonymous)@48-50@/home/alex/dev/Bachelor/bmad-vergleichsstudie/.lizard-tmp-DUgF1d/code/seed-b-frontend/.angular/cache/22.1.3/seed-b-frontend/vite/deps/@angular_router.js","/home/alex/dev/Bachelor/bmad-vergleichsstudie/.lizard-tmp-DUgF1d/code/seed-b-frontend/.angular/cache/22.1.3/seed-b-frontend/vite/deps/@angular_router.js","(anonymous)","(anonymous) ( values )",48,50
10,5,125,0,12,"combineLatest@41-52@/home/alex/dev/Bachelor/bmad-vergleichsstudie/.lizard-tmp-DUgF1d/code/seed-b-frontend/.angular/cache/22.1.3/seed-b-frontend/vite/deps/@angular_router.js","/home/alex/dev/Bachelor/bmad-vergleichsstudie/.lizard-tmp-DUgF1d/code/seed-b-frontend/.angular/cache/22.1.3/seed-b-frontend/vite/deps/@angular_router.js","combineLatest","combineLatest ( )",41,52
8,3,45,1,8,"(anonymous)@65-72@/home/alex/dev/Bachelor/bmad-vergleichsstudie/.lizard-tmp-DUgF1d/code/seed-b-frontend/.angular/cache/22.1.3/seed-b-frontend/vite/deps/@angular_router.js","/home/alex/dev/Bachelor/bmad-vergleichsstudie/.lizard-tmp-DUgF1d/code/seed-b-frontend/.angular/cache/22.1.3/seed-b-frontend/vite/deps/@angular_router.js","(anonymous)","(anonymous) ( value )",65,72
3,2,16,0,3,"(anonymous)@72-74@/home/alex/dev/Bachelor/bmad-vergleichsstudie/.lizard-tmp-DUgF1d/code/seed-b-frontend/.angular/cache/22.1.3/seed-b-frontend/vite/deps/@angular_router.js","/home/alex/dev/Bachelor/bmad-vergleichsstudie/.lizard-tmp-DUgF1d/code/seed-b-frontend/.angular/cache/22.1.3/seed-b-frontend/vite/deps/@angular_router.js","(anonymous)","(anonymous) ( )",72,74
5,1,38,0,14,"(anonymous)@62-75@/home/alex/dev/Bachelor/bmad-vergleichsstudie/.lizard-tmp-DUgF1d/code/seed-b-frontend/.angular/cache/22.1.3/seed-b-frontend/vite/deps/@angular_router.js","/home/alex/dev/Bachelor/bmad-vergleichsstudie/.lizard-tmp-DUgF1d/code/seed-b-frontend/.angular/cache/22.1.3/seed-b-frontend/vite/deps/@angular_router.js","(anonymous)","(anonymous) ( )",62,75
3,1,15,1,16,"_loop_1@61-76@/home/alex/dev/Bachelor/bmad-vergleichsstudie/.lizard-tmp-DUgF1d/code/seed-b-frontend/.angular/cache/22.1.3/seed-b-frontend/vite/deps/@angular_router.js","/home/alex/dev/Bachelor/bmad-vergleichsstudie/.lizard-tmp-DUgF1d/code/seed-b-frontend/.angular/cache/22.1.3/seed-b-frontend/vite/deps/@angular_router.js","_loop_1","_loop_1 ( i )",61,76
8,2,55,0,23,"(anonymous)@56-78@/home/alex/dev/Bachelor/bmad-vergleichsstudie/.lizard-tmp-DUgF1d/code/seed-b-frontend/.angular/cache/22.1.3/seed-b-frontend/vite/deps/@angular_router.js","/home/alex/dev/Bachelor/bmad-vergleichsstudie/.lizard-tmp-DUgF1d/code/seed-b-frontend/.angular/cache/22.1.3/seed-b-frontend/vite/deps/@angular_router.js","(anonymous)","(anonymous) ( )",56,78
3,1,15,1,25,"(anonymous)@55-79@/home/alex/dev/Bachelor/bmad-vergleichsstudie/.lizard-tmp-DUgF1d/code/seed-b-frontend/.angular/cache/22.1.3/seed-b-frontend/vite/deps/@angular_router.js","/home/alex/dev/Bachelor/bmad-vergleichsstudie/.lizard-tmp-DUgF1d/code/seed-b-frontend/.angular/cache/22.1.3/seed-b-frontend/vite/deps/@angular_router.js","(anonymous)","(anonymous) ( subscriber )",55,79
4,2,24,3,28,"combineLatestInit@53-80@/home/alex/dev/Bachelor/bmad-vergleichsstudie/.lizard-tmp-DUgF1d/code/seed-b-frontend/.angular/cache/22.1.3/seed-b-frontend/vite/deps/@angular_router.js","/home/alex/dev/Bachelor/bmad-vergleichsstudie/.lizard-tmp-DUgF1d/code/seed-b-frontend/.angular/cache/22.1.3/seed-b-frontend/vite/deps/@angular_router.js","combineLatestInit","combineLatestInit ( observables , scheduler , valueTransform )",53,80
4,2,27,3,4,"maybeSchedule@81-84@/home/alex/dev/Bachelor/bmad-vergleichsstudie/.lizard-tmp-DUgF1d/code/seed-b-frontend/.angular/cache/22.1.3/seed-b-frontend/vite/deps/@angular_router.js","/home/alex/dev/Bachelor/bmad-vergleichsstudie/.lizard-tmp-DUgF1d/code/seed-b-frontend/.angular/cache/22.1.3/seed-b-frontend/vite/deps/@angular_router.js","maybeSchedule","maybeSchedule ( scheduler , execute , subscription )",81,84
4,2,24,1,4,"mergeAll@87-90@/home/alex/dev/Bachelor/bmad-vergleichsstudie/.lizard-tmp-DUgF1d/code/seed-b-frontend/.angular/cache/22.1.3/seed-b-frontend/vite/deps/@angular_router.js","/home/alex/dev/Bachelor/bmad-vergleichsstudie/.lizard-tmp-DUgF1d/code/seed-b-frontend/.angular/cache/22.1.3/seed-b-frontend/vite/deps/@angular_router.js","mergeAll","mergeAll ( concurrent )",87,90
3,1,10,0,3,"concatAll@93-95@/home/alex/dev/Bachelor/bmad-vergleichsstudie/.lizard-tmp-DUgF1d/code/seed-b-frontend/.angular/cache/22.1.3/seed-b-frontend/vite/deps/@angular_router.js","/home/alex/dev/Bachelor/bmad-vergleichsstudie/.lizard-tmp-DUgF1d/code/seed-b-frontend/.angular/cache/22.1.3/seed-b-frontend/vite/deps/@angular_router.js","concatAll","concatAll ( )",93,95
5,2,52,0,5,"concat@98-102@/home/alex/dev/Bachelor/bmad-vergleichsstudie/.lizard-tmp-DUgF1d/code/seed-b-frontend/.angular/cache/22.1.3/seed-b-frontend/vite/deps/@angular_router.js","/home/alex/dev/Bachelor/bmad-vergleichsstudie/.lizard-tmp-DUgF1d/code/seed-b-frontend/.angular/cache/22.1.3/seed-b-frontend/vite/deps/@angular_router.js","concat","concat ( )",98,102
3,1,17,1,3,"(anonymous)@106-108@/home/alex/dev/Bachelor/bmad-vergleichsstudie/.lizard-tmp-DUgF1d/code/seed-b-frontend/.angular/cache/22.1.3/seed-b-frontend/vite/deps/@angular_router.js","/home/alex/dev/Bachelor/bmad-vergleichsstudie/.lizard-tmp-DUgF1d/code/seed-b-frontend/.angular/cache/22.1.3/seed-b-frontend/vite/deps/@angular_router.js","(anonymous)","(anonymous) ( subscriber )",106,108
3,1,13,1,5,"defer@105-109@/home/alex/dev/Bachelor/bmad-vergleichsstudie/.lizard-tmp-DUgF1d/code/seed-b-frontend/.angular/cache/22.1.3/seed-b-frontend/vite/deps/@angular_router.js","/home/alex/dev/Bachelor/bmad-vergleichsstudie/.lizard-tmp-DUgF1d/code/seed-b-frontend/.angular/cache/22.1.3/seed-b-frontend/vite/deps/@angular_router.js","defer","defer ( observableFactory )",105,109
8,2,51,1,8,"(anonymous)@117-124@/home/alex/dev/Bachelor/bmad-vergleichsstudie/.lizard-tmp-DUgF1d/code/seed-b-frontend/.angular/cache/22.1.3/seed-b-frontend/vite/deps/@angular_router.js","/home/alex/dev/Bachelor/bmad-vergleichsstudie/.lizard-tmp-DUgF1d/code/seed-b-frontend/.angular/cache/22.1.3/seed-b-frontend/vite/deps/@angular_router.js","(anonymous)","(anonymous) ( err )",117,124
11,2,64,2,18,"(anonymous)@113-130@/home/alex/dev/Bachelor/bmad-vergleichsstudie/.lizard-tmp-DUgF1d/code/seed-b-frontend/.angular/cache/22.1.3/seed-b-frontend/vite/deps/@angular_router.js","/home/alex/dev/Bachelor/bmad-vergleichsstudie/.lizard-tmp-DUgF1d/code/seed-b-frontend/.angular/cache/22.1.3/seed-b-frontend/vite/deps/@angular_router.js","(anonymous)","(anonymous) ( source , subscriber )",113,130
3,1,12,1,20,"catchError@112-131@/home/alex/dev/Bachelor/bmad-vergleichsstudie/.lizard-tmp-DUgF1d/code/seed-b-frontend/.angular/cache/22.1.3/seed-b-frontend/vite/deps/@angular_router.js","/home/alex/dev/Bachelor/bmad-vergleichsstudie/.lizard-tmp-DUgF1d/code/seed-b-frontend/.angular/cache/22.1.3/seed-b-frontend/vite/deps/@angular_router.js","catchError","catchError ( selector )",112,131
4,1,16,1,4,"(anonymous)@137-140@/home/alex/dev/Bachelor/bmad-vergleichsstudie/.lizard-tmp-DUgF1d/code/seed-b-frontend/.angular/cache/22.1.3/seed-b-frontend/vite/deps/@angular_router.js","/home/alex/dev/Bachelor/bmad-vergleichsstudie/.lizard-tmp-DUgF1d/code/seed-b-frontend/.angular/cache/22.1.3/seed-b-frontend/vite/deps/@angular_router.js","(anonymous)","(anonymous) ( value )",137,140
4,2,22,0,4,"(anonymous)@140-143@/home/alex/dev/Bachelor/bmad-vergleichsstudie/.lizard-tmp-DUgF1d/code/seed-b-frontend/.angular/cache/22.1.3/seed-b-frontend/vite/deps/@angular_router.js","/home/alex/dev/Bachelor/bmad-vergleichsstudie/.lizard-tmp-DUgF1d/code/seed-b-frontend/.angular/cache/22.1.3/seed-b-frontend/vite/deps/@angular_router.js","(anonymous)","(anonymous) ( )",140,143
4,1,28,2,10,"(anonymous)@135-144@/home/alex/dev/Bachelor/bmad-vergleichsstudie/.lizard-tmp-DUgF1d/code/seed-b-frontend/.angular/cache/22.1.3/seed-b-frontend/vite/deps/@angular_router.js","/home/alex/dev/Bachelor/bmad-vergleichsstudie/.lizard-tmp-DUgF1d/code/seed-b-frontend/.angular/cache/22.1.3/seed-b-frontend/vite/deps/@angular_router.js","(anonymous)","(anonymous) ( source , subscriber )",135,144
3,1,12,1,12,"defaultIfEmpty@134-145@/home/alex/dev/Bachelor/bmad-vergleichsstudie/.lizard-tmp-DUgF1d/code/seed-b-frontend/.angular/cache/22.1.3/seed-b-frontend/vite/deps/@angular_router.js","/home/alex/dev/Bachelor/bmad-vergleichsstudie/.lizard-tmp-DUgF1d/code/seed-b-frontend/.angular/cache/22.1.3/seed-b-frontend/vite/deps/@angular_router.js","defaultIfEmpty","defaultIfEmpty ( defaultValue )",134,145
3,1,7,0,3,"(anonymous)@149-151@/home/alex/dev/Bachelor/bmad-vergleichsstudie/.lizard-tmp-DUgF1d/code/seed-b-frontend/.angular/cache/22.1.3/seed-b-frontend/vite/deps/@angular_router.js","/home/alex/dev/Bachelor/bmad-vergleichsstudie/.lizard-tmp-DUgF1d/code/seed-b-frontend/.angular/cache/22.1.3/seed-b-frontend/vite/deps/@angular_router.js","(anonymous)","(anonymous) ( )",149,151
11,4,75,1,13,"take@148-160@/home/alex/dev/Bachelor/bmad-vergleichsstudie/.lizard-tmp-DUgF1d/code/seed-b-frontend/.angular/cache/22.1.3/seed-b-frontend/vite/deps/@angular_router.js","/home/alex/dev/Bachelor/bmad-vergleichsstudie/.lizard-tmp-DUgF1d/code/seed-b-frontend/.angular/cache/22.1.3/seed-b-frontend/vite/deps/@angular_router.js","take","take ( count )",148,160
4,1,16,1,4,"(anonymous)@167-170@/home/alex/dev/Bachelor/bmad-vergleichsstudie/.lizard-tmp-DUgF1d/code/seed-b-frontend/.angular/cache/22.1.3/seed-b-frontend/vite/deps/@angular_router.js","/home/alex/dev/Bachelor/bmad-vergleichsstudie/.lizard-tmp-DUgF1d/code/seed-b-frontend/.angular/cache/22.1.3/seed-b-frontend/vite/deps/@angular_router.js","(anonymous)","(anonymous) ( value )",167,170
3,2,22,0,3,"(anonymous)@170-172@/home/alex/dev/Bachelor/bmad-vergleichsstudie/.lizard-tmp-DUgF1d/code/seed-b-frontend/.angular/cache/22.1.3/seed-b-frontend/vite/deps/@angular_router.js","/home/alex/dev/Bachelor/bmad-vergleichsstudie/.lizard-tmp-DUgF1d/code/seed-b-frontend/.angular/cache/22.1.3/seed-b-frontend/vite/deps/@angular_router.js","(anonymous)","(anonymous) ( )",170,172
4,1,28,2,9,"(anonymous)@165-173@/home/alex/dev/Bachelor/bmad-vergleichsstudie/.lizard-tmp-DUgF1d/code/seed-b-frontend/.angular/cache/22.1.3/seed-b-frontend/vite/deps/@angular_router.js","/home/alex/dev/Bachelor/bmad-vergleichsstudie/.lizard-tmp-DUgF1d/code/seed-b-frontend/.angular/cache/22.1.3/seed-b-frontend/vite/deps/@angular_router.js","(anonymous)","(anonymous) ( source , subscriber )",165,173
4,2,23,1,12,"throwIfEmpty@163-174@/home/alex/dev/Bachelor/bmad-vergleichsstudie/.lizard-tmp-DUgF1d/code/seed-b-frontend/.angular/cache/22.1.3/seed-b-frontend/vite/deps/@angular_router.js","/home/alex/dev/Bachelor/bmad-vergleichsstudie/.lizard-tmp-DUgF1d/code/seed-b-frontend/.angular/cache/22.1.3/seed-b-frontend/vite/deps/@angular_router.js","throwIfEmpty","throwIfEmpty ( errorFactory )",163,174
3,1,10,0,3,"defaultErrorFactory@175-177@/home/alex/dev/Bachelor/bmad-vergleichsstudie/.lizard-tmp-DUgF1d/code/seed-b-frontend/.angular/cache/22.1.3/seed-b-frontend/vite/deps/@angular_router.js","/home/alex/dev/Bachelor/bmad-vergleichsstudie/.lizard-tmp-DUgF1d/code/seed-b-frontend/.angular/cache/22.1.3/seed-b-frontend/vite/deps/@angular_router.js","defaultErrorFactory","defaultErrorFactory ( )",175,177
3,1,17,2,3,"(anonymous)@183-185@/home/alex/dev/Bachelor/bmad-vergleichsstudie/.lizard-tmp-DUgF1d/code/seed-b-frontend/.angular/cache/22.1.3/seed-b-frontend/vite/deps/@angular_router.js","/home/alex/dev/Bachelor/bmad-vergleichsstudie/.lizard-tmp-DUgF1d/code/seed-b-frontend/.angular/cache/22.1.3/seed-b-frontend/vite/deps/@angular_router.js","(anonymous)","(anonymous) ( v , i )",183,185
5,3,48,1,7,"(anonymous)@182-188@/home/alex/dev/Bachelor/bmad-vergleichsstudie/.lizard-tmp-DUgF1d/code/seed-b-frontend/.angular/cache/22.1.3/seed-b-frontend/vite/deps/@angular_router.js","/home/alex/dev/Bachelor/bmad-vergleichsstudie/.lizard-tmp-DUgF1d/code/seed-b-frontend/.angular/cache/22.1.3/seed-b-frontend/vite/deps/@angular_router.js","(anonymous)","(anonymous) ( source )",182,188
4,1,20,2,10,"first@180-189@/home/alex/dev/Bachelor/bmad-vergleichsstudie/.lizard-tmp-DUgF1d/code/seed-b-frontend/.angular/cache/22.1.3/seed-b-frontend/vite/deps/@angular_router.js","/home/alex/dev/Bachelor/bmad-vergleichsstudie/.lizard-tmp-DUgF1d/code/seed-b-frontend/.angular/cache/22.1.3/seed-b-frontend/vite/deps/@angular_router.js","first","first ( predicate , defaultValue )",180,189
3,1,7,0,3,"(anonymous)@193-195@/home/alex/dev/Bachelor/bmad-vergleichsstudie/.lizard-tmp-DUgF1d/code/seed-b-frontend/.angular/cache/22.1.3/seed-b-frontend/vite/deps/@angular_router.js","/home/alex/dev/Bachelor/bmad-vergleichsstudie/.lizard-tmp-DUgF1d/code/seed-b-frontend/.angular/cache/22.1.3/seed-b-frontend/vite/deps/@angular_router.js","(anonymous)","(anonymous) ( )",193,195
28,9,203,1,30,"takeLast@192-221@/home/alex/dev/Bachelor/bmad-vergleichsstudie/.lizard-tmp-DUgF1d/code/seed-b-frontend/.angular/cache/22.1.3/seed-b-frontend/vite/deps/@angular_router.js","/home/alex/dev/Bachelor/bmad-vergleichsstudie/.lizard-tmp-DUgF1d/code/seed-b-frontend/.angular/cache/22.1.3/seed-b-frontend/vite/deps/@angular_router.js","takeLast","takeLast ( count )",192,221
3,2,32,2,3,"(anonymous)@228-230@/home/alex/dev/Bachelor/bmad-vergleichsstudie/.lizard-tmp-DUgF1d/code/seed-b-frontend/.angular/cache/22.1.3/seed-b-frontend/vite/deps/@angular_router.js","/home/alex/dev/Bachelor/bmad-vergleichsstudie/.lizard-tmp-DUgF1d/code/seed-b-frontend/.angular/cache/22.1.3/seed-b-frontend/vite/deps/@angular_router.js","(anonymous)","(anonymous) ( source , subscriber )",228,230
6,2,51,0,8,"startWith@224-231@/home/alex/dev/Bachelor/bmad-vergleichsstudie/.lizard-tmp-DUgF1d/code/seed-b-frontend/.angular/cache/22.1.3/seed-b-frontend/vite/deps/@angular_router.js","/home/alex/dev/Bachelor/bmad-vergleichsstudie/.lizard-tmp-DUgF1d/code/seed-b-frontend/.angular/cache/22.1.3/seed-b-frontend/vite/deps/@angular_router.js","startWith","startWith ( )",224,231
3,1,11,0,3,"(anonymous)@236-238@/home/alex/dev/Bachelor/bmad-vergleichsstudie/.lizard-tmp-DUgF1d/code/seed-b-frontend/.angular/cache/22.1.3/seed-b-frontend/vite/deps/@angular_router.js","/home/alex/dev/Bachelor/bmad-vergleichsstudie/.lizard-tmp-DUgF1d/code/seed-b-frontend/.angular/cache/22.1.3/seed-b-frontend/vite/deps/@angular_router.js","(anonymous)","(anonymous) ( )",236,238
4,2,38,2,6,"(anonymous)@235-240@/home/alex/dev/Bachelor/bmad-vergleichsstudie/.lizard-tmp-DUgF1d/code/seed-b-frontend/.angular/cache/22.1.3/seed-b-frontend/vite/deps/@angular_router.js","/home/alex/dev/Bachelor/bmad-vergleichsstudie/.lizard-tmp-DUgF1d/code/seed-b-frontend/.angular/cache/22.1.3/seed-b-frontend/vite/deps/@angular_router.js","(anonymous)","(anonymous) ( source , subscriber )",235,240
3,1,12,1,8,"takeUntil@234-241@/home/alex/dev/Bachelor/bmad-vergleichsstudie/.lizard-tmp-DUgF1d/code/seed-b-frontend/.angular/cache/22.1.3/seed-b-frontend/vite/deps/@angular_router.js","/home/alex/dev/Bachelor/bmad-vergleichsstudie/.lizard-tmp-DUgF1d/code/seed-b-frontend/.angular/cache/22.1.3/seed-b-frontend/vite/deps/@angular_router.js","takeUntil","takeUntil ( notifier )",234,241
5,3,39,1,5,"(anonymous)@254-258@/home/alex/dev/Bachelor/bmad-vergleichsstudie/.lizard-tmp-DUgF1d/code/seed-b-frontend/.angular/cache/22.1.3/seed-b-frontend/vite/deps/@angular_router.js","/home/alex/dev/Bachelor/bmad-vergleichsstudie/.lizard-tmp-DUgF1d/code/seed-b-frontend/.angular/cache/22.1.3/seed-b-frontend/vite/deps/@angular_router.js","(anonymous)","(anonymous) ( value )",254,258
6,3,39,0,6,"(anonymous)@258-263@/home/alex/dev/Bachelor/bmad-vergleichsstudie/.lizard-tmp-DUgF1d/code/seed-b-frontend/.angular/cache/22.1.3/seed-b-frontend/vite/deps/@angular_router.js","/home/alex/dev/Bachelor/bmad-vergleichsstudie/.lizard-tmp-DUgF1d/code/seed-b-frontend/.angular/cache/22.1.3/seed-b-frontend/vite/deps/@angular_router.js","(anonymous)","(anonymous) ( )",258,263
6,3,43,1,6,"(anonymous)@263-268@/home/alex/dev/Bachelor/bmad-vergleichsstudie/.lizard-tmp-DUgF1d/code/seed-b-frontend/.angular/cache/22.1.3/seed-b-frontend/vite/deps/@angular_router.js","/home/alex/dev/Bachelor/bmad-vergleichsstudie/.lizard-tmp-DUgF1d/code/seed-b-frontend/.angular/cache/22.1.3/seed-b-frontend/vite/deps/@angular_router.js","(anonymous)","(anonymous) ( err )",263,268
5,6,57,0,5,"(anonymous)@268-272@/home/alex/dev/Bachelor/bmad-vergleichsstudie/.lizard-tmp-DUgF1d/code/seed-b-frontend/.angular/cache/22.1.3/seed-b-frontend/vite/deps/@angular_router.js","/home/alex/dev/Bachelor/bmad-vergleichsstudie/.lizard-tmp-DUgF1d/code/seed-b-frontend/.angular/cache/22.1.3/seed-b-frontend/vite/deps/@angular_router.js","(anonymous)","(anonymous) ( )",268,272
6,3,59,2,24,"(anonymous)@250-273@/home/alex/dev/Bachelor/bmad-vergleichsstudie/.lizard-tmp-DUgF1d/code/seed-b-frontend/.angular/cache/22.1.3/seed-b-frontend/vite/deps/@angular_router.js","/home/alex/dev/Bachelor/bmad-vergleichsstudie/.lizard-tmp-DUgF1d/code/seed-b-frontend/.angular/cache/22.1.3/seed-b-frontend/vite/deps/@angular_router.js","(anonymous)","(anonymous) ( source , subscriber )",250,273
8,5,45,3,31,"tap@244-274@/home/alex/dev/Bachelor/bmad-vergleichsstudie/.lizard-tmp-DUgF1d/code/seed-b-frontend/.angular/cache/22.1.3/seed-b-frontend/vite/deps/@angular_router.js","/home/alex/dev/Bachelor/bmad-vergleichsstudie/.lizard-tmp-DUgF1d/code/seed-b-frontend/.angular/cache/22.1.3/seed-b-frontend/vite/deps/@angular_router.js","tap","tap ( observerOrNext , error , complete )",244,274
3,2,14,1,3,"constructor@286-288@/home/alex/dev/Bachelor/bmad-vergleichsstudie/.lizard-tmp-DUgF1d/code/seed-b-frontend/.angular/cache/22.1.3/seed-b-frontend/vite/deps/@angular_router.js","/home/alex/dev/Bachelor/bmad-vergleichsstudie/.lizard-tmp-DUgF1d/code/seed-b-frontend/.angular/cache/22.1.3/seed-b-frontend/vite/deps/@angular_router.js","constructor","constructor ( params )",286,288
3,1,21,1,3,"has@289-291@/home/alex/dev/Bachelor/bmad-vergleichsstudie/.lizard-tmp-DUgF1d/code/seed-b-frontend/.angular/cache/22.1.3/seed-b-frontend/vite/deps/@angular_router.js","/home/alex/dev/Bachelor/bmad-vergleichsstudie/.lizard-tmp-DUgF1d/code/seed-b-frontend/.angular/cache/22.1.3/seed-b-frontend/vite/deps/@angular_router.js","has","has ( name )",289,291
3,1,12,1,3,"convertToParamMap@310-312@/home/alex/dev/Bachelor/bmad-vergleichsstudie/.lizard-tmp-DUgF1d/code/seed-b-frontend/.angular/cache/22.1.3/seed-b-frontend/vite/deps/@angular_router.js","/home/alex/dev/Bachelor/bmad-vergleichsstudie/.lizard-tmp-DUgF1d/code/seed-b-frontend/.angular/cache/22.1.3/seed-b-frontend/vite/deps/@angular_router.js","convertToParamMap","convertToParamMap ( params )",310,312
9,4,79,3,9,"matchParts@313-321@/home/alex/dev/Bachelor/bmad-vergleichsstudie/.lizard-tmp-DUgF1d/code/seed-b-frontend/.angular/cache/22.1.3/seed-b-frontend/vite/deps/@angular_router.js","/home/alex/dev/Bachelor/bmad-vergleichsstudie/.lizard-tmp-DUgF1d/code/seed-b-frontend/.angular/cache/22.1.3/seed-b-frontend/vite/deps/@angular_router.js","matchParts","matchParts ( routeParts , urlSegments , posParams )",313,321
27,14,265,3,27,"defaultUrlMatcher@322-348@/home/alex/dev/Bachelor/bmad-vergleichsstudie/.lizard-tmp-DUgF1d/code/seed-b-frontend/.angular/cache/22.1.3/seed-b-frontend/vite/deps/@angular_router.js","/home/alex/dev/Bachelor/bmad-vergleichsstudie/.lizard-tmp-DUgF1d/code/seed-b-frontend/.angular/cache/22.1.3/seed-b-frontend/vite/deps/@angular_router.js","defaultUrlMatcher","defaultUrlMatcher ( segments , segmentGroup , route )",322,348
2,1,10,1,2,"next@352-353@/home/alex/dev/Bachelor/bmad-vergleichsstudie/.lizard-tmp-DUgF1d/code/seed-b-frontend/.angular/cache/22.1.3/seed-b-frontend/vite/deps/@angular_router.js","/home/alex/dev/Bachelor/bmad-vergleichsstudie/.lizard-tmp-DUgF1d/code/seed-b-frontend/.angular/cache/22.1.3/seed-b-frontend/vite/deps/@angular_router.js","next","next ( value )",352,353
2,1,9,1,2,"error@353-354@/home/alex/dev/Bachelor/bmad-vergleichsstudie/.lizard-tmp-DUgF1d/code/seed-b-frontend/.angular/cache/22.1.3/seed-b-frontend/vite/deps/@angular_router.js","/home/alex/dev/Bachelor/bmad-vergleichsstudie/.lizard-tmp-DUgF1d/code/seed-b-frontend/.angular/cache/22.1.3/seed-b-frontend/vite/deps/@angular_router.js","error","error ( err )",353,354
4,1,21,0,6,"(anonymous)@350-355@/home/alex/dev/Bachelor/bmad-vergleichsstudie/.lizard-tmp-DUgF1d/code/seed-b-frontend/.angular/cache/22.1.3/seed-b-frontend/vite/deps/@angular_router.js","/home/alex/dev/Bachelor/bmad-vergleichsstudie/.lizard-tmp-DUgF1d/code/seed-b-frontend/.angular/cache/22.1.3/seed-b-frontend/vite/deps/@angular_router.js","(anonymous)","(anonymous)",350,355
3,1,18,1,8,"firstValueFrom@349-356@/home/alex/dev/Bachelor/bmad-vergleichsstudie/.lizard-tmp-DUgF1d/code/seed-b-frontend/.angular/cache/22.1.3/seed-b-frontend/vite/deps/@angular_router.js","/home/alex/dev/Bachelor/bmad-vergleichsstudie/.lizard-tmp-DUgF1d/code/seed-b-frontend/.angular/cache/22.1.3/seed-b-frontend/vite/deps/@angular_router.js","firstValueFrom","firstValueFrom ( source )",349,356
5,4,58,2,5,"shallowEqualArrays@357-361@/home/alex/dev/Bachelor/bmad-vergleichsstudie/.lizard-tmp-DUgF1d/code/seed-b-frontend/.angular/cache/22.1.3/seed-b-frontend/vite/deps/@angular_router.js","/home/alex/dev/Bachelor/bmad-vergleichsstudie/.lizard-tmp-DUgF1d/code/seed-b-frontend/.angular/cache/22.1.3/seed-b-frontend/vite/deps/@angular_router.js","shallowEqualArrays","shallowEqualArrays ( a , b )",357,361
11,8,102,2,11,"shallowEqual@362-372@/home/alex/dev/Bachelor/bmad-vergleichsstudie/.lizard-tmp-DUgF1d/code/seed-b-frontend/.angular/cache/22.1.3/seed-b-frontend/vite/deps/@angular_router.js","/home/alex/dev/Bachelor/bmad-vergleichsstudie/.lizard-tmp-DUgF1d/code/seed-b-frontend/.angular/cache/22.1.3/seed-b-frontend/vite/deps/@angular_router.js","shallowEqual","shallowEqual ( a , b )",362,372
3,1,24,1,3,"getDataKeys@373-375@/home/alex/dev/Bachelor/bmad-vergleichsstudie/.lizard-tmp-DUgF1d/code/seed-b-frontend/.angular/cache/22.1.3/seed-b-frontend/vite/deps/@angular_router.js","/home/alex/dev/Bachelor/bmad-vergleichsstudie/.lizard-tmp-DUgF1d/code/seed-b-frontend/.angular/cache/22.1.3/seed-b-frontend/vite/deps/@angular_router.js","getDataKeys","getDataKeys ( obj )",373,375
1,1,7,0,1,"(anonymous)@381-381@/home/alex/dev/Bachelor/bmad-vergleichsstudie/.lizard-tmp-DUgF1d/code/seed-b-frontend/.angular/cache/22.1.3/seed-b-frontend/vite/deps/@angular_router.js","/home/alex/dev/Bachelor/bmad-vergleichsstudie/.lizard-tmp-DUgF1d/code/seed-b-frontend/.angular/cache/22.1.3/seed-b-frontend/vite/deps/@angular_router.js","(anonymous)","(anonymous)",381,381
8,4,81,2,8,"equalArraysOrString@376-383@/home/alex/dev/Bachelor/bmad-vergleichsstudie/.lizard-tmp-DUgF1d/code/seed-b-frontend/.angular/cache/22.1.3/seed-b-frontend/vite/deps/@angular_router.js","/home/alex/dev/Bachelor/bmad-vergleichsstudie/.lizard-tmp-DUgF1d/code/seed-b-frontend/.angular/cache/22.1.3/seed-b-frontend/vite/deps/@angular_router.js","equalArraysOrString","equalArraysOrString ( a , b )",376,383
3,2,23,1,3,"last@384-386@/home/alex/dev/Bachelor/bmad-vergleichsstudie/.lizard-tmp-DUgF1d/code/seed-b-frontend/.angular/cache/22.1.3/seed-b-frontend/vite/deps/@angular_router.js","/home/alex/dev/Bachelor/bmad-vergleichsstudie/.lizard-tmp-DUgF1d/code/seed-b-frontend/.angular/cache/22.1.3/seed-b-frontend/vite/deps/@angular_router.js","last","last ( a )",384,386
5,3,39,1,5,"wrapIntoObservable@387-391@/home/alex/dev/Bachelor/bmad-vergleichsstudie/.lizard-tmp-DUgF1d/code/seed-b-frontend/.angular/cache/22.1.3/seed-b-frontend/vite/deps/@angular_router.js","/home/alex/dev/Bachelor/bmad-vergleichsstudie/.lizard-tmp-DUgF1d/code/seed-b-frontend/.angular/cache/22.1.3/seed-b-frontend/vite/deps/@angular_router.js","wrapIntoObservable","wrapIntoObservable ( value )",387,391
4,2,26,1,4,"wrapIntoPromise@392-395@/home/alex/dev/Bachelor/bmad-vergleichsstudie/.lizard-tmp-DUgF1d/code/seed-b-frontend/.angular/cache/22.1.3/seed-b-frontend/vite/deps/@angular_router.js","/home/alex/dev/Bachelor/bmad-vergleichsstudie/.lizard-tmp-DUgF1d/code/seed-b-frontend/.angular/cache/22.1.3/seed-b-frontend/vite/deps/@angular_router.js","wrapIntoPromise","wrapIntoPromise ( value )",392,395
2,1,2,0,2,"(anonymous)@403-404@/home/alex/dev/Bachelor/bmad-vergleichsstudie/.lizard-tmp-DUgF1d/code/seed-b-frontend/.angular/cache/22.1.3/seed-b-frontend/vite/deps/@angular_router.js","/home/alex/dev/Bachelor/bmad-vergleichsstudie/.lizard-tmp-DUgF1d/code/seed-b-frontend/.angular/cache/22.1.3/seed-b-frontend/vite/deps/@angular_router.js","(anonymous)","(anonymous)",403,404
4,4,28,0,4,"(anonymous)@419-422@/home/alex/dev/Bachelor/bmad-vergleichsstudie/.lizard-tmp-DUgF1d/code/seed-b-frontend/.angular/cache/22.1.3/seed-b-frontend/vite/deps/@angular_router.js","/home/alex/dev/Bachelor/bmad-vergleichsstudie/.lizard-tmp-DUgF1d/code/seed-b-frontend/.angular/cache/22.1.3/seed-b-frontend/vite/deps/@angular_router.js","(anonymous)","(anonymous)",419,422
4,2,33,3,7,"isActive@417-423@/home/alex/dev/Bachelor/bmad-vergleichsstudie/.lizard-tmp-DUgF1d/code/seed-b-frontend/.angular/cache/22.1.3/seed-b-frontend/vite/deps/@angular_router.js","/home/alex/dev/Bachelor/bmad-vergleichsstudie/.lizard-tmp-DUgF1d/code/seed-b-frontend/.angular/cache/22.1.3/seed-b-frontend/vite/deps/@angular_router.js","isActive","isActive ( url , router , matchOptions )",417,423
3,4,63,3,3,"containsTree@424-426@/home/alex/dev/Bachelor/bmad-vergleichsstudie/.lizard-tmp-DUgF1d/code/seed-b-frontend/.angular/cache/22.1.3/seed-b-frontend/vite/deps/@angular_router.js","/home/alex/dev/Bachelor/bmad-vergleichsstudie/.lizard-tmp-DUgF1d/code/seed-b-frontend/.angular/cache/22.1.3/seed-b-frontend/vite/deps/@angular_router.js","containsTree","containsTree ( container , containee , options )",424,426
3,1,15,2,3,"equalParams@427-429@/home/alex/dev/Bachelor/bmad-vergleichsstudie/.lizard-tmp-DUgF1d/code/seed-b-frontend/.angular/cache/22.1.3/seed-b-frontend/vite/deps/@angular_router.js","/home/alex/dev/Bachelor/bmad-vergleichsstudie/.lizard-tmp-DUgF1d/code/seed-b-frontend/.angular/cache/22.1.3/seed-b-frontend/vite/deps/@angular_router.js","equalParams","equalParams ( container , containee )",427,429
10,7,110,3,10,"equalSegmentGroups@430-439@/home/alex/dev/Bachelor/bmad-vergleichsstudie/.lizard-tmp-DUgF1d/code/seed-b-frontend/.angular/cache/22.1.3/seed-b-frontend/vite/deps/@angular_router.js","/home/alex/dev/Bachelor/bmad-vergleichsstudie/.lizard-tmp-DUgF1d/code/seed-b-frontend/.angular/cache/22.1.3/seed-b-frontend/vite/deps/@angular_router.js","equalSegmentGroups","equalSegmentGroups ( container , containee , matrixParams )",430,439
1,1,13,0,1,"(anonymous)@441-441@/home/alex/dev/Bachelor/bmad-vergleichsstudie/.lizard-tmp-DUgF1d/code/seed-b-frontend/.angular/cache/22.1.3/seed-b-frontend/vite/deps/@angular_router.js","/home/alex/dev/Bachelor/bmad-vergleichsstudie/.lizard-tmp-DUgF1d/code/seed-b-frontend/.angular/cache/22.1.3/seed-b-frontend/vite/deps/@angular_router.js","(anonymous)","(anonymous)",441,441
3,2,41,2,3,"containsParams@440-442@/home/alex/dev/Bachelor/bmad-vergleichsstudie/.lizard-tmp-DUgF1d/code/seed-b-frontend/.angular/cache/22.1.3/seed-b-frontend/vite/deps/@angular_router.js","/home/alex/dev/Bachelor/bmad-vergleichsstudie/.lizard-tmp-DUgF1d/code/seed-b-frontend/.angular/cache/22.1.3/seed-b-frontend/vite/deps/@angular_router.js","containsParams","containsParams ( container , containee )",440,442
3,1,23,3,3,"containsSegmentGroup@443-445@/home/alex/dev/Bachelor/bmad-vergleichsstudie/.lizard-tmp-DUgF1d/code/seed-b-frontend/.angular/cache/22.1.3/seed-b-frontend/vite/deps/@angular_router.js","/home/alex/dev/Bachelor/bmad-vergleichsstudie/.lizard-tmp-DUgF1d/code/seed-b-frontend/.angular/cache/22.1.3/seed-b-frontend/vite/deps/@angular_router.js","containsSegmentGroup","containsSegmentGroup ( container , containee , matrixParams )",443,445
24,14,277,4,24,"containsSegmentGroupHelper@446-469@/home/alex/dev/Bachelor/bmad-vergleichsstudie/.lizard-tmp-DUgF1d/code/seed-b-frontend/.angular/cache/22.1.3/seed-b-frontend/vite/deps/@angular_router.js","/home/alex/dev/Bachelor/bmad-vergleichsstudie/.lizard-tmp-DUgF1d/code/seed-b-frontend/.angular/cache/22.1.3/seed-b-frontend/vite/deps/@angular_router.js","containsSegmentGroupHelper","containsSegmentGroupHelper ( container , containee , containeePaths , matrixParams )",446,469
3,1,20,0,3,"(anonymous)@471-473@/home/alex/dev/Bachelor/bmad-vergleichsstudie/.lizard-tmp-DUgF1d/code/seed-b-frontend/.angular/cache/22.1.3/seed-b-frontend/vite/deps/@angular_router.js","/home/alex/dev/Bachelor/bmad-vergleichsstudie/.lizard-tmp-DUgF1d/code/seed-b-frontend/.angular/cache/22.1.3/seed-b-frontend/vite/deps/@angular_router.js","(anonymous)","(anonymous)",471,473
3,1,23,3,5,"matrixParamsMatch@470-474@/home/alex/dev/Bachelor/bmad-vergleichsstudie/.lizard-tmp-DUgF1d/code/seed-b-frontend/.angular/cache/22.1.3/seed-b-frontend/vite/deps/@angular_router.js","/home/alex/dev/Bachelor/bmad-vergleichsstudie/.lizard-tmp-DUgF1d/code/seed-b-frontend/.angular/cache/22.1.3/seed-b-frontend/vite/deps/@angular_router.js","matrixParamsMatch","matrixParamsMatch ( containerPaths , containeePaths , options )",470,474
1,1,6,0,1,"(anonymous)@503-503@/home/alex/dev/Bachelor/bmad-vergleichsstudie/.lizard-tmp-DUgF1d/code/seed-b-frontend/.angular/cache/22.1.3/seed-b-frontend/vite/deps/@angular_router.js","/home/alex/dev/Bachelor/bmad-vergleichsstudie/.lizard-tmp-DUgF1d/code/seed-b-frontend/.angular/cache/22.1.3/seed-b-frontend/vite/deps/@angular_router.js","(anonymous)","(anonymous)",503,503
5,1,34,2,5,"constructor@500-504@/home/alex/dev/Bachelor/bmad-vergleichsstudie/.lizard-tmp-DUgF1d/code/seed-b-frontend/.angular/cache/22.1.3/seed-b-frontend/vite/deps/@angular_router.js","/home/alex/dev/Bachelor/bmad-vergleichsstudie/.lizard-tmp-DUgF1d/code/seed-b-frontend/.angular/cache/22.1.3/seed-b-frontend/vite/deps/@angular_router.js","constructor","constructor ( segments , children )",500,504
3,1,11,0,3,"hasChildren@505-507@/home/alex/dev/Bachelor/bmad-vergleichsstudie/.lizard-tmp-DUgF1d/code/seed-b-frontend/.angular/cache/22.1.3/seed-b-frontend/vite/deps/@angular_router.js","/home/alex/dev/Bachelor/bmad-vergleichsstudie/.lizard-tmp-DUgF1d/code/seed-b-frontend/.angular/cache/22.1.3/seed-b-frontend/vite/deps/@angular_router.js","hasChildren","hasChildren ( )",505,507
3,1,16,0,3,"get numberOfChildren@508-510@/home/alex/dev/Bachelor/bmad-vergleichsstudie/.lizard-tmp-DUgF1d/code/seed-b-frontend/.angular/cache/22.1.3/seed-b-frontend/vite/deps/@angular_router.js","/home/alex/dev/Bachelor/bmad-vergleichsstudie/.lizard-tmp-DUgF1d/code/seed-b-frontend/.angular/cache/22.1.3/seed-b-frontend/vite/deps/@angular_router.js","get numberOfChildren","get numberOfChildren ( )",508,510
3,1,10,0,3,"toString@511-513@/home/alex/dev/Bachelor/bmad-vergleichsstudie/.lizard-tmp-DUgF1d/code/seed-b-frontend/.angular/cache/22.1.3/seed-b-frontend/vite/deps/@angular_router.js","/home/alex/dev/Bachelor/bmad-vergleichsstudie/.lizard-tmp-DUgF1d/code/seed-b-frontend/.angular/cache/22.1.3/seed-b-frontend/vite/deps/@angular_router.js","toString","toString ( )",511,513
4,1,19,2,4,"constructor@519-522@/home/alex/dev/Bachelor/bmad-vergleichsstudie/.lizard-tmp-DUgF1d/code/seed-b-frontend/.angular/cache/22.1.3/seed-b-frontend/vite/deps/@angular_router.js","/home/alex/dev/Bachelor/bmad-vergleichsstudie/.lizard-tmp-DUgF1d/code/seed-b-frontend/.angular/cache/22.1.3/seed-b-frontend/vite/deps/@angular_router.js","constructor","constructor ( path , parameters )",519,522
4,3,22,0,4,"get parameterMap@523-526@/home/alex/dev/Bachelor/bmad-vergleichsstudie/.lizard-tmp-DUgF1d/code/seed-b-frontend/.angular/cache/22.1.3/seed-b-frontend/vite/deps/@angular_router.js","/home/alex/dev/Bachelor/bmad-vergleichsstudie/.lizard-tmp-DUgF1d/code/seed-b-frontend/.angular/cache/22.1.3/seed-b-frontend/vite/deps/@angular_router.js","get parameterMap","get parameterMap ( )",523,526
3,1,10,0,3,"toString@527-529@/home/alex/dev/Bachelor/bmad-vergleichsstudie/.lizard-tmp-DUgF1d/code/seed-b-frontend/.angular/cache/22.1.3/seed-b-frontend/vite/deps/@angular_router.js","/home/alex/dev/Bachelor/bmad-vergleichsstudie/.lizard-tmp-DUgF1d/code/seed-b-frontend/.angular/cache/22.1.3/seed-b-frontend/vite/deps/@angular_router.js","toString","toString ( )",527,529
1,1,14,0,1,"(anonymous)@532-532@/home/alex/dev/Bachelor/bmad-vergleichsstudie/.lizard-tmp-DUgF1d/code/seed-b-frontend/.angular/cache/22.1.3/seed-b-frontend/vite/deps/@angular_router.js","/home/alex/dev/Bachelor/bmad-vergleichsstudie/.lizard-tmp-DUgF1d/code/seed-b-frontend/.angular/cache/22.1.3/seed-b-frontend/vite/deps/@angular_router.js","(anonymous)","(anonymous)",532,532
3,2,27,2,3,"equalSegments@531-533@/home/alex/dev/Bachelor/bmad-vergleichsstudie/.lizard-tmp-DUgF1d/code/seed-b-frontend/.angular/cache/22.1.3/seed-b-frontend/vite/deps/@angular_router.js","/home/alex/dev/Bachelor/bmad-vergleichsstudie/.lizard-tmp-DUgF1d/code/seed-b-frontend/.angular/cache/22.1.3/seed-b-frontend/vite/deps/@angular_router.js","equalSegments","equalSegments ( as , bs )",531,533
1,1,11,0,1,"(anonymous)@536-536@/home/alex/dev/Bachelor/bmad-vergleichsstudie/.lizard-tmp-DUgF1d/code/seed-b-frontend/.angular/cache/22.1.3/seed-b-frontend/vite/deps/@angular_router.js","/home/alex/dev/Bachelor/bmad-vergleichsstudie/.lizard-tmp-DUgF1d/code/seed-b-frontend/.angular/cache/22.1.3/seed-b-frontend/vite/deps/@angular_router.js","(anonymous)","(anonymous)",536,536
4,2,33,2,4,"equalPath@534-537@/home/alex/dev/Bachelor/bmad-vergleichsstudie/.lizard-tmp-DUgF1d/code/seed-b-frontend/.angular/cache/22.1.3/seed-b-frontend/vite/deps/@angular_router.js","/home/alex/dev/Bachelor/bmad-vergleichsstudie/.lizard-tmp-DUgF1d/code/seed-b-frontend/.angular/cache/22.1.3/seed-b-frontend/vite/deps/@angular_router.js","equalPath","equalPath ( as , bs )",534,537
3,2,22,0,3,"(anonymous)@540-542@/home/alex/dev/Bachelor/bmad-vergleichsstudie/.lizard-tmp-DUgF1d/code/seed-b-frontend/.angular/cache/22.1.3/seed-b-frontend/vite/deps/@angular_router.js","/home/alex/dev/Bachelor/bmad-vergleichsstudie/.lizard-tmp-DUgF1d/code/seed-b-frontend/.angular/cache/22.1.3/seed-b-frontend/vite/deps/@angular_router.js","(anonymous)","(anonymous)",540,542
3,2,22,0,3,"(anonymous)@543-545@/home/alex/dev/Bachelor/bmad-vergleichsstudie/.lizard-tmp-DUgF1d/code/seed-b-frontend/.angular/cache/22.1.3/seed-b-frontend/vite/deps/@angular_router.js","/home/alex/dev/Bachelor/bmad-vergleichsstudie/.lizard-tmp-DUgF1d/code/seed-b-frontend/.angular/cache/22.1.3/seed-b-frontend/vite/deps/@angular_router.js","(anonymous)","(anonymous)",543,545
6,1,60,2,10,"mapChildrenIntoArray@538-547@/home/alex/dev/Bachelor/bmad-vergleichsstudie/.lizard-tmp-DUgF1d/code/seed-b-frontend/.angular/cache/22.1.3/seed-b-frontend/vite/deps/@angular_router.js","/home/alex/dev/Bachelor/bmad-vergleichsstudie/.lizard-tmp-DUgF1d/code/seed-b-frontend/.angular/cache/22.1.3/seed-b-frontend/vite/deps/@angular_router.js","mapChildrenIntoArray","mapChildrenIntoArray ( segment , fn )",538,547
3,2,15,0,3,"UrlSerializer_Factory@549-551@/home/alex/dev/Bachelor/bmad-vergleichsstudie/.lizard-tmp-DUgF1d/code/seed-b-frontend/.angular/cache/22.1.3/seed-b-frontend/vite/deps/@angular_router.js","/home/alex/dev/Bachelor/bmad-vergleichsstudie/.lizard-tmp-DUgF1d/code/seed-b-frontend/.angular/cache/22.1.3/seed-b-frontend/vite/deps/@angular_router.js","UrlSerializer_Factory","UrlSerializer_Factory ( )",549,551
3,1,20,2,3,"ɵɵdefineService@552-554@/home/alex/dev/Bachelor/bmad-vergleichsstudie/.lizard-tmp-DUgF1d/code/seed-b-frontend/.angular/cache/22.1.3/seed-b-frontend/vite/deps/@angular_router.js","/home/alex/dev/Bachelor/bmad-vergleichsstudie/.lizard-tmp-DUgF1d/code/seed-b-frontend/.angular/cache/22.1.3/seed-b-frontend/vite/deps/@angular_router.js","ɵɵdefineService","ɵɵdefineService ( token UrlSerializer , factory ( ) ( ( )",552,554
6,3,44,0,6,"(anonymous)@557-562@/home/alex/dev/Bachelor/bmad-vergleichsstudie/.lizard-tmp-DUgF1d/code/seed-b-frontend/.angular/cache/22.1.3/seed-b-frontend/vite/deps/@angular_router.js","/home/alex/dev/Bachelor/bmad-vergleichsstudie/.lizard-tmp-DUgF1d/code/seed-b-frontend/.angular/cache/22.1.3/seed-b-frontend/vite/deps/@angular_router.js","(anonymous)","(anonymous)",557,562
4,1,37,1,4,"parse@564-567@/home/alex/dev/Bachelor/bmad-vergleichsstudie/.lizard-tmp-DUgF1d/code/seed-b-frontend/.angular/cache/22.1.3/seed-b-frontend/vite/deps/@angular_router.js","/home/alex/dev/Bachelor/bmad-vergleichsstudie/.lizard-tmp-DUgF1d/code/seed-b-frontend/.angular/cache/22.1.3/seed-b-frontend/vite/deps/@angular_router.js","parse","parse ( url )",564,567
2,1,25,1,2,"serialize@568-569@/home/alex/dev/Bachelor/bmad-vergleichsstudie/.lizard-tmp-DUgF1d/code/seed-b-frontend/.angular/cache/22.1.3/seed-b-frontend/vite/deps/@angular_router.js","/home/alex/dev/Bachelor/bmad-vergleichsstudie/.lizard-tmp-DUgF1d/code/seed-b-frontend/.angular/cache/22.1.3/seed-b-frontend/vite/deps/@angular_router.js","serialize","serialize ( tree )",568,569
1,1,5,0,1,"(anonymous)@574-574@/home/alex/dev/Bachelor/bmad-vergleichsstudie/.lizard-tmp-DUgF1d/code/seed-b-frontend/.angular/cache/22.1.3/seed-b-frontend/vite/deps/@angular_router.js","/home/alex/dev/Bachelor/bmad-vergleichsstudie/.lizard-tmp-DUgF1d/code/seed-b-frontend/.angular/cache/22.1.3/seed-b-frontend/vite/deps/@angular_router.js","(anonymous)","(anonymous)",574,574
3,1,23,1,3,"serializePaths@573-575@/home/alex/dev/Bachelor/bmad-vergleichsstudie/.lizard-tmp-DUgF1d/code/seed-b-frontend/.angular/cache/22.1.3/seed-b-frontend/vite/deps/@angular_router.js","/home/alex/dev/Bachelor/bmad-vergleichsstudie/.lizard-tmp-DUgF1d/code/seed-b-frontend/.angular/cache/22.1.3/seed-b-frontend/vite/deps/@angular_router.js","serializePaths","serializePaths ( segment )",573,575
3,2,23,0,3,"(anonymous)@581-583@/home/alex/dev/Bachelor/bmad-vergleichsstudie/.lizard-tmp-DUgF1d/code/seed-b-frontend/.angular/cache/22.1.3/seed-b-frontend/vite/deps/@angular_router.js","/home/alex/dev/Bachelor/bmad-vergleichsstudie/.lizard-tmp-DUgF1d/code/seed-b-frontend/.angular/cache/22.1.3/seed-b-frontend/vite/deps/@angular_router.js","(anonymous)","(anonymous)",581,583
4,2,36,0,4,"(anonymous)@586-589@/home/alex/dev/Bachelor/bmad-vergleichsstudie/.lizard-tmp-DUgF1d/code/seed-b-frontend/.angular/cache/22.1.3/seed-b-frontend/vite/deps/@angular_router.js","/home/alex/dev/Bachelor/bmad-vergleichsstudie/.lizard-tmp-DUgF1d/code/seed-b-frontend/.angular/cache/22.1.3/seed-b-frontend/vite/deps/@angular_router.js","(anonymous)","(anonymous)",586,589
13,7,166,2,18,"serializeSegment@576-593@/home/alex/dev/Bachelor/bmad-vergleichsstudie/.lizard-tmp-DUgF1d/code/seed-b-frontend/.angular/cache/22.1.3/seed-b-frontend/vite/deps/@angular_router.js","/home/alex/dev/Bachelor/bmad-vergleichsstudie/.lizard-tmp-DUgF1d/code/seed-b-frontend/.angular/cache/22.1.3/seed-b-frontend/vite/deps/@angular_router.js","serializeSegment","serializeSegment ( segment , root )",576,593
3,1,35,1,3,"encodeUriString@594-596@/home/alex/dev/Bachelor/bmad-vergleichsstudie/.lizard-tmp-DUgF1d/code/seed-b-frontend/.angular/cache/22.1.3/seed-b-frontend/vite/deps/@angular_router.js","/home/alex/dev/Bachelor/bmad-vergleichsstudie/.lizard-tmp-DUgF1d/code/seed-b-frontend/.angular/cache/22.1.3/seed-b-frontend/vite/deps/@angular_router.js","encodeUriString","encodeUriString ( s )",594,596
3,1,17,1,3,"encodeUriQuery@597-599@/home/alex/dev/Bachelor/bmad-vergleichsstudie/.lizard-tmp-DUgF1d/code/seed-b-frontend/.angular/cache/22.1.3/seed-b-frontend/vite/deps/@angular_router.js","/home/alex/dev/Bachelor/bmad-vergleichsstudie/.lizard-tmp-DUgF1d/code/seed-b-frontend/.angular/cache/22.1.3/seed-b-frontend/vite/deps/@angular_router.js","encodeUriQuery","encodeUriQuery ( s )",597,599
3,1,11,1,3,"encodeUriFragment@600-602@/home/alex/dev/Bachelor/bmad-vergleichsstudie/.lizard-tmp-DUgF1d/code/seed-b-frontend/.angular/cache/22.1.3/seed-b-frontend/vite/deps/@angular_router.js","/home/alex/dev/Bachelor/bmad-vergleichsstudie/.lizard-tmp-DUgF1d/code/seed-b-frontend/.angular/cache/22.1.3/seed-b-frontend/vite/deps/@angular_router.js","encodeUriFragment","encodeUriFragment ( s )",600,602
3,1,29,1,3,"encodeUriSegment@603-605@/home/alex/dev/Bachelor/bmad-vergleichsstudie/.lizard-tmp-DUgF1d/code/seed-b-frontend/.angular/cache/22.1.3/seed-b-frontend/vite/deps/@angular_router.js","/home/alex/dev/Bachelor/bmad-vergleichsstudie/.lizard-tmp-DUgF1d/code/seed-b-frontend/.angular/cache/22.1.3/seed-b-frontend/vite/deps/@angular_router.js","encodeUriSegment","encodeUriSegment ( s )",603,605
3,1,11,1,3,"decode@606-608@/home/alex/dev/Bachelor/bmad-vergleichsstudie/.lizard-tmp-DUgF1d/code/seed-b-frontend/.angular/cache/22.1.3/seed-b-frontend/vite/deps/@angular_router.js","/home/alex/dev/Bachelor/bmad-vergleichsstudie/.lizard-tmp-DUgF1d/code/seed-b-frontend/.angular/cache/22.1.3/seed-b-frontend/vite/deps/@angular_router.js","decode","decode ( s )",606,608
3,1,17,1,3,"decodeQuery@609-611@/home/alex/dev/Bachelor/bmad-vergleichsstudie/.lizard-tmp-DUgF1d/code/seed-b-frontend/.angular/cache/22.1.3/seed-b-frontend/vite/deps/@angular_router.js","/home/alex/dev/Bachelor/bmad-vergleichsstudie/.lizard-tmp-DUgF1d/code/seed-b-frontend/.angular/cache/22.1.3/seed-b-frontend/vite/deps/@angular_router.js","decodeQuery","decodeQuery ( s )",609,611
3,1,15,1,3,"serializePath@612-614@/home/alex/dev/Bachelor/bmad-vergleichsstudie/.lizard-tmp-DUgF1d/code/seed-b-frontend/.angular/cache/22.1.3/seed-b-frontend/vite/deps/@angular_router.js","/home/alex/dev/Bachelor/bmad-vergleichsstudie/.lizard-tmp-DUgF1d/code/seed-b-frontend/.angular/cache/22.1.3/seed-b-frontend/vite/deps/@angular_router.js","serializePath","serializePath ( path )",612,614
1,1,11,0,1,"(anonymous)@616-616@/home/alex/dev/Bachelor/bmad-vergleichsstudie/.lizard-tmp-DUgF1d/code/seed-b-frontend/.angular/cache/22.1.3/seed-b-frontend/vite/deps/@angular_router.js","/home/alex/dev/Bachelor/bmad-vergleichsstudie/.lizard-tmp-DUgF1d/code/seed-b-frontend/.angular/cache/22.1.3/seed-b-frontend/vite/deps/@angular_router.js","(anonymous)","(anonymous)",616,616
3,1,30,1,3,"serializeMatrixParams@615-617@/home/alex/dev/Bachelor/bmad-vergleichsstudie/.lizard-tmp-DUgF1d/code/seed-b-frontend/.angular/cache/22.1.3/seed-b-frontend/vite/deps/@angular_router.js","/home/alex/dev/Bachelor/bmad-vergleichsstudie/.lizard-tmp-DUgF1d/code/seed-b-frontend/.angular/cache/22.1.3/seed-b-frontend/vite/deps/@angular_router.js","serializeMatrixParams","serializeMatrixParams ( params )",615,617
1,1,10,0,1,"(anonymous)@620-620@/home/alex/dev/Bachelor/bmad-vergleichsstudie/.lizard-tmp-DUgF1d/code/seed-b-frontend/.angular/cache/22.1.3/seed-b-frontend/vite/deps/@angular_router.js","/home/alex/dev/Bachelor/bmad-vergleichsstudie/.lizard-tmp-DUgF1d/code/seed-b-frontend/.angular/cache/22.1.3/seed-b-frontend/vite/deps/@angular_router.js","(anonymous)","(anonymous)",620,620
3,2,35,0,3,"(anonymous)@619-621@/home/alex/dev/Bachelor/bmad-vergleichsstudie/.lizard-tmp-DUgF1d/code/seed-b-frontend/.angular/cache/22.1.3/seed-b-frontend/vite/deps/@angular_router.js","/home/alex/dev/Bachelor/bmad-vergleichsstudie/.lizard-tmp-DUgF1d/code/seed-b-frontend/.angular/cache/22.1.3/seed-b-frontend/vite/deps/@angular_router.js","(anonymous)","(anonymous)",619,621
1,1,2,0,1,"(anonymous)@621-621@/home/alex/dev/Bachelor/bmad-vergleichsstudie/.lizard-tmp-DUgF1d/code/seed-b-frontend/.angular/cache/22.1.3/seed-b-frontend/vite/deps/@angular_router.js","/home/alex/dev/Bachelor/bmad-vergleichsstudie/.lizard-tmp-DUgF1d/code/seed-b-frontend/.angular/cache/22.1.3/seed-b-frontend/vite/deps/@angular_router.js","(anonymous)","(anonymous)",621,621
4,2,50,1,6,"serializeQueryParams@618-623@/home/alex/dev/Bachelor/bmad-vergleichsstudie/.lizard-tmp-DUgF1d/code/seed-b-frontend/.angular/cache/22.1.3/seed-b-frontend/vite/deps/@angular_router.js","/home/alex/dev/Bachelor/bmad-vergleichsstudie/.lizard-tmp-DUgF1d/code/seed-b-frontend/.angular/cache/22.1.3/seed-b-frontend/vite/deps/@angular_router.js","serializeQueryParams","serializeQueryParams ( params )",618,623
4,2,25,1,4,"matchSegments@625-628@/home/alex/dev/Bachelor/bmad-vergleichsstudie/.lizard-tmp-DUgF1d/code/seed-b-frontend/.angular/cache/22.1.3/seed-b-frontend/vite/deps/@angular_router.js","/home/alex/dev/Bachelor/bmad-vergleichsstudie/.lizard-tmp-DUgF1d/code/seed-b-frontend/.angular/cache/22.1.3/seed-b-frontend/vite/deps/@angular_router.js","matchSegments","matchSegments ( str )",625,628
4,2,25,1,4,"matchMatrixKeySegments@630-633@/home/alex/dev/Bachelor/bmad-vergleichsstudie/.lizard-tmp-DUgF1d/code/seed-b-frontend/.angular/cache/22.1.3/seed-b-frontend/vite/deps/@angular_router.js","/home/alex/dev/Bachelor/bmad-vergleichsstudie/.lizard-tmp-DUgF1d/code/seed-b-frontend/.angular/cache/22.1.3/seed-b-frontend/vite/deps/@angular_router.js","matchMatrixKeySegments","matchMatrixKeySegments ( str )",630,633
4,2,25,1,4,"matchQueryParams@635-638@/home/alex/dev/Bachelor/bmad-vergleichsstudie/.lizard-tmp-DUgF1d/code/seed-b-frontend/.angular/cache/22.1.3/seed-b-frontend/vite/deps/@angular_router.js","/home/alex/dev/Bachelor/bmad-vergleichsstudie/.lizard-tmp-DUgF1d/code/seed-b-frontend/.angular/cache/22.1.3/seed-b-frontend/vite/deps/@angular_router.js","matchQueryParams","matchQueryParams ( str )",635,638
4,2,25,1,4,"matchUrlQueryParamValue@640-643@/home/alex/dev/Bachelor/bmad-vergleichsstudie/.lizard-tmp-DUgF1d/code/seed-b-frontend/.angular/cache/22.1.3/seed-b-frontend/vite/deps/@angular_router.js","/home/alex/dev/Bachelor/bmad-vergleichsstudie/.lizard-tmp-DUgF1d/code/seed-b-frontend/.angular/cache/22.1.3/seed-b-frontend/vite/deps/@angular_router.js","matchUrlQueryParamValue","matchUrlQueryParamValue ( str )",640,643
4,1,17,1,4,"constructor@647-650@/home/alex/dev/Bachelor/bmad-vergleichsstudie/.lizard-tmp-DUgF1d/code/seed-b-frontend/.angular/cache/22.1.3/seed-b-frontend/vite/deps/@angular_router.js","/home/alex/dev/Bachelor/bmad-vergleichsstudie/.lizard-tmp-DUgF1d/code/seed-b-frontend/.angular/cache/22.1.3/seed-b-frontend/vite/deps/@angular_router.js","constructor","constructor ( url )",647,650
5,5,61,0,5,"parseRootSegment@651-655@/home/alex/dev/Bachelor/bmad-vergleichsstudie/.lizard-tmp-DUgF1d/code/seed-b-frontend/.angular/cache/22.1.3/seed-b-frontend/vite/deps/@angular_router.js","/home/alex/dev/Bachelor/bmad-vergleichsstudie/.lizard-tmp-DUgF1d/code/seed-b-frontend/.angular/cache/22.1.3/seed-b-frontend/vite/deps/@angular_router.js","parseRootSegment","parseRootSegment ( )",651,655
7,3,40,0,7,"parseQueryParams@656-662@/home/alex/dev/Bachelor/bmad-vergleichsstudie/.lizard-tmp-DUgF1d/code/seed-b-frontend/.angular/cache/22.1.3/seed-b-frontend/vite/deps/@angular_router.js","/home/alex/dev/Bachelor/bmad-vergleichsstudie/.lizard-tmp-DUgF1d/code/seed-b-frontend/.angular/cache/22.1.3/seed-b-frontend/vite/deps/@angular_router.js","parseQueryParams","parseQueryParams ( )",656,662
3,2,21,0,3,"parseFragment@663-665@/home/alex/dev/Bachelor/bmad-vergleichsstudie/.lizard-tmp-DUgF1d/code/seed-b-frontend/.angular/cache/22.1.3/seed-b-frontend/vite/deps/@angular_router.js","/home/alex/dev/Bachelor/bmad-vergleichsstudie/.lizard-tmp-DUgF1d/code/seed-b-frontend/.angular/cache/22.1.3/seed-b-frontend/vite/deps/@angular_router.js","parseFragment","parseFragment ( )",663,665
20,13,218,1,20,"parseChildren@666-685@/home/alex/dev/Bachelor/bmad-vergleichsstudie/.lizard-tmp-DUgF1d/code/seed-b-frontend/.angular/cache/22.1.3/seed-b-frontend/vite/deps/@angular_router.js","/home/alex/dev/Bachelor/bmad-vergleichsstudie/.lizard-tmp-DUgF1d/code/seed-b-frontend/.angular/cache/22.1.3/seed-b-frontend/vite/deps/@angular_router.js","parseChildren","parseChildren ( depth )",666,685
6,5,74,0,6,"parseSegment@686-691@/home/alex/dev/Bachelor/bmad-vergleichsstudie/.lizard-tmp-DUgF1d/code/seed-b-frontend/.angular/cache/22.1.3/seed-b-frontend/vite/deps/@angular_router.js","/home/alex/dev/Bachelor/bmad-vergleichsstudie/.lizard-tmp-DUgF1d/code/seed-b-frontend/.angular/cache/22.1.3/seed-b-frontend/vite/deps/@angular_router.js","parseSegment","parseSegment ( )",686,691
5,2,29,0,5,"parseMatrixParams@692-696@/home/alex/dev/Bachelor/bmad-vergleichsstudie/.lizard-tmp-DUgF1d/code/seed-b-frontend/.angular/cache/22.1.3/seed-b-frontend/vite/deps/@angular_router.js","/home/alex/dev/Bachelor/bmad-vergleichsstudie/.lizard-tmp-DUgF1d/code/seed-b-frontend/.angular/cache/22.1.3/seed-b-frontend/vite/deps/@angular_router.js","parseMatrixParams","parseMatrixParams ( )",692,696
14,4,85,1,14,"parseParam@697-710@/home/alex/dev/Bachelor/bmad-vergleichsstudie/.lizard-tmp-DUgF1d/code/seed-b-frontend/.angular/cache/22.1.3/seed-b-frontend/vite/deps/@angular_router.js","/home/alex/dev/Bachelor/bmad-vergleichsstudie/.lizard-tmp-DUgF1d/code/seed-b-frontend/.angular/cache/22.1.3/seed-b-frontend/vite/deps/@angular_router.js","parseParam","parseParam ( params )",697,710
23,6,149,1,23,"parseQueryParam@711-733@/home/alex/dev/Bachelor/bmad-vergleichsstudie/.lizard-tmp-DUgF1d/code/seed-b-frontend/.angular/cache/22.1.3/seed-b-frontend/vite/deps/@angular_router.js","/home/alex/dev/Bachelor/bmad-vergleichsstudie/.lizard-tmp-DUgF1d/code/seed-b-frontend/.angular/cache/22.1.3/seed-b-frontend/vite/deps/@angular_router.js","parseQueryParam","parseQueryParam ( params )",711,733
19,14,220,2,19,"parseParens@734-752@/home/alex/dev/Bachelor/bmad-vergleichsstudie/.lizard-tmp-DUgF1d/code/seed-b-frontend/.angular/cache/22.1.3/seed-b-frontend/vite/deps/@angular_router.js","/home/alex/dev/Bachelor/bmad-vergleichsstudie/.lizard-tmp-DUgF1d/code/seed-b-frontend/.angular/cache/22.1.3/seed-b-frontend/vite/deps/@angular_router.js","parseParens","parseParens ( allowPrimary , depth )",734,752
3,1,15,1,3,"peekStartsWith@753-755@/home/alex/dev/Bachelor/bmad-vergleichsstudie/.lizard-tmp-DUgF1d/code/seed-b-frontend/.angular/cache/22.1.3/seed-b-frontend/vite/deps/@angular_router.js","/home/alex/dev/Bachelor/bmad-vergleichsstudie/.lizard-tmp-DUgF1d/code/seed-b-frontend/.angular/cache/22.1.3/seed-b-frontend/vite/deps/@angular_router.js","peekStartsWith","peekStartsWith ( str )",753,755
7,2,37,1,7,"consumeOptional@756-762@/home/alex/dev/Bachelor/bmad-vergleichsstudie/.lizard-tmp-DUgF1d/code/seed-b-frontend/.angular/cache/22.1.3/seed-b-frontend/vite/deps/@angular_router.js","/home/alex/dev/Bachelor/bmad-vergleichsstudie/.lizard-tmp-DUgF1d/code/seed-b-frontend/.angular/cache/22.1.3/seed-b-frontend/vite/deps/@angular_router.js","consumeOptional","consumeOptional ( str )",756,762
3,4,39,1,3,"capture@763-765@/home/alex/dev/Bachelor/bmad-vergleichsstudie/.lizard-tmp-DUgF1d/code/seed-b-frontend/.angular/cache/22.1.3/seed-b-frontend/vite/deps/@angular_router.js","/home/alex/dev/Bachelor/bmad-vergleichsstudie/.lizard-tmp-DUgF1d/code/seed-b-frontend/.angular/cache/22.1.3/seed-b-frontend/vite/deps/@angular_router.js","capture","capture ( str )",763,765
3,2,31,1,3,"createRoot@767-769@/home/alex/dev/Bachelor/bmad-vergleichsstudie/.lizard-tmp-DUgF1d/code/seed-b-frontend/.angular/cache/22.1.3/seed-b-frontend/vite/deps/@angular_router.js","/home/alex/dev/Bachelor/bmad-vergleichsstudie/.lizard-tmp-DUgF1d/code/seed-b-frontend/.angular/cache/22.1.3/seed-b-frontend/vite/deps/@angular_router.js","createRoot","createRoot ( rootCandidate )",767,769
9,8,126,1,9,"squashSegmentGroup@770-778@/home/alex/dev/Bachelor/bmad-vergleichsstudie/.lizard-tmp-DUgF1d/code/seed-b-frontend/.angular/cache/22.1.3/seed-b-frontend/vite/deps/@angular_router.js","/home/alex/dev/Bachelor/bmad-vergleichsstudie/.lizard-tmp-DUgF1d/code/seed-b-frontend/.angular/cache/22.1.3/seed-b-frontend/vite/deps/@angular_router.js","squashSegmentGroup","squashSegmentGroup ( segmentGroup )",770,778
7,3,55,1,7,"mergeTrivialChildren@779-785@/home/alex/dev/Bachelor/bmad-vergleichsstudie/.lizard-tmp-DUgF1d/code/seed-b-frontend/.angular/cache/22.1.3/seed-b-frontend/vite/deps/@angular_router.js","/home/alex/dev/Bachelor/bmad-vergleichsstudie/.lizard-tmp-DUgF1d/code/seed-b-frontend/.angular/cache/22.1.3/seed-b-frontend/vite/deps/@angular_router.js","mergeTrivialChildren","mergeTrivialChildren ( s )",779,785
3,1,10,1,3,"isUrlTree@786-788@/home/alex/dev/Bachelor/bmad-vergleichsstudie/.lizard-tmp-DUgF1d/code/seed-b-frontend/.angular/cache/22.1.3/seed-b-frontend/vite/deps/@angular_router.js","/home/alex/dev/Bachelor/bmad-vergleichsstudie/.lizard-tmp-DUgF1d/code/seed-b-frontend/.angular/cache/22.1.3/seed-b-frontend/vite/deps/@angular_router.js","isUrlTree","isUrlTree ( v )",786,788
10,3,65,1,10,"createSegmentGroupFromRouteRecursive@794-803@/home/alex/dev/Bachelor/bmad-vergleichsstudie/.lizard-tmp-DUgF1d/code/seed-b-frontend/.angular/cache/22.1.3/seed-b-frontend/vite/deps/@angular_router.js","/home/alex/dev/Bachelor/bmad-vergleichsstudie/.lizard-tmp-DUgF1d/code/seed-b-frontend/.angular/cache/22.1.3/seed-b-frontend/vite/deps/@angular_router.js","createSegmentGroupFromRouteRecursive","createSegmentGroupFromRouteRecursive ( currentRoute )",794,803
6,3,30,1,15,"createSegmentGroupFromRoute@792-806@/home/alex/dev/Bachelor/bmad-vergleichsstudie/.lizard-tmp-DUgF1d/code/seed-b-frontend/.angular/cache/22.1.3/seed-b-frontend/vite/deps/@angular_router.js","/home/alex/dev/Bachelor/bmad-vergleichsstudie/.lizard-tmp-DUgF1d/code/seed-b-frontend/.angular/cache/22.1.3/seed-b-frontend/vite/deps/@angular_router.js","createSegmentGroupFromRoute","createSegmentGroupFromRoute ( route )",792,806
10,5,161,5,10,"createUrlTreeFromSegmentGroup@807-816@/home/alex/dev/Bachelor/bmad-vergleichsstudie/.lizard-tmp-DUgF1d/code/seed-b-frontend/.angular/cache/22.1.3/seed-b-frontend/vite/deps/@angular_router.js","/home/alex/dev/Bachelor/bmad-vergleichsstudie/.lizard-tmp-DUgF1d/code/seed-b-frontend/.angular/cache/22.1.3/seed-b-frontend/vite/deps/@angular_router.js","createUrlTreeFromSegmentGroup","createUrlTreeFromSegmentGroup ( relativeTo , commands , queryParams , fragment , urlSerializer )",807,816
3,4,25,1,3,"isMatrixParams@817-819@/home/alex/dev/Bachelor/bmad-vergleichsstudie/.lizard-tmp-DUgF1d/code/seed-b-frontend/.angular/cache/22.1.3/seed-b-frontend/vite/deps/@angular_router.js","/home/alex/dev/Bachelor/bmad-vergleichsstudie/.lizard-tmp-DUgF1d/code/seed-b-frontend/.angular/cache/22.1.3/seed-b-frontend/vite/deps/@angular_router.js","isMatrixParams","isMatrixParams ( command )",817,819
3,3,19,1,3,"isCommandWithOutlets@820-822@/home/alex/dev/Bachelor/bmad-vergleichsstudie/.lizard-tmp-DUgF1d/code/seed-b-frontend/.angular/cache/22.1.3/seed-b-frontend/vite/deps/@angular_router.js","/home/alex/dev/Bachelor/bmad-vergleichsstudie/.lizard-tmp-DUgF1d/code/seed-b-frontend/.angular/cache/22.1.3/seed-b-frontend/vite/deps/@angular_router.js","isCommandWithOutlets","isCommandWithOutlets ( command )",820,822
6,2,52,3,6,"normalizeQueryParams@823-828@/home/alex/dev/Bachelor/bmad-vergleichsstudie/.lizard-tmp-DUgF1d/code/seed-b-frontend/.angular/cache/22.1.3/seed-b-frontend/vite/deps/@angular_router.js","/home/alex/dev/Bachelor/bmad-vergleichsstudie/.lizard-tmp-DUgF1d/code/seed-b-frontend/.angular/cache/22.1.3/seed-b-frontend/vite/deps/@angular_router.js","normalizeQueryParams","normalizeQueryParams ( k , v , urlSerializer )",823,828
1,1,9,0,1,"(anonymous)@831-831@/home/alex/dev/Bachelor/bmad-vergleichsstudie/.lizard-tmp-DUgF1d/code/seed-b-frontend/.angular/cache/22.1.3/seed-b-frontend/vite/deps/@angular_router.js","/home/alex/dev/Bachelor/bmad-vergleichsstudie/.lizard-tmp-DUgF1d/code/seed-b-frontend/.angular/cache/22.1.3/seed-b-frontend/vite/deps/@angular_router.js","(anonymous)","(anonymous)",831,831
8,6,114,6,8,"tree@829-836@/home/alex/dev/Bachelor/bmad-vergleichsstudie/.lizard-tmp-DUgF1d/code/seed-b-frontend/.angular/cache/22.1.3/seed-b-frontend/vite/deps/@angular_router.js","/home/alex/dev/Bachelor/bmad-vergleichsstudie/.lizard-tmp-DUgF1d/code/seed-b-frontend/.angular/cache/22.1.3/seed-b-frontend/vite/deps/@angular_router.js","tree","tree ( oldRoot , oldSegmentGroup , newSegmentGroup , queryParams , fragment , urlSerializer )",829,836
4,2,30,0,4,"(anonymous)@839-842@/home/alex/dev/Bachelor/bmad-vergleichsstudie/.lizard-tmp-DUgF1d/code/seed-b-frontend/.angular/cache/22.1.3/seed-b-frontend/vite/deps/@angular_router.js","/home/alex/dev/Bachelor/bmad-vergleichsstudie/.lizard-tmp-DUgF1d/code/seed-b-frontend/.angular/cache/22.1.3/seed-b-frontend/vite/deps/@angular_router.js","(anonymous)","(anonymous)",839,842
5,1,52,3,8,"replaceSegment@837-844@/home/alex/dev/Bachelor/bmad-vergleichsstudie/.lizard-tmp-DUgF1d/code/seed-b-frontend/.angular/cache/22.1.3/seed-b-frontend/vite/deps/@angular_router.js","/home/alex/dev/Bachelor/bmad-vergleichsstudie/.lizard-tmp-DUgF1d/code/seed-b-frontend/.angular/cache/22.1.3/seed-b-frontend/vite/deps/@angular_router.js","replaceSegment","replaceSegment ( current , oldSegment , newSegment )",837,844
8,10,102,3,8,"constructor@849-856@/home/alex/dev/Bachelor/bmad-vergleichsstudie/.lizard-tmp-DUgF1d/code/seed-b-frontend/.angular/cache/22.1.3/seed-b-frontend/vite/deps/@angular_router.js","/home/alex/dev/Bachelor/bmad-vergleichsstudie/.lizard-tmp-DUgF1d/code/seed-b-frontend/.angular/cache/22.1.3/seed-b-frontend/vite/deps/@angular_router.js","constructor","constructor ( isAbsolute , numberOfDoubleDots , commands )",849,856
3,3,26,0,3,"toRoot@857-859@/home/alex/dev/Bachelor/bmad-vergleichsstudie/.lizard-tmp-DUgF1d/code/seed-b-frontend/.angular/cache/22.1.3/seed-b-frontend/vite/deps/@angular_router.js","/home/alex/dev/Bachelor/bmad-vergleichsstudie/.lizard-tmp-DUgF1d/code/seed-b-frontend/.angular/cache/22.1.3/seed-b-frontend/vite/deps/@angular_router.js","toRoot","toRoot ( )",857,859
3,2,21,0,3,"(anonymous)@869-871@/home/alex/dev/Bachelor/bmad-vergleichsstudie/.lizard-tmp-DUgF1d/code/seed-b-frontend/.angular/cache/22.1.3/seed-b-frontend/vite/deps/@angular_router.js","/home/alex/dev/Bachelor/bmad-vergleichsstudie/.lizard-tmp-DUgF1d/code/seed-b-frontend/.angular/cache/22.1.3/seed-b-frontend/vite/deps/@angular_router.js","(anonymous)","(anonymous)",869,871
6,7,52,0,6,"(anonymous)@878-883@/home/alex/dev/Bachelor/bmad-vergleichsstudie/.lizard-tmp-DUgF1d/code/seed-b-frontend/.angular/cache/22.1.3/seed-b-frontend/vite/deps/@angular_router.js","/home/alex/dev/Bachelor/bmad-vergleichsstudie/.lizard-tmp-DUgF1d/code/seed-b-frontend/.angular/cache/22.1.3/seed-b-frontend/vite/deps/@angular_router.js","(anonymous)","(anonymous)",878,883
16,7,132,0,23,"(anonymous)@865-887@/home/alex/dev/Bachelor/bmad-vergleichsstudie/.lizard-tmp-DUgF1d/code/seed-b-frontend/.angular/cache/22.1.3/seed-b-frontend/vite/deps/@angular_router.js","/home/alex/dev/Bachelor/bmad-vergleichsstudie/.lizard-tmp-DUgF1d/code/seed-b-frontend/.angular/cache/22.1.3/seed-b-frontend/vite/deps/@angular_router.js","(anonymous)","(anonymous)",865,887
7,4,81,1,29,"computeNavigation@861-889@/home/alex/dev/Bachelor/bmad-vergleichsstudie/.lizard-tmp-DUgF1d/code/seed-b-frontend/.angular/cache/22.1.3/seed-b-frontend/vite/deps/@angular_router.js","/home/alex/dev/Bachelor/bmad-vergleichsstudie/.lizard-tmp-DUgF1d/code/seed-b-frontend/.angular/cache/22.1.3/seed-b-frontend/vite/deps/@angular_router.js","computeNavigation","computeNavigation ( commands )",861,889
5,1,27,3,5,"constructor@894-898@/home/alex/dev/Bachelor/bmad-vergleichsstudie/.lizard-tmp-DUgF1d/code/seed-b-frontend/.angular/cache/22.1.3/seed-b-frontend/vite/deps/@angular_router.js","/home/alex/dev/Bachelor/bmad-vergleichsstudie/.lizard-tmp-DUgF1d/code/seed-b-frontend/.angular/cache/22.1.3/seed-b-frontend/vite/deps/@angular_router.js","constructor","constructor ( segmentGroup , processChildren , index )",894,898
7,5,98,3,7,"findStartingPositionForTargetGroup@900-906@/home/alex/dev/Bachelor/bmad-vergleichsstudie/.lizard-tmp-DUgF1d/code/seed-b-frontend/.angular/cache/22.1.3/seed-b-frontend/vite/deps/@angular_router.js","/home/alex/dev/Bachelor/bmad-vergleichsstudie/.lizard-tmp-DUgF1d/code/seed-b-frontend/.angular/cache/22.1.3/seed-b-frontend/vite/deps/@angular_router.js","findStartingPositionForTargetGroup","findStartingPositionForTargetGroup ( nav , root , target )",900,906
12,5,86,3,12,"createPositionApplyingDoubleDots@907-918@/home/alex/dev/Bachelor/bmad-vergleichsstudie/.lizard-tmp-DUgF1d/code/seed-b-frontend/.angular/cache/22.1.3/seed-b-frontend/vite/deps/@angular_router.js","/home/alex/dev/Bachelor/bmad-vergleichsstudie/.lizard-tmp-DUgF1d/code/seed-b-frontend/.angular/cache/22.1.3/seed-b-frontend/vite/deps/@angular_router.js","createPositionApplyingDoubleDots","createPositionApplyingDoubleDots ( group , index , numberOfDoubleDots )",907,918
4,2,32,1,4,"getOutlets@919-922@/home/alex/dev/Bachelor/bmad-vergleichsstudie/.lizard-tmp-DUgF1d/code/seed-b-frontend/.angular/cache/22.1.3/seed-b-frontend/vite/deps/@angular_router.js","/home/alex/dev/Bachelor/bmad-vergleichsstudie/.lizard-tmp-DUgF1d/code/seed-b-frontend/.angular/cache/22.1.3/seed-b-frontend/vite/deps/@angular_router.js","getOutlets","getOutlets ( commands )",919,922
14,12,227,3,14,"updateSegmentGroup@923-936@/home/alex/dev/Bachelor/bmad-vergleichsstudie/.lizard-tmp-DUgF1d/code/seed-b-frontend/.angular/cache/22.1.3/seed-b-frontend/vite/deps/@angular_router.js","/home/alex/dev/Bachelor/bmad-vergleichsstudie/.lizard-tmp-DUgF1d/code/seed-b-frontend/.angular/cache/22.1.3/seed-b-frontend/vite/deps/@angular_router.js","updateSegmentGroup","updateSegmentGroup ( segmentGroup , startIndex , commands )",923,936
1,1,4,0,1,"(anonymous)@942-942@/home/alex/dev/Bachelor/bmad-vergleichsstudie/.lizard-tmp-DUgF1d/code/seed-b-frontend/.angular/cache/22.1.3/seed-b-frontend/vite/deps/@angular_router.js","/home/alex/dev/Bachelor/bmad-vergleichsstudie/.lizard-tmp-DUgF1d/code/seed-b-frontend/.angular/cache/22.1.3/seed-b-frontend/vite/deps/@angular_router.js","(anonymous)","(anonymous)",942,942
4,3,40,0,4,"(anonymous)@946-949@/home/alex/dev/Bachelor/bmad-vergleichsstudie/.lizard-tmp-DUgF1d/code/seed-b-frontend/.angular/cache/22.1.3/seed-b-frontend/vite/deps/@angular_router.js","/home/alex/dev/Bachelor/bmad-vergleichsstudie/.lizard-tmp-DUgF1d/code/seed-b-frontend/.angular/cache/22.1.3/seed-b-frontend/vite/deps/@angular_router.js","(anonymous)","(anonymous)",946,949
3,2,19,0,3,"(anonymous)@950-952@/home/alex/dev/Bachelor/bmad-vergleichsstudie/.lizard-tmp-DUgF1d/code/seed-b-frontend/.angular/cache/22.1.3/seed-b-frontend/vite/deps/@angular_router.js","/home/alex/dev/Bachelor/bmad-vergleichsstudie/.lizard-tmp-DUgF1d/code/seed-b-frontend/.angular/cache/22.1.3/seed-b-frontend/vite/deps/@angular_router.js","(anonymous)","(anonymous)",950,952
14,6,178,3,19,"updateSegmentGroupChildren@937-955@/home/alex/dev/Bachelor/bmad-vergleichsstudie/.lizard-tmp-DUgF1d/code/seed-b-frontend/.angular/cache/22.1.3/seed-b-frontend/vite/deps/@angular_router.js","/home/alex/dev/Bachelor/bmad-vergleichsstudie/.lizard-tmp-DUgF1d/code/seed-b-frontend/.angular/cache/22.1.3/seed-b-frontend/vite/deps/@angular_router.js","updateSegmentGroupChildren","updateSegmentGroupChildren ( segmentGroup , startIndex , commands )",937,955
31,13,207,3,31,"prefixedWith@956-986@/home/alex/dev/Bachelor/bmad-vergleichsstudie/.lizard-tmp-DUgF1d/code/seed-b-frontend/.angular/cache/22.1.3/seed-b-frontend/vite/deps/@angular_router.js","/home/alex/dev/Bachelor/bmad-vergleichsstudie/.lizard-tmp-DUgF1d/code/seed-b-frontend/.angular/cache/22.1.3/seed-b-frontend/vite/deps/@angular_router.js","prefixedWith","prefixedWith ( segmentGroup , startIndex , commands )",956,986
24,10,223,3,24,"createNewSegmentGroup@987-1010@/home/alex/dev/Bachelor/bmad-vergleichsstudie/.lizard-tmp-DUgF1d/code/seed-b-frontend/.angular/cache/22.1.3/seed-b-frontend/vite/deps/@angular_router.js","/home/alex/dev/Bachelor/bmad-vergleichsstudie/.lizard-tmp-DUgF1d/code/seed-b-frontend/.angular/cache/22.1.3/seed-b-frontend/vite/deps/@angular_router.js","createNewSegmentGroup","createNewSegmentGroup ( segmentGroup , startIndex , commands )",987,1010
4,3,43,0,4,"(anonymous)@1013-1016@/home/alex/dev/Bachelor/bmad-vergleichsstudie/.lizard-tmp-DUgF1d/code/seed-b-frontend/.angular/cache/22.1.3/seed-b-frontend/vite/deps/@angular_router.js","/home/alex/dev/Bachelor/bmad-vergleichsstudie/.lizard-tmp-DUgF1d/code/seed-b-frontend/.angular/cache/22.1.3/seed-b-frontend/vite/deps/@angular_router.js","(anonymous)","(anonymous)",1013,1016
5,1,34,1,8,"createNewSegmentChildren@1011-1018@/home/alex/dev/Bachelor/bmad-vergleichsstudie/.lizard-tmp-DUgF1d/code/seed-b-frontend/.angular/cache/22.1.3/seed-b-frontend/vite/deps/@angular_router.js","/home/alex/dev/Bachelor/bmad-vergleichsstudie/.lizard-tmp-DUgF1d/code/seed-b-frontend/.angular/cache/22.1.3/seed-b-frontend/vite/deps/@angular_router.js","createNewSegmentChildren","createNewSegmentChildren ( outlets )",1011,1018
1,1,11,0,1,"(anonymous)@1021-1021@/home/alex/dev/Bachelor/bmad-vergleichsstudie/.lizard-tmp-DUgF1d/code/seed-b-frontend/.angular/cache/22.1.3/seed-b-frontend/vite/deps/@angular_router.js","/home/alex/dev/Bachelor/bmad-vergleichsstudie/.lizard-tmp-DUgF1d/code/seed-b-frontend/.angular/cache/22.1.3/seed-b-frontend/vite/deps/@angular_router.js","(anonymous)","(anonymous)",1021,1021
5,1,33,1,5,"stringify@1019-1023@/home/alex/dev/Bachelor/bmad-vergleichsstudie/.lizard-tmp-DUgF1d/code/seed-b-frontend/.angular/cache/22.1.3/seed-b-frontend/vite/deps/@angular_router.js","/home/alex/dev/Bachelor/bmad-vergleichsstudie/.lizard-tmp-DUgF1d/code/seed-b-frontend/.angular/cache/22.1.3/seed-b-frontend/vite/deps/@angular_router.js","stringify","stringify ( params )",1019,1023
3,2,25,3,3,"compare@1024-1026@/home/alex/dev/Bachelor/bmad-vergleichsstudie/.lizard-tmp-DUgF1d/code/seed-b-frontend/.angular/cache/22.1.3/seed-b-frontend/vite/deps/@angular_router.js","/home/alex/dev/Bachelor/bmad-vergleichsstudie/.lizard-tmp-DUgF1d/code/seed-b-frontend/.angular/cache/22.1.3/seed-b-frontend/vite/deps/@angular_router.js","compare","compare ( path , params , segment )",1024,1026
19,1,209,1,19,"(anonymous)@1029-1047@/home/alex/dev/Bachelor/bmad-vergleichsstudie/.lizard-tmp-DUgF1d/code/seed-b-frontend/.angular/cache/22.1.3/seed-b-frontend/vite/deps/@angular_router.js","/home/alex/dev/Bachelor/bmad-vergleichsstudie/.lizard-tmp-DUgF1d/code/seed-b-frontend/.angular/cache/22.1.3/seed-b-frontend/vite/deps/@angular_router.js","(anonymous)","(anonymous) ( EventType )",1029,1047
4,1,19,2,4,"constructor@1051-1054@/home/alex/dev/Bachelor/bmad-vergleichsstudie/.lizard-tmp-DUgF1d/code/seed-b-frontend/.angular/cache/22.1.3/seed-b-frontend/vite/deps/@angular_router.js","/home/alex/dev/Bachelor/bmad-vergleichsstudie/.lizard-tmp-DUgF1d/code/seed-b-frontend/.angular/cache/22.1.3/seed-b-frontend/vite/deps/@angular_router.js","constructor","constructor ( id , url )",1051,1054
5,1,34,4,5,"constructor@1060-1064@/home/alex/dev/Bachelor/bmad-vergleichsstudie/.lizard-tmp-DUgF1d/code/seed-b-frontend/.angular/cache/22.1.3/seed-b-frontend/vite/deps/@angular_router.js","/home/alex/dev/Bachelor/bmad-vergleichsstudie/.lizard-tmp-DUgF1d/code/seed-b-frontend/.angular/cache/22.1.3/seed-b-frontend/vite/deps/@angular_router.js","constructor","constructor ( id , url , navigationTrigger , restoredState null )",1060,1064
3,1,17,0,3,"toString@1065-1067@/home/alex/dev/Bachelor/bmad-vergleichsstudie/.lizard-tmp-DUgF1d/code/seed-b-frontend/.angular/cache/22.1.3/seed-b-frontend/vite/deps/@angular_router.js","/home/alex/dev/Bachelor/bmad-vergleichsstudie/.lizard-tmp-DUgF1d/code/seed-b-frontend/.angular/cache/22.1.3/seed-b-frontend/vite/deps/@angular_router.js","toString","toString ( )",1065,1067
4,1,22,3,4,"constructor@1072-1075@/home/alex/dev/Bachelor/bmad-vergleichsstudie/.lizard-tmp-DUgF1d/code/seed-b-frontend/.angular/cache/22.1.3/seed-b-frontend/vite/deps/@angular_router.js","/home/alex/dev/Bachelor/bmad-vergleichsstudie/.lizard-tmp-DUgF1d/code/seed-b-frontend/.angular/cache/22.1.3/seed-b-frontend/vite/deps/@angular_router.js","constructor","constructor ( id , url , urlAfterRedirects )",1072,1075
3,1,21,0,3,"toString@1076-1078@/home/alex/dev/Bachelor/bmad-vergleichsstudie/.lizard-tmp-DUgF1d/code/seed-b-frontend/.angular/cache/22.1.3/seed-b-frontend/vite/deps/@angular_router.js","/home/alex/dev/Bachelor/bmad-vergleichsstudie/.lizard-tmp-DUgF1d/code/seed-b-frontend/.angular/cache/22.1.3/seed-b-frontend/vite/deps/@angular_router.js","toString","toString ( )",1076,1078
7,1,65,1,7,"(anonymous)@1081-1087@/home/alex/dev/Bachelor/bmad-vergleichsstudie/.lizard-tmp-DUgF1d/code/seed-b-frontend/.angular/cache/22.1.3/seed-b-frontend/vite/deps/@angular_router.js","/home/alex/dev/Bachelor/bmad-vergleichsstudie/.lizard-tmp-DUgF1d/code/seed-b-frontend/.angular/cache/22.1.3/seed-b-frontend/vite/deps/@angular_router.js","(anonymous)","(anonymous) ( NavigationCancellationCode )",1081,1087
4,1,29,1,4,"(anonymous)@1089-1092@/home/alex/dev/Bachelor/bmad-vergleichsstudie/.lizard-tmp-DUgF1d/code/seed-b-frontend/.angular/cache/22.1.3/seed-b-frontend/vite/deps/@angular_router.js","/home/alex/dev/Bachelor/bmad-vergleichsstudie/.lizard-tmp-DUgF1d/code/seed-b-frontend/.angular/cache/22.1.3/seed-b-frontend/vite/deps/@angular_router.js","(anonymous)","(anonymous) ( NavigationSkippedCode )",1089,1092
5,1,30,4,5,"constructor@1097-1101@/home/alex/dev/Bachelor/bmad-vergleichsstudie/.lizard-tmp-DUgF1d/code/seed-b-frontend/.angular/cache/22.1.3/seed-b-frontend/vite/deps/@angular_router.js","/home/alex/dev/Bachelor/bmad-vergleichsstudie/.lizard-tmp-DUgF1d/code/seed-b-frontend/.angular/cache/22.1.3/seed-b-frontend/vite/deps/@angular_router.js","constructor","constructor ( id , url , reason , code )",1097,1101
3,1,17,0,3,"toString@1102-1104@/home/alex/dev/Bachelor/bmad-vergleichsstudie/.lizard-tmp-DUgF1d/code/seed-b-frontend/.angular/cache/22.1.3/seed-b-frontend/vite/deps/@angular_router.js","/home/alex/dev/Bachelor/bmad-vergleichsstudie/.lizard-tmp-DUgF1d/code/seed-b-frontend/.angular/cache/22.1.3/seed-b-frontend/vite/deps/@angular_router.js","toString","toString ( )",1102,1104
3,3,28,1,3,"isRedirectingEvent@1106-1108@/home/alex/dev/Bachelor/bmad-vergleichsstudie/.lizard-tmp-DUgF1d/code/seed-b-frontend/.angular/cache/22.1.3/seed-b-frontend/vite/deps/@angular_router.js","/home/alex/dev/Bachelor/bmad-vergleichsstudie/.lizard-tmp-DUgF1d/code/seed-b-frontend/.angular/cache/22.1.3/seed-b-frontend/vite/deps/@angular_router.js","isRedirectingEvent","isRedirectingEvent ( event )",1106,1108
5,1,30,4,5,"constructor@1113-1117@/home/alex/dev/Bachelor/bmad-vergleichsstudie/.lizard-tmp-DUgF1d/code/seed-b-frontend/.angular/cache/22.1.3/seed-b-frontend/vite/deps/@angular_router.js","/home/alex/dev/Bachelor/bmad-vergleichsstudie/.lizard-tmp-DUgF1d/code/seed-b-frontend/.angular/cache/22.1.3/seed-b-frontend/vite/deps/@angular_router.js","constructor","constructor ( id , url , reason , code )",1113,1117
5,1,30,4,5,"constructor@1123-1127@/home/alex/dev/Bachelor/bmad-vergleichsstudie/.lizard-tmp-DUgF1d/code/seed-b-frontend/.angular/cache/22.1.3/seed-b-frontend/vite/deps/@angular_router.js","/home/alex/dev/Bachelor/bmad-vergleichsstudie/.lizard-tmp-DUgF1d/code/seed-b-frontend/.angular/cache/22.1.3/seed-b-frontend/vite/deps/@angular_router.js","constructor","constructor ( id , url , error , target )",1123,1127
3,1,21,0,3,"toString@1128-1130@/home/alex/dev/Bachelor/bmad-vergleichsstudie/.lizard-tmp-DUgF1d/code/seed-b-frontend/.angular/cache/22.1.3/seed-b-frontend/vite/deps/@angular_router.js","/home/alex/dev/Bachelor/bmad-vergleichsstudie/.lizard-tmp-DUgF1d/code/seed-b-frontend/.angular/cache/22.1.3/seed-b-frontend/vite/deps/@angular_router.js","toString","toString ( )",1128,1130
5,1,30,4,5,"constructor@1136-1140@/home/alex/dev/Bachelor/bmad-vergleichsstudie/.lizard-tmp-DUgF1d/code/seed-b-frontend/.angular/cache/22.1.3/seed-b-frontend/vite/deps/@angular_router.js","/home/alex/dev/Bachelor/bmad-vergleichsstudie/.lizard-tmp-DUgF1d/code/seed-b-frontend/.angular/cache/22.1.3/seed-b-frontend/vite/deps/@angular_router.js","constructor","constructor ( id , url , urlAfterRedirects , state )",1136,1140
3,1,25,0,3,"toString@1141-1143@/home/alex/dev/Bachelor/bmad-vergleichsstudie/.lizard-tmp-DUgF1d/code/seed-b-frontend/.angular/cache/22.1.3/seed-b-frontend/vite/deps/@angular_router.js","/home/alex/dev/Bachelor/bmad-vergleichsstudie/.lizard-tmp-DUgF1d/code/seed-b-frontend/.angular/cache/22.1.3/seed-b-frontend/vite/deps/@angular_router.js","toString","toString ( )",1141,1143
5,1,30,4,5,"constructor@1149-1153@/home/alex/dev/Bachelor/bmad-vergleichsstudie/.lizard-tmp-DUgF1d/code/seed-b-frontend/.angular/cache/22.1.3/seed-b-frontend/vite/deps/@angular_router.js","/home/alex/dev/Bachelor/bmad-vergleichsstudie/.lizard-tmp-DUgF1d/code/seed-b-frontend/.angular/cache/22.1.3/seed-b-frontend/vite/deps/@angular_router.js","constructor","constructor ( id , url , urlAfterRedirects , state )",1149,1153
3,1,25,0,3,"toString@1154-1156@/home/alex/dev/Bachelor/bmad-vergleichsstudie/.lizard-tmp-DUgF1d/code/seed-b-frontend/.angular/cache/22.1.3/seed-b-frontend/vite/deps/@angular_router.js","/home/alex/dev/Bachelor/bmad-vergleichsstudie/.lizard-tmp-DUgF1d/code/seed-b-frontend/.angular/cache/22.1.3/seed-b-frontend/vite/deps/@angular_router.js","toString","toString ( )",1154,1156
6,1,38,5,6,"constructor@1163-1168@/home/alex/dev/Bachelor/bmad-vergleichsstudie/.lizard-tmp-DUgF1d/code/seed-b-frontend/.angular/cache/22.1.3/seed-b-frontend/vite/deps/@angular_router.js","/home/alex/dev/Bachelor/bmad-vergleichsstudie/.lizard-tmp-DUgF1d/code/seed-b-frontend/.angular/cache/22.1.3/seed-b-frontend/vite/deps/@angular_router.js","constructor","constructor ( id , url , urlAfterRedirects , state , shouldActivate )",1163,1168
3,1,29,0,3,"toString@1169-1171@/home/alex/dev/Bachelor/bmad-vergleichsstudie/.lizard-tmp-DUgF1d/code/seed-b-frontend/.angular/cache/22.1.3/seed-b-frontend/vite/deps/@angular_router.js","/home/alex/dev/Bachelor/bmad-vergleichsstudie/.lizard-tmp-DUgF1d/code/seed-b-frontend/.angular/cache/22.1.3/seed-b-frontend/vite/deps/@angular_router.js","toString","toString ( )",1169,1171
5,1,30,4,5,"constructor@1177-1181@/home/alex/dev/Bachelor/bmad-vergleichsstudie/.lizard-tmp-DUgF1d/code/seed-b-frontend/.angular/cache/22.1.3/seed-b-frontend/vite/deps/@angular_router.js","/home/alex/dev/Bachelor/bmad-vergleichsstudie/.lizard-tmp-DUgF1d/code/seed-b-frontend/.angular/cache/22.1.3/seed-b-frontend/vite/deps/@angular_router.js","constructor","constructor ( id , url , urlAfterRedirects , state )",1177,1181
3,1,25,0,3,"toString@1182-1184@/home/alex/dev/Bachelor/bmad-vergleichsstudie/.lizard-tmp-DUgF1d/code/seed-b-frontend/.angular/cache/22.1.3/seed-b-frontend/vite/deps/@angular_router.js","/home/alex/dev/Bachelor/bmad-vergleichsstudie/.lizard-tmp-DUgF1d/code/seed-b-frontend/.angular/cache/22.1.3/seed-b-frontend/vite/deps/@angular_router.js","toString","toString ( )",1182,1184
5,1,30,4,5,"constructor@1190-1194@/home/alex/dev/Bachelor/bmad-vergleichsstudie/.lizard-tmp-DUgF1d/code/seed-b-frontend/.angular/cache/22.1.3/seed-b-frontend/vite/deps/@angular_router.js","/home/alex/dev/Bachelor/bmad-vergleichsstudie/.lizard-tmp-DUgF1d/code/seed-b-frontend/.angular/cache/22.1.3/seed-b-frontend/vite/deps/@angular_router.js","constructor","constructor ( id , url , urlAfterRedirects , state )",1190,1194
3,1,25,0,3,"toString@1195-1197@/home/alex/dev/Bachelor/bmad-vergleichsstudie/.lizard-tmp-DUgF1d/code/seed-b-frontend/.angular/cache/22.1.3/seed-b-frontend/vite/deps/@angular_router.js","/home/alex/dev/Bachelor/bmad-vergleichsstudie/.lizard-tmp-DUgF1d/code/seed-b-frontend/.angular/cache/22.1.3/seed-b-frontend/vite/deps/@angular_router.js","toString","toString ( )",1195,1197
3,1,11,1,3,"constructor@1202-1204@/home/alex/dev/Bachelor/bmad-vergleichsstudie/.lizard-tmp-DUgF1d/code/seed-b-frontend/.angular/cache/22.1.3/seed-b-frontend/vite/deps/@angular_router.js","/home/alex/dev/Bachelor/bmad-vergleichsstudie/.lizard-tmp-DUgF1d/code/seed-b-frontend/.angular/cache/22.1.3/seed-b-frontend/vite/deps/@angular_router.js","constructor","constructor ( route )",1202,1204
3,1,13,0,3,"toString@1205-1207@/home/alex/dev/Bachelor/bmad-vergleichsstudie/.lizard-tmp-DUgF1d/code/seed-b-frontend/.angular/cache/22.1.3/seed-b-frontend/vite/deps/@angular_router.js","/home/alex/dev/Bachelor/bmad-vergleichsstudie/.lizard-tmp-DUgF1d/code/seed-b-frontend/.angular/cache/22.1.3/seed-b-frontend/vite/deps/@angular_router.js","toString","toString ( )",1205,1207
3,1,11,1,3,"constructor@1212-1214@/home/alex/dev/Bachelor/bmad-vergleichsstudie/.lizard-tmp-DUgF1d/code/seed-b-frontend/.angular/cache/22.1.3/seed-b-frontend/vite/deps/@angular_router.js","/home/alex/dev/Bachelor/bmad-vergleichsstudie/.lizard-tmp-DUgF1d/code/seed-b-frontend/.angular/cache/22.1.3/seed-b-frontend/vite/deps/@angular_router.js","constructor","constructor ( route )",1212,1214
3,1,13,0,3,"toString@1215-1217@/home/alex/dev/Bachelor/bmad-vergleichsstudie/.lizard-tmp-DUgF1d/code/seed-b-frontend/.angular/cache/22.1.3/seed-b-frontend/vite/deps/@angular_router.js","/home/alex/dev/Bachelor/bmad-vergleichsstudie/.lizard-tmp-DUgF1d/code/seed-b-frontend/.angular/cache/22.1.3/seed-b-frontend/vite/deps/@angular_router.js","toString","toString ( )",1215,1217
3,1,11,1,3,"constructor@1222-1224@/home/alex/dev/Bachelor/bmad-vergleichsstudie/.lizard-tmp-DUgF1d/code/seed-b-frontend/.angular/cache/22.1.3/seed-b-frontend/vite/deps/@angular_router.js","/home/alex/dev/Bachelor/bmad-vergleichsstudie/.lizard-tmp-DUgF1d/code/seed-b-frontend/.angular/cache/22.1.3/seed-b-frontend/vite/deps/@angular_router.js","constructor","constructor ( snapshot )",1222,1224
3,1,13,0,3,"toString@1225-1227@/home/alex/dev/Bachelor/bmad-vergleichsstudie/.lizard-tmp-DUgF1d/code/seed-b-frontend/.angular/cache/22.1.3/seed-b-frontend/vite/deps/@angular_router.js","/home/alex/dev/Bachelor/bmad-vergleichsstudie/.lizard-tmp-DUgF1d/code/seed-b-frontend/.angular/cache/22.1.3/seed-b-frontend/vite/deps/@angular_router.js","toString","toString ( )",1225,1227
3,1,11,1,3,"constructor@1232-1234@/home/alex/dev/Bachelor/bmad-vergleichsstudie/.lizard-tmp-DUgF1d/code/seed-b-frontend/.angular/cache/22.1.3/seed-b-frontend/vite/deps/@angular_router.js","/home/alex/dev/Bachelor/bmad-vergleichsstudie/.lizard-tmp-DUgF1d/code/seed-b-frontend/.angular/cache/22.1.3/seed-b-frontend/vite/deps/@angular_router.js","constructor","constructor ( snapshot )",1232,1234
3,1,13,0,3,"toString@1235-1237@/home/alex/dev/Bachelor/bmad-vergleichsstudie/.lizard-tmp-DUgF1d/code/seed-b-frontend/.angular/cache/22.1.3/seed-b-frontend/vite/deps/@angular_router.js","/home/alex/dev/Bachelor/bmad-vergleichsstudie/.lizard-tmp-DUgF1d/code/seed-b-frontend/.angular/cache/22.1.3/seed-b-frontend/vite/deps/@angular_router.js","toString","toString ( )",1235,1237
3,1,11,1,3,"constructor@1242-1244@/home/alex/dev/Bachelor/bmad-vergleichsstudie/.lizard-tmp-DUgF1d/code/seed-b-frontend/.angular/cache/22.1.3/seed-b-frontend/vite/deps/@angular_router.js","/home/alex/dev/Bachelor/bmad-vergleichsstudie/.lizard-tmp-DUgF1d/code/seed-b-frontend/.angular/cache/22.1.3/seed-b-frontend/vite/deps/@angular_router.js","constructor","constructor ( snapshot )",1242,1244
3,1,13,0,3,"toString@1245-1247@/home/alex/dev/Bachelor/bmad-vergleichsstudie/.lizard-tmp-DUgF1d/code/seed-b-frontend/.angular/cache/22.1.3/seed-b-frontend/vite/deps/@angular_router.js","/home/alex/dev/Bachelor/bmad-vergleichsstudie/.lizard-tmp-DUgF1d/code/seed-b-frontend/.angular/cache/22.1.3/seed-b-frontend/vite/deps/@angular_router.js","toString","toString ( )",1245,1247
3,1,11,1,3,"constructor@1252-1254@/home/alex/dev/Bachelor/bmad-vergleichsstudie/.lizard-tmp-DUgF1d/code/seed-b-frontend/.angular/cache/22.1.3/seed-b-frontend/vite/deps/@angular_router.js","/home/alex/dev/Bachelor/bmad-vergleichsstudie/.lizard-tmp-DUgF1d/code/seed-b-frontend/.angular/cache/22.1.3/seed-b-frontend/vite/deps/@angular_router.js","constructor","constructor ( snapshot )",1252,1254
3,1,13,0,3,"toString@1255-1257@/home/alex/dev/Bachelor/bmad-vergleichsstudie/.lizard-tmp-DUgF1d/code/seed-b-frontend/.angular/cache/22.1.3/seed-b-frontend/vite/deps/@angular_router.js","/home/alex/dev/Bachelor/bmad-vergleichsstudie/.lizard-tmp-DUgF1d/code/seed-b-frontend/.angular/cache/22.1.3/seed-b-frontend/vite/deps/@angular_router.js","toString","toString ( )",1255,1257
6,1,35,4,6,"constructor@1265-1270@/home/alex/dev/Bachelor/bmad-vergleichsstudie/.lizard-tmp-DUgF1d/code/seed-b-frontend/.angular/cache/22.1.3/seed-b-frontend/vite/deps/@angular_router.js","/home/alex/dev/Bachelor/bmad-vergleichsstudie/.lizard-tmp-DUgF1d/code/seed-b-frontend/.angular/cache/22.1.3/seed-b-frontend/vite/deps/@angular_router.js","constructor","constructor ( routerEvent , position , anchor , scrollBehavior )",1265,1270
4,2,36,0,4,"toString@1271-1274@/home/alex/dev/Bachelor/bmad-vergleichsstudie/.lizard-tmp-DUgF1d/code/seed-b-frontend/.angular/cache/22.1.3/seed-b-frontend/vite/deps/@angular_router.js","/home/alex/dev/Bachelor/bmad-vergleichsstudie/.lizard-tmp-DUgF1d/code/seed-b-frontend/.angular/cache/22.1.3/seed-b-frontend/vite/deps/@angular_router.js","toString","toString ( )",1271,1274
4,1,19,2,4,"constructor@1281-1284@/home/alex/dev/Bachelor/bmad-vergleichsstudie/.lizard-tmp-DUgF1d/code/seed-b-frontend/.angular/cache/22.1.3/seed-b-frontend/vite/deps/@angular_router.js","/home/alex/dev/Bachelor/bmad-vergleichsstudie/.lizard-tmp-DUgF1d/code/seed-b-frontend/.angular/cache/22.1.3/seed-b-frontend/vite/deps/@angular_router.js","constructor","constructor ( url , navigationBehaviorOptions )",1281,1284
3,3,27,1,3,"isPublicRouterEvent@1286-1288@/home/alex/dev/Bachelor/bmad-vergleichsstudie/.lizard-tmp-DUgF1d/code/seed-b-frontend/.angular/cache/22.1.3/seed-b-frontend/vite/deps/@angular_router.js","/home/alex/dev/Bachelor/bmad-vergleichsstudie/.lizard-tmp-DUgF1d/code/seed-b-frontend/.angular/cache/22.1.3/seed-b-frontend/vite/deps/@angular_router.js","isPublicRouterEvent","isPublicRouterEvent ( e )",1286,1288
23,19,366,1,23,"stringifyEvent@1289-1311@/home/alex/dev/Bachelor/bmad-vergleichsstudie/.lizard-tmp-DUgF1d/code/seed-b-frontend/.angular/cache/22.1.3/seed-b-frontend/vite/deps/@angular_router.js","/home/alex/dev/Bachelor/bmad-vergleichsstudie/.lizard-tmp-DUgF1d/code/seed-b-frontend/.angular/cache/22.1.3/seed-b-frontend/vite/deps/@angular_router.js","stringifyEvent","stringifyEvent ( routerEvent )",1289,1311
3,3,18,0,3,"get injector@1318-1320@/home/alex/dev/Bachelor/bmad-vergleichsstudie/.lizard-tmp-DUgF1d/code/seed-b-frontend/.angular/cache/22.1.3/seed-b-frontend/vite/deps/@angular_router.js","/home/alex/dev/Bachelor/bmad-vergleichsstudie/.lizard-tmp-DUgF1d/code/seed-b-frontend/.angular/cache/22.1.3/seed-b-frontend/vite/deps/@angular_router.js","get injector","get injector ( )",1318,1320
4,1,23,1,4,"constructor@1321-1324@/home/alex/dev/Bachelor/bmad-vergleichsstudie/.lizard-tmp-DUgF1d/code/seed-b-frontend/.angular/cache/22.1.3/seed-b-frontend/vite/deps/@angular_router.js","/home/alex/dev/Bachelor/bmad-vergleichsstudie/.lizard-tmp-DUgF1d/code/seed-b-frontend/.angular/cache/22.1.3/seed-b-frontend/vite/deps/@angular_router.js","constructor","constructor ( rootInjector )",1321,1324
3,1,11,1,3,"constructor@1329-1331@/home/alex/dev/Bachelor/bmad-vergleichsstudie/.lizard-tmp-DUgF1d/code/seed-b-frontend/.angular/cache/22.1.3/seed-b-frontend/vite/deps/@angular_router.js","/home/alex/dev/Bachelor/bmad-vergleichsstudie/.lizard-tmp-DUgF1d/code/seed-b-frontend/.angular/cache/22.1.3/seed-b-frontend/vite/deps/@angular_router.js","constructor","constructor ( rootInjector )",1329,1331
5,1,34,2,5,"onChildOutletCreated@1332-1336@/home/alex/dev/Bachelor/bmad-vergleichsstudie/.lizard-tmp-DUgF1d/code/seed-b-frontend/.angular/cache/22.1.3/seed-b-frontend/vite/deps/@angular_router.js","/home/alex/dev/Bachelor/bmad-vergleichsstudie/.lizard-tmp-DUgF1d/code/seed-b-frontend/.angular/cache/22.1.3/seed-b-frontend/vite/deps/@angular_router.js","onChildOutletCreated","onChildOutletCreated ( childName , outlet )",1332,1336
7,2,33,1,7,"onChildOutletDestroyed@1337-1343@/home/alex/dev/Bachelor/bmad-vergleichsstudie/.lizard-tmp-DUgF1d/code/seed-b-frontend/.angular/cache/22.1.3/seed-b-frontend/vite/deps/@angular_router.js","/home/alex/dev/Bachelor/bmad-vergleichsstudie/.lizard-tmp-DUgF1d/code/seed-b-frontend/.angular/cache/22.1.3/seed-b-frontend/vite/deps/@angular_router.js","onChildOutletDestroyed","onChildOutletDestroyed ( childName )",1337,1343
5,1,23,0,5,"onOutletDeactivated@1344-1348@/home/alex/dev/Bachelor/bmad-vergleichsstudie/.lizard-tmp-DUgF1d/code/seed-b-frontend/.angular/cache/22.1.3/seed-b-frontend/vite/deps/@angular_router.js","/home/alex/dev/Bachelor/bmad-vergleichsstudie/.lizard-tmp-DUgF1d/code/seed-b-frontend/.angular/cache/22.1.3/seed-b-frontend/vite/deps/@angular_router.js","onOutletDeactivated","onOutletDeactivated ( )",1344,1348
3,1,11,1,3,"onOutletReAttached@1349-1351@/home/alex/dev/Bachelor/bmad-vergleichsstudie/.lizard-tmp-DUgF1d/code/seed-b-frontend/.angular/cache/22.1.3/seed-b-frontend/vite/deps/@angular_router.js","/home/alex/dev/Bachelor/bmad-vergleichsstudie/.lizard-tmp-DUgF1d/code/seed-b-frontend/.angular/cache/22.1.3/seed-b-frontend/vite/deps/@angular_router.js","onOutletReAttached","onOutletReAttached ( contexts )",1349,1351
8,2,46,1,8,"getOrCreateContext@1352-1359@/home/alex/dev/Bachelor/bmad-vergleichsstudie/.lizard-tmp-DUgF1d/code/seed-b-frontend/.angular/cache/22.1.3/seed-b-frontend/vite/deps/@angular_router.js","/home/alex/dev/Bachelor/bmad-vergleichsstudie/.lizard-tmp-DUgF1d/code/seed-b-frontend/.angular/cache/22.1.3/seed-b-frontend/vite/deps/@angular_router.js","getOrCreateContext","getOrCreateContext ( childName )",1352,1359
3,2,17,1,3,"getContext@1360-1362@/home/alex/dev/Bachelor/bmad-vergleichsstudie/.lizard-tmp-DUgF1d/code/seed-b-frontend/.angular/cache/22.1.3/seed-b-frontend/vite/deps/@angular_router.js","/home/alex/dev/Bachelor/bmad-vergleichsstudie/.lizard-tmp-DUgF1d/code/seed-b-frontend/.angular/cache/22.1.3/seed-b-frontend/vite/deps/@angular_router.js","getContext","getContext ( childName )",1360,1362
3,2,19,0,3,"ChildrenOutletContexts_Factory@1363-1365@/home/alex/dev/Bachelor/bmad-vergleichsstudie/.lizard-tmp-DUgF1d/code/seed-b-frontend/.angular/cache/22.1.3/seed-b-frontend/vite/deps/@angular_router.js","/home/alex/dev/Bachelor/bmad-vergleichsstudie/.lizard-tmp-DUgF1d/code/seed-b-frontend/.angular/cache/22.1.3/seed-b-frontend/vite/deps/@angular_router.js","ChildrenOutletContexts_Factory","ChildrenOutletContexts_Factory ( )",1363,1365
1,1,6,0,1,"(anonymous)@1376-1376@/home/alex/dev/Bachelor/bmad-vergleichsstudie/.lizard-tmp-DUgF1d/code/seed-b-frontend/.angular/cache/22.1.3/seed-b-frontend/vite/deps/@angular_router.js","/home/alex/dev/Bachelor/bmad-vergleichsstudie/.lizard-tmp-DUgF1d/code/seed-b-frontend/.angular/cache/22.1.3/seed-b-frontend/vite/deps/@angular_router.js","(anonymous)","(anonymous)",1376,1376
6,3,42,0,6,"(anonymous)@1372-1377@/home/alex/dev/Bachelor/bmad-vergleichsstudie/.lizard-tmp-DUgF1d/code/seed-b-frontend/.angular/cache/22.1.3/seed-b-frontend/vite/deps/@angular_router.js","/home/alex/dev/Bachelor/bmad-vergleichsstudie/.lizard-tmp-DUgF1d/code/seed-b-frontend/.angular/cache/22.1.3/seed-b-frontend/vite/deps/@angular_router.js","(anonymous)","(anonymous)",1372,1377
3,1,11,1,3,"constructor@1380-1382@/home/alex/dev/Bachelor/bmad-vergleichsstudie/.lizard-tmp-DUgF1d/code/seed-b-frontend/.angular/cache/22.1.3/seed-b-frontend/vite/deps/@angular_router.js","/home/alex/dev/Bachelor/bmad-vergleichsstudie/.lizard-tmp-DUgF1d/code/seed-b-frontend/.angular/cache/22.1.3/seed-b-frontend/vite/deps/@angular_router.js","constructor","constructor ( root )",1380,1382
3,1,11,0,3,"get root@1383-1385@/home/alex/dev/Bachelor/bmad-vergleichsstudie/.lizard-tmp-DUgF1d/code/seed-b-frontend/.angular/cache/22.1.3/seed-b-frontend/vite/deps/@angular_router.js","/home/alex/dev/Bachelor/bmad-vergleichsstudie/.lizard-tmp-DUgF1d/code/seed-b-frontend/.angular/cache/22.1.3/seed-b-frontend/vite/deps/@angular_router.js","get root","get root ( )",1383,1385
4,2,33,1,4,"parent@1386-1389@/home/alex/dev/Bachelor/bmad-vergleichsstudie/.lizard-tmp-DUgF1d/code/seed-b-frontend/.angular/cache/22.1.3/seed-b-frontend/vite/deps/@angular_router.js","/home/alex/dev/Bachelor/bmad-vergleichsstudie/.lizard-tmp-DUgF1d/code/seed-b-frontend/.angular/cache/22.1.3/seed-b-frontend/vite/deps/@angular_router.js","parent","parent ( t )",1386,1389
1,1,4,0,1,"(anonymous)@1392-1392@/home/alex/dev/Bachelor/bmad-vergleichsstudie/.lizard-tmp-DUgF1d/code/seed-b-frontend/.angular/cache/22.1.3/seed-b-frontend/vite/deps/@angular_router.js","/home/alex/dev/Bachelor/bmad-vergleichsstudie/.lizard-tmp-DUgF1d/code/seed-b-frontend/.angular/cache/22.1.3/seed-b-frontend/vite/deps/@angular_router.js","(anonymous)","(anonymous)",1392,1392
4,2,35,1,4,"children@1390-1393@/home/alex/dev/Bachelor/bmad-vergleichsstudie/.lizard-tmp-DUgF1d/code/seed-b-frontend/.angular/cache/22.1.3/seed-b-frontend/vite/deps/@angular_router.js","/home/alex/dev/Bachelor/bmad-vergleichsstudie/.lizard-tmp-DUgF1d/code/seed-b-frontend/.angular/cache/22.1.3/seed-b-frontend/vite/deps/@angular_router.js","children","children ( t )",1390,1393
4,3,39,1,4,"firstChild@1394-1397@/home/alex/dev/Bachelor/bmad-vergleichsstudie/.lizard-tmp-DUgF1d/code/seed-b-frontend/.angular/cache/22.1.3/seed-b-frontend/vite/deps/@angular_router.js","/home/alex/dev/Bachelor/bmad-vergleichsstudie/.lizard-tmp-DUgF1d/code/seed-b-frontend/.angular/cache/22.1.3/seed-b-frontend/vite/deps/@angular_router.js","firstChild","firstChild ( t )",1394,1397
1,1,4,0,1,"(anonymous)@1401-1401@/home/alex/dev/Bachelor/bmad-vergleichsstudie/.lizard-tmp-DUgF1d/code/seed-b-frontend/.angular/cache/22.1.3/seed-b-frontend/vite/deps/@angular_router.js","/home/alex/dev/Bachelor/bmad-vergleichsstudie/.lizard-tmp-DUgF1d/code/seed-b-frontend/.angular/cache/22.1.3/seed-b-frontend/vite/deps/@angular_router.js","(anonymous)","(anonymous)",1401,1401
1,1,4,0,1,"(anonymous)@1401-1401@/home/alex/dev/Bachelor/bmad-vergleichsstudie/.lizard-tmp-DUgF1d/code/seed-b-frontend/.angular/cache/22.1.3/seed-b-frontend/vite/deps/@angular_router.js","/home/alex/dev/Bachelor/bmad-vergleichsstudie/.lizard-tmp-DUgF1d/code/seed-b-frontend/.angular/cache/22.1.3/seed-b-frontend/vite/deps/@angular_router.js","(anonymous)","(anonymous)",1401,1401
5,2,57,1,5,"siblings@1398-1402@/home/alex/dev/Bachelor/bmad-vergleichsstudie/.lizard-tmp-DUgF1d/code/seed-b-frontend/.angular/cache/22.1.3/seed-b-frontend/vite/deps/@angular_router.js","/home/alex/dev/Bachelor/bmad-vergleichsstudie/.lizard-tmp-DUgF1d/code/seed-b-frontend/.angular/cache/22.1.3/seed-b-frontend/vite/deps/@angular_router.js","siblings","siblings ( t )",1398,1402
1,1,4,0,1,"(anonymous)@1404-1404@/home/alex/dev/Bachelor/bmad-vergleichsstudie/.lizard-tmp-DUgF1d/code/seed-b-frontend/.angular/cache/22.1.3/seed-b-frontend/vite/deps/@angular_router.js","/home/alex/dev/Bachelor/bmad-vergleichsstudie/.lizard-tmp-DUgF1d/code/seed-b-frontend/.angular/cache/22.1.3/seed-b-frontend/vite/deps/@angular_router.js","(anonymous)","(anonymous)",1404,1404
3,1,23,1,3,"pathFromRoot@1403-1405@/home/alex/dev/Bachelor/bmad-vergleichsstudie/.lizard-tmp-DUgF1d/code/seed-b-frontend/.angular/cache/22.1.3/seed-b-frontend/vite/deps/@angular_router.js","/home/alex/dev/Bachelor/bmad-vergleichsstudie/.lizard-tmp-DUgF1d/code/seed-b-frontend/.angular/cache/22.1.3/seed-b-frontend/vite/deps/@angular_router.js","pathFromRoot","pathFromRoot ( t )",1403,1405
8,4,49,2,8,"findNode@1407-1414@/home/alex/dev/Bachelor/bmad-vergleichsstudie/.lizard-tmp-DUgF1d/code/seed-b-frontend/.angular/cache/22.1.3/seed-b-frontend/vite/deps/@angular_router.js","/home/alex/dev/Bachelor/bmad-vergleichsstudie/.lizard-tmp-DUgF1d/code/seed-b-frontend/.angular/cache/22.1.3/seed-b-frontend/vite/deps/@angular_router.js","findNode","findNode ( value , node )",1407,1414
11,4,63,2,11,"findPath@1415-1425@/home/alex/dev/Bachelor/bmad-vergleichsstudie/.lizard-tmp-DUgF1d/code/seed-b-frontend/.angular/cache/22.1.3/seed-b-frontend/vite/deps/@angular_router.js","/home/alex/dev/Bachelor/bmad-vergleichsstudie/.lizard-tmp-DUgF1d/code/seed-b-frontend/.angular/cache/22.1.3/seed-b-frontend/vite/deps/@angular_router.js","findPath","findPath ( value , node )",1415,1425
4,1,19,2,4,"constructor@1429-1432@/home/alex/dev/Bachelor/bmad-vergleichsstudie/.lizard-tmp-DUgF1d/code/seed-b-frontend/.angular/cache/22.1.3/seed-b-frontend/vite/deps/@angular_router.js","/home/alex/dev/Bachelor/bmad-vergleichsstudie/.lizard-tmp-DUgF1d/code/seed-b-frontend/.angular/cache/22.1.3/seed-b-frontend/vite/deps/@angular_router.js","constructor","constructor ( value , children )",1429,1432
3,1,13,0,3,"toString@1433-1435@/home/alex/dev/Bachelor/bmad-vergleichsstudie/.lizard-tmp-DUgF1d/code/seed-b-frontend/.angular/cache/22.1.3/seed-b-frontend/vite/deps/@angular_router.js","/home/alex/dev/Bachelor/bmad-vergleichsstudie/.lizard-tmp-DUgF1d/code/seed-b-frontend/.angular/cache/22.1.3/seed-b-frontend/vite/deps/@angular_router.js","toString","toString ( )",1433,1435
1,1,11,0,1,"(anonymous)@1439-1439@/home/alex/dev/Bachelor/bmad-vergleichsstudie/.lizard-tmp-DUgF1d/code/seed-b-frontend/.angular/cache/22.1.3/seed-b-frontend/vite/deps/@angular_router.js","/home/alex/dev/Bachelor/bmad-vergleichsstudie/.lizard-tmp-DUgF1d/code/seed-b-frontend/.angular/cache/22.1.3/seed-b-frontend/vite/deps/@angular_router.js","(anonymous)","(anonymous)",1439,1439
5,2,30,1,5,"nodeChildrenAsMap@1437-1441@/home/alex/dev/Bachelor/bmad-vergleichsstudie/.lizard-tmp-DUgF1d/code/seed-b-frontend/.angular/cache/22.1.3/seed-b-frontend/vite/deps/@angular_router.js","/home/alex/dev/Bachelor/bmad-vergleichsstudie/.lizard-tmp-DUgF1d/code/seed-b-frontend/.angular/cache/22.1.3/seed-b-frontend/vite/deps/@angular_router.js","nodeChildrenAsMap","nodeChildrenAsMap ( node )",1437,1441
5,1,25,2,5,"constructor@1444-1448@/home/alex/dev/Bachelor/bmad-vergleichsstudie/.lizard-tmp-DUgF1d/code/seed-b-frontend/.angular/cache/22.1.3/seed-b-frontend/vite/deps/@angular_router.js","/home/alex/dev/Bachelor/bmad-vergleichsstudie/.lizard-tmp-DUgF1d/code/seed-b-frontend/.angular/cache/22.1.3/seed-b-frontend/vite/deps/@angular_router.js","constructor","constructor ( root , snapshot )",1444,1448
3,1,13,0,3,"toString@1449-1451@/home/alex/dev/Bachelor/bmad-vergleichsstudie/.lizard-tmp-DUgF1d/code/seed-b-frontend/.angular/cache/22.1.3/seed-b-frontend/vite/deps/@angular_router.js","/home/alex/dev/Bachelor/bmad-vergleichsstudie/.lizard-tmp-DUgF1d/code/seed-b-frontend/.angular/cache/22.1.3/seed-b-frontend/vite/deps/@angular_router.js","toString","toString ( )",1449,1451
9,1,113,2,9,"createEmptyState@1453-1461@/home/alex/dev/Bachelor/bmad-vergleichsstudie/.lizard-tmp-DUgF1d/code/seed-b-frontend/.angular/cache/22.1.3/seed-b-frontend/vite/deps/@angular_router.js","/home/alex/dev/Bachelor/bmad-vergleichsstudie/.lizard-tmp-DUgF1d/code/seed-b-frontend/.angular/cache/22.1.3/seed-b-frontend/vite/deps/@angular_router.js","createEmptyState","createEmptyState ( rootComponent , injector )",1453,1461
3,1,50,2,3,"createEmptyStateSnapshot@1462-1464@/home/alex/dev/Bachelor/bmad-vergleichsstudie/.lizard-tmp-DUgF1d/code/seed-b-frontend/.angular/cache/22.1.3/seed-b-frontend/vite/deps/@angular_router.js","/home/alex/dev/Bachelor/bmad-vergleichsstudie/.lizard-tmp-DUgF1d/code/seed-b-frontend/.angular/cache/22.1.3/seed-b-frontend/vite/deps/@angular_router.js","createEmptyStateSnapshot","createEmptyStateSnapshot ( rootComponent , injector )",1462,1464
1,1,5,0,1,"(anonymous)@1494-1494@/home/alex/dev/Bachelor/bmad-vergleichsstudie/.lizard-tmp-DUgF1d/code/seed-b-frontend/.angular/cache/22.1.3/seed-b-frontend/vite/deps/@angular_router.js","/home/alex/dev/Bachelor/bmad-vergleichsstudie/.lizard-tmp-DUgF1d/code/seed-b-frontend/.angular/cache/22.1.3/seed-b-frontend/vite/deps/@angular_router.js","(anonymous)","(anonymous)",1494,1494
16,3,123,8,16,"constructor@1485-1500@/home/alex/dev/Bachelor/bmad-vergleichsstudie/.lizard-tmp-DUgF1d/code/seed-b-frontend/.angular/cache/22.1.3/seed-b-frontend/vite/deps/@angular_router.js","/home/alex/dev/Bachelor/bmad-vergleichsstudie/.lizard-tmp-DUgF1d/code/seed-b-frontend/.angular/cache/22.1.3/seed-b-frontend/vite/deps/@angular_router.js","constructor","constructor ( urlSubject , paramsSubject , queryParamsSubject , fragmentSubject , dataSubject , outlet , component , futureSnapshot )",1485,1500
3,1,11,0,3,"get routeConfig@1501-1503@/home/alex/dev/Bachelor/bmad-vergleichsstudie/.lizard-tmp-DUgF1d/code/seed-b-frontend/.angular/cache/22.1.3/seed-b-frontend/vite/deps/@angular_router.js","/home/alex/dev/Bachelor/bmad-vergleichsstudie/.lizard-tmp-DUgF1d/code/seed-b-frontend/.angular/cache/22.1.3/seed-b-frontend/vite/deps/@angular_router.js","get routeConfig","get routeConfig ( )",1501,1503
3,1,11,0,3,"get root@1504-1506@/home/alex/dev/Bachelor/bmad-vergleichsstudie/.lizard-tmp-DUgF1d/code/seed-b-frontend/.angular/cache/22.1.3/seed-b-frontend/vite/deps/@angular_router.js","/home/alex/dev/Bachelor/bmad-vergleichsstudie/.lizard-tmp-DUgF1d/code/seed-b-frontend/.angular/cache/22.1.3/seed-b-frontend/vite/deps/@angular_router.js","get root","get root ( )",1504,1506
3,1,14,0,3,"get parent@1507-1509@/home/alex/dev/Bachelor/bmad-vergleichsstudie/.lizard-tmp-DUgF1d/code/seed-b-frontend/.angular/cache/22.1.3/seed-b-frontend/vite/deps/@angular_router.js","/home/alex/dev/Bachelor/bmad-vergleichsstudie/.lizard-tmp-DUgF1d/code/seed-b-frontend/.angular/cache/22.1.3/seed-b-frontend/vite/deps/@angular_router.js","get parent","get parent ( )",1507,1509
3,1,14,0,3,"get firstChild@1510-1512@/home/alex/dev/Bachelor/bmad-vergleichsstudie/.lizard-tmp-DUgF1d/code/seed-b-frontend/.angular/cache/22.1.3/seed-b-frontend/vite/deps/@angular_router.js","/home/alex/dev/Bachelor/bmad-vergleichsstudie/.lizard-tmp-DUgF1d/code/seed-b-frontend/.angular/cache/22.1.3/seed-b-frontend/vite/deps/@angular_router.js","get firstChild","get firstChild ( )",1510,1512
3,1,14,0,3,"get children@1513-1515@/home/alex/dev/Bachelor/bmad-vergleichsstudie/.lizard-tmp-DUgF1d/code/seed-b-frontend/.angular/cache/22.1.3/seed-b-frontend/vite/deps/@angular_router.js","/home/alex/dev/Bachelor/bmad-vergleichsstudie/.lizard-tmp-DUgF1d/code/seed-b-frontend/.angular/cache/22.1.3/seed-b-frontend/vite/deps/@angular_router.js","get children","get children ( )",1513,1515
3,1,14,0,3,"get pathFromRoot@1516-1518@/home/alex/dev/Bachelor/bmad-vergleichsstudie/.lizard-tmp-DUgF1d/code/seed-b-frontend/.angular/cache/22.1.3/seed-b-frontend/vite/deps/@angular_router.js","/home/alex/dev/Bachelor/bmad-vergleichsstudie/.lizard-tmp-DUgF1d/code/seed-b-frontend/.angular/cache/22.1.3/seed-b-frontend/vite/deps/@angular_router.js","get pathFromRoot","get pathFromRoot ( )",1516,1518
1,1,5,0,1,"(anonymous)@1520-1520@/home/alex/dev/Bachelor/bmad-vergleichsstudie/.lizard-tmp-DUgF1d/code/seed-b-frontend/.angular/cache/22.1.3/seed-b-frontend/vite/deps/@angular_router.js","/home/alex/dev/Bachelor/bmad-vergleichsstudie/.lizard-tmp-DUgF1d/code/seed-b-frontend/.angular/cache/22.1.3/seed-b-frontend/vite/deps/@angular_router.js","(anonymous)","(anonymous)",1520,1520
4,3,30,0,4,"get paramMap@1519-1522@/home/alex/dev/Bachelor/bmad-vergleichsstudie/.lizard-tmp-DUgF1d/code/seed-b-frontend/.angular/cache/22.1.3/seed-b-frontend/vite/deps/@angular_router.js","/home/alex/dev/Bachelor/bmad-vergleichsstudie/.lizard-tmp-DUgF1d/code/seed-b-frontend/.angular/cache/22.1.3/seed-b-frontend/vite/deps/@angular_router.js","get paramMap","get paramMap ( )",1519,1522
1,1,5,0,1,"(anonymous)@1524-1524@/home/alex/dev/Bachelor/bmad-vergleichsstudie/.lizard-tmp-DUgF1d/code/seed-b-frontend/.angular/cache/22.1.3/seed-b-frontend/vite/deps/@angular_router.js","/home/alex/dev/Bachelor/bmad-vergleichsstudie/.lizard-tmp-DUgF1d/code/seed-b-frontend/.angular/cache/22.1.3/seed-b-frontend/vite/deps/@angular_router.js","(anonymous)","(anonymous)",1524,1524
4,3,30,0,4,"get queryParamMap@1523-1526@/home/alex/dev/Bachelor/bmad-vergleichsstudie/.lizard-tmp-DUgF1d/code/seed-b-frontend/.angular/cache/22.1.3/seed-b-frontend/vite/deps/@angular_router.js","/home/alex/dev/Bachelor/bmad-vergleichsstudie/.lizard-tmp-DUgF1d/code/seed-b-frontend/.angular/cache/22.1.3/seed-b-frontend/vite/deps/@angular_router.js","get queryParamMap","get queryParamMap ( )",1523,1526
3,2,25,0,3,"toString@1527-1529@/home/alex/dev/Bachelor/bmad-vergleichsstudie/.lizard-tmp-DUgF1d/code/seed-b-frontend/.angular/cache/22.1.3/seed-b-frontend/vite/deps/@angular_router.js","/home/alex/dev/Bachelor/bmad-vergleichsstudie/.lizard-tmp-DUgF1d/code/seed-b-frontend/.angular/cache/22.1.3/seed-b-frontend/vite/deps/@angular_router.js","toString","toString ( )",1527,1529
30,10,169,3,30,"getInherited@1532-1561@/home/alex/dev/Bachelor/bmad-vergleichsstudie/.lizard-tmp-DUgF1d/code/seed-b-frontend/.angular/cache/22.1.3/seed-b-frontend/vite/deps/@angular_router.js","/home/alex/dev/Bachelor/bmad-vergleichsstudie/.lizard-tmp-DUgF1d/code/seed-b-frontend/.angular/cache/22.1.3/seed-b-frontend/vite/deps/@angular_router.js","getInherited","getInherited ( route , parent , paramsInheritanceStrategy )",1532,1561
3,1,13,0,3,"get title@1577-1579@/home/alex/dev/Bachelor/bmad-vergleichsstudie/.lizard-tmp-DUgF1d/code/seed-b-frontend/.angular/cache/22.1.3/seed-b-frontend/vite/deps/@angular_router.js","/home/alex/dev/Bachelor/bmad-vergleichsstudie/.lizard-tmp-DUgF1d/code/seed-b-frontend/.angular/cache/22.1.3/seed-b-frontend/vite/deps/@angular_router.js","get title","get title ( )",1577,1579
12,1,83,10,12,"constructor@1580-1591@/home/alex/dev/Bachelor/bmad-vergleichsstudie/.lizard-tmp-DUgF1d/code/seed-b-frontend/.angular/cache/22.1.3/seed-b-frontend/vite/deps/@angular_router.js","/home/alex/dev/Bachelor/bmad-vergleichsstudie/.lizard-tmp-DUgF1d/code/seed-b-frontend/.angular/cache/22.1.3/seed-b-frontend/vite/deps/@angular_router.js","constructor","constructor ( url , params , queryParams , fragment , data , outlet , component , routeConfig , resolve , environmentInjector )",1580,1591
3,1,11,0,3,"get root@1592-1594@/home/alex/dev/Bachelor/bmad-vergleichsstudie/.lizard-tmp-DUgF1d/code/seed-b-frontend/.angular/cache/22.1.3/seed-b-frontend/vite/deps/@angular_router.js","/home/alex/dev/Bachelor/bmad-vergleichsstudie/.lizard-tmp-DUgF1d/code/seed-b-frontend/.angular/cache/22.1.3/seed-b-frontend/vite/deps/@angular_router.js","get root","get root ( )",1592,1594
3,1,14,0,3,"get parent@1595-1597@/home/alex/dev/Bachelor/bmad-vergleichsstudie/.lizard-tmp-DUgF1d/code/seed-b-frontend/.angular/cache/22.1.3/seed-b-frontend/vite/deps/@angular_router.js","/home/alex/dev/Bachelor/bmad-vergleichsstudie/.lizard-tmp-DUgF1d/code/seed-b-frontend/.angular/cache/22.1.3/seed-b-frontend/vite/deps/@angular_router.js","get parent","get parent ( )",1595,1597
3,1,14,0,3,"get firstChild@1598-1600@/home/alex/dev/Bachelor/bmad-vergleichsstudie/.lizard-tmp-DUgF1d/code/seed-b-frontend/.angular/cache/22.1.3/seed-b-frontend/vite/deps/@angular_router.js","/home/alex/dev/Bachelor/bmad-vergleichsstudie/.lizard-tmp-DUgF1d/code/seed-b-frontend/.angular/cache/22.1.3/seed-b-frontend/vite/deps/@angular_router.js","get firstChild","get firstChild ( )",1598,1600
3,1,14,0,3,"get children@1601-1603@/home/alex/dev/Bachelor/bmad-vergleichsstudie/.lizard-tmp-DUgF1d/code/seed-b-frontend/.angular/cache/22.1.3/seed-b-frontend/vite/deps/@angular_router.js","/home/alex/dev/Bachelor/bmad-vergleichsstudie/.lizard-tmp-DUgF1d/code/seed-b-frontend/.angular/cache/22.1.3/seed-b-frontend/vite/deps/@angular_router.js","get children","get children ( )",1601,1603
3,1,14,0,3,"get pathFromRoot@1604-1606@/home/alex/dev/Bachelor/bmad-vergleichsstudie/.lizard-tmp-DUgF1d/code/seed-b-frontend/.angular/cache/22.1.3/seed-b-frontend/vite/deps/@angular_router.js","/home/alex/dev/Bachelor/bmad-vergleichsstudie/.lizard-tmp-DUgF1d/code/seed-b-frontend/.angular/cache/22.1.3/seed-b-frontend/vite/deps/@angular_router.js","get pathFromRoot","get pathFromRoot ( )",1604,1606
4,3,22,0,4,"get paramMap@1607-1610@/home/alex/dev/Bachelor/bmad-vergleichsstudie/.lizard-tmp-DUgF1d/code/seed-b-frontend/.angular/cache/22.1.3/seed-b-frontend/vite/deps/@angular_router.js","/home/alex/dev/Bachelor/bmad-vergleichsstudie/.lizard-tmp-DUgF1d/code/seed-b-frontend/.angular/cache/22.1.3/seed-b-frontend/vite/deps/@angular_router.js","get paramMap","get paramMap ( )",1607,1610
4,3,22,0,4,"get queryParamMap@1611-1614@/home/alex/dev/Bachelor/bmad-vergleichsstudie/.lizard-tmp-DUgF1d/code/seed-b-frontend/.angular/cache/22.1.3/seed-b-frontend/vite/deps/@angular_router.js","/home/alex/dev/Bachelor/bmad-vergleichsstudie/.lizard-tmp-DUgF1d/code/seed-b-frontend/.angular/cache/22.1.3/seed-b-frontend/vite/deps/@angular_router.js","get queryParamMap","get queryParamMap ( )",1611,1614
3,1,17,0,3,"toString@1615-1617@/home/alex/dev/Bachelor/bmad-vergleichsstudie/.lizard-tmp-DUgF1d/code/seed-b-frontend/.angular/cache/22.1.3/seed-b-frontend/vite/deps/@angular_router.js","/home/alex/dev/Bachelor/bmad-vergleichsstudie/.lizard-tmp-DUgF1d/code/seed-b-frontend/.angular/cache/22.1.3/seed-b-frontend/vite/deps/@angular_router.js","toString","toString ( )",1615,1617
5,1,25,2,5,"constructor@1621-1625@/home/alex/dev/Bachelor/bmad-vergleichsstudie/.lizard-tmp-DUgF1d/code/seed-b-frontend/.angular/cache/22.1.3/seed-b-frontend/vite/deps/@angular_router.js","/home/alex/dev/Bachelor/bmad-vergleichsstudie/.lizard-tmp-DUgF1d/code/seed-b-frontend/.angular/cache/22.1.3/seed-b-frontend/vite/deps/@angular_router.js","constructor","constructor ( url , root )",1621,1625
3,1,12,0,3,"toString@1626-1628@/home/alex/dev/Bachelor/bmad-vergleichsstudie/.lizard-tmp-DUgF1d/code/seed-b-frontend/.angular/cache/22.1.3/seed-b-frontend/vite/deps/@angular_router.js","/home/alex/dev/Bachelor/bmad-vergleichsstudie/.lizard-tmp-DUgF1d/code/seed-b-frontend/.angular/cache/22.1.3/seed-b-frontend/vite/deps/@angular_router.js","toString","toString ( )",1626,1628
1,1,7,0,1,"(anonymous)@1632-1632@/home/alex/dev/Bachelor/bmad-vergleichsstudie/.lizard-tmp-DUgF1d/code/seed-b-frontend/.angular/cache/22.1.3/seed-b-frontend/vite/deps/@angular_router.js","/home/alex/dev/Bachelor/bmad-vergleichsstudie/.lizard-tmp-DUgF1d/code/seed-b-frontend/.angular/cache/22.1.3/seed-b-frontend/vite/deps/@angular_router.js","(anonymous)","(anonymous)",1632,1632
4,1,27,2,4,"setRouterState@1630-1633@/home/alex/dev/Bachelor/bmad-vergleichsstudie/.lizard-tmp-DUgF1d/code/seed-b-frontend/.angular/cache/22.1.3/seed-b-frontend/vite/deps/@angular_router.js","/home/alex/dev/Bachelor/bmad-vergleichsstudie/.lizard-tmp-DUgF1d/code/seed-b-frontend/.angular/cache/22.1.3/seed-b-frontend/vite/deps/@angular_router.js","setRouterState","setRouterState ( state , node )",1630,1633
4,2,36,1,4,"serializeNode@1634-1637@/home/alex/dev/Bachelor/bmad-vergleichsstudie/.lizard-tmp-DUgF1d/code/seed-b-frontend/.angular/cache/22.1.3/seed-b-frontend/vite/deps/@angular_router.js","/home/alex/dev/Bachelor/bmad-vergleichsstudie/.lizard-tmp-DUgF1d/code/seed-b-frontend/.angular/cache/22.1.3/seed-b-frontend/vite/deps/@angular_router.js","serializeNode","serializeNode ( node )",1634,1637
15,7,178,1,15,"advanceActivatedRoute@1638-1652@/home/alex/dev/Bachelor/bmad-vergleichsstudie/.lizard-tmp-DUgF1d/code/seed-b-frontend/.angular/cache/22.1.3/seed-b-frontend/vite/deps/@angular_router.js","/home/alex/dev/Bachelor/bmad-vergleichsstudie/.lizard-tmp-DUgF1d/code/seed-b-frontend/.angular/cache/22.1.3/seed-b-frontend/vite/deps/@angular_router.js","advanceActivatedRoute","advanceActivatedRoute ( route )",1638,1652
5,5,69,2,5,"equalParamsAndUrlSegments@1653-1657@/home/alex/dev/Bachelor/bmad-vergleichsstudie/.lizard-tmp-DUgF1d/code/seed-b-frontend/.angular/cache/22.1.3/seed-b-frontend/vite/deps/@angular_router.js","/home/alex/dev/Bachelor/bmad-vergleichsstudie/.lizard-tmp-DUgF1d/code/seed-b-frontend/.angular/cache/22.1.3/seed-b-frontend/vite/deps/@angular_router.js","equalParamsAndUrlSegments","equalParamsAndUrlSegments ( a , b )",1653,1657
3,2,19,1,3,"hasStaticTitle@1658-1660@/home/alex/dev/Bachelor/bmad-vergleichsstudie/.lizard-tmp-DUgF1d/code/seed-b-frontend/.angular/cache/22.1.3/seed-b-frontend/vite/deps/@angular_router.js","/home/alex/dev/Bachelor/bmad-vergleichsstudie/.lizard-tmp-DUgF1d/code/seed-b-frontend/.angular/cache/22.1.3/seed-b-frontend/vite/deps/@angular_router.js","hasStaticTitle","hasStaticTitle ( config )",1658,1660
3,1,9,0,3,"get activatedComponentRef@1664-1666@/home/alex/dev/Bachelor/bmad-vergleichsstudie/.lizard-tmp-DUgF1d/code/seed-b-frontend/.angular/cache/22.1.3/seed-b-frontend/vite/deps/@angular_router.js","/home/alex/dev/Bachelor/bmad-vergleichsstudie/.lizard-tmp-DUgF1d/code/seed-b-frontend/.angular/cache/22.1.3/seed-b-frontend/vite/deps/@angular_router.js","get activatedComponentRef","get activatedComponentRef ( )",1664,1666
11,4,64,1,11,"ngOnChanges@1679-1689@/home/alex/dev/Bachelor/bmad-vergleichsstudie/.lizard-tmp-DUgF1d/code/seed-b-frontend/.angular/cache/22.1.3/seed-b-frontend/vite/deps/@angular_router.js","/home/alex/dev/Bachelor/bmad-vergleichsstudie/.lizard-tmp-DUgF1d/code/seed-b-frontend/.angular/cache/22.1.3/seed-b-frontend/vite/deps/@angular_router.js","ngOnChanges","ngOnChanges ( changes )",1679,1689
4,2,35,0,4,"ngOnDestroy@1690-1693@/home/alex/dev/Bachelor/bmad-vergleichsstudie/.lizard-tmp-DUgF1d/code/seed-b-frontend/.angular/cache/22.1.3/seed-b-frontend/vite/deps/@angular_router.js","/home/alex/dev/Bachelor/bmad-vergleichsstudie/.lizard-tmp-DUgF1d/code/seed-b-frontend/.angular/cache/22.1.3/seed-b-frontend/vite/deps/@angular_router.js","ngOnDestroy","ngOnDestroy ( )",1690,1693
3,2,20,1,3,"isTrackedInParentContexts@1694-1696@/home/alex/dev/Bachelor/bmad-vergleichsstudie/.lizard-tmp-DUgF1d/code/seed-b-frontend/.angular/cache/22.1.3/seed-b-frontend/vite/deps/@angular_router.js","/home/alex/dev/Bachelor/bmad-vergleichsstudie/.lizard-tmp-DUgF1d/code/seed-b-frontend/.angular/cache/22.1.3/seed-b-frontend/vite/deps/@angular_router.js","isTrackedInParentContexts","isTrackedInParentContexts ( outletName )",1694,1696
3,1,10,0,3,"ngOnInit@1697-1699@/home/alex/dev/Bachelor/bmad-vergleichsstudie/.lizard-tmp-DUgF1d/code/seed-b-frontend/.angular/cache/22.1.3/seed-b-frontend/vite/deps/@angular_router.js","/home/alex/dev/Bachelor/bmad-vergleichsstudie/.lizard-tmp-DUgF1d/code/seed-b-frontend/.angular/cache/22.1.3/seed-b-frontend/vite/deps/@angular_router.js","ngOnInit","ngOnInit ( )",1697,1699
7,4,78,0,7,"initializeOutletWithName@1700-1706@/home/alex/dev/Bachelor/bmad-vergleichsstudie/.lizard-tmp-DUgF1d/code/seed-b-frontend/.angular/cache/22.1.3/seed-b-frontend/vite/deps/@angular_router.js","/home/alex/dev/Bachelor/bmad-vergleichsstudie/.lizard-tmp-DUgF1d/code/seed-b-frontend/.angular/cache/22.1.3/seed-b-frontend/vite/deps/@angular_router.js","initializeOutletWithName","initializeOutletWithName ( )",1700,1706
3,1,11,0,3,"get isActivated@1707-1709@/home/alex/dev/Bachelor/bmad-vergleichsstudie/.lizard-tmp-DUgF1d/code/seed-b-frontend/.angular/cache/22.1.3/seed-b-frontend/vite/deps/@angular_router.js","/home/alex/dev/Bachelor/bmad-vergleichsstudie/.lizard-tmp-DUgF1d/code/seed-b-frontend/.angular/cache/22.1.3/seed-b-frontend/vite/deps/@angular_router.js","get isActivated","get isActivated ( )",1707,1709
4,4,36,0,4,"get component@1710-1713@/home/alex/dev/Bachelor/bmad-vergleichsstudie/.lizard-tmp-DUgF1d/code/seed-b-frontend/.angular/cache/22.1.3/seed-b-frontend/vite/deps/@angular_router.js","/home/alex/dev/Bachelor/bmad-vergleichsstudie/.lizard-tmp-DUgF1d/code/seed-b-frontend/.angular/cache/22.1.3/seed-b-frontend/vite/deps/@angular_router.js","get component","get component ( )",1710,1713
4,4,34,0,4,"get activatedRoute@1714-1717@/home/alex/dev/Bachelor/bmad-vergleichsstudie/.lizard-tmp-DUgF1d/code/seed-b-frontend/.angular/cache/22.1.3/seed-b-frontend/vite/deps/@angular_router.js","/home/alex/dev/Bachelor/bmad-vergleichsstudie/.lizard-tmp-DUgF1d/code/seed-b-frontend/.angular/cache/22.1.3/seed-b-frontend/vite/deps/@angular_router.js","get activatedRoute","get activatedRoute ( )",1714,1717
4,2,23,0,4,"get activatedRouteData@1718-1721@/home/alex/dev/Bachelor/bmad-vergleichsstudie/.lizard-tmp-DUgF1d/code/seed-b-frontend/.angular/cache/22.1.3/seed-b-frontend/vite/deps/@angular_router.js","/home/alex/dev/Bachelor/bmad-vergleichsstudie/.lizard-tmp-DUgF1d/code/seed-b-frontend/.angular/cache/22.1.3/seed-b-frontend/vite/deps/@angular_router.js","get activatedRouteData","get activatedRouteData ( )",1718,1721
9,4,70,0,9,"detach@1722-1730@/home/alex/dev/Bachelor/bmad-vergleichsstudie/.lizard-tmp-DUgF1d/code/seed-b-frontend/.angular/cache/22.1.3/seed-b-frontend/vite/deps/@angular_router.js","/home/alex/dev/Bachelor/bmad-vergleichsstudie/.lizard-tmp-DUgF1d/code/seed-b-frontend/.angular/cache/22.1.3/seed-b-frontend/vite/deps/@angular_router.js","detach","detach ( )",1722,1730
7,1,50,2,7,"attach@1731-1737@/home/alex/dev/Bachelor/bmad-vergleichsstudie/.lizard-tmp-DUgF1d/code/seed-b-frontend/.angular/cache/22.1.3/seed-b-frontend/vite/deps/@angular_router.js","/home/alex/dev/Bachelor/bmad-vergleichsstudie/.lizard-tmp-DUgF1d/code/seed-b-frontend/.angular/cache/22.1.3/seed-b-frontend/vite/deps/@angular_router.js","attach","attach ( ref , activatedRoute )",1731,1737
9,2,48,0,9,"deactivate@1738-1746@/home/alex/dev/Bachelor/bmad-vergleichsstudie/.lizard-tmp-DUgF1d/code/seed-b-frontend/.angular/cache/22.1.3/seed-b-frontend/vite/deps/@angular_router.js","/home/alex/dev/Bachelor/bmad-vergleichsstudie/.lizard-tmp-DUgF1d/code/seed-b-frontend/.angular/cache/22.1.3/seed-b-frontend/vite/deps/@angular_router.js","deactivate","deactivate ( )",1738,1746
16,4,141,2,16,"activateWith@1747-1762@/home/alex/dev/Bachelor/bmad-vergleichsstudie/.lizard-tmp-DUgF1d/code/seed-b-frontend/.angular/cache/22.1.3/seed-b-frontend/vite/deps/@angular_router.js","/home/alex/dev/Bachelor/bmad-vergleichsstudie/.lizard-tmp-DUgF1d/code/seed-b-frontend/.angular/cache/22.1.3/seed-b-frontend/vite/deps/@angular_router.js","activateWith","activateWith ( activatedRoute , environmentInjector )",1747,1762
3,2,15,0,3,"RouterOutlet_Factory@1763-1765@/home/alex/dev/Bachelor/bmad-vergleichsstudie/.lizard-tmp-DUgF1d/code/seed-b-frontend/.angular/cache/22.1.3/seed-b-frontend/vite/deps/@angular_router.js","/home/alex/dev/Bachelor/bmad-vergleichsstudie/.lizard-tmp-DUgF1d/code/seed-b-frontend/.angular/cache/22.1.3/seed-b-frontend/vite/deps/@angular_router.js","RouterOutlet_Factory","RouterOutlet_Factory ( )",1763,1765
34,3,142,0,34,"(anonymous)@1783-1816@/home/alex/dev/Bachelor/bmad-vergleichsstudie/.lizard-tmp-DUgF1d/code/seed-b-frontend/.angular/cache/22.1.3/seed-b-frontend/vite/deps/@angular_router.js","/home/alex/dev/Bachelor/bmad-vergleichsstudie/.lizard-tmp-DUgF1d/code/seed-b-frontend/.angular/cache/22.1.3/seed-b-frontend/vite/deps/@angular_router.js","(anonymous)","(anonymous)",1783,1816
6,1,35,4,6,"constructor@1823-1828@/home/alex/dev/Bachelor/bmad-vergleichsstudie/.lizard-tmp-DUgF1d/code/seed-b-frontend/.angular/cache/22.1.3/seed-b-frontend/vite/deps/@angular_router.js","/home/alex/dev/Bachelor/bmad-vergleichsstudie/.lizard-tmp-DUgF1d/code/seed-b-frontend/.angular/cache/22.1.3/seed-b-frontend/vite/deps/@angular_router.js","constructor","constructor ( route , childContexts , parent , outletData )",1823,1828
4,3,21,1,4,"constructor@1841-1844@/home/alex/dev/Bachelor/bmad-vergleichsstudie/.lizard-tmp-DUgF1d/code/seed-b-frontend/.angular/cache/22.1.3/seed-b-frontend/vite/deps/@angular_router.js","/home/alex/dev/Bachelor/bmad-vergleichsstudie/.lizard-tmp-DUgF1d/code/seed-b-frontend/.angular/cache/22.1.3/seed-b-frontend/vite/deps/@angular_router.js","constructor","constructor ( options )",1841,1844
4,1,19,1,4,"bindActivatedRouteToOutletComponent@1845-1848@/home/alex/dev/Bachelor/bmad-vergleichsstudie/.lizard-tmp-DUgF1d/code/seed-b-frontend/.angular/cache/22.1.3/seed-b-frontend/vite/deps/@angular_router.js","/home/alex/dev/Bachelor/bmad-vergleichsstudie/.lizard-tmp-DUgF1d/code/seed-b-frontend/.angular/cache/22.1.3/seed-b-frontend/vite/deps/@angular_router.js","bindActivatedRouteToOutletComponent","bindActivatedRouteToOutletComponent ( outlet )",1845,1848
5,2,37,1,5,"unsubscribeFromRouteData@1849-1853@/home/alex/dev/Bachelor/bmad-vergleichsstudie/.lizard-tmp-DUgF1d/code/seed-b-frontend/.angular/cache/22.1.3/seed-b-frontend/vite/deps/@angular_router.js","/home/alex/dev/Bachelor/bmad-vergleichsstudie/.lizard-tmp-DUgF1d/code/seed-b-frontend/.angular/cache/22.1.3/seed-b-frontend/vite/deps/@angular_router.js","unsubscribeFromRouteData","unsubscribeFromRouteData ( outlet )",1849,1853
9,2,35,0,9,"(anonymous)@1860-1868@/home/alex/dev/Bachelor/bmad-vergleichsstudie/.lizard-tmp-DUgF1d/code/seed-b-frontend/.angular/cache/22.1.3/seed-b-frontend/vite/deps/@angular_router.js","/home/alex/dev/Bachelor/bmad-vergleichsstudie/.lizard-tmp-DUgF1d/code/seed-b-frontend/.angular/cache/22.1.3/seed-b-frontend/vite/deps/@angular_router.js","(anonymous)","(anonymous)",1860,1868
22,14,181,0,22,"(anonymous)@1868-1889@/home/alex/dev/Bachelor/bmad-vergleichsstudie/.lizard-tmp-DUgF1d/code/seed-b-frontend/.angular/cache/22.1.3/seed-b-frontend/vite/deps/@angular_router.js","/home/alex/dev/Bachelor/bmad-vergleichsstudie/.lizard-tmp-DUgF1d/code/seed-b-frontend/.angular/cache/22.1.3/seed-b-frontend/vite/deps/@angular_router.js","(anonymous)","(anonymous)",1868,1889
9,2,84,1,38,"subscribeToRouteData@1854-1891@/home/alex/dev/Bachelor/bmad-vergleichsstudie/.lizard-tmp-DUgF1d/code/seed-b-frontend/.angular/cache/22.1.3/seed-b-frontend/vite/deps/@angular_router.js","/home/alex/dev/Bachelor/bmad-vergleichsstudie/.lizard-tmp-DUgF1d/code/seed-b-frontend/.angular/cache/22.1.3/seed-b-frontend/vite/deps/@angular_router.js","subscribeToRouteData","subscribeToRouteData ( outlet )",1854,1891
3,1,9,0,3,"RoutedComponentInputBinder_Factory@1892-1894@/home/alex/dev/Bachelor/bmad-vergleichsstudie/.lizard-tmp-DUgF1d/code/seed-b-frontend/.angular/cache/22.1.3/seed-b-frontend/vite/deps/@angular_router.js","/home/alex/dev/Bachelor/bmad-vergleichsstudie/.lizard-tmp-DUgF1d/code/seed-b-frontend/.angular/cache/22.1.3/seed-b-frontend/vite/deps/@angular_router.js","RoutedComponentInputBinder_Factory","RoutedComponentInputBinder_Factory ( )",1892,1894
1,1,7,0,1,"(anonymous)@1901-1901@/home/alex/dev/Bachelor/bmad-vergleichsstudie/.lizard-tmp-DUgF1d/code/seed-b-frontend/.angular/cache/22.1.3/seed-b-frontend/vite/deps/@angular_router.js","/home/alex/dev/Bachelor/bmad-vergleichsstudie/.lizard-tmp-DUgF1d/code/seed-b-frontend/.angular/cache/22.1.3/seed-b-frontend/vite/deps/@angular_router.js","(anonymous)","(anonymous)",1901,1901
3,3,32,0,3,"(anonymous)@1900-1902@/home/alex/dev/Bachelor/bmad-vergleichsstudie/.lizard-tmp-DUgF1d/code/seed-b-frontend/.angular/cache/22.1.3/seed-b-frontend/vite/deps/@angular_router.js","/home/alex/dev/Bachelor/bmad-vergleichsstudie/.lizard-tmp-DUgF1d/code/seed-b-frontend/.angular/cache/22.1.3/seed-b-frontend/vite/deps/@angular_router.js","(anonymous)","(anonymous)",1900,1902
3,2,15,0,3,"ɵEmptyOutletComponent_Factory@1904-1906@/home/alex/dev/Bachelor/bmad-vergleichsstudie/.lizard-tmp-DUgF1d/code/seed-b-frontend/.angular/cache/22.1.3/seed-b-frontend/vite/deps/@angular_router.js","/home/alex/dev/Bachelor/bmad-vergleichsstudie/.lizard-tmp-DUgF1d/code/seed-b-frontend/.angular/cache/22.1.3/seed-b-frontend/vite/deps/@angular_router.js","ɵEmptyOutletComponent_Factory","ɵEmptyOutletComponent_Factory ( )",1904,1906
9,2,52,7,9,"ɵɵdefineComponent@1907-1915@/home/alex/dev/Bachelor/bmad-vergleichsstudie/.lizard-tmp-DUgF1d/code/seed-b-frontend/.angular/cache/22.1.3/seed-b-frontend/vite/deps/@angular_router.js","/home/alex/dev/Bachelor/bmad-vergleichsstudie/.lizard-tmp-DUgF1d/code/seed-b-frontend/.angular/cache/22.1.3/seed-b-frontend/vite/deps/@angular_router.js","ɵɵdefineComponent","ɵɵdefineComponent ( type ɵEmptyOutletComponent , selectors , exportAs , decls , vars , template function ( rf , ctx )",1907,1915
10,3,54,0,10,"(anonymous)@1921-1930@/home/alex/dev/Bachelor/bmad-vergleichsstudie/.lizard-tmp-DUgF1d/code/seed-b-frontend/.angular/cache/22.1.3/seed-b-frontend/vite/deps/@angular_router.js","/home/alex/dev/Bachelor/bmad-vergleichsstudie/.lizard-tmp-DUgF1d/code/seed-b-frontend/.angular/cache/22.1.3/seed-b-frontend/vite/deps/@angular_router.js","(anonymous)","(anonymous)",1921,1930
9,9,77,1,9,"standardizeConfig@1932-1940@/home/alex/dev/Bachelor/bmad-vergleichsstudie/.lizard-tmp-DUgF1d/code/seed-b-frontend/.angular/cache/22.1.3/seed-b-frontend/vite/deps/@angular_router.js","/home/alex/dev/Bachelor/bmad-vergleichsstudie/.lizard-tmp-DUgF1d/code/seed-b-frontend/.angular/cache/22.1.3/seed-b-frontend/vite/deps/@angular_router.js","standardizeConfig","standardizeConfig ( r )",1932,1940
7,2,50,3,7,"createRouterState@1941-1947@/home/alex/dev/Bachelor/bmad-vergleichsstudie/.lizard-tmp-DUgF1d/code/seed-b-frontend/.angular/cache/22.1.3/seed-b-frontend/vite/deps/@angular_router.js","/home/alex/dev/Bachelor/bmad-vergleichsstudie/.lizard-tmp-DUgF1d/code/seed-b-frontend/.angular/cache/22.1.3/seed-b-frontend/vite/deps/@angular_router.js","createRouterState","createRouterState ( routeReuseStrategy , curr , prevState )",1941,1947
1,1,12,0,1,"(anonymous)@1959-1959@/home/alex/dev/Bachelor/bmad-vergleichsstudie/.lizard-tmp-DUgF1d/code/seed-b-frontend/.angular/cache/22.1.3/seed-b-frontend/vite/deps/@angular_router.js","/home/alex/dev/Bachelor/bmad-vergleichsstudie/.lizard-tmp-DUgF1d/code/seed-b-frontend/.angular/cache/22.1.3/seed-b-frontend/vite/deps/@angular_router.js","(anonymous)","(anonymous)",1959,1959
1,1,12,0,1,"(anonymous)@1965-1965@/home/alex/dev/Bachelor/bmad-vergleichsstudie/.lizard-tmp-DUgF1d/code/seed-b-frontend/.angular/cache/22.1.3/seed-b-frontend/vite/deps/@angular_router.js","/home/alex/dev/Bachelor/bmad-vergleichsstudie/.lizard-tmp-DUgF1d/code/seed-b-frontend/.angular/cache/22.1.3/seed-b-frontend/vite/deps/@angular_router.js","(anonymous)","(anonymous)",1965,1965
20,5,173,4,20,"createNode@1948-1967@/home/alex/dev/Bachelor/bmad-vergleichsstudie/.lizard-tmp-DUgF1d/code/seed-b-frontend/.angular/cache/22.1.3/seed-b-frontend/vite/deps/@angular_router.js","/home/alex/dev/Bachelor/bmad-vergleichsstudie/.lizard-tmp-DUgF1d/code/seed-b-frontend/.angular/cache/22.1.3/seed-b-frontend/vite/deps/@angular_router.js","createNode","createNode ( routeReuseStrategy , curr , prevState , newlyCreatedRoutes )",1948,1967
4,3,53,0,4,"(anonymous)@1969-1972@/home/alex/dev/Bachelor/bmad-vergleichsstudie/.lizard-tmp-DUgF1d/code/seed-b-frontend/.angular/cache/22.1.3/seed-b-frontend/vite/deps/@angular_router.js","/home/alex/dev/Bachelor/bmad-vergleichsstudie/.lizard-tmp-DUgF1d/code/seed-b-frontend/.angular/cache/22.1.3/seed-b-frontend/vite/deps/@angular_router.js","(anonymous)","(anonymous)",1969,1972
3,1,25,4,6,"createOrReuseChildren@1968-1973@/home/alex/dev/Bachelor/bmad-vergleichsstudie/.lizard-tmp-DUgF1d/code/seed-b-frontend/.angular/cache/22.1.3/seed-b-frontend/vite/deps/@angular_router.js","/home/alex/dev/Bachelor/bmad-vergleichsstudie/.lizard-tmp-DUgF1d/code/seed-b-frontend/.angular/cache/22.1.3/seed-b-frontend/vite/deps/@angular_router.js","createOrReuseChildren","createOrReuseChildren ( routeReuseStrategy , curr , prevState , newlyCreatedRoutes )",1968,1973
3,1,60,1,3,"createActivatedRoute@1974-1976@/home/alex/dev/Bachelor/bmad-vergleichsstudie/.lizard-tmp-DUgF1d/code/seed-b-frontend/.angular/cache/22.1.3/seed-b-frontend/vite/deps/@angular_router.js","/home/alex/dev/Bachelor/bmad-vergleichsstudie/.lizard-tmp-DUgF1d/code/seed-b-frontend/.angular/cache/22.1.3/seed-b-frontend/vite/deps/@angular_router.js","createActivatedRoute","createActivatedRoute ( c )",1974,1976
4,1,19,2,4,"constructor@1980-1983@/home/alex/dev/Bachelor/bmad-vergleichsstudie/.lizard-tmp-DUgF1d/code/seed-b-frontend/.angular/cache/22.1.3/seed-b-frontend/vite/deps/@angular_router.js","/home/alex/dev/Bachelor/bmad-vergleichsstudie/.lizard-tmp-DUgF1d/code/seed-b-frontend/.angular/cache/22.1.3/seed-b-frontend/vite/deps/@angular_router.js","constructor","constructor ( redirectTo , navigationBehaviorOptions )",1980,1983
10,3,67,2,10,"redirectingNavigationError@1986-1995@/home/alex/dev/Bachelor/bmad-vergleichsstudie/.lizard-tmp-DUgF1d/code/seed-b-frontend/.angular/cache/22.1.3/seed-b-frontend/vite/deps/@angular_router.js","/home/alex/dev/Bachelor/bmad-vergleichsstudie/.lizard-tmp-DUgF1d/code/seed-b-frontend/.angular/cache/22.1.3/seed-b-frontend/vite/deps/@angular_router.js","redirectingNavigationError","redirectingNavigationError ( urlSerializer , redirect )",1986,1995
6,1,37,2,6,"navigationCancelingError@1996-2001@/home/alex/dev/Bachelor/bmad-vergleichsstudie/.lizard-tmp-DUgF1d/code/seed-b-frontend/.angular/cache/22.1.3/seed-b-frontend/vite/deps/@angular_router.js","/home/alex/dev/Bachelor/bmad-vergleichsstudie/.lizard-tmp-DUgF1d/code/seed-b-frontend/.angular/cache/22.1.3/seed-b-frontend/vite/deps/@angular_router.js","navigationCancelingError","navigationCancelingError ( message , code )",1996,2001
3,2,18,1,3,"isRedirectingNavigationCancelingError@2002-2004@/home/alex/dev/Bachelor/bmad-vergleichsstudie/.lizard-tmp-DUgF1d/code/seed-b-frontend/.angular/cache/22.1.3/seed-b-frontend/vite/deps/@angular_router.js","/home/alex/dev/Bachelor/bmad-vergleichsstudie/.lizard-tmp-DUgF1d/code/seed-b-frontend/.angular/cache/22.1.3/seed-b-frontend/vite/deps/@angular_router.js","isRedirectingNavigationCancelingError","isRedirectingNavigationCancelingError ( error )",2002,2004
3,2,15,1,3,"isNavigationCancelingError@2005-2007@/home/alex/dev/Bachelor/bmad-vergleichsstudie/.lizard-tmp-DUgF1d/code/seed-b-frontend/.angular/cache/22.1.3/seed-b-frontend/vite/deps/@angular_router.js","/home/alex/dev/Bachelor/bmad-vergleichsstudie/.lizard-tmp-DUgF1d/code/seed-b-frontend/.angular/cache/22.1.3/seed-b-frontend/vite/deps/@angular_router.js","isNavigationCancelingError","isNavigationCancelingError ( error )",2005,2007
7,1,43,5,7,"constructor@2015-2021@/home/alex/dev/Bachelor/bmad-vergleichsstudie/.lizard-tmp-DUgF1d/code/seed-b-frontend/.angular/cache/22.1.3/seed-b-frontend/vite/deps/@angular_router.js","/home/alex/dev/Bachelor/bmad-vergleichsstudie/.lizard-tmp-DUgF1d/code/seed-b-frontend/.angular/cache/22.1.3/seed-b-frontend/vite/deps/@angular_router.js","constructor","constructor ( routeReuseStrategy , futureState , currState , forwardEvent , inputBindingEnabled )",2015,2021
7,2,60,1,7,"activate@2022-2028@/home/alex/dev/Bachelor/bmad-vergleichsstudie/.lizard-tmp-DUgF1d/code/seed-b-frontend/.angular/cache/22.1.3/seed-b-frontend/vite/deps/@angular_router.js","/home/alex/dev/Bachelor/bmad-vergleichsstudie/.lizard-tmp-DUgF1d/code/seed-b-frontend/.angular/cache/22.1.3/seed-b-frontend/vite/deps/@angular_router.js","activate","activate ( parentContexts )",2022,2028
5,1,31,0,5,"(anonymous)@2031-2035@/home/alex/dev/Bachelor/bmad-vergleichsstudie/.lizard-tmp-DUgF1d/code/seed-b-frontend/.angular/cache/22.1.3/seed-b-frontend/vite/deps/@angular_router.js","/home/alex/dev/Bachelor/bmad-vergleichsstudie/.lizard-tmp-DUgF1d/code/seed-b-frontend/.angular/cache/22.1.3/seed-b-frontend/vite/deps/@angular_router.js","(anonymous)","(anonymous)",2031,2035
3,1,11,0,3,"(anonymous)@2036-2038@/home/alex/dev/Bachelor/bmad-vergleichsstudie/.lizard-tmp-DUgF1d/code/seed-b-frontend/.angular/cache/22.1.3/seed-b-frontend/vite/deps/@angular_router.js","/home/alex/dev/Bachelor/bmad-vergleichsstudie/.lizard-tmp-DUgF1d/code/seed-b-frontend/.angular/cache/22.1.3/seed-b-frontend/vite/deps/@angular_router.js","(anonymous)","(anonymous)",2036,2038
5,1,46,3,11,"deactivateChildRoutes@2029-2039@/home/alex/dev/Bachelor/bmad-vergleichsstudie/.lizard-tmp-DUgF1d/code/seed-b-frontend/.angular/cache/22.1.3/seed-b-frontend/vite/deps/@angular_router.js","/home/alex/dev/Bachelor/bmad-vergleichsstudie/.lizard-tmp-DUgF1d/code/seed-b-frontend/.angular/cache/22.1.3/seed-b-frontend/vite/deps/@angular_router.js","deactivateChildRoutes","deactivateChildRoutes ( futureNode , currNode , contexts )",2029,2039
9,6,96,3,9,"deactivateRoutes@2040-2048@/home/alex/dev/Bachelor/bmad-vergleichsstudie/.lizard-tmp-DUgF1d/code/seed-b-frontend/.angular/cache/22.1.3/seed-b-frontend/vite/deps/@angular_router.js","/home/alex/dev/Bachelor/bmad-vergleichsstudie/.lizard-tmp-DUgF1d/code/seed-b-frontend/.angular/cache/22.1.3/seed-b-frontend/vite/deps/@angular_router.js","deactivateRoutes","deactivateRoutes ( futureNode , currNode , parentContext )",2040,2048
4,3,47,2,4,"deactivateRouteAndItsChildren@2049-2052@/home/alex/dev/Bachelor/bmad-vergleichsstudie/.lizard-tmp-DUgF1d/code/seed-b-frontend/.angular/cache/22.1.3/seed-b-frontend/vite/deps/@angular_router.js","/home/alex/dev/Bachelor/bmad-vergleichsstudie/.lizard-tmp-DUgF1d/code/seed-b-frontend/.angular/cache/22.1.3/seed-b-frontend/vite/deps/@angular_router.js","deactivateRouteAndItsChildren","deactivateRouteAndItsChildren ( route , parentContexts )",2049,2052
15,6,120,2,15,"detachAndStoreRouteSubtree@2053-2067@/home/alex/dev/Bachelor/bmad-vergleichsstudie/.lizard-tmp-DUgF1d/code/seed-b-frontend/.angular/cache/22.1.3/seed-b-frontend/vite/deps/@angular_router.js","/home/alex/dev/Bachelor/bmad-vergleichsstudie/.lizard-tmp-DUgF1d/code/seed-b-frontend/.angular/cache/22.1.3/seed-b-frontend/vite/deps/@angular_router.js","detachAndStoreRouteSubtree","detachAndStoreRouteSubtree ( route , parentContexts )",2053,2067
15,6,119,2,15,"deactivateRouteAndOutlet@2068-2082@/home/alex/dev/Bachelor/bmad-vergleichsstudie/.lizard-tmp-DUgF1d/code/seed-b-frontend/.angular/cache/22.1.3/seed-b-frontend/vite/deps/@angular_router.js","/home/alex/dev/Bachelor/bmad-vergleichsstudie/.lizard-tmp-DUgF1d/code/seed-b-frontend/.angular/cache/22.1.3/seed-b-frontend/vite/deps/@angular_router.js","deactivateRouteAndOutlet","deactivateRouteAndOutlet ( route , parentContexts )",2068,2082
4,1,35,0,4,"(anonymous)@2085-2088@/home/alex/dev/Bachelor/bmad-vergleichsstudie/.lizard-tmp-DUgF1d/code/seed-b-frontend/.angular/cache/22.1.3/seed-b-frontend/vite/deps/@angular_router.js","/home/alex/dev/Bachelor/bmad-vergleichsstudie/.lizard-tmp-DUgF1d/code/seed-b-frontend/.angular/cache/22.1.3/seed-b-frontend/vite/deps/@angular_router.js","(anonymous)","(anonymous)",2085,2088
5,2,53,3,8,"activateChildRoutes@2083-2090@/home/alex/dev/Bachelor/bmad-vergleichsstudie/.lizard-tmp-DUgF1d/code/seed-b-frontend/.angular/cache/22.1.3/seed-b-frontend/vite/deps/@angular_router.js","/home/alex/dev/Bachelor/bmad-vergleichsstudie/.lizard-tmp-DUgF1d/code/seed-b-frontend/.angular/cache/22.1.3/seed-b-frontend/vite/deps/@angular_router.js","activateChildRoutes","activateChildRoutes ( futureNode , currNode , contexts )",2083,2090
34,14,333,3,34,"activateRoutes@2091-2124@/home/alex/dev/Bachelor/bmad-vergleichsstudie/.lizard-tmp-DUgF1d/code/seed-b-frontend/.angular/cache/22.1.3/seed-b-frontend/vite/deps/@angular_router.js","/home/alex/dev/Bachelor/bmad-vergleichsstudie/.lizard-tmp-DUgF1d/code/seed-b-frontend/.angular/cache/22.1.3/seed-b-frontend/vite/deps/@angular_router.js","activateRoutes","activateRoutes ( futureNode , currNode , parentContexts )",2091,2124
4,1,28,1,4,"constructor@2129-2132@/home/alex/dev/Bachelor/bmad-vergleichsstudie/.lizard-tmp-DUgF1d/code/seed-b-frontend/.angular/cache/22.1.3/seed-b-frontend/vite/deps/@angular_router.js","/home/alex/dev/Bachelor/bmad-vergleichsstudie/.lizard-tmp-DUgF1d/code/seed-b-frontend/.angular/cache/22.1.3/seed-b-frontend/vite/deps/@angular_router.js","constructor","constructor ( path )",2129,2132
4,1,19,2,4,"constructor@2137-2140@/home/alex/dev/Bachelor/bmad-vergleichsstudie/.lizard-tmp-DUgF1d/code/seed-b-frontend/.angular/cache/22.1.3/seed-b-frontend/vite/deps/@angular_router.js","/home/alex/dev/Bachelor/bmad-vergleichsstudie/.lizard-tmp-DUgF1d/code/seed-b-frontend/.angular/cache/22.1.3/seed-b-frontend/vite/deps/@angular_router.js","constructor","constructor ( component , route )",2137,2140
4,2,38,3,4,"getAllRouteGuards@2142-2145@/home/alex/dev/Bachelor/bmad-vergleichsstudie/.lizard-tmp-DUgF1d/code/seed-b-frontend/.angular/cache/22.1.3/seed-b-frontend/vite/deps/@angular_router.js","/home/alex/dev/Bachelor/bmad-vergleichsstudie/.lizard-tmp-DUgF1d/code/seed-b-frontend/.angular/cache/22.1.3/seed-b-frontend/vite/deps/@angular_router.js","getAllRouteGuards","getAllRouteGuards ( future , curr , parentContexts )",2142,2145
8,4,45,1,8,"getCanActivateChild@2146-2153@/home/alex/dev/Bachelor/bmad-vergleichsstudie/.lizard-tmp-DUgF1d/code/seed-b-frontend/.angular/cache/22.1.3/seed-b-frontend/vite/deps/@angular_router.js","/home/alex/dev/Bachelor/bmad-vergleichsstudie/.lizard-tmp-DUgF1d/code/seed-b-frontend/.angular/cache/22.1.3/seed-b-frontend/vite/deps/@angular_router.js","getCanActivateChild","getCanActivateChild ( p )",2146,2153
7,4,60,2,7,"getTokenOrFunctionIdentity@2154-2160@/home/alex/dev/Bachelor/bmad-vergleichsstudie/.lizard-tmp-DUgF1d/code/seed-b-frontend/.angular/cache/22.1.3/seed-b-frontend/vite/deps/@angular_router.js","/home/alex/dev/Bachelor/bmad-vergleichsstudie/.lizard-tmp-DUgF1d/code/seed-b-frontend/.angular/cache/22.1.3/seed-b-frontend/vite/deps/@angular_router.js","getTokenOrFunctionIdentity","getTokenOrFunctionIdentity ( tokenOrFunction , injector )",2154,2160
4,1,41,0,4,"(anonymous)@2166-2169@/home/alex/dev/Bachelor/bmad-vergleichsstudie/.lizard-tmp-DUgF1d/code/seed-b-frontend/.angular/cache/22.1.3/seed-b-frontend/vite/deps/@angular_router.js","/home/alex/dev/Bachelor/bmad-vergleichsstudie/.lizard-tmp-DUgF1d/code/seed-b-frontend/.angular/cache/22.1.3/seed-b-frontend/vite/deps/@angular_router.js","(anonymous)","(anonymous)",2166,2169
1,1,14,0,1,"(anonymous)@2170-2170@/home/alex/dev/Bachelor/bmad-vergleichsstudie/.lizard-tmp-DUgF1d/code/seed-b-frontend/.angular/cache/22.1.3/seed-b-frontend/vite/deps/@angular_router.js","/home/alex/dev/Bachelor/bmad-vergleichsstudie/.lizard-tmp-DUgF1d/code/seed-b-frontend/.angular/cache/22.1.3/seed-b-frontend/vite/deps/@angular_router.js","(anonymous)","(anonymous)",2170,2170
9,1,68,6,12,"getChildRouteGuards@2161-2172@/home/alex/dev/Bachelor/bmad-vergleichsstudie/.lizard-tmp-DUgF1d/code/seed-b-frontend/.angular/cache/22.1.3/seed-b-frontend/vite/deps/@angular_router.js","/home/alex/dev/Bachelor/bmad-vergleichsstudie/.lizard-tmp-DUgF1d/code/seed-b-frontend/.angular/cache/22.1.3/seed-b-frontend/vite/deps/@angular_router.js","getChildRouteGuards","getChildRouteGuards ( futureNode , currNode , contexts , futurePath , checks canDeactivateChecks , canActivateChecks )",2161,2172
25,15,272,6,25,"getRouteGuards@2173-2197@/home/alex/dev/Bachelor/bmad-vergleichsstudie/.lizard-tmp-DUgF1d/code/seed-b-frontend/.angular/cache/22.1.3/seed-b-frontend/vite/deps/@angular_router.js","/home/alex/dev/Bachelor/bmad-vergleichsstudie/.lizard-tmp-DUgF1d/code/seed-b-frontend/.angular/cache/22.1.3/seed-b-frontend/vite/deps/@angular_router.js","getRouteGuards","getRouteGuards ( futureNode , currNode , parentContexts , futurePath , checks canDeactivateChecks , canActivateChecks )",2173,2197
1,1,7,0,1,"(anonymous)@2199-2199@/home/alex/dev/Bachelor/bmad-vergleichsstudie/.lizard-tmp-DUgF1d/code/seed-b-frontend/.angular/cache/22.1.3/seed-b-frontend/vite/deps/@angular_router.js","/home/alex/dev/Bachelor/bmad-vergleichsstudie/.lizard-tmp-DUgF1d/code/seed-b-frontend/.angular/cache/22.1.3/seed-b-frontend/vite/deps/@angular_router.js","(anonymous)","(anonymous)",2199,2199
10,8,119,3,10,"shouldRunGuardsAndResolvers@2198-2207@/home/alex/dev/Bachelor/bmad-vergleichsstudie/.lizard-tmp-DUgF1d/code/seed-b-frontend/.angular/cache/22.1.3/seed-b-frontend/vite/deps/@angular_router.js","/home/alex/dev/Bachelor/bmad-vergleichsstudie/.lizard-tmp-DUgF1d/code/seed-b-frontend/.angular/cache/22.1.3/seed-b-frontend/vite/deps/@angular_router.js","shouldRunGuardsAndResolvers","shouldRunGuardsAndResolvers ( curr , future , mode )",2198,2207
5,3,49,0,5,"(anonymous)@2211-2215@/home/alex/dev/Bachelor/bmad-vergleichsstudie/.lizard-tmp-DUgF1d/code/seed-b-frontend/.angular/cache/22.1.3/seed-b-frontend/vite/deps/@angular_router.js","/home/alex/dev/Bachelor/bmad-vergleichsstudie/.lizard-tmp-DUgF1d/code/seed-b-frontend/.angular/cache/22.1.3/seed-b-frontend/vite/deps/@angular_router.js","(anonymous)","(anonymous)",2211,2215
8,5,116,3,12,"deactivateRouteAndItsChildren@2208-2219@/home/alex/dev/Bachelor/bmad-vergleichsstudie/.lizard-tmp-DUgF1d/code/seed-b-frontend/.angular/cache/22.1.3/seed-b-frontend/vite/deps/@angular_router.js","/home/alex/dev/Bachelor/bmad-vergleichsstudie/.lizard-tmp-DUgF1d/code/seed-b-frontend/.angular/cache/22.1.3/seed-b-frontend/vite/deps/@angular_router.js","deactivateRouteAndItsChildren","deactivateRouteAndItsChildren ( route , context , checks )",2208,2219
3,1,11,1,3,"isFunction@2220-2222@/home/alex/dev/Bachelor/bmad-vergleichsstudie/.lizard-tmp-DUgF1d/code/seed-b-frontend/.angular/cache/22.1.3/seed-b-frontend/vite/deps/@angular_router.js","/home/alex/dev/Bachelor/bmad-vergleichsstudie/.lizard-tmp-DUgF1d/code/seed-b-frontend/.angular/cache/22.1.3/seed-b-frontend/vite/deps/@angular_router.js","isFunction","isFunction ( v )",2220,2222
3,1,11,1,3,"isBoolean@2223-2225@/home/alex/dev/Bachelor/bmad-vergleichsstudie/.lizard-tmp-DUgF1d/code/seed-b-frontend/.angular/cache/22.1.3/seed-b-frontend/vite/deps/@angular_router.js","/home/alex/dev/Bachelor/bmad-vergleichsstudie/.lizard-tmp-DUgF1d/code/seed-b-frontend/.angular/cache/22.1.3/seed-b-frontend/vite/deps/@angular_router.js","isBoolean","isBoolean ( v )",2223,2225
3,2,15,1,3,"isCanLoad@2226-2228@/home/alex/dev/Bachelor/bmad-vergleichsstudie/.lizard-tmp-DUgF1d/code/seed-b-frontend/.angular/cache/22.1.3/seed-b-frontend/vite/deps/@angular_router.js","/home/alex/dev/Bachelor/bmad-vergleichsstudie/.lizard-tmp-DUgF1d/code/seed-b-frontend/.angular/cache/22.1.3/seed-b-frontend/vite/deps/@angular_router.js","isCanLoad","isCanLoad ( guard )",2226,2228
3,2,15,1,3,"isCanActivate@2229-2231@/home/alex/dev/Bachelor/bmad-vergleichsstudie/.lizard-tmp-DUgF1d/code/seed-b-frontend/.angular/cache/22.1.3/seed-b-frontend/vite/deps/@angular_router.js","/home/alex/dev/Bachelor/bmad-vergleichsstudie/.lizard-tmp-DUgF1d/code/seed-b-frontend/.angular/cache/22.1.3/seed-b-frontend/vite/deps/@angular_router.js","isCanActivate","isCanActivate ( guard )",2229,2231
3,2,15,1,3,"isCanActivateChild@2232-2234@/home/alex/dev/Bachelor/bmad-vergleichsstudie/.lizard-tmp-DUgF1d/code/seed-b-frontend/.angular/cache/22.1.3/seed-b-frontend/vite/deps/@angular_router.js","/home/alex/dev/Bachelor/bmad-vergleichsstudie/.lizard-tmp-DUgF1d/code/seed-b-frontend/.angular/cache/22.1.3/seed-b-frontend/vite/deps/@angular_router.js","isCanActivateChild","isCanActivateChild ( guard )",2232,2234
3,2,15,1,3,"isCanDeactivate@2235-2237@/home/alex/dev/Bachelor/bmad-vergleichsstudie/.lizard-tmp-DUgF1d/code/seed-b-frontend/.angular/cache/22.1.3/seed-b-frontend/vite/deps/@angular_router.js","/home/alex/dev/Bachelor/bmad-vergleichsstudie/.lizard-tmp-DUgF1d/code/seed-b-frontend/.angular/cache/22.1.3/seed-b-frontend/vite/deps/@angular_router.js","isCanDeactivate","isCanDeactivate ( guard )",2235,2237
3,2,15,1,3,"isCanMatch@2238-2240@/home/alex/dev/Bachelor/bmad-vergleichsstudie/.lizard-tmp-DUgF1d/code/seed-b-frontend/.angular/cache/22.1.3/seed-b-frontend/vite/deps/@angular_router.js","/home/alex/dev/Bachelor/bmad-vergleichsstudie/.lizard-tmp-DUgF1d/code/seed-b-frontend/.angular/cache/22.1.3/seed-b-frontend/vite/deps/@angular_router.js","isCanMatch","isCanMatch ( guard )",2238,2240
3,2,16,1,3,"isEmptyError@2241-2243@/home/alex/dev/Bachelor/bmad-vergleichsstudie/.lizard-tmp-DUgF1d/code/seed-b-frontend/.angular/cache/22.1.3/seed-b-frontend/vite/deps/@angular_router.js","/home/alex/dev/Bachelor/bmad-vergleichsstudie/.lizard-tmp-DUgF1d/code/seed-b-frontend/.angular/cache/22.1.3/seed-b-frontend/vite/deps/@angular_router.js","isEmptyError","isEmptyError ( e )",2241,2243
1,1,15,0,1,"(anonymous)@2247-2247@/home/alex/dev/Bachelor/bmad-vergleichsstudie/.lizard-tmp-DUgF1d/code/seed-b-frontend/.angular/cache/22.1.3/seed-b-frontend/vite/deps/@angular_router.js","/home/alex/dev/Bachelor/bmad-vergleichsstudie/.lizard-tmp-DUgF1d/code/seed-b-frontend/.angular/cache/22.1.3/seed-b-frontend/vite/deps/@angular_router.js","(anonymous)","(anonymous)",2247,2247
6,6,45,0,6,"(anonymous)@2247-2252@/home/alex/dev/Bachelor/bmad-vergleichsstudie/.lizard-tmp-DUgF1d/code/seed-b-frontend/.angular/cache/22.1.3/seed-b-frontend/vite/deps/@angular_router.js","/home/alex/dev/Bachelor/bmad-vergleichsstudie/.lizard-tmp-DUgF1d/code/seed-b-frontend/.angular/cache/22.1.3/seed-b-frontend/vite/deps/@angular_router.js","(anonymous)","(anonymous)",2247,2252
1,1,4,0,1,"(anonymous)@2252-2252@/home/alex/dev/Bachelor/bmad-vergleichsstudie/.lizard-tmp-DUgF1d/code/seed-b-frontend/.angular/cache/22.1.3/seed-b-frontend/vite/deps/@angular_router.js","/home/alex/dev/Bachelor/bmad-vergleichsstudie/.lizard-tmp-DUgF1d/code/seed-b-frontend/.angular/cache/22.1.3/seed-b-frontend/vite/deps/@angular_router.js","(anonymous)","(anonymous)",2252,2252
3,1,41,0,8,"(anonymous)@2246-2253@/home/alex/dev/Bachelor/bmad-vergleichsstudie/.lizard-tmp-DUgF1d/code/seed-b-frontend/.angular/cache/22.1.3/seed-b-frontend/vite/deps/@angular_router.js","/home/alex/dev/Bachelor/bmad-vergleichsstudie/.lizard-tmp-DUgF1d/code/seed-b-frontend/.angular/cache/22.1.3/seed-b-frontend/vite/deps/@angular_router.js","(anonymous)","(anonymous)",2246,2253
3,1,14,0,10,"prioritizedGuardValue@2245-2254@/home/alex/dev/Bachelor/bmad-vergleichsstudie/.lizard-tmp-DUgF1d/code/seed-b-frontend/.angular/cache/22.1.3/seed-b-frontend/vite/deps/@angular_router.js","/home/alex/dev/Bachelor/bmad-vergleichsstudie/.lizard-tmp-DUgF1d/code/seed-b-frontend/.angular/cache/22.1.3/seed-b-frontend/vite/deps/@angular_router.js","prioritizedGuardValue","prioritizedGuardValue ( )",2245,2254
3,2,15,1,3,"isRedirect@2255-2257@/home/alex/dev/Bachelor/bmad-vergleichsstudie/.lizard-tmp-DUgF1d/code/seed-b-frontend/.angular/cache/22.1.3/seed-b-frontend/vite/deps/@angular_router.js","/home/alex/dev/Bachelor/bmad-vergleichsstudie/.lizard-tmp-DUgF1d/code/seed-b-frontend/.angular/cache/22.1.3/seed-b-frontend/vite/deps/@angular_router.js","isRedirect","isRedirect ( val )",2255,2257
4,1,17,0,4,"handler@2261-2264@/home/alex/dev/Bachelor/bmad-vergleichsstudie/.lizard-tmp-DUgF1d/code/seed-b-frontend/.angular/cache/22.1.3/seed-b-frontend/vite/deps/@angular_router.js","/home/alex/dev/Bachelor/bmad-vergleichsstudie/.lizard-tmp-DUgF1d/code/seed-b-frontend/.angular/cache/22.1.3/seed-b-frontend/vite/deps/@angular_router.js","handler","handler ( )",2261,2264
1,1,9,0,1,"(anonymous)@2266-2266@/home/alex/dev/Bachelor/bmad-vergleichsstudie/.lizard-tmp-DUgF1d/code/seed-b-frontend/.angular/cache/22.1.3/seed-b-frontend/vite/deps/@angular_router.js","/home/alex/dev/Bachelor/bmad-vergleichsstudie/.lizard-tmp-DUgF1d/code/seed-b-frontend/.angular/cache/22.1.3/seed-b-frontend/vite/deps/@angular_router.js","(anonymous)","(anonymous)",2266,2266
5,1,21,0,8,"(anonymous)@2260-2267@/home/alex/dev/Bachelor/bmad-vergleichsstudie/.lizard-tmp-DUgF1d/code/seed-b-frontend/.angular/cache/22.1.3/seed-b-frontend/vite/deps/@angular_router.js","/home/alex/dev/Bachelor/bmad-vergleichsstudie/.lizard-tmp-DUgF1d/code/seed-b-frontend/.angular/cache/22.1.3/seed-b-frontend/vite/deps/@angular_router.js","(anonymous)","(anonymous)",2260,2267
4,2,37,1,11,"abortSignalToObservable@2258-2268@/home/alex/dev/Bachelor/bmad-vergleichsstudie/.lizard-tmp-DUgF1d/code/seed-b-frontend/.angular/cache/22.1.3/seed-b-frontend/vite/deps/@angular_router.js","/home/alex/dev/Bachelor/bmad-vergleichsstudie/.lizard-tmp-DUgF1d/code/seed-b-frontend/.angular/cache/22.1.3/seed-b-frontend/vite/deps/@angular_router.js","abortSignalToObservable","abortSignalToObservable ( signal )",2258,2268
3,1,14,1,3,"takeUntilAbort@2269-2271@/home/alex/dev/Bachelor/bmad-vergleichsstudie/.lizard-tmp-DUgF1d/code/seed-b-frontend/.angular/cache/22.1.3/seed-b-frontend/vite/deps/@angular_router.js","/home/alex/dev/Bachelor/bmad-vergleichsstudie/.lizard-tmp-DUgF1d/code/seed-b-frontend/.angular/cache/22.1.3/seed-b-frontend/vite/deps/@angular_router.js","takeUntilAbort","takeUntilAbort ( signal )",2269,2271
3,3,24,0,3,"(anonymous)@2279-2281@/home/alex/dev/Bachelor/bmad-vergleichsstudie/.lizard-tmp-DUgF1d/code/seed-b-frontend/.angular/cache/22.1.3/seed-b-frontend/vite/deps/@angular_router.js","/home/alex/dev/Bachelor/bmad-vergleichsstudie/.lizard-tmp-DUgF1d/code/seed-b-frontend/.angular/cache/22.1.3/seed-b-frontend/vite/deps/@angular_router.js","(anonymous)","(anonymous)",2279,2281
4,1,9,0,4,"(anonymous)@2281-2284@/home/alex/dev/Bachelor/bmad-vergleichsstudie/.lizard-tmp-DUgF1d/code/seed-b-frontend/.angular/cache/22.1.3/seed-b-frontend/vite/deps/@angular_router.js","/home/alex/dev/Bachelor/bmad-vergleichsstudie/.lizard-tmp-DUgF1d/code/seed-b-frontend/.angular/cache/22.1.3/seed-b-frontend/vite/deps/@angular_router.js","(anonymous)","(anonymous)",2281,2284
8,3,76,0,13,"(anonymous)@2273-2285@/home/alex/dev/Bachelor/bmad-vergleichsstudie/.lizard-tmp-DUgF1d/code/seed-b-frontend/.angular/cache/22.1.3/seed-b-frontend/vite/deps/@angular_router.js","/home/alex/dev/Bachelor/bmad-vergleichsstudie/.lizard-tmp-DUgF1d/code/seed-b-frontend/.angular/cache/22.1.3/seed-b-frontend/vite/deps/@angular_router.js","(anonymous)","(anonymous)",2273,2285
3,1,15,1,15,"checkGuards@2272-2286@/home/alex/dev/Bachelor/bmad-vergleichsstudie/.lizard-tmp-DUgF1d/code/seed-b-frontend/.angular/cache/22.1.3/seed-b-frontend/vite/deps/@angular_router.js","/home/alex/dev/Bachelor/bmad-vergleichsstudie/.lizard-tmp-DUgF1d/code/seed-b-frontend/.angular/cache/22.1.3/seed-b-frontend/vite/deps/@angular_router.js","checkGuards","checkGuards ( forwardEvent )",2272,2286
1,1,15,0,1,"(anonymous)@2288-2288@/home/alex/dev/Bachelor/bmad-vergleichsstudie/.lizard-tmp-DUgF1d/code/seed-b-frontend/.angular/cache/22.1.3/seed-b-frontend/vite/deps/@angular_router.js","/home/alex/dev/Bachelor/bmad-vergleichsstudie/.lizard-tmp-DUgF1d/code/seed-b-frontend/.angular/cache/22.1.3/seed-b-frontend/vite/deps/@angular_router.js","(anonymous)","(anonymous)",2288,2288
3,1,7,0,3,"(anonymous)@2288-2290@/home/alex/dev/Bachelor/bmad-vergleichsstudie/.lizard-tmp-DUgF1d/code/seed-b-frontend/.angular/cache/22.1.3/seed-b-frontend/vite/deps/@angular_router.js","/home/alex/dev/Bachelor/bmad-vergleichsstudie/.lizard-tmp-DUgF1d/code/seed-b-frontend/.angular/cache/22.1.3/seed-b-frontend/vite/deps/@angular_router.js","(anonymous)","(anonymous)",2288,2290
3,1,37,3,5,"runCanDeactivateChecks@2287-2291@/home/alex/dev/Bachelor/bmad-vergleichsstudie/.lizard-tmp-DUgF1d/code/seed-b-frontend/.angular/cache/22.1.3/seed-b-frontend/vite/deps/@angular_router.js","/home/alex/dev/Bachelor/bmad-vergleichsstudie/.lizard-tmp-DUgF1d/code/seed-b-frontend/.angular/cache/22.1.3/seed-b-frontend/vite/deps/@angular_router.js","runCanDeactivateChecks","runCanDeactivateChecks ( checks , futureRSS , currRSS )",2287,2291
3,1,44,0,3,"(anonymous)@2293-2295@/home/alex/dev/Bachelor/bmad-vergleichsstudie/.lizard-tmp-DUgF1d/code/seed-b-frontend/.angular/cache/22.1.3/seed-b-frontend/vite/deps/@angular_router.js","/home/alex/dev/Bachelor/bmad-vergleichsstudie/.lizard-tmp-DUgF1d/code/seed-b-frontend/.angular/cache/22.1.3/seed-b-frontend/vite/deps/@angular_router.js","(anonymous)","(anonymous)",2293,2295
3,1,7,0,3,"(anonymous)@2295-2297@/home/alex/dev/Bachelor/bmad-vergleichsstudie/.lizard-tmp-DUgF1d/code/seed-b-frontend/.angular/cache/22.1.3/seed-b-frontend/vite/deps/@angular_router.js","/home/alex/dev/Bachelor/bmad-vergleichsstudie/.lizard-tmp-DUgF1d/code/seed-b-frontend/.angular/cache/22.1.3/seed-b-frontend/vite/deps/@angular_router.js","(anonymous)","(anonymous)",2295,2297
3,1,38,3,7,"runCanActivateChecks@2292-2298@/home/alex/dev/Bachelor/bmad-vergleichsstudie/.lizard-tmp-DUgF1d/code/seed-b-frontend/.angular/cache/22.1.3/seed-b-frontend/vite/deps/@angular_router.js","/home/alex/dev/Bachelor/bmad-vergleichsstudie/.lizard-tmp-DUgF1d/code/seed-b-frontend/.angular/cache/22.1.3/seed-b-frontend/vite/deps/@angular_router.js","runCanActivateChecks","runCanActivateChecks ( futureSnapshot , checks , forwardEvent )",2292,2298
4,3,30,2,4,"fireActivationStart@2299-2302@/home/alex/dev/Bachelor/bmad-vergleichsstudie/.lizard-tmp-DUgF1d/code/seed-b-frontend/.angular/cache/22.1.3/seed-b-frontend/vite/deps/@angular_router.js","/home/alex/dev/Bachelor/bmad-vergleichsstudie/.lizard-tmp-DUgF1d/code/seed-b-frontend/.angular/cache/22.1.3/seed-b-frontend/vite/deps/@angular_router.js","fireActivationStart","fireActivationStart ( snapshot , forwardEvent )",2299,2302
4,3,30,2,4,"fireChildActivationStart@2303-2306@/home/alex/dev/Bachelor/bmad-vergleichsstudie/.lizard-tmp-DUgF1d/code/seed-b-frontend/.angular/cache/22.1.3/seed-b-frontend/vite/deps/@angular_router.js","/home/alex/dev/Bachelor/bmad-vergleichsstudie/.lizard-tmp-DUgF1d/code/seed-b-frontend/.angular/cache/22.1.3/seed-b-frontend/vite/deps/@angular_router.js","fireChildActivationStart","fireChildActivationStart ( snapshot , forwardEvent )",2303,2306
5,2,59,0,5,"(anonymous)@2311-2315@/home/alex/dev/Bachelor/bmad-vergleichsstudie/.lizard-tmp-DUgF1d/code/seed-b-frontend/.angular/cache/22.1.3/seed-b-frontend/vite/deps/@angular_router.js","/home/alex/dev/Bachelor/bmad-vergleichsstudie/.lizard-tmp-DUgF1d/code/seed-b-frontend/.angular/cache/22.1.3/seed-b-frontend/vite/deps/@angular_router.js","(anonymous)","(anonymous)",2311,2315
3,1,11,0,7,"(anonymous)@2310-2316@/home/alex/dev/Bachelor/bmad-vergleichsstudie/.lizard-tmp-DUgF1d/code/seed-b-frontend/.angular/cache/22.1.3/seed-b-frontend/vite/deps/@angular_router.js","/home/alex/dev/Bachelor/bmad-vergleichsstudie/.lizard-tmp-DUgF1d/code/seed-b-frontend/.angular/cache/22.1.3/seed-b-frontend/vite/deps/@angular_router.js","(anonymous)","(anonymous)",2310,2316
5,4,61,2,11,"runCanActivate@2307-2317@/home/alex/dev/Bachelor/bmad-vergleichsstudie/.lizard-tmp-DUgF1d/code/seed-b-frontend/.angular/cache/22.1.3/seed-b-frontend/vite/deps/@angular_router.js","/home/alex/dev/Bachelor/bmad-vergleichsstudie/.lizard-tmp-DUgF1d/code/seed-b-frontend/.angular/cache/22.1.3/seed-b-frontend/vite/deps/@angular_router.js","runCanActivate","runCanActivate ( futureRSS , futureARS )",2307,2317
1,1,5,0,1,"(anonymous)@2320-2320@/home/alex/dev/Bachelor/bmad-vergleichsstudie/.lizard-tmp-DUgF1d/code/seed-b-frontend/.angular/cache/22.1.3/seed-b-frontend/vite/deps/@angular_router.js","/home/alex/dev/Bachelor/bmad-vergleichsstudie/.lizard-tmp-DUgF1d/code/seed-b-frontend/.angular/cache/22.1.3/seed-b-frontend/vite/deps/@angular_router.js","(anonymous)","(anonymous)",2320,2320
1,1,4,0,1,"(anonymous)@2320-2320@/home/alex/dev/Bachelor/bmad-vergleichsstudie/.lizard-tmp-DUgF1d/code/seed-b-frontend/.angular/cache/22.1.3/seed-b-frontend/vite/deps/@angular_router.js","/home/alex/dev/Bachelor/bmad-vergleichsstudie/.lizard-tmp-DUgF1d/code/seed-b-frontend/.angular/cache/22.1.3/seed-b-frontend/vite/deps/@angular_router.js","(anonymous)","(anonymous)",2320,2320
5,2,61,0,5,"(anonymous)@2322-2326@/home/alex/dev/Bachelor/bmad-vergleichsstudie/.lizard-tmp-DUgF1d/code/seed-b-frontend/.angular/cache/22.1.3/seed-b-frontend/vite/deps/@angular_router.js","/home/alex/dev/Bachelor/bmad-vergleichsstudie/.lizard-tmp-DUgF1d/code/seed-b-frontend/.angular/cache/22.1.3/seed-b-frontend/vite/deps/@angular_router.js","(anonymous)","(anonymous)",2322,2326
3,1,26,0,7,"(anonymous)@2321-2327@/home/alex/dev/Bachelor/bmad-vergleichsstudie/.lizard-tmp-DUgF1d/code/seed-b-frontend/.angular/cache/22.1.3/seed-b-frontend/vite/deps/@angular_router.js","/home/alex/dev/Bachelor/bmad-vergleichsstudie/.lizard-tmp-DUgF1d/code/seed-b-frontend/.angular/cache/22.1.3/seed-b-frontend/vite/deps/@angular_router.js","(anonymous)","(anonymous)",2321,2327
3,1,11,0,9,"(anonymous)@2320-2328@/home/alex/dev/Bachelor/bmad-vergleichsstudie/.lizard-tmp-DUgF1d/code/seed-b-frontend/.angular/cache/22.1.3/seed-b-frontend/vite/deps/@angular_router.js","/home/alex/dev/Bachelor/bmad-vergleichsstudie/.lizard-tmp-DUgF1d/code/seed-b-frontend/.angular/cache/22.1.3/seed-b-frontend/vite/deps/@angular_router.js","(anonymous)","(anonymous)",2320,2328
4,1,72,2,12,"runCanActivateChild@2318-2329@/home/alex/dev/Bachelor/bmad-vergleichsstudie/.lizard-tmp-DUgF1d/code/seed-b-frontend/.angular/cache/22.1.3/seed-b-frontend/vite/deps/@angular_router.js","/home/alex/dev/Bachelor/bmad-vergleichsstudie/.lizard-tmp-DUgF1d/code/seed-b-frontend/.angular/cache/22.1.3/seed-b-frontend/vite/deps/@angular_router.js","runCanActivateChild","runCanActivateChild ( futureRSS , path )",2318,2329
5,2,67,0,5,"(anonymous)@2333-2337@/home/alex/dev/Bachelor/bmad-vergleichsstudie/.lizard-tmp-DUgF1d/code/seed-b-frontend/.angular/cache/22.1.3/seed-b-frontend/vite/deps/@angular_router.js","/home/alex/dev/Bachelor/bmad-vergleichsstudie/.lizard-tmp-DUgF1d/code/seed-b-frontend/.angular/cache/22.1.3/seed-b-frontend/vite/deps/@angular_router.js","(anonymous)","(anonymous)",2333,2337
5,5,67,4,9,"runCanDeactivate@2330-2338@/home/alex/dev/Bachelor/bmad-vergleichsstudie/.lizard-tmp-DUgF1d/code/seed-b-frontend/.angular/cache/22.1.3/seed-b-frontend/vite/deps/@angular_router.js","/home/alex/dev/Bachelor/bmad-vergleichsstudie/.lizard-tmp-DUgF1d/code/seed-b-frontend/.angular/cache/22.1.3/seed-b-frontend/vite/deps/@angular_router.js","runCanDeactivate","runCanDeactivate ( component , currARS , currRSS , futureRSS )",2330,2338
5,3,65,0,5,"(anonymous)@2342-2346@/home/alex/dev/Bachelor/bmad-vergleichsstudie/.lizard-tmp-DUgF1d/code/seed-b-frontend/.angular/cache/22.1.3/seed-b-frontend/vite/deps/@angular_router.js","/home/alex/dev/Bachelor/bmad-vergleichsstudie/.lizard-tmp-DUgF1d/code/seed-b-frontend/.angular/cache/22.1.3/seed-b-frontend/vite/deps/@angular_router.js","(anonymous)","(anonymous)",2342,2346
5,3,66,5,9,"runCanLoadGuards@2339-2347@/home/alex/dev/Bachelor/bmad-vergleichsstudie/.lizard-tmp-DUgF1d/code/seed-b-frontend/.angular/cache/22.1.3/seed-b-frontend/vite/deps/@angular_router.js","/home/alex/dev/Bachelor/bmad-vergleichsstudie/.lizard-tmp-DUgF1d/code/seed-b-frontend/.angular/cache/22.1.3/seed-b-frontend/vite/deps/@angular_router.js","runCanLoadGuards","runCanLoadGuards ( injector , route , segments , urlSerializer , abortSignal )",2339,2347
4,2,19,0,4,"(anonymous)@2349-2352@/home/alex/dev/Bachelor/bmad-vergleichsstudie/.lizard-tmp-DUgF1d/code/seed-b-frontend/.angular/cache/22.1.3/seed-b-frontend/vite/deps/@angular_router.js","/home/alex/dev/Bachelor/bmad-vergleichsstudie/.lizard-tmp-DUgF1d/code/seed-b-frontend/.angular/cache/22.1.3/seed-b-frontend/vite/deps/@angular_router.js","(anonymous)","(anonymous)",2349,2352
1,1,4,0,1,"(anonymous)@2352-2352@/home/alex/dev/Bachelor/bmad-vergleichsstudie/.lizard-tmp-DUgF1d/code/seed-b-frontend/.angular/cache/22.1.3/seed-b-frontend/vite/deps/@angular_router.js","/home/alex/dev/Bachelor/bmad-vergleichsstudie/.lizard-tmp-DUgF1d/code/seed-b-frontend/.angular/cache/22.1.3/seed-b-frontend/vite/deps/@angular_router.js","(anonymous)","(anonymous)",2352,2352
3,1,26,1,6,"redirectIfUrlTree@2348-2353@/home/alex/dev/Bachelor/bmad-vergleichsstudie/.lizard-tmp-DUgF1d/code/seed-b-frontend/.angular/cache/22.1.3/seed-b-frontend/vite/deps/@angular_router.js","/home/alex/dev/Bachelor/bmad-vergleichsstudie/.lizard-tmp-DUgF1d/code/seed-b-frontend/.angular/cache/22.1.3/seed-b-frontend/vite/deps/@angular_router.js","redirectIfUrlTree","redirectIfUrlTree ( urlSerializer )",2348,2353
4,2,57,0,4,"(anonymous)@2357-2360@/home/alex/dev/Bachelor/bmad-vergleichsstudie/.lizard-tmp-DUgF1d/code/seed-b-frontend/.angular/cache/22.1.3/seed-b-frontend/vite/deps/@angular_router.js","/home/alex/dev/Bachelor/bmad-vergleichsstudie/.lizard-tmp-DUgF1d/code/seed-b-frontend/.angular/cache/22.1.3/seed-b-frontend/vite/deps/@angular_router.js","(anonymous)","(anonymous)",2357,2360
5,3,66,6,8,"runCanMatchGuards@2354-2361@/home/alex/dev/Bachelor/bmad-vergleichsstudie/.lizard-tmp-DUgF1d/code/seed-b-frontend/.angular/cache/22.1.3/seed-b-frontend/vite/deps/@angular_router.js","/home/alex/dev/Bachelor/bmad-vergleichsstudie/.lizard-tmp-DUgF1d/code/seed-b-frontend/.angular/cache/22.1.3/seed-b-frontend/vite/deps/@angular_router.js","runCanMatchGuards","runCanMatchGuards ( injector , route , segments , urlSerializer , currentSnapshot , abortSignal )",2354,2361
5,2,28,1,5,"constructor@2364-2368@/home/alex/dev/Bachelor/bmad-vergleichsstudie/.lizard-tmp-DUgF1d/code/seed-b-frontend/.angular/cache/22.1.3/seed-b-frontend/vite/deps/@angular_router.js","/home/alex/dev/Bachelor/bmad-vergleichsstudie/.lizard-tmp-DUgF1d/code/seed-b-frontend/.angular/cache/22.1.3/seed-b-frontend/vite/deps/@angular_router.js","constructor","constructor ( segmentGroup )",2364,2368
5,1,26,1,5,"constructor@2372-2376@/home/alex/dev/Bachelor/bmad-vergleichsstudie/.lizard-tmp-DUgF1d/code/seed-b-frontend/.angular/cache/22.1.3/seed-b-frontend/vite/deps/@angular_router.js","/home/alex/dev/Bachelor/bmad-vergleichsstudie/.lizard-tmp-DUgF1d/code/seed-b-frontend/.angular/cache/22.1.3/seed-b-frontend/vite/deps/@angular_router.js","constructor","constructor ( urlTree )",2372,2376
3,3,29,1,3,"namedOutletsRedirect@2378-2380@/home/alex/dev/Bachelor/bmad-vergleichsstudie/.lizard-tmp-DUgF1d/code/seed-b-frontend/.angular/cache/22.1.3/seed-b-frontend/vite/deps/@angular_router.js","/home/alex/dev/Bachelor/bmad-vergleichsstudie/.lizard-tmp-DUgF1d/code/seed-b-frontend/.angular/cache/22.1.3/seed-b-frontend/vite/deps/@angular_router.js","namedOutletsRedirect","namedOutletsRedirect ( redirectTo )",2378,2380
3,3,30,1,3,"canLoadFails@2381-2383@/home/alex/dev/Bachelor/bmad-vergleichsstudie/.lizard-tmp-DUgF1d/code/seed-b-frontend/.angular/cache/22.1.3/seed-b-frontend/vite/deps/@angular_router.js","/home/alex/dev/Bachelor/bmad-vergleichsstudie/.lizard-tmp-DUgF1d/code/seed-b-frontend/.angular/cache/22.1.3/seed-b-frontend/vite/deps/@angular_router.js","canLoadFails","canLoadFails ( route )",2381,2383
4,1,19,2,4,"constructor@2387-2390@/home/alex/dev/Bachelor/bmad-vergleichsstudie/.lizard-tmp-DUgF1d/code/seed-b-frontend/.angular/cache/22.1.3/seed-b-frontend/vite/deps/@angular_router.js","/home/alex/dev/Bachelor/bmad-vergleichsstudie/.lizard-tmp-DUgF1d/code/seed-b-frontend/.angular/cache/22.1.3/seed-b-frontend/vite/deps/@angular_router.js","constructor","constructor ( urlSerializer , urlTree )",2387,2390
10,5,83,2,10,"lineralizeSegments@2391-2400@/home/alex/dev/Bachelor/bmad-vergleichsstudie/.lizard-tmp-DUgF1d/code/seed-b-frontend/.angular/cache/22.1.3/seed-b-frontend/vite/deps/@angular_router.js","/home/alex/dev/Bachelor/bmad-vergleichsstudie/.lizard-tmp-DUgF1d/code/seed-b-frontend/.angular/cache/22.1.3/seed-b-frontend/vite/deps/@angular_router.js","lineralizeSegments","lineralizeSegments ( route , urlTree )",2391,2400
7,3,81,5,7,"applyRedirectCommands@2401-2407@/home/alex/dev/Bachelor/bmad-vergleichsstudie/.lizard-tmp-DUgF1d/code/seed-b-frontend/.angular/cache/22.1.3/seed-b-frontend/vite/deps/@angular_router.js","/home/alex/dev/Bachelor/bmad-vergleichsstudie/.lizard-tmp-DUgF1d/code/seed-b-frontend/.angular/cache/22.1.3/seed-b-frontend/vite/deps/@angular_router.js","applyRedirectCommands","applyRedirectCommands ( segments , redirectTo , posParams , currentSnapshot , injector )",2401,2407
3,1,50,4,3,"applyRedirectCreateUrlTree@2408-2410@/home/alex/dev/Bachelor/bmad-vergleichsstudie/.lizard-tmp-DUgF1d/code/seed-b-frontend/.angular/cache/22.1.3/seed-b-frontend/vite/deps/@angular_router.js","/home/alex/dev/Bachelor/bmad-vergleichsstudie/.lizard-tmp-DUgF1d/code/seed-b-frontend/.angular/cache/22.1.3/seed-b-frontend/vite/deps/@angular_router.js","applyRedirectCreateUrlTree","applyRedirectCreateUrlTree ( redirectTo , urlTree , segments , posParams )",2408,2410
6,3,46,0,6,"(anonymous)@2413-2418@/home/alex/dev/Bachelor/bmad-vergleichsstudie/.lizard-tmp-DUgF1d/code/seed-b-frontend/.angular/cache/22.1.3/seed-b-frontend/vite/deps/@angular_router.js","/home/alex/dev/Bachelor/bmad-vergleichsstudie/.lizard-tmp-DUgF1d/code/seed-b-frontend/.angular/cache/22.1.3/seed-b-frontend/vite/deps/@angular_router.js","(anonymous)","(anonymous)",2413,2418
5,1,36,2,10,"createQueryParams@2411-2420@/home/alex/dev/Bachelor/bmad-vergleichsstudie/.lizard-tmp-DUgF1d/code/seed-b-frontend/.angular/cache/22.1.3/seed-b-frontend/vite/deps/@angular_router.js","/home/alex/dev/Bachelor/bmad-vergleichsstudie/.lizard-tmp-DUgF1d/code/seed-b-frontend/.angular/cache/22.1.3/seed-b-frontend/vite/deps/@angular_router.js","createQueryParams","createQueryParams ( redirectToParams , actualParams )",2411,2420
3,1,20,0,3,"(anonymous)@2424-2426@/home/alex/dev/Bachelor/bmad-vergleichsstudie/.lizard-tmp-DUgF1d/code/seed-b-frontend/.angular/cache/22.1.3/seed-b-frontend/vite/deps/@angular_router.js","/home/alex/dev/Bachelor/bmad-vergleichsstudie/.lizard-tmp-DUgF1d/code/seed-b-frontend/.angular/cache/22.1.3/seed-b-frontend/vite/deps/@angular_router.js","(anonymous)","(anonymous)",2424,2426
6,1,70,4,8,"createSegmentGroup@2421-2428@/home/alex/dev/Bachelor/bmad-vergleichsstudie/.lizard-tmp-DUgF1d/code/seed-b-frontend/.angular/cache/22.1.3/seed-b-frontend/vite/deps/@angular_router.js","/home/alex/dev/Bachelor/bmad-vergleichsstudie/.lizard-tmp-DUgF1d/code/seed-b-frontend/.angular/cache/22.1.3/seed-b-frontend/vite/deps/@angular_router.js","createSegmentGroup","createSegmentGroup ( redirectTo , group , segments , posParams )",2421,2428
1,2,29,0,1,"(anonymous)@2430-2430@/home/alex/dev/Bachelor/bmad-vergleichsstudie/.lizard-tmp-DUgF1d/code/seed-b-frontend/.angular/cache/22.1.3/seed-b-frontend/vite/deps/@angular_router.js","/home/alex/dev/Bachelor/bmad-vergleichsstudie/.lizard-tmp-DUgF1d/code/seed-b-frontend/.angular/cache/22.1.3/seed-b-frontend/vite/deps/@angular_router.js","(anonymous)","(anonymous)",2430,2430
3,1,22,4,3,"createSegments@2429-2431@/home/alex/dev/Bachelor/bmad-vergleichsstudie/.lizard-tmp-DUgF1d/code/seed-b-frontend/.angular/cache/22.1.3/seed-b-frontend/vite/deps/@angular_router.js","/home/alex/dev/Bachelor/bmad-vergleichsstudie/.lizard-tmp-DUgF1d/code/seed-b-frontend/.angular/cache/22.1.3/seed-b-frontend/vite/deps/@angular_router.js","createSegments","createSegments ( redirectTo , redirectToSegments , actualSegments , posParams )",2429,2431
5,4,60,3,5,"findPosParam@2432-2436@/home/alex/dev/Bachelor/bmad-vergleichsstudie/.lizard-tmp-DUgF1d/code/seed-b-frontend/.angular/cache/22.1.3/seed-b-frontend/vite/deps/@angular_router.js","/home/alex/dev/Bachelor/bmad-vergleichsstudie/.lizard-tmp-DUgF1d/code/seed-b-frontend/.angular/cache/22.1.3/seed-b-frontend/vite/deps/@angular_router.js","findPosParam","findPosParam ( redirectTo , redirectToUrlSegment , posParams )",2432,2436
11,3,49,2,11,"findOrReturn@2437-2447@/home/alex/dev/Bachelor/bmad-vergleichsstudie/.lizard-tmp-DUgF1d/code/seed-b-frontend/.angular/cache/22.1.3/seed-b-frontend/vite/deps/@angular_router.js","/home/alex/dev/Bachelor/bmad-vergleichsstudie/.lizard-tmp-DUgF1d/code/seed-b-frontend/.angular/cache/22.1.3/seed-b-frontend/vite/deps/@angular_router.js","findOrReturn","findOrReturn ( redirectToUrlSegment , actualSegments )",2437,2447
1,1,5,0,1,"(anonymous)@2452-2452@/home/alex/dev/Bachelor/bmad-vergleichsstudie/.lizard-tmp-DUgF1d/code/seed-b-frontend/.angular/cache/22.1.3/seed-b-frontend/vite/deps/@angular_router.js","/home/alex/dev/Bachelor/bmad-vergleichsstudie/.lizard-tmp-DUgF1d/code/seed-b-frontend/.angular/cache/22.1.3/seed-b-frontend/vite/deps/@angular_router.js","(anonymous)","(anonymous)",2452,2452
5,2,45,3,5,"getRedirectResult@2449-2453@/home/alex/dev/Bachelor/bmad-vergleichsstudie/.lizard-tmp-DUgF1d/code/seed-b-frontend/.angular/cache/22.1.3/seed-b-frontend/vite/deps/@angular_router.js","/home/alex/dev/Bachelor/bmad-vergleichsstudie/.lizard-tmp-DUgF1d/code/seed-b-frontend/.angular/cache/22.1.3/seed-b-frontend/vite/deps/@angular_router.js","getRedirectResult","getRedirectResult ( redirectTo , currentSnapshot , injector )",2449,2453
4,5,46,2,4,"getOrCreateRouteInjectorIfNeeded@2454-2457@/home/alex/dev/Bachelor/bmad-vergleichsstudie/.lizard-tmp-DUgF1d/code/seed-b-frontend/.angular/cache/22.1.3/seed-b-frontend/vite/deps/@angular_router.js","/home/alex/dev/Bachelor/bmad-vergleichsstudie/.lizard-tmp-DUgF1d/code/seed-b-frontend/.angular/cache/22.1.3/seed-b-frontend/vite/deps/@angular_router.js","getOrCreateRouteInjectorIfNeeded","getOrCreateRouteInjectorIfNeeded ( route , currentInjector )",2454,2457
6,2,53,3,6,"validateConfig@2458-2463@/home/alex/dev/Bachelor/bmad-vergleichsstudie/.lizard-tmp-DUgF1d/code/seed-b-frontend/.angular/cache/22.1.3/seed-b-frontend/vite/deps/@angular_router.js","/home/alex/dev/Bachelor/bmad-vergleichsstudie/.lizard-tmp-DUgF1d/code/seed-b-frontend/.angular/cache/22.1.3/seed-b-frontend/vite/deps/@angular_router.js","validateConfig","validateConfig ( config , parentPath , requireStandaloneComponents false )",2458,2463
4,5,57,2,4,"assertStandalone@2464-2467@/home/alex/dev/Bachelor/bmad-vergleichsstudie/.lizard-tmp-DUgF1d/code/seed-b-frontend/.angular/cache/22.1.3/seed-b-frontend/vite/deps/@angular_router.js","/home/alex/dev/Bachelor/bmad-vergleichsstudie/.lizard-tmp-DUgF1d/code/seed-b-frontend/.angular/cache/22.1.3/seed-b-frontend/vite/deps/@angular_router.js","assertStandalone","assertStandalone ( fullPath , component )",2464,2467
32,41,484,3,32,"validateNode@2468-2499@/home/alex/dev/Bachelor/bmad-vergleichsstudie/.lizard-tmp-DUgF1d/code/seed-b-frontend/.angular/cache/22.1.3/seed-b-frontend/vite/deps/@angular_router.js","/home/alex/dev/Bachelor/bmad-vergleichsstudie/.lizard-tmp-DUgF1d/code/seed-b-frontend/.angular/cache/22.1.3/seed-b-frontend/vite/deps/@angular_router.js","validateNode","validateNode ( route , fullPath , requireStandaloneComponents )",2468,2499
7,8,73,2,7,"getFullPath@2500-2506@/home/alex/dev/Bachelor/bmad-vergleichsstudie/.lizard-tmp-DUgF1d/code/seed-b-frontend/.angular/cache/22.1.3/seed-b-frontend/vite/deps/@angular_router.js","/home/alex/dev/Bachelor/bmad-vergleichsstudie/.lizard-tmp-DUgF1d/code/seed-b-frontend/.angular/cache/22.1.3/seed-b-frontend/vite/deps/@angular_router.js","getFullPath","getFullPath ( parentPath , currentRoute )",2500,2506
3,2,12,1,3,"getOutlet@2507-2509@/home/alex/dev/Bachelor/bmad-vergleichsstudie/.lizard-tmp-DUgF1d/code/seed-b-frontend/.angular/cache/22.1.3/seed-b-frontend/vite/deps/@angular_router.js","/home/alex/dev/Bachelor/bmad-vergleichsstudie/.lizard-tmp-DUgF1d/code/seed-b-frontend/.angular/cache/22.1.3/seed-b-frontend/vite/deps/@angular_router.js","getOutlet","getOutlet ( route )",2507,2509
1,1,7,0,1,"(anonymous)@2511-2511@/home/alex/dev/Bachelor/bmad-vergleichsstudie/.lizard-tmp-DUgF1d/code/seed-b-frontend/.angular/cache/22.1.3/seed-b-frontend/vite/deps/@angular_router.js","/home/alex/dev/Bachelor/bmad-vergleichsstudie/.lizard-tmp-DUgF1d/code/seed-b-frontend/.angular/cache/22.1.3/seed-b-frontend/vite/deps/@angular_router.js","(anonymous)","(anonymous)",2511,2511
1,1,7,0,1,"(anonymous)@2512-2512@/home/alex/dev/Bachelor/bmad-vergleichsstudie/.lizard-tmp-DUgF1d/code/seed-b-frontend/.angular/cache/22.1.3/seed-b-frontend/vite/deps/@angular_router.js","/home/alex/dev/Bachelor/bmad-vergleichsstudie/.lizard-tmp-DUgF1d/code/seed-b-frontend/.angular/cache/22.1.3/seed-b-frontend/vite/deps/@angular_router.js","(anonymous)","(anonymous)",2512,2512
5,1,39,2,5,"sortByMatchingOutlets@2510-2514@/home/alex/dev/Bachelor/bmad-vergleichsstudie/.lizard-tmp-DUgF1d/code/seed-b-frontend/.angular/cache/22.1.3/seed-b-frontend/vite/deps/@angular_router.js","/home/alex/dev/Bachelor/bmad-vergleichsstudie/.lizard-tmp-DUgF1d/code/seed-b-frontend/.angular/cache/22.1.3/seed-b-frontend/vite/deps/@angular_router.js","sortByMatchingOutlets","sortByMatchingOutlets ( routes , outletName )",2510,2514
14,1,68,1,14,"createPreMatchRouteSnapshot@2522-2535@/home/alex/dev/Bachelor/bmad-vergleichsstudie/.lizard-tmp-DUgF1d/code/seed-b-frontend/.angular/cache/22.1.3/seed-b-frontend/vite/deps/@angular_router.js","/home/alex/dev/Bachelor/bmad-vergleichsstudie/.lizard-tmp-DUgF1d/code/seed-b-frontend/.angular/cache/22.1.3/seed-b-frontend/vite/deps/@angular_router.js","createPreMatchRouteSnapshot","createPreMatchRouteSnapshot ( snapshot )",2522,2535
1,2,11,0,1,"(anonymous)@2541-2541@/home/alex/dev/Bachelor/bmad-vergleichsstudie/.lizard-tmp-DUgF1d/code/seed-b-frontend/.angular/cache/22.1.3/seed-b-frontend/vite/deps/@angular_router.js","/home/alex/dev/Bachelor/bmad-vergleichsstudie/.lizard-tmp-DUgF1d/code/seed-b-frontend/.angular/cache/22.1.3/seed-b-frontend/vite/deps/@angular_router.js","(anonymous)","(anonymous)",2541,2541
7,2,89,7,7,"matchWithChecks@2536-2542@/home/alex/dev/Bachelor/bmad-vergleichsstudie/.lizard-tmp-DUgF1d/code/seed-b-frontend/.angular/cache/22.1.3/seed-b-frontend/vite/deps/@angular_router.js","/home/alex/dev/Bachelor/bmad-vergleichsstudie/.lizard-tmp-DUgF1d/code/seed-b-frontend/.angular/cache/22.1.3/seed-b-frontend/vite/deps/@angular_router.js","matchWithChecks","matchWithChecks ( segmentGroup , route , segments , injector , urlSerializer , createSnapshot , abortSignal )",2536,2542
3,1,11,0,3,"(anonymous)@2557-2559@/home/alex/dev/Bachelor/bmad-vergleichsstudie/.lizard-tmp-DUgF1d/code/seed-b-frontend/.angular/cache/22.1.3/seed-b-frontend/vite/deps/@angular_router.js","/home/alex/dev/Bachelor/bmad-vergleichsstudie/.lizard-tmp-DUgF1d/code/seed-b-frontend/.angular/cache/22.1.3/seed-b-frontend/vite/deps/@angular_router.js","(anonymous)","(anonymous)",2557,2559
27,11,199,3,29,"match@2543-2571@/home/alex/dev/Bachelor/bmad-vergleichsstudie/.lizard-tmp-DUgF1d/code/seed-b-frontend/.angular/cache/22.1.3/seed-b-frontend/vite/deps/@angular_router.js","/home/alex/dev/Bachelor/bmad-vergleichsstudie/.lizard-tmp-DUgF1d/code/seed-b-frontend/.angular/cache/22.1.3/seed-b-frontend/vite/deps/@angular_router.js","match","match ( segmentGroup , route , segments )",2543,2571
14,5,127,5,14,"split@2572-2585@/home/alex/dev/Bachelor/bmad-vergleichsstudie/.lizard-tmp-DUgF1d/code/seed-b-frontend/.angular/cache/22.1.3/seed-b-frontend/vite/deps/@angular_router.js","/home/alex/dev/Bachelor/bmad-vergleichsstudie/.lizard-tmp-DUgF1d/code/seed-b-frontend/.angular/cache/22.1.3/seed-b-frontend/vite/deps/@angular_router.js","split","split ( segmentGroup , consumedSegments , slicedSegments , config , outlet )",2572,2585
11,4,78,4,11,"addEmptyPathsToChildrenIfNeeded@2586-2596@/home/alex/dev/Bachelor/bmad-vergleichsstudie/.lizard-tmp-DUgF1d/code/seed-b-frontend/.angular/cache/22.1.3/seed-b-frontend/vite/deps/@angular_router.js","/home/alex/dev/Bachelor/bmad-vergleichsstudie/.lizard-tmp-DUgF1d/code/seed-b-frontend/.angular/cache/22.1.3/seed-b-frontend/vite/deps/@angular_router.js","addEmptyPathsToChildrenIfNeeded","addEmptyPathsToChildrenIfNeeded ( segmentGroup , slicedSegments , routes , children )",2586,2596
9,4,70,2,9,"createChildrenForEmptyPaths@2597-2605@/home/alex/dev/Bachelor/bmad-vergleichsstudie/.lizard-tmp-DUgF1d/code/seed-b-frontend/.angular/cache/22.1.3/seed-b-frontend/vite/deps/@angular_router.js","/home/alex/dev/Bachelor/bmad-vergleichsstudie/.lizard-tmp-DUgF1d/code/seed-b-frontend/.angular/cache/22.1.3/seed-b-frontend/vite/deps/@angular_router.js","createChildrenForEmptyPaths","createChildrenForEmptyPaths ( routes , primarySegment )",2597,2605
5,4,48,0,5,"(anonymous)@2607-2611@/home/alex/dev/Bachelor/bmad-vergleichsstudie/.lizard-tmp-DUgF1d/code/seed-b-frontend/.angular/cache/22.1.3/seed-b-frontend/vite/deps/@angular_router.js","/home/alex/dev/Bachelor/bmad-vergleichsstudie/.lizard-tmp-DUgF1d/code/seed-b-frontend/.angular/cache/22.1.3/seed-b-frontend/vite/deps/@angular_router.js","(anonymous)","(anonymous)",2607,2611
3,1,23,4,7,"containsEmptyPathMatchesWithNamedOutlets@2606-2612@/home/alex/dev/Bachelor/bmad-vergleichsstudie/.lizard-tmp-DUgF1d/code/seed-b-frontend/.angular/cache/22.1.3/seed-b-frontend/vite/deps/@angular_router.js","/home/alex/dev/Bachelor/bmad-vergleichsstudie/.lizard-tmp-DUgF1d/code/seed-b-frontend/.angular/cache/22.1.3/seed-b-frontend/vite/deps/@angular_router.js","containsEmptyPathMatchesWithNamedOutlets","containsEmptyPathMatchesWithNamedOutlets ( segmentGroup , slicedSegments , routes , outlet )",2606,2612
1,1,9,0,1,"(anonymous)@2614-2614@/home/alex/dev/Bachelor/bmad-vergleichsstudie/.lizard-tmp-DUgF1d/code/seed-b-frontend/.angular/cache/22.1.3/seed-b-frontend/vite/deps/@angular_router.js","/home/alex/dev/Bachelor/bmad-vergleichsstudie/.lizard-tmp-DUgF1d/code/seed-b-frontend/.angular/cache/22.1.3/seed-b-frontend/vite/deps/@angular_router.js","(anonymous)","(anonymous)",2614,2614
3,1,20,3,3,"containsEmptyPathMatches@2613-2615@/home/alex/dev/Bachelor/bmad-vergleichsstudie/.lizard-tmp-DUgF1d/code/seed-b-frontend/.angular/cache/22.1.3/seed-b-frontend/vite/deps/@angular_router.js","/home/alex/dev/Bachelor/bmad-vergleichsstudie/.lizard-tmp-DUgF1d/code/seed-b-frontend/.angular/cache/22.1.3/seed-b-frontend/vite/deps/@angular_router.js","containsEmptyPathMatches","containsEmptyPathMatches ( segmentGroup , slicedSegments , routes )",2613,2615
4,4,41,3,4,"emptyPathMatch@2616-2619@/home/alex/dev/Bachelor/bmad-vergleichsstudie/.lizard-tmp-DUgF1d/code/seed-b-frontend/.angular/cache/22.1.3/seed-b-frontend/vite/deps/@angular_router.js","/home/alex/dev/Bachelor/bmad-vergleichsstudie/.lizard-tmp-DUgF1d/code/seed-b-frontend/.angular/cache/22.1.3/seed-b-frontend/vite/deps/@angular_router.js","emptyPathMatch","emptyPathMatch ( segmentGroup , slicedSegments , r )",2616,2619
3,2,24,3,3,"noLeftoversInUrl@2620-2622@/home/alex/dev/Bachelor/bmad-vergleichsstudie/.lizard-tmp-DUgF1d/code/seed-b-frontend/.angular/cache/22.1.3/seed-b-frontend/vite/deps/@angular_router.js","/home/alex/dev/Bachelor/bmad-vergleichsstudie/.lizard-tmp-DUgF1d/code/seed-b-frontend/.angular/cache/22.1.3/seed-b-frontend/vite/deps/@angular_router.js","noLeftoversInUrl","noLeftoversInUrl ( segmentGroup , segments , outlet )",2620,2622
3,1,44,8,3,"$1@2624-2626@/home/alex/dev/Bachelor/bmad-vergleichsstudie/.lizard-tmp-DUgF1d/code/seed-b-frontend/.angular/cache/22.1.3/seed-b-frontend/vite/deps/@angular_router.js","/home/alex/dev/Bachelor/bmad-vergleichsstudie/.lizard-tmp-DUgF1d/code/seed-b-frontend/.angular/cache/22.1.3/seed-b-frontend/vite/deps/@angular_router.js","$1","$1 ( injector , configLoader , rootComponentType , config , urlTree , urlSerializer , paramsInheritanceStrategy , abortSignal )",2624,2626
11,1,83,8,11,"constructor@2640-2650@/home/alex/dev/Bachelor/bmad-vergleichsstudie/.lizard-tmp-DUgF1d/code/seed-b-frontend/.angular/cache/22.1.3/seed-b-frontend/vite/deps/@angular_router.js","/home/alex/dev/Bachelor/bmad-vergleichsstudie/.lizard-tmp-DUgF1d/code/seed-b-frontend/.angular/cache/22.1.3/seed-b-frontend/vite/deps/@angular_router.js","constructor","constructor ( injector , configLoader , rootComponentType , config , urlTree , paramsInheritanceStrategy , urlSerializer , abortSignal )",2640,2650
3,3,35,1,3,"noMatchError@2651-2653@/home/alex/dev/Bachelor/bmad-vergleichsstudie/.lizard-tmp-DUgF1d/code/seed-b-frontend/.angular/cache/22.1.3/seed-b-frontend/vite/deps/@angular_router.js","/home/alex/dev/Bachelor/bmad-vergleichsstudie/.lizard-tmp-DUgF1d/code/seed-b-frontend/.angular/cache/22.1.3/seed-b-frontend/vite/deps/@angular_router.js","noMatchError","noMatchError ( e )",2651,2653
12,1,115,0,12,"recognize@2654-2665@/home/alex/dev/Bachelor/bmad-vergleichsstudie/.lizard-tmp-DUgF1d/code/seed-b-frontend/.angular/cache/22.1.3/seed-b-frontend/vite/deps/@angular_router.js","/home/alex/dev/Bachelor/bmad-vergleichsstudie/.lizard-tmp-DUgF1d/code/seed-b-frontend/.angular/cache/22.1.3/seed-b-frontend/vite/deps/@angular_router.js","recognize","recognize ( )",2654,2665
16,4,147,1,16,"match@2666-2681@/home/alex/dev/Bachelor/bmad-vergleichsstudie/.lizard-tmp-DUgF1d/code/seed-b-frontend/.angular/cache/22.1.3/seed-b-frontend/vite/deps/@angular_router.js","/home/alex/dev/Bachelor/bmad-vergleichsstudie/.lizard-tmp-DUgF1d/code/seed-b-frontend/.angular/cache/22.1.3/seed-b-frontend/vite/deps/@angular_router.js","match","match ( rootSegmentGroup )",2666,2681
5,4,80,5,5,"processSegmentGroup@2682-2686@/home/alex/dev/Bachelor/bmad-vergleichsstudie/.lizard-tmp-DUgF1d/code/seed-b-frontend/.angular/cache/22.1.3/seed-b-frontend/vite/deps/@angular_router.js","/home/alex/dev/Bachelor/bmad-vergleichsstudie/.lizard-tmp-DUgF1d/code/seed-b-frontend/.angular/cache/22.1.3/seed-b-frontend/vite/deps/@angular_router.js","processSegmentGroup","processSegmentGroup ( injector , config , segmentGroup , outlet , parentRoute )",2682,2686
16,6,144,4,16,"processChildren@2687-2702@/home/alex/dev/Bachelor/bmad-vergleichsstudie/.lizard-tmp-DUgF1d/code/seed-b-frontend/.angular/cache/22.1.3/seed-b-frontend/vite/deps/@angular_router.js","/home/alex/dev/Bachelor/bmad-vergleichsstudie/.lizard-tmp-DUgF1d/code/seed-b-frontend/.angular/cache/22.1.3/seed-b-frontend/vite/deps/@angular_router.js","processChildren","processChildren ( injector , config , segmentGroup , parentRoute )",2687,2702
10,8,101,7,10,"processSegment@2703-2712@/home/alex/dev/Bachelor/bmad-vergleichsstudie/.lizard-tmp-DUgF1d/code/seed-b-frontend/.angular/cache/22.1.3/seed-b-frontend/vite/deps/@angular_router.js","/home/alex/dev/Bachelor/bmad-vergleichsstudie/.lizard-tmp-DUgF1d/code/seed-b-frontend/.angular/cache/22.1.3/seed-b-frontend/vite/deps/@angular_router.js","processSegment","processSegment ( injector , routes , segmentGroup , segments , outlet , allowRedirects , parentRoute )",2703,2712
6,7,113,8,6,"processSegmentAgainstRoute@2713-2718@/home/alex/dev/Bachelor/bmad-vergleichsstudie/.lizard-tmp-DUgF1d/code/seed-b-frontend/.angular/cache/22.1.3/seed-b-frontend/vite/deps/@angular_router.js","/home/alex/dev/Bachelor/bmad-vergleichsstudie/.lizard-tmp-DUgF1d/code/seed-b-frontend/.angular/cache/22.1.3/seed-b-frontend/vite/deps/@angular_router.js","processSegmentAgainstRoute","processSegmentAgainstRoute ( injector , routes , route , rawSegment , segments , outlet , allowRedirects , parentRoute )",2713,2718
16,7,218,7,16,"expandSegmentAgainstRouteUsingRedirect@2719-2734@/home/alex/dev/Bachelor/bmad-vergleichsstudie/.lizard-tmp-DUgF1d/code/seed-b-frontend/.angular/cache/22.1.3/seed-b-frontend/vite/deps/@angular_router.js","/home/alex/dev/Bachelor/bmad-vergleichsstudie/.lizard-tmp-DUgF1d/code/seed-b-frontend/.angular/cache/22.1.3/seed-b-frontend/vite/deps/@angular_router.js","expandSegmentAgainstRouteUsingRedirect","expandSegmentAgainstRouteUsingRedirect ( injector , segmentGroup , routes , route , segments , outlet , parentRoute )",2719,2734
7,5,118,5,7,"createSnapshot@2735-2741@/home/alex/dev/Bachelor/bmad-vergleichsstudie/.lizard-tmp-DUgF1d/code/seed-b-frontend/.angular/cache/22.1.3/seed-b-frontend/vite/deps/@angular_router.js","/home/alex/dev/Bachelor/bmad-vergleichsstudie/.lizard-tmp-DUgF1d/code/seed-b-frontend/.angular/cache/22.1.3/seed-b-frontend/vite/deps/@angular_router.js","createSnapshot","createSnapshot ( injector , route , segments , parameters , parentRoute )",2735,2741
1,1,23,1,1,"createSnapshot@2744-2744@/home/alex/dev/Bachelor/bmad-vergleichsstudie/.lizard-tmp-DUgF1d/code/seed-b-frontend/.angular/cache/22.1.3/seed-b-frontend/vite/deps/@angular_router.js","/home/alex/dev/Bachelor/bmad-vergleichsstudie/.lizard-tmp-DUgF1d/code/seed-b-frontend/.angular/cache/22.1.3/seed-b-frontend/vite/deps/@angular_router.js","createSnapshot","createSnapshot ( result )",2744,2744
18,14,296,6,18,"matchSegmentAgainstRoute@2742-2759@/home/alex/dev/Bachelor/bmad-vergleichsstudie/.lizard-tmp-DUgF1d/code/seed-b-frontend/.angular/cache/22.1.3/seed-b-frontend/vite/deps/@angular_router.js","/home/alex/dev/Bachelor/bmad-vergleichsstudie/.lizard-tmp-DUgF1d/code/seed-b-frontend/.angular/cache/22.1.3/seed-b-frontend/vite/deps/@angular_router.js","matchSegmentAgainstRoute","matchSegmentAgainstRoute ( injector , rawSegment , route , segments , outlet , parentRoute )",2742,2759
29,8,191,3,29,"getChildConfig@2760-2788@/home/alex/dev/Bachelor/bmad-vergleichsstudie/.lizard-tmp-DUgF1d/code/seed-b-frontend/.angular/cache/22.1.3/seed-b-frontend/vite/deps/@angular_router.js","/home/alex/dev/Bachelor/bmad-vergleichsstudie/.lizard-tmp-DUgF1d/code/seed-b-frontend/.angular/cache/22.1.3/seed-b-frontend/vite/deps/@angular_router.js","getChildConfig","getChildConfig ( injector , route , segments )",2760,2788
5,3,45,0,5,"(anonymous)@2791-2795@/home/alex/dev/Bachelor/bmad-vergleichsstudie/.lizard-tmp-DUgF1d/code/seed-b-frontend/.angular/cache/22.1.3/seed-b-frontend/vite/deps/@angular_router.js","/home/alex/dev/Bachelor/bmad-vergleichsstudie/.lizard-tmp-DUgF1d/code/seed-b-frontend/.angular/cache/22.1.3/seed-b-frontend/vite/deps/@angular_router.js","(anonymous)","(anonymous)",2791,2795
3,1,18,1,7,"sortActivatedRouteSnapshots@2790-2796@/home/alex/dev/Bachelor/bmad-vergleichsstudie/.lizard-tmp-DUgF1d/code/seed-b-frontend/.angular/cache/22.1.3/seed-b-frontend/vite/deps/@angular_router.js","/home/alex/dev/Bachelor/bmad-vergleichsstudie/.lizard-tmp-DUgF1d/code/seed-b-frontend/.angular/cache/22.1.3/seed-b-frontend/vite/deps/@angular_router.js","sortActivatedRouteSnapshots","sortActivatedRouteSnapshots ( nodes )",2790,2796
4,2,23,1,4,"hasEmptyPathConfig@2797-2800@/home/alex/dev/Bachelor/bmad-vergleichsstudie/.lizard-tmp-DUgF1d/code/seed-b-frontend/.angular/cache/22.1.3/seed-b-frontend/vite/deps/@angular_router.js","/home/alex/dev/Bachelor/bmad-vergleichsstudie/.lizard-tmp-DUgF1d/code/seed-b-frontend/.angular/cache/22.1.3/seed-b-frontend/vite/deps/@angular_router.js","hasEmptyPathConfig","hasEmptyPathConfig ( node )",2797,2800
1,1,12,0,1,"(anonymous)@2809-2809@/home/alex/dev/Bachelor/bmad-vergleichsstudie/.lizard-tmp-DUgF1d/code/seed-b-frontend/.angular/cache/22.1.3/seed-b-frontend/vite/deps/@angular_router.js","/home/alex/dev/Bachelor/bmad-vergleichsstudie/.lizard-tmp-DUgF1d/code/seed-b-frontend/.angular/cache/22.1.3/seed-b-frontend/vite/deps/@angular_router.js","(anonymous)","(anonymous)",2809,2809
1,1,8,0,1,"(anonymous)@2819-2819@/home/alex/dev/Bachelor/bmad-vergleichsstudie/.lizard-tmp-DUgF1d/code/seed-b-frontend/.angular/cache/22.1.3/seed-b-frontend/vite/deps/@angular_router.js","/home/alex/dev/Bachelor/bmad-vergleichsstudie/.lizard-tmp-DUgF1d/code/seed-b-frontend/.angular/cache/22.1.3/seed-b-frontend/vite/deps/@angular_router.js","(anonymous)","(anonymous)",2819,2819
20,5,141,1,20,"mergeEmptyPathMatches@2801-2820@/home/alex/dev/Bachelor/bmad-vergleichsstudie/.lizard-tmp-DUgF1d/code/seed-b-frontend/.angular/cache/22.1.3/seed-b-frontend/vite/deps/@angular_router.js","/home/alex/dev/Bachelor/bmad-vergleichsstudie/.lizard-tmp-DUgF1d/code/seed-b-frontend/.angular/cache/22.1.3/seed-b-frontend/vite/deps/@angular_router.js","mergeEmptyPathMatches","mergeEmptyPathMatches ( nodes )",2801,2820
1,1,6,0,1,"(anonymous)@2826-2826@/home/alex/dev/Bachelor/bmad-vergleichsstudie/.lizard-tmp-DUgF1d/code/seed-b-frontend/.angular/cache/22.1.3/seed-b-frontend/vite/deps/@angular_router.js","/home/alex/dev/Bachelor/bmad-vergleichsstudie/.lizard-tmp-DUgF1d/code/seed-b-frontend/.angular/cache/22.1.3/seed-b-frontend/vite/deps/@angular_router.js","(anonymous)","(anonymous)",2826,2826
1,1,6,0,1,"(anonymous)@2827-2827@/home/alex/dev/Bachelor/bmad-vergleichsstudie/.lizard-tmp-DUgF1d/code/seed-b-frontend/.angular/cache/22.1.3/seed-b-frontend/vite/deps/@angular_router.js","/home/alex/dev/Bachelor/bmad-vergleichsstudie/.lizard-tmp-DUgF1d/code/seed-b-frontend/.angular/cache/22.1.3/seed-b-frontend/vite/deps/@angular_router.js","(anonymous)","(anonymous)",2827,2827
9,4,103,0,9,"(anonymous)@2823-2831@/home/alex/dev/Bachelor/bmad-vergleichsstudie/.lizard-tmp-DUgF1d/code/seed-b-frontend/.angular/cache/22.1.3/seed-b-frontend/vite/deps/@angular_router.js","/home/alex/dev/Bachelor/bmad-vergleichsstudie/.lizard-tmp-DUgF1d/code/seed-b-frontend/.angular/cache/22.1.3/seed-b-frontend/vite/deps/@angular_router.js","(anonymous)","(anonymous)",2823,2831
4,1,22,1,12,"checkOutletNameUniqueness@2821-2832@/home/alex/dev/Bachelor/bmad-vergleichsstudie/.lizard-tmp-DUgF1d/code/seed-b-frontend/.angular/cache/22.1.3/seed-b-frontend/vite/deps/@angular_router.js","/home/alex/dev/Bachelor/bmad-vergleichsstudie/.lizard-tmp-DUgF1d/code/seed-b-frontend/.angular/cache/22.1.3/seed-b-frontend/vite/deps/@angular_router.js","checkOutletNameUniqueness","checkOutletNameUniqueness ( nodes )",2821,2832
3,2,13,1,3,"getData@2833-2835@/home/alex/dev/Bachelor/bmad-vergleichsstudie/.lizard-tmp-DUgF1d/code/seed-b-frontend/.angular/cache/22.1.3/seed-b-frontend/vite/deps/@angular_router.js","/home/alex/dev/Bachelor/bmad-vergleichsstudie/.lizard-tmp-DUgF1d/code/seed-b-frontend/.angular/cache/22.1.3/seed-b-frontend/vite/deps/@angular_router.js","getData","getData ( route )",2833,2835
3,2,13,1,3,"getResolve@2836-2838@/home/alex/dev/Bachelor/bmad-vergleichsstudie/.lizard-tmp-DUgF1d/code/seed-b-frontend/.angular/cache/22.1.3/seed-b-frontend/vite/deps/@angular_router.js","/home/alex/dev/Bachelor/bmad-vergleichsstudie/.lizard-tmp-DUgF1d/code/seed-b-frontend/.angular/cache/22.1.3/seed-b-frontend/vite/deps/@angular_router.js","getResolve","getResolve ( route )",2836,2838
8,1,46,0,8,"(anonymous)@2840-2847@/home/alex/dev/Bachelor/bmad-vergleichsstudie/.lizard-tmp-DUgF1d/code/seed-b-frontend/.angular/cache/22.1.3/seed-b-frontend/vite/deps/@angular_router.js","/home/alex/dev/Bachelor/bmad-vergleichsstudie/.lizard-tmp-DUgF1d/code/seed-b-frontend/.angular/cache/22.1.3/seed-b-frontend/vite/deps/@angular_router.js","(anonymous)","(anonymous)",2840,2847
3,1,28,7,10,"recognize@2839-2848@/home/alex/dev/Bachelor/bmad-vergleichsstudie/.lizard-tmp-DUgF1d/code/seed-b-frontend/.angular/cache/22.1.3/seed-b-frontend/vite/deps/@angular_router.js","/home/alex/dev/Bachelor/bmad-vergleichsstudie/.lizard-tmp-DUgF1d/code/seed-b-frontend/.angular/cache/22.1.3/seed-b-frontend/vite/deps/@angular_router.js","recognize","recognize ( injector , configLoader , rootComponentType , config , serializer , paramsInheritanceStrategy , abortSignal )",2839,2848
1,1,4,0,1,"(anonymous)@2853-2853@/home/alex/dev/Bachelor/bmad-vergleichsstudie/.lizard-tmp-DUgF1d/code/seed-b-frontend/.angular/cache/22.1.3/seed-b-frontend/vite/deps/@angular_router.js","/home/alex/dev/Bachelor/bmad-vergleichsstudie/.lizard-tmp-DUgF1d/code/seed-b-frontend/.angular/cache/22.1.3/seed-b-frontend/vite/deps/@angular_router.js","(anonymous)","(anonymous)",2853,2853
7,2,48,0,7,"(anonymous)@2860-2866@/home/alex/dev/Bachelor/bmad-vergleichsstudie/.lizard-tmp-DUgF1d/code/seed-b-frontend/.angular/cache/22.1.3/seed-b-frontend/vite/deps/@angular_router.js","/home/alex/dev/Bachelor/bmad-vergleichsstudie/.lizard-tmp-DUgF1d/code/seed-b-frontend/.angular/cache/22.1.3/seed-b-frontend/vite/deps/@angular_router.js","(anonymous)","(anonymous)",2860,2866
1,1,3,0,1,"(anonymous)@2866-2866@/home/alex/dev/Bachelor/bmad-vergleichsstudie/.lizard-tmp-DUgF1d/code/seed-b-frontend/.angular/cache/22.1.3/seed-b-frontend/vite/deps/@angular_router.js","/home/alex/dev/Bachelor/bmad-vergleichsstudie/.lizard-tmp-DUgF1d/code/seed-b-frontend/.angular/cache/22.1.3/seed-b-frontend/vite/deps/@angular_router.js","(anonymous)","(anonymous)",2866,2866
1,2,13,0,1,"(anonymous)@2866-2866@/home/alex/dev/Bachelor/bmad-vergleichsstudie/.lizard-tmp-DUgF1d/code/seed-b-frontend/.angular/cache/22.1.3/seed-b-frontend/vite/deps/@angular_router.js","/home/alex/dev/Bachelor/bmad-vergleichsstudie/.lizard-tmp-DUgF1d/code/seed-b-frontend/.angular/cache/22.1.3/seed-b-frontend/vite/deps/@angular_router.js","(anonymous)","(anonymous)",2866,2866
12,5,133,0,18,"(anonymous)@2850-2867@/home/alex/dev/Bachelor/bmad-vergleichsstudie/.lizard-tmp-DUgF1d/code/seed-b-frontend/.angular/cache/22.1.3/seed-b-frontend/vite/deps/@angular_router.js","/home/alex/dev/Bachelor/bmad-vergleichsstudie/.lizard-tmp-DUgF1d/code/seed-b-frontend/.angular/cache/22.1.3/seed-b-frontend/vite/deps/@angular_router.js","(anonymous)","(anonymous)",2850,2867
3,1,15,1,20,"resolveData@2849-2868@/home/alex/dev/Bachelor/bmad-vergleichsstudie/.lizard-tmp-DUgF1d/code/seed-b-frontend/.angular/cache/22.1.3/seed-b-frontend/vite/deps/@angular_router.js","/home/alex/dev/Bachelor/bmad-vergleichsstudie/.lizard-tmp-DUgF1d/code/seed-b-frontend/.angular/cache/22.1.3/seed-b-frontend/vite/deps/@angular_router.js","resolveData","resolveData ( paramsInheritanceStrategy )",2849,2868
1,1,5,0,1,"(anonymous)@2870-2870@/home/alex/dev/Bachelor/bmad-vergleichsstudie/.lizard-tmp-DUgF1d/code/seed-b-frontend/.angular/cache/22.1.3/seed-b-frontend/vite/deps/@angular_router.js","/home/alex/dev/Bachelor/bmad-vergleichsstudie/.lizard-tmp-DUgF1d/code/seed-b-frontend/.angular/cache/22.1.3/seed-b-frontend/vite/deps/@angular_router.js","(anonymous)","(anonymous)",2870,2870
3,1,27,1,3,"flattenRouteTree@2869-2871@/home/alex/dev/Bachelor/bmad-vergleichsstudie/.lizard-tmp-DUgF1d/code/seed-b-frontend/.angular/cache/22.1.3/seed-b-frontend/vite/deps/@angular_router.js","/home/alex/dev/Bachelor/bmad-vergleichsstudie/.lizard-tmp-DUgF1d/code/seed-b-frontend/.angular/cache/22.1.3/seed-b-frontend/vite/deps/@angular_router.js","flattenRouteTree","flattenRouteTree ( route )",2869,2871
8,1,25,0,8,"(anonymous)@2878-2885@/home/alex/dev/Bachelor/bmad-vergleichsstudie/.lizard-tmp-DUgF1d/code/seed-b-frontend/.angular/cache/22.1.3/seed-b-frontend/vite/deps/@angular_router.js","/home/alex/dev/Bachelor/bmad-vergleichsstudie/.lizard-tmp-DUgF1d/code/seed-b-frontend/.angular/cache/22.1.3/seed-b-frontend/vite/deps/@angular_router.js","(anonymous)","(anonymous)",2878,2885
4,1,41,0,11,"(anonymous)@2876-2886@/home/alex/dev/Bachelor/bmad-vergleichsstudie/.lizard-tmp-DUgF1d/code/seed-b-frontend/.angular/cache/22.1.3/seed-b-frontend/vite/deps/@angular_router.js","/home/alex/dev/Bachelor/bmad-vergleichsstudie/.lizard-tmp-DUgF1d/code/seed-b-frontend/.angular/cache/22.1.3/seed-b-frontend/vite/deps/@angular_router.js","(anonymous)","(anonymous)",2876,2886
6,3,56,3,16,"runResolve@2872-2887@/home/alex/dev/Bachelor/bmad-vergleichsstudie/.lizard-tmp-DUgF1d/code/seed-b-frontend/.angular/cache/22.1.3/seed-b-frontend/vite/deps/@angular_router.js","/home/alex/dev/Bachelor/bmad-vergleichsstudie/.lizard-tmp-DUgF1d/code/seed-b-frontend/.angular/cache/22.1.3/seed-b-frontend/vite/deps/@angular_router.js","runResolve","runResolve ( futureARS , futureRSS , paramsInheritanceStrategy )",2872,2887
4,2,26,0,4,"(anonymous)@2892-2895@/home/alex/dev/Bachelor/bmad-vergleichsstudie/.lizard-tmp-DUgF1d/code/seed-b-frontend/.angular/cache/22.1.3/seed-b-frontend/vite/deps/@angular_router.js","/home/alex/dev/Bachelor/bmad-vergleichsstudie/.lizard-tmp-DUgF1d/code/seed-b-frontend/.angular/cache/22.1.3/seed-b-frontend/vite/deps/@angular_router.js","(anonymous)","(anonymous)",2892,2895
1,1,28,0,4,"(anonymous)@2892-2895@/home/alex/dev/Bachelor/bmad-vergleichsstudie/.lizard-tmp-DUgF1d/code/seed-b-frontend/.angular/cache/22.1.3/seed-b-frontend/vite/deps/@angular_router.js","/home/alex/dev/Bachelor/bmad-vergleichsstudie/.lizard-tmp-DUgF1d/code/seed-b-frontend/.angular/cache/22.1.3/seed-b-frontend/vite/deps/@angular_router.js","(anonymous)","(anonymous)",2892,2895
1,1,2,0,1,"(anonymous)@2895-2895@/home/alex/dev/Bachelor/bmad-vergleichsstudie/.lizard-tmp-DUgF1d/code/seed-b-frontend/.angular/cache/22.1.3/seed-b-frontend/vite/deps/@angular_router.js","/home/alex/dev/Bachelor/bmad-vergleichsstudie/.lizard-tmp-DUgF1d/code/seed-b-frontend/.angular/cache/22.1.3/seed-b-frontend/vite/deps/@angular_router.js","(anonymous)","(anonymous)",2895,2895
1,2,12,0,1,"(anonymous)@2895-2895@/home/alex/dev/Bachelor/bmad-vergleichsstudie/.lizard-tmp-DUgF1d/code/seed-b-frontend/.angular/cache/22.1.3/seed-b-frontend/vite/deps/@angular_router.js","/home/alex/dev/Bachelor/bmad-vergleichsstudie/.lizard-tmp-DUgF1d/code/seed-b-frontend/.angular/cache/22.1.3/seed-b-frontend/vite/deps/@angular_router.js","(anonymous)","(anonymous)",2895,2895
6,2,75,3,9,"resolveNode@2888-2896@/home/alex/dev/Bachelor/bmad-vergleichsstudie/.lizard-tmp-DUgF1d/code/seed-b-frontend/.angular/cache/22.1.3/seed-b-frontend/vite/deps/@angular_router.js","/home/alex/dev/Bachelor/bmad-vergleichsstudie/.lizard-tmp-DUgF1d/code/seed-b-frontend/.angular/cache/22.1.3/seed-b-frontend/vite/deps/@angular_router.js","resolveNode","resolveNode ( resolve , futureARS , futureRSS )",2888,2896
5,2,58,3,5,"getResolver@2897-2901@/home/alex/dev/Bachelor/bmad-vergleichsstudie/.lizard-tmp-DUgF1d/code/seed-b-frontend/.angular/cache/22.1.3/seed-b-frontend/vite/deps/@angular_router.js","/home/alex/dev/Bachelor/bmad-vergleichsstudie/.lizard-tmp-DUgF1d/code/seed-b-frontend/.angular/cache/22.1.3/seed-b-frontend/vite/deps/@angular_router.js","getResolver","getResolver ( injectionToken , futureARS , futureRSS )",2897,2901
1,1,2,0,1,"(anonymous)@2905-2905@/home/alex/dev/Bachelor/bmad-vergleichsstudie/.lizard-tmp-DUgF1d/code/seed-b-frontend/.angular/cache/22.1.3/seed-b-frontend/vite/deps/@angular_router.js","/home/alex/dev/Bachelor/bmad-vergleichsstudie/.lizard-tmp-DUgF1d/code/seed-b-frontend/.angular/cache/22.1.3/seed-b-frontend/vite/deps/@angular_router.js","(anonymous)","(anonymous)",2905,2905
5,2,36,0,5,"(anonymous)@2903-2907@/home/alex/dev/Bachelor/bmad-vergleichsstudie/.lizard-tmp-DUgF1d/code/seed-b-frontend/.angular/cache/22.1.3/seed-b-frontend/vite/deps/@angular_router.js","/home/alex/dev/Bachelor/bmad-vergleichsstudie/.lizard-tmp-DUgF1d/code/seed-b-frontend/.angular/cache/22.1.3/seed-b-frontend/vite/deps/@angular_router.js","(anonymous)","(anonymous)",2903,2907
3,1,15,1,7,"switchTap@2902-2908@/home/alex/dev/Bachelor/bmad-vergleichsstudie/.lizard-tmp-DUgF1d/code/seed-b-frontend/.angular/cache/22.1.3/seed-b-frontend/vite/deps/@angular_router.js","/home/alex/dev/Bachelor/bmad-vergleichsstudie/.lizard-tmp-DUgF1d/code/seed-b-frontend/.angular/cache/22.1.3/seed-b-frontend/vite/deps/@angular_router.js","switchTap","switchTap ( next )",2902,2908
1,1,6,0,1,"(anonymous)@2915-2915@/home/alex/dev/Bachelor/bmad-vergleichsstudie/.lizard-tmp-DUgF1d/code/seed-b-frontend/.angular/cache/22.1.3/seed-b-frontend/vite/deps/@angular_router.js","/home/alex/dev/Bachelor/bmad-vergleichsstudie/.lizard-tmp-DUgF1d/code/seed-b-frontend/.angular/cache/22.1.3/seed-b-frontend/vite/deps/@angular_router.js","(anonymous)","(anonymous)",2915,2915
9,4,53,1,9,"buildTitle@2910-2918@/home/alex/dev/Bachelor/bmad-vergleichsstudie/.lizard-tmp-DUgF1d/code/seed-b-frontend/.angular/cache/22.1.3/seed-b-frontend/vite/deps/@angular_router.js","/home/alex/dev/Bachelor/bmad-vergleichsstudie/.lizard-tmp-DUgF1d/code/seed-b-frontend/.angular/cache/22.1.3/seed-b-frontend/vite/deps/@angular_router.js","buildTitle","buildTitle ( snapshot )",2910,2918
3,1,13,1,3,"getResolvedTitleForRoute@2919-2921@/home/alex/dev/Bachelor/bmad-vergleichsstudie/.lizard-tmp-DUgF1d/code/seed-b-frontend/.angular/cache/22.1.3/seed-b-frontend/vite/deps/@angular_router.js","/home/alex/dev/Bachelor/bmad-vergleichsstudie/.lizard-tmp-DUgF1d/code/seed-b-frontend/.angular/cache/22.1.3/seed-b-frontend/vite/deps/@angular_router.js","getResolvedTitleForRoute","getResolvedTitleForRoute ( snapshot )",2919,2921
3,2,15,0,3,"TitleStrategy_Factory@2922-2924@/home/alex/dev/Bachelor/bmad-vergleichsstudie/.lizard-tmp-DUgF1d/code/seed-b-frontend/.angular/cache/22.1.3/seed-b-frontend/vite/deps/@angular_router.js","/home/alex/dev/Bachelor/bmad-vergleichsstudie/.lizard-tmp-DUgF1d/code/seed-b-frontend/.angular/cache/22.1.3/seed-b-frontend/vite/deps/@angular_router.js","TitleStrategy_Factory","TitleStrategy_Factory ( )",2922,2924
6,3,44,0,6,"(anonymous)@2930-2935@/home/alex/dev/Bachelor/bmad-vergleichsstudie/.lizard-tmp-DUgF1d/code/seed-b-frontend/.angular/cache/22.1.3/seed-b-frontend/vite/deps/@angular_router.js","/home/alex/dev/Bachelor/bmad-vergleichsstudie/.lizard-tmp-DUgF1d/code/seed-b-frontend/.angular/cache/22.1.3/seed-b-frontend/vite/deps/@angular_router.js","(anonymous)","(anonymous)",2930,2935
4,1,15,1,4,"constructor@2938-2941@/home/alex/dev/Bachelor/bmad-vergleichsstudie/.lizard-tmp-DUgF1d/code/seed-b-frontend/.angular/cache/22.1.3/seed-b-frontend/vite/deps/@angular_router.js","/home/alex/dev/Bachelor/bmad-vergleichsstudie/.lizard-tmp-DUgF1d/code/seed-b-frontend/.angular/cache/22.1.3/seed-b-frontend/vite/deps/@angular_router.js","constructor","constructor ( title )",2938,2941
4,2,31,1,4,"updateTitle@2942-2945@/home/alex/dev/Bachelor/bmad-vergleichsstudie/.lizard-tmp-DUgF1d/code/seed-b-frontend/.angular/cache/22.1.3/seed-b-frontend/vite/deps/@angular_router.js","/home/alex/dev/Bachelor/bmad-vergleichsstudie/.lizard-tmp-DUgF1d/code/seed-b-frontend/.angular/cache/22.1.3/seed-b-frontend/vite/deps/@angular_router.js","updateTitle","updateTitle ( snapshot )",2942,2945
3,2,19,0,3,"DefaultTitleStrategy_Factory@2946-2948@/home/alex/dev/Bachelor/bmad-vergleichsstudie/.lizard-tmp-DUgF1d/code/seed-b-frontend/.angular/cache/22.1.3/seed-b-frontend/vite/deps/@angular_router.js","/home/alex/dev/Bachelor/bmad-vergleichsstudie/.lizard-tmp-DUgF1d/code/seed-b-frontend/.angular/cache/22.1.3/seed-b-frontend/vite/deps/@angular_router.js","DefaultTitleStrategy_Factory","DefaultTitleStrategy_Factory ( )",2946,2948
1,1,6,0,1,"(anonymous)@2959-2959@/home/alex/dev/Bachelor/bmad-vergleichsstudie/.lizard-tmp-DUgF1d/code/seed-b-frontend/.angular/cache/22.1.3/seed-b-frontend/vite/deps/@angular_router.js","/home/alex/dev/Bachelor/bmad-vergleichsstudie/.lizard-tmp-DUgF1d/code/seed-b-frontend/.angular/cache/22.1.3/seed-b-frontend/vite/deps/@angular_router.js","(anonymous)","(anonymous)",2959,2959
6,3,42,0,6,"(anonymous)@2955-2960@/home/alex/dev/Bachelor/bmad-vergleichsstudie/.lizard-tmp-DUgF1d/code/seed-b-frontend/.angular/cache/22.1.3/seed-b-frontend/vite/deps/@angular_router.js","/home/alex/dev/Bachelor/bmad-vergleichsstudie/.lizard-tmp-DUgF1d/code/seed-b-frontend/.angular/cache/22.1.3/seed-b-frontend/vite/deps/@angular_router.js","(anonymous)","(anonymous)",2955,2960
1,1,8,0,1,"factory@2961-2961@/home/alex/dev/Bachelor/bmad-vergleichsstudie/.lizard-tmp-DUgF1d/code/seed-b-frontend/.angular/cache/22.1.3/seed-b-frontend/vite/deps/@angular_router.js","/home/alex/dev/Bachelor/bmad-vergleichsstudie/.lizard-tmp-DUgF1d/code/seed-b-frontend/.angular/cache/22.1.3/seed-b-frontend/vite/deps/@angular_router.js","factory","factory ( )",2961,2961
1,1,6,0,1,"(anonymous)@2975-2975@/home/alex/dev/Bachelor/bmad-vergleichsstudie/.lizard-tmp-DUgF1d/code/seed-b-frontend/.angular/cache/22.1.3/seed-b-frontend/vite/deps/@angular_router.js","/home/alex/dev/Bachelor/bmad-vergleichsstudie/.lizard-tmp-DUgF1d/code/seed-b-frontend/.angular/cache/22.1.3/seed-b-frontend/vite/deps/@angular_router.js","(anonymous)","(anonymous)",2975,2975
11,6,88,1,11,"loader@2973-2983@/home/alex/dev/Bachelor/bmad-vergleichsstudie/.lizard-tmp-DUgF1d/code/seed-b-frontend/.angular/cache/22.1.3/seed-b-frontend/vite/deps/@angular_router.js","/home/alex/dev/Bachelor/bmad-vergleichsstudie/.lizard-tmp-DUgF1d/code/seed-b-frontend/.angular/cache/22.1.3/seed-b-frontend/vite/deps/@angular_router.js","loader","loader ( async ( )",2973,2983
5,4,62,2,15,"loadComponent@2969-2983@/home/alex/dev/Bachelor/bmad-vergleichsstudie/.lizard-tmp-DUgF1d/code/seed-b-frontend/.angular/cache/22.1.3/seed-b-frontend/vite/deps/@angular_router.js","/home/alex/dev/Bachelor/bmad-vergleichsstudie/.lizard-tmp-DUgF1d/code/seed-b-frontend/.angular/cache/22.1.3/seed-b-frontend/vite/deps/@angular_router.js","loadComponent","loadComponent ( injector , route )",2969,2983
11,1,68,1,11,"loader@2994-3004@/home/alex/dev/Bachelor/bmad-vergleichsstudie/.lizard-tmp-DUgF1d/code/seed-b-frontend/.angular/cache/22.1.3/seed-b-frontend/vite/deps/@angular_router.js","/home/alex/dev/Bachelor/bmad-vergleichsstudie/.lizard-tmp-DUgF1d/code/seed-b-frontend/.angular/cache/22.1.3/seed-b-frontend/vite/deps/@angular_router.js","loader","loader ( async ( )",2994,3004
3,2,15,0,3,"RouterConfigLoader_Factory@3008-3010@/home/alex/dev/Bachelor/bmad-vergleichsstudie/.lizard-tmp-DUgF1d/code/seed-b-frontend/.angular/cache/22.1.3/seed-b-frontend/vite/deps/@angular_router.js","/home/alex/dev/Bachelor/bmad-vergleichsstudie/.lizard-tmp-DUgF1d/code/seed-b-frontend/.angular/cache/22.1.3/seed-b-frontend/vite/deps/@angular_router.js","RouterConfigLoader_Factory","RouterConfigLoader_Factory ( )",3008,3010
3,3,28,0,3,"(anonymous)@3016-3018@/home/alex/dev/Bachelor/bmad-vergleichsstudie/.lizard-tmp-DUgF1d/code/seed-b-frontend/.angular/cache/22.1.3/seed-b-frontend/vite/deps/@angular_router.js","/home/alex/dev/Bachelor/bmad-vergleichsstudie/.lizard-tmp-DUgF1d/code/seed-b-frontend/.angular/cache/22.1.3/seed-b-frontend/vite/deps/@angular_router.js","(anonymous)","(anonymous)",3016,3018
1,1,6,0,1,"(anonymous)@3020-3020@/home/alex/dev/Bachelor/bmad-vergleichsstudie/.lizard-tmp-DUgF1d/code/seed-b-frontend/.angular/cache/22.1.3/seed-b-frontend/vite/deps/@angular_router.js","/home/alex/dev/Bachelor/bmad-vergleichsstudie/.lizard-tmp-DUgF1d/code/seed-b-frontend/.angular/cache/22.1.3/seed-b-frontend/vite/deps/@angular_router.js","(anonymous)","(anonymous)",3020,3020
29,7,194,4,29,"loadChildren@3019-3047@/home/alex/dev/Bachelor/bmad-vergleichsstudie/.lizard-tmp-DUgF1d/code/seed-b-frontend/.angular/cache/22.1.3/seed-b-frontend/vite/deps/@angular_router.js","/home/alex/dev/Bachelor/bmad-vergleichsstudie/.lizard-tmp-DUgF1d/code/seed-b-frontend/.angular/cache/22.1.3/seed-b-frontend/vite/deps/@angular_router.js","loadChildren","loadChildren ( route , compiler , parentInjector , onLoadEndListener )",3019,3047
3,1,8,1,3,"maybeResolveResources@3048-3050@/home/alex/dev/Bachelor/bmad-vergleichsstudie/.lizard-tmp-DUgF1d/code/seed-b-frontend/.angular/cache/22.1.3/seed-b-frontend/vite/deps/@angular_router.js","/home/alex/dev/Bachelor/bmad-vergleichsstudie/.lizard-tmp-DUgF1d/code/seed-b-frontend/.angular/cache/22.1.3/seed-b-frontend/vite/deps/@angular_router.js","maybeResolveResources","maybeResolveResources ( value )",3048,3050
3,2,15,0,3,"UrlHandlingStrategy_Factory@3052-3054@/home/alex/dev/Bachelor/bmad-vergleichsstudie/.lizard-tmp-DUgF1d/code/seed-b-frontend/.angular/cache/22.1.3/seed-b-frontend/vite/deps/@angular_router.js","/home/alex/dev/Bachelor/bmad-vergleichsstudie/.lizard-tmp-DUgF1d/code/seed-b-frontend/.angular/cache/22.1.3/seed-b-frontend/vite/deps/@angular_router.js","UrlHandlingStrategy_Factory","UrlHandlingStrategy_Factory ( )",3052,3054
6,3,44,0,6,"(anonymous)@3060-3065@/home/alex/dev/Bachelor/bmad-vergleichsstudie/.lizard-tmp-DUgF1d/code/seed-b-frontend/.angular/cache/22.1.3/seed-b-frontend/vite/deps/@angular_router.js","/home/alex/dev/Bachelor/bmad-vergleichsstudie/.lizard-tmp-DUgF1d/code/seed-b-frontend/.angular/cache/22.1.3/seed-b-frontend/vite/deps/@angular_router.js","(anonymous)","(anonymous)",3060,3065
3,1,8,1,3,"shouldProcessUrl@3067-3069@/home/alex/dev/Bachelor/bmad-vergleichsstudie/.lizard-tmp-DUgF1d/code/seed-b-frontend/.angular/cache/22.1.3/seed-b-frontend/vite/deps/@angular_router.js","/home/alex/dev/Bachelor/bmad-vergleichsstudie/.lizard-tmp-DUgF1d/code/seed-b-frontend/.angular/cache/22.1.3/seed-b-frontend/vite/deps/@angular_router.js","shouldProcessUrl","shouldProcessUrl ( url )",3067,3069
3,1,8,1,3,"extract@3070-3072@/home/alex/dev/Bachelor/bmad-vergleichsstudie/.lizard-tmp-DUgF1d/code/seed-b-frontend/.angular/cache/22.1.3/seed-b-frontend/vite/deps/@angular_router.js","/home/alex/dev/Bachelor/bmad-vergleichsstudie/.lizard-tmp-DUgF1d/code/seed-b-frontend/.angular/cache/22.1.3/seed-b-frontend/vite/deps/@angular_router.js","extract","extract ( url )",3070,3072
3,1,10,2,3,"merge@3073-3075@/home/alex/dev/Bachelor/bmad-vergleichsstudie/.lizard-tmp-DUgF1d/code/seed-b-frontend/.angular/cache/22.1.3/seed-b-frontend/vite/deps/@angular_router.js","/home/alex/dev/Bachelor/bmad-vergleichsstudie/.lizard-tmp-DUgF1d/code/seed-b-frontend/.angular/cache/22.1.3/seed-b-frontend/vite/deps/@angular_router.js","merge","merge ( newUrlPart , wholeUrl )",3073,3075
3,2,15,0,3,"DefaultUrlHandlingStrategy_Factory@3076-3078@/home/alex/dev/Bachelor/bmad-vergleichsstudie/.lizard-tmp-DUgF1d/code/seed-b-frontend/.angular/cache/22.1.3/seed-b-frontend/vite/deps/@angular_router.js","/home/alex/dev/Bachelor/bmad-vergleichsstudie/.lizard-tmp-DUgF1d/code/seed-b-frontend/.angular/cache/22.1.3/seed-b-frontend/vite/deps/@angular_router.js","DefaultUrlHandlingStrategy_Factory","DefaultUrlHandlingStrategy_Factory ( )",3076,3078
3,3,28,0,3,"(anonymous)@3084-3086@/home/alex/dev/Bachelor/bmad-vergleichsstudie/.lizard-tmp-DUgF1d/code/seed-b-frontend/.angular/cache/22.1.3/seed-b-frontend/vite/deps/@angular_router.js","/home/alex/dev/Bachelor/bmad-vergleichsstudie/.lizard-tmp-DUgF1d/code/seed-b-frontend/.angular/cache/22.1.3/seed-b-frontend/vite/deps/@angular_router.js","(anonymous)","(anonymous)",3084,3086
1,1,5,0,1,"(anonymous)@3094-3094@/home/alex/dev/Bachelor/bmad-vergleichsstudie/.lizard-tmp-DUgF1d/code/seed-b-frontend/.angular/cache/22.1.3/seed-b-frontend/vite/deps/@angular_router.js","/home/alex/dev/Bachelor/bmad-vergleichsstudie/.lizard-tmp-DUgF1d/code/seed-b-frontend/.angular/cache/22.1.3/seed-b-frontend/vite/deps/@angular_router.js","(anonymous)","(anonymous)",3094,3094
3,1,6,0,3,"(anonymous)@3097-3099@/home/alex/dev/Bachelor/bmad-vergleichsstudie/.lizard-tmp-DUgF1d/code/seed-b-frontend/.angular/cache/22.1.3/seed-b-frontend/vite/deps/@angular_router.js","/home/alex/dev/Bachelor/bmad-vergleichsstudie/.lizard-tmp-DUgF1d/code/seed-b-frontend/.angular/cache/22.1.3/seed-b-frontend/vite/deps/@angular_router.js","(anonymous)","(anonymous)",3097,3099
4,1,12,0,4,"(anonymous)@3100-3103@/home/alex/dev/Bachelor/bmad-vergleichsstudie/.lizard-tmp-DUgF1d/code/seed-b-frontend/.angular/cache/22.1.3/seed-b-frontend/vite/deps/@angular_router.js","/home/alex/dev/Bachelor/bmad-vergleichsstudie/.lizard-tmp-DUgF1d/code/seed-b-frontend/.angular/cache/22.1.3/seed-b-frontend/vite/deps/@angular_router.js","(anonymous)","(anonymous)",3100,3103
3,3,18,0,3,"(anonymous)@3104-3106@/home/alex/dev/Bachelor/bmad-vergleichsstudie/.lizard-tmp-DUgF1d/code/seed-b-frontend/.angular/cache/22.1.3/seed-b-frontend/vite/deps/@angular_router.js","/home/alex/dev/Bachelor/bmad-vergleichsstudie/.lizard-tmp-DUgF1d/code/seed-b-frontend/.angular/cache/22.1.3/seed-b-frontend/vite/deps/@angular_router.js","(anonymous)","(anonymous)",3104,3106
3,3,18,0,3,"(anonymous)@3107-3109@/home/alex/dev/Bachelor/bmad-vergleichsstudie/.lizard-tmp-DUgF1d/code/seed-b-frontend/.angular/cache/22.1.3/seed-b-frontend/vite/deps/@angular_router.js","/home/alex/dev/Bachelor/bmad-vergleichsstudie/.lizard-tmp-DUgF1d/code/seed-b-frontend/.angular/cache/22.1.3/seed-b-frontend/vite/deps/@angular_router.js","(anonymous)","(anonymous)",3107,3109
3,3,18,0,3,"(anonymous)@3110-3112@/home/alex/dev/Bachelor/bmad-vergleichsstudie/.lizard-tmp-DUgF1d/code/seed-b-frontend/.angular/cache/22.1.3/seed-b-frontend/vite/deps/@angular_router.js","/home/alex/dev/Bachelor/bmad-vergleichsstudie/.lizard-tmp-DUgF1d/code/seed-b-frontend/.angular/cache/22.1.3/seed-b-frontend/vite/deps/@angular_router.js","(anonymous)","(anonymous)",3110,3112
5,1,11,0,5,"(anonymous)@3114-3118@/home/alex/dev/Bachelor/bmad-vergleichsstudie/.lizard-tmp-DUgF1d/code/seed-b-frontend/.angular/cache/22.1.3/seed-b-frontend/vite/deps/@angular_router.js","/home/alex/dev/Bachelor/bmad-vergleichsstudie/.lizard-tmp-DUgF1d/code/seed-b-frontend/.angular/cache/22.1.3/seed-b-frontend/vite/deps/@angular_router.js","(anonymous)","(anonymous)",3114,3118
17,7,149,3,32,"createViewTransition@3089-3120@/home/alex/dev/Bachelor/bmad-vergleichsstudie/.lizard-tmp-DUgF1d/code/seed-b-frontend/.angular/cache/22.1.3/seed-b-frontend/vite/deps/@angular_router.js","/home/alex/dev/Bachelor/bmad-vergleichsstudie/.lizard-tmp-DUgF1d/code/seed-b-frontend/.angular/cache/22.1.3/seed-b-frontend/vite/deps/@angular_router.js","createViewTransition","createViewTransition ( injector , from , to )",3089,3120
1,1,8,0,1,"read@3123-3123@/home/alex/dev/Bachelor/bmad-vergleichsstudie/.lizard-tmp-DUgF1d/code/seed-b-frontend/.angular/cache/22.1.3/seed-b-frontend/vite/deps/@angular_router.js","/home/alex/dev/Bachelor/bmad-vergleichsstudie/.lizard-tmp-DUgF1d/code/seed-b-frontend/.angular/cache/22.1.3/seed-b-frontend/vite/deps/@angular_router.js","read","read ( )",3123,3123
3,1,14,0,3,"(anonymous)@3122-3124@/home/alex/dev/Bachelor/bmad-vergleichsstudie/.lizard-tmp-DUgF1d/code/seed-b-frontend/.angular/cache/22.1.3/seed-b-frontend/vite/deps/@angular_router.js","/home/alex/dev/Bachelor/bmad-vergleichsstudie/.lizard-tmp-DUgF1d/code/seed-b-frontend/.angular/cache/22.1.3/seed-b-frontend/vite/deps/@angular_router.js","(anonymous)","(anonymous)",3122,3124
3,1,16,1,5,"createRenderPromise@3121-3125@/home/alex/dev/Bachelor/bmad-vergleichsstudie/.lizard-tmp-DUgF1d/code/seed-b-frontend/.angular/cache/22.1.3/seed-b-frontend/vite/deps/@angular_router.js","/home/alex/dev/Bachelor/bmad-vergleichsstudie/.lizard-tmp-DUgF1d/code/seed-b-frontend/.angular/cache/22.1.3/seed-b-frontend/vite/deps/@angular_router.js","createRenderPromise","createRenderPromise ( injector )",3121,3125
1,1,5,0,1,"noop@3127-3127@/home/alex/dev/Bachelor/bmad-vergleichsstudie/.lizard-tmp-DUgF1d/code/seed-b-frontend/.angular/cache/22.1.3/seed-b-frontend/vite/deps/@angular_router.js","/home/alex/dev/Bachelor/bmad-vergleichsstudie/.lizard-tmp-DUgF1d/code/seed-b-frontend/.angular/cache/22.1.3/seed-b-frontend/vite/deps/@angular_router.js","noop","noop ( )",3127,3127
4,2,23,3,4,"signal@3130-3133@/home/alex/dev/Bachelor/bmad-vergleichsstudie/.lizard-tmp-DUgF1d/code/seed-b-frontend/.angular/cache/22.1.3/seed-b-frontend/vite/deps/@angular_router.js","/home/alex/dev/Bachelor/bmad-vergleichsstudie/.lizard-tmp-DUgF1d/code/seed-b-frontend/.angular/cache/22.1.3/seed-b-frontend/vite/deps/@angular_router.js","signal","signal ( null , ngDevMode debugName , equal ( )",3130,3133
1,1,9,0,1,"afterPreactivation@3157-3157@/home/alex/dev/Bachelor/bmad-vergleichsstudie/.lizard-tmp-DUgF1d/code/seed-b-frontend/.angular/cache/22.1.3/seed-b-frontend/vite/deps/@angular_router.js","/home/alex/dev/Bachelor/bmad-vergleichsstudie/.lizard-tmp-DUgF1d/code/seed-b-frontend/.angular/cache/22.1.3/seed-b-frontend/vite/deps/@angular_router.js","afterPreactivation","afterPreactivation ( )",3157,3157
1,1,17,1,1,"onLoadStart@3161-3161@/home/alex/dev/Bachelor/bmad-vergleichsstudie/.lizard-tmp-DUgF1d/code/seed-b-frontend/.angular/cache/22.1.3/seed-b-frontend/vite/deps/@angular_router.js","/home/alex/dev/Bachelor/bmad-vergleichsstudie/.lizard-tmp-DUgF1d/code/seed-b-frontend/.angular/cache/22.1.3/seed-b-frontend/vite/deps/@angular_router.js","onLoadStart","onLoadStart ( r )",3161,3161
1,1,17,1,1,"onLoadEnd@3162-3162@/home/alex/dev/Bachelor/bmad-vergleichsstudie/.lizard-tmp-DUgF1d/code/seed-b-frontend/.angular/cache/22.1.3/seed-b-frontend/vite/deps/@angular_router.js","/home/alex/dev/Bachelor/bmad-vergleichsstudie/.lizard-tmp-DUgF1d/code/seed-b-frontend/.angular/cache/22.1.3/seed-b-frontend/vite/deps/@angular_router.js","onLoadEnd","onLoadEnd ( r )",3162,3162
3,1,8,0,3,"(anonymous)@3165-3167@/home/alex/dev/Bachelor/bmad-vergleichsstudie/.lizard-tmp-DUgF1d/code/seed-b-frontend/.angular/cache/22.1.3/seed-b-frontend/vite/deps/@angular_router.js","/home/alex/dev/Bachelor/bmad-vergleichsstudie/.lizard-tmp-DUgF1d/code/seed-b-frontend/.angular/cache/22.1.3/seed-b-frontend/vite/deps/@angular_router.js","(anonymous)","(anonymous)",3165,3167
16,1,69,0,16,"untracked@3174-3189@/home/alex/dev/Bachelor/bmad-vergleichsstudie/.lizard-tmp-DUgF1d/code/seed-b-frontend/.angular/cache/22.1.3/seed-b-frontend/vite/deps/@angular_router.js","/home/alex/dev/Bachelor/bmad-vergleichsstudie/.lizard-tmp-DUgF1d/code/seed-b-frontend/.angular/cache/22.1.3/seed-b-frontend/vite/deps/@angular_router.js","untracked","untracked ( ( )",3174,3189
1,1,4,0,1,"(anonymous)@3193-3193@/home/alex/dev/Bachelor/bmad-vergleichsstudie/.lizard-tmp-DUgF1d/code/seed-b-frontend/.angular/cache/22.1.3/seed-b-frontend/vite/deps/@angular_router.js","/home/alex/dev/Bachelor/bmad-vergleichsstudie/.lizard-tmp-DUgF1d/code/seed-b-frontend/.angular/cache/22.1.3/seed-b-frontend/vite/deps/@angular_router.js","(anonymous)","(anonymous)",3193,3193
3,2,19,0,3,"shouldContinueNavigation@3197-3199@/home/alex/dev/Bachelor/bmad-vergleichsstudie/.lizard-tmp-DUgF1d/code/seed-b-frontend/.angular/cache/22.1.3/seed-b-frontend/vite/deps/@angular_router.js","/home/alex/dev/Bachelor/bmad-vergleichsstudie/.lizard-tmp-DUgF1d/code/seed-b-frontend/.angular/cache/22.1.3/seed-b-frontend/vite/deps/@angular_router.js","shouldContinueNavigation","shouldContinueNavigation ( )",3197,3199
2,1,10,0,2,"abort@3219-3220@/home/alex/dev/Bachelor/bmad-vergleichsstudie/.lizard-tmp-DUgF1d/code/seed-b-frontend/.angular/cache/22.1.3/seed-b-frontend/vite/deps/@angular_router.js","/home/alex/dev/Bachelor/bmad-vergleichsstudie/.lizard-tmp-DUgF1d/code/seed-b-frontend/.angular/cache/22.1.3/seed-b-frontend/vite/deps/@angular_router.js","abort","abort ( )",3219,3220
5,2,57,0,5,"(anonymous)@3231-3235@/home/alex/dev/Bachelor/bmad-vergleichsstudie/.lizard-tmp-DUgF1d/code/seed-b-frontend/.angular/cache/22.1.3/seed-b-frontend/vite/deps/@angular_router.js","/home/alex/dev/Bachelor/bmad-vergleichsstudie/.lizard-tmp-DUgF1d/code/seed-b-frontend/.angular/cache/22.1.3/seed-b-frontend/vite/deps/@angular_router.js","(anonymous)","(anonymous)",3231,3235
4,1,13,0,4,"(anonymous)@3238-3241@/home/alex/dev/Bachelor/bmad-vergleichsstudie/.lizard-tmp-DUgF1d/code/seed-b-frontend/.angular/cache/22.1.3/seed-b-frontend/vite/deps/@angular_router.js","/home/alex/dev/Bachelor/bmad-vergleichsstudie/.lizard-tmp-DUgF1d/code/seed-b-frontend/.angular/cache/22.1.3/seed-b-frontend/vite/deps/@angular_router.js","(anonymous)","(anonymous)",3238,3241
6,1,43,0,9,"(anonymous)@3235-3243@/home/alex/dev/Bachelor/bmad-vergleichsstudie/.lizard-tmp-DUgF1d/code/seed-b-frontend/.angular/cache/22.1.3/seed-b-frontend/vite/deps/@angular_router.js","/home/alex/dev/Bachelor/bmad-vergleichsstudie/.lizard-tmp-DUgF1d/code/seed-b-frontend/.angular/cache/22.1.3/seed-b-frontend/vite/deps/@angular_router.js","(anonymous)","(anonymous)",3235,3243
1,1,2,0,1,"(anonymous)@3243-3243@/home/alex/dev/Bachelor/bmad-vergleichsstudie/.lizard-tmp-DUgF1d/code/seed-b-frontend/.angular/cache/22.1.3/seed-b-frontend/vite/deps/@angular_router.js","/home/alex/dev/Bachelor/bmad-vergleichsstudie/.lizard-tmp-DUgF1d/code/seed-b-frontend/.angular/cache/22.1.3/seed-b-frontend/vite/deps/@angular_router.js","(anonymous)","(anonymous)",3243,3243
1,3,26,0,1,"(anonymous)@3243-3243@/home/alex/dev/Bachelor/bmad-vergleichsstudie/.lizard-tmp-DUgF1d/code/seed-b-frontend/.angular/cache/22.1.3/seed-b-frontend/vite/deps/@angular_router.js","/home/alex/dev/Bachelor/bmad-vergleichsstudie/.lizard-tmp-DUgF1d/code/seed-b-frontend/.angular/cache/22.1.3/seed-b-frontend/vite/deps/@angular_router.js","(anonymous)","(anonymous)",3243,3243
4,1,48,0,4,"(anonymous)@3243-3246@/home/alex/dev/Bachelor/bmad-vergleichsstudie/.lizard-tmp-DUgF1d/code/seed-b-frontend/.angular/cache/22.1.3/seed-b-frontend/vite/deps/@angular_router.js","/home/alex/dev/Bachelor/bmad-vergleichsstudie/.lizard-tmp-DUgF1d/code/seed-b-frontend/.angular/cache/22.1.3/seed-b-frontend/vite/deps/@angular_router.js","(anonymous)","(anonymous)",3243,3246
4,1,11,0,4,"(anonymous)@3262-3265@/home/alex/dev/Bachelor/bmad-vergleichsstudie/.lizard-tmp-DUgF1d/code/seed-b-frontend/.angular/cache/22.1.3/seed-b-frontend/vite/deps/@angular_router.js","/home/alex/dev/Bachelor/bmad-vergleichsstudie/.lizard-tmp-DUgF1d/code/seed-b-frontend/.angular/cache/22.1.3/seed-b-frontend/vite/deps/@angular_router.js","(anonymous)","(anonymous)",3262,3265
55,19,561,0,74,"(anonymous)@3200-3273@/home/alex/dev/Bachelor/bmad-vergleichsstudie/.lizard-tmp-DUgF1d/code/seed-b-frontend/.angular/cache/22.1.3/seed-b-frontend/vite/deps/@angular_router.js","/home/alex/dev/Bachelor/bmad-vergleichsstudie/.lizard-tmp-DUgF1d/code/seed-b-frontend/.angular/cache/22.1.3/seed-b-frontend/vite/deps/@angular_router.js","(anonymous)","(anonymous)",3200,3273
9,1,79,0,9,"(anonymous)@3273-3281@/home/alex/dev/Bachelor/bmad-vergleichsstudie/.lizard-tmp-DUgF1d/code/seed-b-frontend/.angular/cache/22.1.3/seed-b-frontend/vite/deps/@angular_router.js","/home/alex/dev/Bachelor/bmad-vergleichsstudie/.lizard-tmp-DUgF1d/code/seed-b-frontend/.angular/cache/22.1.3/seed-b-frontend/vite/deps/@angular_router.js","(anonymous)","(anonymous)",3273,3281
1,1,9,0,1,"(anonymous)@3281-3281@/home/alex/dev/Bachelor/bmad-vergleichsstudie/.lizard-tmp-DUgF1d/code/seed-b-frontend/.angular/cache/22.1.3/seed-b-frontend/vite/deps/@angular_router.js","/home/alex/dev/Bachelor/bmad-vergleichsstudie/.lizard-tmp-DUgF1d/code/seed-b-frontend/.angular/cache/22.1.3/seed-b-frontend/vite/deps/@angular_router.js","(anonymous)","(anonymous)",3281,3281
5,1,55,0,5,"next@3297-3301@/home/alex/dev/Bachelor/bmad-vergleichsstudie/.lizard-tmp-DUgF1d/code/seed-b-frontend/.angular/cache/22.1.3/seed-b-frontend/vite/deps/@angular_router.js","/home/alex/dev/Bachelor/bmad-vergleichsstudie/.lizard-tmp-DUgF1d/code/seed-b-frontend/.angular/cache/22.1.3/seed-b-frontend/vite/deps/@angular_router.js","next","next ( )",3297,3301
3,4,34,0,3,"complete@3302-3304@/home/alex/dev/Bachelor/bmad-vergleichsstudie/.lizard-tmp-DUgF1d/code/seed-b-frontend/.angular/cache/22.1.3/seed-b-frontend/vite/deps/@angular_router.js","/home/alex/dev/Bachelor/bmad-vergleichsstudie/.lizard-tmp-DUgF1d/code/seed-b-frontend/.angular/cache/22.1.3/seed-b-frontend/vite/deps/@angular_router.js","complete","complete ( )",3302,3304
20,7,230,0,26,"(anonymous)@3281-3306@/home/alex/dev/Bachelor/bmad-vergleichsstudie/.lizard-tmp-DUgF1d/code/seed-b-frontend/.angular/cache/22.1.3/seed-b-frontend/vite/deps/@angular_router.js","/home/alex/dev/Bachelor/bmad-vergleichsstudie/.lizard-tmp-DUgF1d/code/seed-b-frontend/.angular/cache/22.1.3/seed-b-frontend/vite/deps/@angular_router.js","(anonymous)","(anonymous)",3281,3306
3,1,8,0,3,"(anonymous)@3312-3314@/home/alex/dev/Bachelor/bmad-vergleichsstudie/.lizard-tmp-DUgF1d/code/seed-b-frontend/.angular/cache/22.1.3/seed-b-frontend/vite/deps/@angular_router.js","/home/alex/dev/Bachelor/bmad-vergleichsstudie/.lizard-tmp-DUgF1d/code/seed-b-frontend/.angular/cache/22.1.3/seed-b-frontend/vite/deps/@angular_router.js","(anonymous)","(anonymous)",3312,3314
10,4,98,1,12,"loadComponents@3307-3318@/home/alex/dev/Bachelor/bmad-vergleichsstudie/.lizard-tmp-DUgF1d/code/seed-b-frontend/.angular/cache/22.1.3/seed-b-frontend/vite/deps/@angular_router.js","/home/alex/dev/Bachelor/bmad-vergleichsstudie/.lizard-tmp-DUgF1d/code/seed-b-frontend/.angular/cache/22.1.3/seed-b-frontend/vite/deps/@angular_router.js","loadComponents","loadComponents ( route )",3307,3318
5,2,49,0,16,"(anonymous)@3306-3321@/home/alex/dev/Bachelor/bmad-vergleichsstudie/.lizard-tmp-DUgF1d/code/seed-b-frontend/.angular/cache/22.1.3/seed-b-frontend/vite/deps/@angular_router.js","/home/alex/dev/Bachelor/bmad-vergleichsstudie/.lizard-tmp-DUgF1d/code/seed-b-frontend/.angular/cache/22.1.3/seed-b-frontend/vite/deps/@angular_router.js","(anonymous)","(anonymous)",3306,3321
4,1,11,0,4,"(anonymous)@3328-3331@/home/alex/dev/Bachelor/bmad-vergleichsstudie/.lizard-tmp-DUgF1d/code/seed-b-frontend/.angular/cache/22.1.3/seed-b-frontend/vite/deps/@angular_router.js","/home/alex/dev/Bachelor/bmad-vergleichsstudie/.lizard-tmp-DUgF1d/code/seed-b-frontend/.angular/cache/22.1.3/seed-b-frontend/vite/deps/@angular_router.js","(anonymous)","(anonymous)",3328,3331
10,1,62,0,13,"(anonymous)@3321-3333@/home/alex/dev/Bachelor/bmad-vergleichsstudie/.lizard-tmp-DUgF1d/code/seed-b-frontend/.angular/cache/22.1.3/seed-b-frontend/vite/deps/@angular_router.js","/home/alex/dev/Bachelor/bmad-vergleichsstudie/.lizard-tmp-DUgF1d/code/seed-b-frontend/.angular/cache/22.1.3/seed-b-frontend/vite/deps/@angular_router.js","(anonymous)","(anonymous)",3321,3333
1,1,2,0,1,"(anonymous)@3333-3333@/home/alex/dev/Bachelor/bmad-vergleichsstudie/.lizard-tmp-DUgF1d/code/seed-b-frontend/.angular/cache/22.1.3/seed-b-frontend/vite/deps/@angular_router.js","/home/alex/dev/Bachelor/bmad-vergleichsstudie/.lizard-tmp-DUgF1d/code/seed-b-frontend/.angular/cache/22.1.3/seed-b-frontend/vite/deps/@angular_router.js","(anonymous)","(anonymous)",3333,3333
1,1,6,0,1,"(anonymous)@3333-3333@/home/alex/dev/Bachelor/bmad-vergleichsstudie/.lizard-tmp-DUgF1d/code/seed-b-frontend/.angular/cache/22.1.3/seed-b-frontend/vite/deps/@angular_router.js","/home/alex/dev/Bachelor/bmad-vergleichsstudie/.lizard-tmp-DUgF1d/code/seed-b-frontend/.angular/cache/22.1.3/seed-b-frontend/vite/deps/@angular_router.js","(anonymous)","(anonymous)",3333,3333
3,1,30,0,3,"(anonymous)@3333-3335@/home/alex/dev/Bachelor/bmad-vergleichsstudie/.lizard-tmp-DUgF1d/code/seed-b-frontend/.angular/cache/22.1.3/seed-b-frontend/vite/deps/@angular_router.js","/home/alex/dev/Bachelor/bmad-vergleichsstudie/.lizard-tmp-DUgF1d/code/seed-b-frontend/.angular/cache/22.1.3/seed-b-frontend/vite/deps/@angular_router.js","(anonymous)","(anonymous)",3333,3335
1,1,2,0,1,"(anonymous)@3336-3336@/home/alex/dev/Bachelor/bmad-vergleichsstudie/.lizard-tmp-DUgF1d/code/seed-b-frontend/.angular/cache/22.1.3/seed-b-frontend/vite/deps/@angular_router.js","/home/alex/dev/Bachelor/bmad-vergleichsstudie/.lizard-tmp-DUgF1d/code/seed-b-frontend/.angular/cache/22.1.3/seed-b-frontend/vite/deps/@angular_router.js","(anonymous)","(anonymous)",3336,3336
1,1,2,0,1,"(anonymous)@3341-3341@/home/alex/dev/Bachelor/bmad-vergleichsstudie/.lizard-tmp-DUgF1d/code/seed-b-frontend/.angular/cache/22.1.3/seed-b-frontend/vite/deps/@angular_router.js","/home/alex/dev/Bachelor/bmad-vergleichsstudie/.lizard-tmp-DUgF1d/code/seed-b-frontend/.angular/cache/22.1.3/seed-b-frontend/vite/deps/@angular_router.js","(anonymous)","(anonymous)",3341,3341
6,2,47,0,6,"(anonymous)@3337-3342@/home/alex/dev/Bachelor/bmad-vergleichsstudie/.lizard-tmp-DUgF1d/code/seed-b-frontend/.angular/cache/22.1.3/seed-b-frontend/vite/deps/@angular_router.js","/home/alex/dev/Bachelor/bmad-vergleichsstudie/.lizard-tmp-DUgF1d/code/seed-b-frontend/.angular/cache/22.1.3/seed-b-frontend/vite/deps/@angular_router.js","(anonymous)","(anonymous)",3337,3342
1,1,13,0,1,"(anonymous)@3343-3343@/home/alex/dev/Bachelor/bmad-vergleichsstudie/.lizard-tmp-DUgF1d/code/seed-b-frontend/.angular/cache/22.1.3/seed-b-frontend/vite/deps/@angular_router.js","/home/alex/dev/Bachelor/bmad-vergleichsstudie/.lizard-tmp-DUgF1d/code/seed-b-frontend/.angular/cache/22.1.3/seed-b-frontend/vite/deps/@angular_router.js","(anonymous)","(anonymous)",3343,3343
4,1,11,0,4,"(anonymous)@3347-3350@/home/alex/dev/Bachelor/bmad-vergleichsstudie/.lizard-tmp-DUgF1d/code/seed-b-frontend/.angular/cache/22.1.3/seed-b-frontend/vite/deps/@angular_router.js","/home/alex/dev/Bachelor/bmad-vergleichsstudie/.lizard-tmp-DUgF1d/code/seed-b-frontend/.angular/cache/22.1.3/seed-b-frontend/vite/deps/@angular_router.js","(anonymous)","(anonymous)",3347,3350
11,2,135,0,14,"(anonymous)@3342-3355@/home/alex/dev/Bachelor/bmad-vergleichsstudie/.lizard-tmp-DUgF1d/code/seed-b-frontend/.angular/cache/22.1.3/seed-b-frontend/vite/deps/@angular_router.js","/home/alex/dev/Bachelor/bmad-vergleichsstudie/.lizard-tmp-DUgF1d/code/seed-b-frontend/.angular/cache/22.1.3/seed-b-frontend/vite/deps/@angular_router.js","(anonymous)","(anonymous)",3342,3355
1,2,5,0,1,"(anonymous)@3355-3355@/home/alex/dev/Bachelor/bmad-vergleichsstudie/.lizard-tmp-DUgF1d/code/seed-b-frontend/.angular/cache/22.1.3/seed-b-frontend/vite/deps/@angular_router.js","/home/alex/dev/Bachelor/bmad-vergleichsstudie/.lizard-tmp-DUgF1d/code/seed-b-frontend/.angular/cache/22.1.3/seed-b-frontend/vite/deps/@angular_router.js","(anonymous)","(anonymous)",3355,3355
3,1,21,0,3,"(anonymous)@3355-3357@/home/alex/dev/Bachelor/bmad-vergleichsstudie/.lizard-tmp-DUgF1d/code/seed-b-frontend/.angular/cache/22.1.3/seed-b-frontend/vite/deps/@angular_router.js","/home/alex/dev/Bachelor/bmad-vergleichsstudie/.lizard-tmp-DUgF1d/code/seed-b-frontend/.angular/cache/22.1.3/seed-b-frontend/vite/deps/@angular_router.js","(anonymous)","(anonymous)",3355,3357
3,1,9,0,3,"complete@3357-3359@/home/alex/dev/Bachelor/bmad-vergleichsstudie/.lizard-tmp-DUgF1d/code/seed-b-frontend/.angular/cache/22.1.3/seed-b-frontend/vite/deps/@angular_router.js","/home/alex/dev/Bachelor/bmad-vergleichsstudie/.lizard-tmp-DUgF1d/code/seed-b-frontend/.angular/cache/22.1.3/seed-b-frontend/vite/deps/@angular_router.js","complete","complete ( )",3357,3359
3,1,5,0,3,"(anonymous)@3359-3361@/home/alex/dev/Bachelor/bmad-vergleichsstudie/.lizard-tmp-DUgF1d/code/seed-b-frontend/.angular/cache/22.1.3/seed-b-frontend/vite/deps/@angular_router.js","/home/alex/dev/Bachelor/bmad-vergleichsstudie/.lizard-tmp-DUgF1d/code/seed-b-frontend/.angular/cache/22.1.3/seed-b-frontend/vite/deps/@angular_router.js","(anonymous)","(anonymous)",3359,3361
11,5,80,0,11,"(anonymous)@3361-3371@/home/alex/dev/Bachelor/bmad-vergleichsstudie/.lizard-tmp-DUgF1d/code/seed-b-frontend/.angular/cache/22.1.3/seed-b-frontend/vite/deps/@angular_router.js","/home/alex/dev/Bachelor/bmad-vergleichsstudie/.lizard-tmp-DUgF1d/code/seed-b-frontend/.angular/cache/22.1.3/seed-b-frontend/vite/deps/@angular_router.js","(anonymous)","(anonymous)",3361,3371
1,1,7,0,1,"(anonymous)@3385-3385@/home/alex/dev/Bachelor/bmad-vergleichsstudie/.lizard-tmp-DUgF1d/code/seed-b-frontend/.angular/cache/22.1.3/seed-b-frontend/vite/deps/@angular_router.js","/home/alex/dev/Bachelor/bmad-vergleichsstudie/.lizard-tmp-DUgF1d/code/seed-b-frontend/.angular/cache/22.1.3/seed-b-frontend/vite/deps/@angular_router.js","(anonymous)","(anonymous)",3385,3385
28,9,276,0,28,"(anonymous)@3371-3398@/home/alex/dev/Bachelor/bmad-vergleichsstudie/.lizard-tmp-DUgF1d/code/seed-b-frontend/.angular/cache/22.1.3/seed-b-frontend/vite/deps/@angular_router.js","/home/alex/dev/Bachelor/bmad-vergleichsstudie/.lizard-tmp-DUgF1d/code/seed-b-frontend/.angular/cache/22.1.3/seed-b-frontend/vite/deps/@angular_router.js","(anonymous)","(anonymous)",3371,3398
10,4,240,0,208,"(anonymous)@3193-3400@/home/alex/dev/Bachelor/bmad-vergleichsstudie/.lizard-tmp-DUgF1d/code/seed-b-frontend/.angular/cache/22.1.3/seed-b-frontend/vite/deps/@angular_router.js","/home/alex/dev/Bachelor/bmad-vergleichsstudie/.lizard-tmp-DUgF1d/code/seed-b-frontend/.angular/cache/22.1.3/seed-b-frontend/vite/deps/@angular_router.js","(anonymous)","(anonymous)",3193,3400
3,2,15,0,3,"NavigationTransitions_Factory@3418-3420@/home/alex/dev/Bachelor/bmad-vergleichsstudie/.lizard-tmp-DUgF1d/code/seed-b-frontend/.angular/cache/22.1.3/seed-b-frontend/vite/deps/@angular_router.js","/home/alex/dev/Bachelor/bmad-vergleichsstudie/.lizard-tmp-DUgF1d/code/seed-b-frontend/.angular/cache/22.1.3/seed-b-frontend/vite/deps/@angular_router.js","NavigationTransitions_Factory","NavigationTransitions_Factory ( )",3418,3420
1,1,5,0,1,"(anonymous)@3427-3427@/home/alex/dev/Bachelor/bmad-vergleichsstudie/.lizard-tmp-DUgF1d/code/seed-b-frontend/.angular/cache/22.1.3/seed-b-frontend/vite/deps/@angular_router.js","/home/alex/dev/Bachelor/bmad-vergleichsstudie/.lizard-tmp-DUgF1d/code/seed-b-frontend/.angular/cache/22.1.3/seed-b-frontend/vite/deps/@angular_router.js","(anonymous)","(anonymous)",3427,3427
3,3,28,0,3,"(anonymous)@3426-3428@/home/alex/dev/Bachelor/bmad-vergleichsstudie/.lizard-tmp-DUgF1d/code/seed-b-frontend/.angular/cache/22.1.3/seed-b-frontend/vite/deps/@angular_router.js","/home/alex/dev/Bachelor/bmad-vergleichsstudie/.lizard-tmp-DUgF1d/code/seed-b-frontend/.angular/cache/22.1.3/seed-b-frontend/vite/deps/@angular_router.js","(anonymous)","(anonymous)",3426,3428
3,1,10,1,3,"isBrowserTriggeredNavigation@3429-3431@/home/alex/dev/Bachelor/bmad-vergleichsstudie/.lizard-tmp-DUgF1d/code/seed-b-frontend/.angular/cache/22.1.3/seed-b-frontend/vite/deps/@angular_router.js","/home/alex/dev/Bachelor/bmad-vergleichsstudie/.lizard-tmp-DUgF1d/code/seed-b-frontend/.angular/cache/22.1.3/seed-b-frontend/vite/deps/@angular_router.js","isBrowserTriggeredNavigation","isBrowserTriggeredNavigation ( source )",3429,3431
4,3,31,1,4,"discardNewActivatedRoutes@3432-3435@/home/alex/dev/Bachelor/bmad-vergleichsstudie/.lizard-tmp-DUgF1d/code/seed-b-frontend/.angular/cache/22.1.3/seed-b-frontend/vite/deps/@angular_router.js","/home/alex/dev/Bachelor/bmad-vergleichsstudie/.lizard-tmp-DUgF1d/code/seed-b-frontend/.angular/cache/22.1.3/seed-b-frontend/vite/deps/@angular_router.js","discardNewActivatedRoutes","discardNewActivatedRoutes ( t )",3432,3435
4,2,44,3,4,"routeInjectorCleanup@3437-3440@/home/alex/dev/Bachelor/bmad-vergleichsstudie/.lizard-tmp-DUgF1d/code/seed-b-frontend/.angular/cache/22.1.3/seed-b-frontend/vite/deps/@angular_router.js","/home/alex/dev/Bachelor/bmad-vergleichsstudie/.lizard-tmp-DUgF1d/code/seed-b-frontend/.angular/cache/22.1.3/seed-b-frontend/vite/deps/@angular_router.js","routeInjectorCleanup","routeInjectorCleanup ( routeReuseStrategy , routerState , config )",3437,3440
4,3,38,2,4,"collectDescendants@3449-3452@/home/alex/dev/Bachelor/bmad-vergleichsstudie/.lizard-tmp-DUgF1d/code/seed-b-frontend/.angular/cache/22.1.3/seed-b-frontend/vite/deps/@angular_router.js","/home/alex/dev/Bachelor/bmad-vergleichsstudie/.lizard-tmp-DUgF1d/code/seed-b-frontend/.angular/cache/22.1.3/seed-b-frontend/vite/deps/@angular_router.js","collectDescendants","collectDescendants ( snapshot , activeRoutes )",3449,3452
16,14,153,4,16,"destroyUnusedInjectors@3453-3468@/home/alex/dev/Bachelor/bmad-vergleichsstudie/.lizard-tmp-DUgF1d/code/seed-b-frontend/.angular/cache/22.1.3/seed-b-frontend/vite/deps/@angular_router.js","/home/alex/dev/Bachelor/bmad-vergleichsstudie/.lizard-tmp-DUgF1d/code/seed-b-frontend/.angular/cache/22.1.3/seed-b-frontend/vite/deps/@angular_router.js","destroyUnusedInjectors","destroyUnusedInjectors ( routes , activeRoutes , strategy , inheritedForceDestroy )",3453,3468
7,3,40,1,7,"destroyDetachedRouteHandle@3470-3476@/home/alex/dev/Bachelor/bmad-vergleichsstudie/.lizard-tmp-DUgF1d/code/seed-b-frontend/.angular/cache/22.1.3/seed-b-frontend/vite/deps/@angular_router.js","/home/alex/dev/Bachelor/bmad-vergleichsstudie/.lizard-tmp-DUgF1d/code/seed-b-frontend/.angular/cache/22.1.3/seed-b-frontend/vite/deps/@angular_router.js","destroyDetachedRouteHandle","destroyDetachedRouteHandle ( handle )",3470,3476
3,2,15,0,3,"RouteReuseStrategy_Factory@3478-3480@/home/alex/dev/Bachelor/bmad-vergleichsstudie/.lizard-tmp-DUgF1d/code/seed-b-frontend/.angular/cache/22.1.3/seed-b-frontend/vite/deps/@angular_router.js","/home/alex/dev/Bachelor/bmad-vergleichsstudie/.lizard-tmp-DUgF1d/code/seed-b-frontend/.angular/cache/22.1.3/seed-b-frontend/vite/deps/@angular_router.js","RouteReuseStrategy_Factory","RouteReuseStrategy_Factory ( )",3478,3480
6,3,44,0,6,"(anonymous)@3486-3491@/home/alex/dev/Bachelor/bmad-vergleichsstudie/.lizard-tmp-DUgF1d/code/seed-b-frontend/.angular/cache/22.1.3/seed-b-frontend/vite/deps/@angular_router.js","/home/alex/dev/Bachelor/bmad-vergleichsstudie/.lizard-tmp-DUgF1d/code/seed-b-frontend/.angular/cache/22.1.3/seed-b-frontend/vite/deps/@angular_router.js","(anonymous)","(anonymous)",3486,3491
3,1,8,1,3,"shouldDetach@3493-3495@/home/alex/dev/Bachelor/bmad-vergleichsstudie/.lizard-tmp-DUgF1d/code/seed-b-frontend/.angular/cache/22.1.3/seed-b-frontend/vite/deps/@angular_router.js","/home/alex/dev/Bachelor/bmad-vergleichsstudie/.lizard-tmp-DUgF1d/code/seed-b-frontend/.angular/cache/22.1.3/seed-b-frontend/vite/deps/@angular_router.js","shouldDetach","shouldDetach ( route )",3493,3495
1,1,7,2,1,"store@3496-3496@/home/alex/dev/Bachelor/bmad-vergleichsstudie/.lizard-tmp-DUgF1d/code/seed-b-frontend/.angular/cache/22.1.3/seed-b-frontend/vite/deps/@angular_router.js","/home/alex/dev/Bachelor/bmad-vergleichsstudie/.lizard-tmp-DUgF1d/code/seed-b-frontend/.angular/cache/22.1.3/seed-b-frontend/vite/deps/@angular_router.js","store","store ( route , detachedTree )",3496,3496
3,1,8,1,3,"shouldAttach@3497-3499@/home/alex/dev/Bachelor/bmad-vergleichsstudie/.lizard-tmp-DUgF1d/code/seed-b-frontend/.angular/cache/22.1.3/seed-b-frontend/vite/deps/@angular_router.js","/home/alex/dev/Bachelor/bmad-vergleichsstudie/.lizard-tmp-DUgF1d/code/seed-b-frontend/.angular/cache/22.1.3/seed-b-frontend/vite/deps/@angular_router.js","shouldAttach","shouldAttach ( route )",3497,3499
3,1,8,1,3,"retrieve@3500-3502@/home/alex/dev/Bachelor/bmad-vergleichsstudie/.lizard-tmp-DUgF1d/code/seed-b-frontend/.angular/cache/22.1.3/seed-b-frontend/vite/deps/@angular_router.js","/home/alex/dev/Bachelor/bmad-vergleichsstudie/.lizard-tmp-DUgF1d/code/seed-b-frontend/.angular/cache/22.1.3/seed-b-frontend/vite/deps/@angular_router.js","retrieve","retrieve ( route )",3500,3502
3,1,16,2,3,"shouldReuseRoute@3503-3505@/home/alex/dev/Bachelor/bmad-vergleichsstudie/.lizard-tmp-DUgF1d/code/seed-b-frontend/.angular/cache/22.1.3/seed-b-frontend/vite/deps/@angular_router.js","/home/alex/dev/Bachelor/bmad-vergleichsstudie/.lizard-tmp-DUgF1d/code/seed-b-frontend/.angular/cache/22.1.3/seed-b-frontend/vite/deps/@angular_router.js","shouldReuseRoute","shouldReuseRoute ( future , curr )",3503,3505
3,1,8,1,3,"shouldDestroyInjector@3506-3508@/home/alex/dev/Bachelor/bmad-vergleichsstudie/.lizard-tmp-DUgF1d/code/seed-b-frontend/.angular/cache/22.1.3/seed-b-frontend/vite/deps/@angular_router.js","/home/alex/dev/Bachelor/bmad-vergleichsstudie/.lizard-tmp-DUgF1d/code/seed-b-frontend/.angular/cache/22.1.3/seed-b-frontend/vite/deps/@angular_router.js","shouldDestroyInjector","shouldDestroyInjector ( route )",3506,3508
3,2,15,0,3,"DefaultRouteReuseStrategy_Factory@3511-3513@/home/alex/dev/Bachelor/bmad-vergleichsstudie/.lizard-tmp-DUgF1d/code/seed-b-frontend/.angular/cache/22.1.3/seed-b-frontend/vite/deps/@angular_router.js","/home/alex/dev/Bachelor/bmad-vergleichsstudie/.lizard-tmp-DUgF1d/code/seed-b-frontend/.angular/cache/22.1.3/seed-b-frontend/vite/deps/@angular_router.js","DefaultRouteReuseStrategy_Factory","DefaultRouteReuseStrategy_Factory ( )",3511,3513
3,3,28,0,3,"(anonymous)@3519-3521@/home/alex/dev/Bachelor/bmad-vergleichsstudie/.lizard-tmp-DUgF1d/code/seed-b-frontend/.angular/cache/22.1.3/seed-b-frontend/vite/deps/@angular_router.js","/home/alex/dev/Bachelor/bmad-vergleichsstudie/.lizard-tmp-DUgF1d/code/seed-b-frontend/.angular/cache/22.1.3/seed-b-frontend/vite/deps/@angular_router.js","(anonymous)","(anonymous)",3519,3521
3,1,9,0,3,"getCurrentUrlTree@3530-3532@/home/alex/dev/Bachelor/bmad-vergleichsstudie/.lizard-tmp-DUgF1d/code/seed-b-frontend/.angular/cache/22.1.3/seed-b-frontend/vite/deps/@angular_router.js","/home/alex/dev/Bachelor/bmad-vergleichsstudie/.lizard-tmp-DUgF1d/code/seed-b-frontend/.angular/cache/22.1.3/seed-b-frontend/vite/deps/@angular_router.js","getCurrentUrlTree","getCurrentUrlTree ( )",3530,3532
3,1,9,0,3,"getRawUrlTree@3534-3536@/home/alex/dev/Bachelor/bmad-vergleichsstudie/.lizard-tmp-DUgF1d/code/seed-b-frontend/.angular/cache/22.1.3/seed-b-frontend/vite/deps/@angular_router.js","/home/alex/dev/Bachelor/bmad-vergleichsstudie/.lizard-tmp-DUgF1d/code/seed-b-frontend/.angular/cache/22.1.3/seed-b-frontend/vite/deps/@angular_router.js","getRawUrlTree","getRawUrlTree ( )",3534,3536
5,5,56,3,5,"createBrowserPath@3537-3541@/home/alex/dev/Bachelor/bmad-vergleichsstudie/.lizard-tmp-DUgF1d/code/seed-b-frontend/.angular/cache/22.1.3/seed-b-frontend/vite/deps/@angular_router.js","/home/alex/dev/Bachelor/bmad-vergleichsstudie/.lizard-tmp-DUgF1d/code/seed-b-frontend/.angular/cache/22.1.3/seed-b-frontend/vite/deps/@angular_router.js","createBrowserPath","createBrowserPath ( finalUrl , initialUrl , targetBrowserUrl )",3537,3541
4,3,41,1,4,"routerUrlState@3542-3545@/home/alex/dev/Bachelor/bmad-vergleichsstudie/.lizard-tmp-DUgF1d/code/seed-b-frontend/.angular/cache/22.1.3/seed-b-frontend/vite/deps/@angular_router.js","/home/alex/dev/Bachelor/bmad-vergleichsstudie/.lizard-tmp-DUgF1d/code/seed-b-frontend/.angular/cache/22.1.3/seed-b-frontend/vite/deps/@angular_router.js","routerUrlState","routerUrlState ( navigation )",3542,3545
7,3,53,3,7,"commitTransition@3546-3552@/home/alex/dev/Bachelor/bmad-vergleichsstudie/.lizard-tmp-DUgF1d/code/seed-b-frontend/.angular/cache/22.1.3/seed-b-frontend/vite/deps/@angular_router.js","/home/alex/dev/Bachelor/bmad-vergleichsstudie/.lizard-tmp-DUgF1d/code/seed-b-frontend/.angular/cache/22.1.3/seed-b-frontend/vite/deps/@angular_router.js","commitTransition","commitTransition ( targetRouterState , finalUrl , initialUrl )",3546,3552
3,2,15,0,3,"StateManager_Factory@3574-3576@/home/alex/dev/Bachelor/bmad-vergleichsstudie/.lizard-tmp-DUgF1d/code/seed-b-frontend/.angular/cache/22.1.3/seed-b-frontend/vite/deps/@angular_router.js","/home/alex/dev/Bachelor/bmad-vergleichsstudie/.lizard-tmp-DUgF1d/code/seed-b-frontend/.angular/cache/22.1.3/seed-b-frontend/vite/deps/@angular_router.js","StateManager_Factory","StateManager_Factory ( )",3574,3576
1,1,5,0,1,"(anonymous)@3579-3579@/home/alex/dev/Bachelor/bmad-vergleichsstudie/.lizard-tmp-DUgF1d/code/seed-b-frontend/.angular/cache/22.1.3/seed-b-frontend/vite/deps/@angular_router.js","/home/alex/dev/Bachelor/bmad-vergleichsstudie/.lizard-tmp-DUgF1d/code/seed-b-frontend/.angular/cache/22.1.3/seed-b-frontend/vite/deps/@angular_router.js","(anonymous)","(anonymous)",3579,3579
2,1,11,0,2,"factory@3579-3580@/home/alex/dev/Bachelor/bmad-vergleichsstudie/.lizard-tmp-DUgF1d/code/seed-b-frontend/.angular/cache/22.1.3/seed-b-frontend/vite/deps/@angular_router.js","/home/alex/dev/Bachelor/bmad-vergleichsstudie/.lizard-tmp-DUgF1d/code/seed-b-frontend/.angular/cache/22.1.3/seed-b-frontend/vite/deps/@angular_router.js","factory","factory ( )",3579,3580
6,3,44,0,6,"(anonymous)@3582-3587@/home/alex/dev/Bachelor/bmad-vergleichsstudie/.lizard-tmp-DUgF1d/code/seed-b-frontend/.angular/cache/22.1.3/seed-b-frontend/vite/deps/@angular_router.js","/home/alex/dev/Bachelor/bmad-vergleichsstudie/.lizard-tmp-DUgF1d/code/seed-b-frontend/.angular/cache/22.1.3/seed-b-frontend/vite/deps/@angular_router.js","(anonymous)","(anonymous)",3582,3587
4,5,32,0,4,"get browserPageId@3591-3594@/home/alex/dev/Bachelor/bmad-vergleichsstudie/.lizard-tmp-DUgF1d/code/seed-b-frontend/.angular/cache/22.1.3/seed-b-frontend/vite/deps/@angular_router.js","/home/alex/dev/Bachelor/bmad-vergleichsstudie/.lizard-tmp-DUgF1d/code/seed-b-frontend/.angular/cache/22.1.3/seed-b-frontend/vite/deps/@angular_router.js","get browserPageId","get browserPageId ( )",3591,3594
3,1,22,0,3,"(anonymous)@3597-3599@/home/alex/dev/Bachelor/bmad-vergleichsstudie/.lizard-tmp-DUgF1d/code/seed-b-frontend/.angular/cache/22.1.3/seed-b-frontend/vite/deps/@angular_router.js","/home/alex/dev/Bachelor/bmad-vergleichsstudie/.lizard-tmp-DUgF1d/code/seed-b-frontend/.angular/cache/22.1.3/seed-b-frontend/vite/deps/@angular_router.js","(anonymous)","(anonymous)",3597,3599
3,2,19,0,5,"(anonymous)@3596-3600@/home/alex/dev/Bachelor/bmad-vergleichsstudie/.lizard-tmp-DUgF1d/code/seed-b-frontend/.angular/cache/22.1.3/seed-b-frontend/vite/deps/@angular_router.js","/home/alex/dev/Bachelor/bmad-vergleichsstudie/.lizard-tmp-DUgF1d/code/seed-b-frontend/.angular/cache/22.1.3/seed-b-frontend/vite/deps/@angular_router.js","(anonymous)","(anonymous)",3596,3600
3,1,19,1,7,"registerNonRouterCurrentEntryChangeListener@3595-3601@/home/alex/dev/Bachelor/bmad-vergleichsstudie/.lizard-tmp-DUgF1d/code/seed-b-frontend/.angular/cache/22.1.3/seed-b-frontend/vite/deps/@angular_router.js","/home/alex/dev/Bachelor/bmad-vergleichsstudie/.lizard-tmp-DUgF1d/code/seed-b-frontend/.angular/cache/22.1.3/seed-b-frontend/vite/deps/@angular_router.js","registerNonRouterCurrentEntryChangeListener","registerNonRouterCurrentEntryChangeListener ( listener )",3595,3601
17,13,181,2,17,"handleRouterEvent@3602-3618@/home/alex/dev/Bachelor/bmad-vergleichsstudie/.lizard-tmp-DUgF1d/code/seed-b-frontend/.angular/cache/22.1.3/seed-b-frontend/vite/deps/@angular_router.js","/home/alex/dev/Bachelor/bmad-vergleichsstudie/.lizard-tmp-DUgF1d/code/seed-b-frontend/.angular/cache/22.1.3/seed-b-frontend/vite/deps/@angular_router.js","handleRouterEvent","handleRouterEvent ( e , currentTransition )",3602,3618
18,3,122,2,18,"setBrowserUrl@3619-3636@/home/alex/dev/Bachelor/bmad-vergleichsstudie/.lizard-tmp-DUgF1d/code/seed-b-frontend/.angular/cache/22.1.3/seed-b-frontend/vite/deps/@angular_router.js","/home/alex/dev/Bachelor/bmad-vergleichsstudie/.lizard-tmp-DUgF1d/code/seed-b-frontend/.angular/cache/22.1.3/seed-b-frontend/vite/deps/@angular_router.js","setBrowserUrl","setBrowserUrl ( path , navigation )",3619,3636
14,7,110,2,14,"restoreHistory@3637-3650@/home/alex/dev/Bachelor/bmad-vergleichsstudie/.lizard-tmp-DUgF1d/code/seed-b-frontend/.angular/cache/22.1.3/seed-b-frontend/vite/deps/@angular_router.js","/home/alex/dev/Bachelor/bmad-vergleichsstudie/.lizard-tmp-DUgF1d/code/seed-b-frontend/.angular/cache/22.1.3/seed-b-frontend/vite/deps/@angular_router.js","restoreHistory","restoreHistory ( navigation , restoringFromCaughtError false )",3637,3650
5,3,49,1,5,"resetInternalState@3651-3655@/home/alex/dev/Bachelor/bmad-vergleichsstudie/.lizard-tmp-DUgF1d/code/seed-b-frontend/.angular/cache/22.1.3/seed-b-frontend/vite/deps/@angular_router.js","/home/alex/dev/Bachelor/bmad-vergleichsstudie/.lizard-tmp-DUgF1d/code/seed-b-frontend/.angular/cache/22.1.3/seed-b-frontend/vite/deps/@angular_router.js","resetInternalState","resetInternalState ( finalUrl )",3651,3655
3,1,39,0,3,"resetUrlToCurrentUrlTree@3656-3658@/home/alex/dev/Bachelor/bmad-vergleichsstudie/.lizard-tmp-DUgF1d/code/seed-b-frontend/.angular/cache/22.1.3/seed-b-frontend/vite/deps/@angular_router.js","/home/alex/dev/Bachelor/bmad-vergleichsstudie/.lizard-tmp-DUgF1d/code/seed-b-frontend/.angular/cache/22.1.3/seed-b-frontend/vite/deps/@angular_router.js","resetUrlToCurrentUrlTree","resetUrlToCurrentUrlTree ( )",3656,3658
11,2,47,3,11,"generateNgRouterState@3659-3669@/home/alex/dev/Bachelor/bmad-vergleichsstudie/.lizard-tmp-DUgF1d/code/seed-b-frontend/.angular/cache/22.1.3/seed-b-frontend/vite/deps/@angular_router.js","/home/alex/dev/Bachelor/bmad-vergleichsstudie/.lizard-tmp-DUgF1d/code/seed-b-frontend/.angular/cache/22.1.3/seed-b-frontend/vite/deps/@angular_router.js","generateNgRouterState","generateNgRouterState ( navigationId , routerPageId , navigation )",3659,3669
3,2,15,0,3,"HistoryStateManager_Factory@3670-3672@/home/alex/dev/Bachelor/bmad-vergleichsstudie/.lizard-tmp-DUgF1d/code/seed-b-frontend/.angular/cache/22.1.3/seed-b-frontend/vite/deps/@angular_router.js","/home/alex/dev/Bachelor/bmad-vergleichsstudie/.lizard-tmp-DUgF1d/code/seed-b-frontend/.angular/cache/22.1.3/seed-b-frontend/vite/deps/@angular_router.js","HistoryStateManager_Factory","HistoryStateManager_Factory ( )",3670,3672
3,3,28,0,3,"(anonymous)@3678-3680@/home/alex/dev/Bachelor/bmad-vergleichsstudie/.lizard-tmp-DUgF1d/code/seed-b-frontend/.angular/cache/22.1.3/seed-b-frontend/vite/deps/@angular_router.js","/home/alex/dev/Bachelor/bmad-vergleichsstudie/.lizard-tmp-DUgF1d/code/seed-b-frontend/.angular/cache/22.1.3/seed-b-frontend/vite/deps/@angular_router.js","(anonymous)","(anonymous)",3678,3680
1,4,16,0,1,"(anonymous)@3682-3682@/home/alex/dev/Bachelor/bmad-vergleichsstudie/.lizard-tmp-DUgF1d/code/seed-b-frontend/.angular/cache/22.1.3/seed-b-frontend/vite/deps/@angular_router.js","/home/alex/dev/Bachelor/bmad-vergleichsstudie/.lizard-tmp-DUgF1d/code/seed-b-frontend/.angular/cache/22.1.3/seed-b-frontend/vite/deps/@angular_router.js","(anonymous)","(anonymous)",3682,3682
4,6,44,0,4,"(anonymous)@3682-3685@/home/alex/dev/Bachelor/bmad-vergleichsstudie/.lizard-tmp-DUgF1d/code/seed-b-frontend/.angular/cache/22.1.3/seed-b-frontend/vite/deps/@angular_router.js","/home/alex/dev/Bachelor/bmad-vergleichsstudie/.lizard-tmp-DUgF1d/code/seed-b-frontend/.angular/cache/22.1.3/seed-b-frontend/vite/deps/@angular_router.js","(anonymous)","(anonymous)",3682,3685
1,1,4,0,1,"(anonymous)@3685-3685@/home/alex/dev/Bachelor/bmad-vergleichsstudie/.lizard-tmp-DUgF1d/code/seed-b-frontend/.angular/cache/22.1.3/seed-b-frontend/vite/deps/@angular_router.js","/home/alex/dev/Bachelor/bmad-vergleichsstudie/.lizard-tmp-DUgF1d/code/seed-b-frontend/.angular/cache/22.1.3/seed-b-frontend/vite/deps/@angular_router.js","(anonymous)","(anonymous)",3685,3685
3,1,6,0,3,"(anonymous)@3685-3687@/home/alex/dev/Bachelor/bmad-vergleichsstudie/.lizard-tmp-DUgF1d/code/seed-b-frontend/.angular/cache/22.1.3/seed-b-frontend/vite/deps/@angular_router.js","/home/alex/dev/Bachelor/bmad-vergleichsstudie/.lizard-tmp-DUgF1d/code/seed-b-frontend/.angular/cache/22.1.3/seed-b-frontend/vite/deps/@angular_router.js","(anonymous)","(anonymous)",3685,3687
3,1,52,2,8,"afterNextNavigation@3681-3688@/home/alex/dev/Bachelor/bmad-vergleichsstudie/.lizard-tmp-DUgF1d/code/seed-b-frontend/.angular/cache/22.1.3/seed-b-frontend/vite/deps/@angular_router.js","/home/alex/dev/Bachelor/bmad-vergleichsstudie/.lizard-tmp-DUgF1d/code/seed-b-frontend/.angular/cache/22.1.3/seed-b-frontend/vite/deps/@angular_router.js","afterNextNavigation","afterNextNavigation ( router , action )",3681,3688
3,1,13,0,3,"get currentUrlTree@3690-3692@/home/alex/dev/Bachelor/bmad-vergleichsstudie/.lizard-tmp-DUgF1d/code/seed-b-frontend/.angular/cache/22.1.3/seed-b-frontend/vite/deps/@angular_router.js","/home/alex/dev/Bachelor/bmad-vergleichsstudie/.lizard-tmp-DUgF1d/code/seed-b-frontend/.angular/cache/22.1.3/seed-b-frontend/vite/deps/@angular_router.js","get currentUrlTree","get currentUrlTree ( )",3690,3692
3,1,13,0,3,"get rawUrlTree@3693-3695@/home/alex/dev/Bachelor/bmad-vergleichsstudie/.lizard-tmp-DUgF1d/code/seed-b-frontend/.angular/cache/22.1.3/seed-b-frontend/vite/deps/@angular_router.js","/home/alex/dev/Bachelor/bmad-vergleichsstudie/.lizard-tmp-DUgF1d/code/seed-b-frontend/.angular/cache/22.1.3/seed-b-frontend/vite/deps/@angular_router.js","get rawUrlTree","get rawUrlTree ( )",3693,3695
3,1,9,0,3,"get events@3709-3711@/home/alex/dev/Bachelor/bmad-vergleichsstudie/.lizard-tmp-DUgF1d/code/seed-b-frontend/.angular/cache/22.1.3/seed-b-frontend/vite/deps/@angular_router.js","/home/alex/dev/Bachelor/bmad-vergleichsstudie/.lizard-tmp-DUgF1d/code/seed-b-frontend/.angular/cache/22.1.3/seed-b-frontend/vite/deps/@angular_router.js","get events","get events ( )",3709,3711
3,1,13,0,3,"get routerState@3712-3714@/home/alex/dev/Bachelor/bmad-vergleichsstudie/.lizard-tmp-DUgF1d/code/seed-b-frontend/.angular/cache/22.1.3/seed-b-frontend/vite/deps/@angular_router.js","/home/alex/dev/Bachelor/bmad-vergleichsstudie/.lizard-tmp-DUgF1d/code/seed-b-frontend/.angular/cache/22.1.3/seed-b-frontend/vite/deps/@angular_router.js","get routerState","get routerState ( )",3712,3714
1,1,6,1,1,"error@3724-3724@/home/alex/dev/Bachelor/bmad-vergleichsstudie/.lizard-tmp-DUgF1d/code/seed-b-frontend/.angular/cache/22.1.3/seed-b-frontend/vite/deps/@angular_router.js","/home/alex/dev/Bachelor/bmad-vergleichsstudie/.lizard-tmp-DUgF1d/code/seed-b-frontend/.angular/cache/22.1.3/seed-b-frontend/vite/deps/@angular_router.js","error","error ( e )",3724,3724
5,1,37,0,5,"constructor@3722-3726@/home/alex/dev/Bachelor/bmad-vergleichsstudie/.lizard-tmp-DUgF1d/code/seed-b-frontend/.angular/cache/22.1.3/seed-b-frontend/vite/deps/@angular_router.js","/home/alex/dev/Bachelor/bmad-vergleichsstudie/.lizard-tmp-DUgF1d/code/seed-b-frontend/.angular/cache/22.1.3/seed-b-frontend/vite/deps/@angular_router.js","constructor","constructor ( )",3722,3726
30,11,253,0,30,"(anonymous)@3729-3758@/home/alex/dev/Bachelor/bmad-vergleichsstudie/.lizard-tmp-DUgF1d/code/seed-b-frontend/.angular/cache/22.1.3/seed-b-frontend/vite/deps/@angular_router.js","/home/alex/dev/Bachelor/bmad-vergleichsstudie/.lizard-tmp-DUgF1d/code/seed-b-frontend/.angular/cache/22.1.3/seed-b-frontend/vite/deps/@angular_router.js","(anonymous)","(anonymous)",3729,3758
5,2,38,0,34,"subscribeToNavigationEvents@3728-3761@/home/alex/dev/Bachelor/bmad-vergleichsstudie/.lizard-tmp-DUgF1d/code/seed-b-frontend/.angular/cache/22.1.3/seed-b-frontend/vite/deps/@angular_router.js","/home/alex/dev/Bachelor/bmad-vergleichsstudie/.lizard-tmp-DUgF1d/code/seed-b-frontend/.angular/cache/22.1.3/seed-b-frontend/vite/deps/@angular_router.js","subscribeToNavigationEvents","subscribeToNavigationEvents ( )",3728,3761
3,1,15,0,3,"(anonymous)@3773-3775@/home/alex/dev/Bachelor/bmad-vergleichsstudie/.lizard-tmp-DUgF1d/code/seed-b-frontend/.angular/cache/22.1.3/seed-b-frontend/vite/deps/@angular_router.js","/home/alex/dev/Bachelor/bmad-vergleichsstudie/.lizard-tmp-DUgF1d/code/seed-b-frontend/.angular/cache/22.1.3/seed-b-frontend/vite/deps/@angular_router.js","(anonymous)","(anonymous)",3773,3775
4,2,22,0,4,"(anonymous)@3792-3795@/home/alex/dev/Bachelor/bmad-vergleichsstudie/.lizard-tmp-DUgF1d/code/seed-b-frontend/.angular/cache/22.1.3/seed-b-frontend/vite/deps/@angular_router.js","/home/alex/dev/Bachelor/bmad-vergleichsstudie/.lizard-tmp-DUgF1d/code/seed-b-frontend/.angular/cache/22.1.3/seed-b-frontend/vite/deps/@angular_router.js","(anonymous)","(anonymous)",3792,3795
4,3,23,0,4,"(anonymous)@3881-3884@/home/alex/dev/Bachelor/bmad-vergleichsstudie/.lizard-tmp-DUgF1d/code/seed-b-frontend/.angular/cache/22.1.3/seed-b-frontend/vite/deps/@angular_router.js","/home/alex/dev/Bachelor/bmad-vergleichsstudie/.lizard-tmp-DUgF1d/code/seed-b-frontend/.angular/cache/22.1.3/seed-b-frontend/vite/deps/@angular_router.js","(anonymous)","(anonymous)",3881,3884
4,1,10,0,4,"(anonymous)@3895-3898@/home/alex/dev/Bachelor/bmad-vergleichsstudie/.lizard-tmp-DUgF1d/code/seed-b-frontend/.angular/cache/22.1.3/seed-b-frontend/vite/deps/@angular_router.js","/home/alex/dev/Bachelor/bmad-vergleichsstudie/.lizard-tmp-DUgF1d/code/seed-b-frontend/.angular/cache/22.1.3/seed-b-frontend/vite/deps/@angular_router.js","(anonymous)","(anonymous)",3895,3898
1,1,9,0,1,"(anonymous)@3901-3901@/home/alex/dev/Bachelor/bmad-vergleichsstudie/.lizard-tmp-DUgF1d/code/seed-b-frontend/.angular/cache/22.1.3/seed-b-frontend/vite/deps/@angular_router.js","/home/alex/dev/Bachelor/bmad-vergleichsstudie/.lizard-tmp-DUgF1d/code/seed-b-frontend/.angular/cache/22.1.3/seed-b-frontend/vite/deps/@angular_router.js","(anonymous)","(anonymous)",3901,3901
3,1,15,1,3,"afterNextNavigation@3900-3902@/home/alex/dev/Bachelor/bmad-vergleichsstudie/.lizard-tmp-DUgF1d/code/seed-b-frontend/.angular/cache/22.1.3/seed-b-frontend/vite/deps/@angular_router.js","/home/alex/dev/Bachelor/bmad-vergleichsstudie/.lizard-tmp-DUgF1d/code/seed-b-frontend/.angular/cache/22.1.3/seed-b-frontend/vite/deps/@angular_router.js","afterNextNavigation","afterNextNavigation ( this , ( )",3900,3902
3,2,15,0,3,"Router_Factory@3918-3920@/home/alex/dev/Bachelor/bmad-vergleichsstudie/.lizard-tmp-DUgF1d/code/seed-b-frontend/.angular/cache/22.1.3/seed-b-frontend/vite/deps/@angular_router.js","/home/alex/dev/Bachelor/bmad-vergleichsstudie/.lizard-tmp-DUgF1d/code/seed-b-frontend/.angular/cache/22.1.3/seed-b-frontend/vite/deps/@angular_router.js","Router_Factory","Router_Factory ( )",3918,3920
1,1,5,0,1,"(anonymous)@3927-3927@/home/alex/dev/Bachelor/bmad-vergleichsstudie/.lizard-tmp-DUgF1d/code/seed-b-frontend/.angular/cache/22.1.3/seed-b-frontend/vite/deps/@angular_router.js","/home/alex/dev/Bachelor/bmad-vergleichsstudie/.lizard-tmp-DUgF1d/code/seed-b-frontend/.angular/cache/22.1.3/seed-b-frontend/vite/deps/@angular_router.js","(anonymous)","(anonymous)",3927,3927
3,3,28,0,3,"(anonymous)@3926-3928@/home/alex/dev/Bachelor/bmad-vergleichsstudie/.lizard-tmp-DUgF1d/code/seed-b-frontend/.angular/cache/22.1.3/seed-b-frontend/vite/deps/@angular_router.js","/home/alex/dev/Bachelor/bmad-vergleichsstudie/.lizard-tmp-DUgF1d/code/seed-b-frontend/.angular/cache/22.1.3/seed-b-frontend/vite/deps/@angular_router.js","(anonymous)","(anonymous)",3926,3928
6,5,64,1,6,"validateCommands@3929-3934@/home/alex/dev/Bachelor/bmad-vergleichsstudie/.lizard-tmp-DUgF1d/code/seed-b-frontend/.angular/cache/22.1.3/seed-b-frontend/vite/deps/@angular_router.js","/home/alex/dev/Bachelor/bmad-vergleichsstudie/.lizard-tmp-DUgF1d/code/seed-b-frontend/.angular/cache/22.1.3/seed-b-frontend/vite/deps/@angular_router.js","validateCommands","validateCommands ( commands )",3929,3934
3,2,14,0,3,"(anonymous)@3951-3953@/home/alex/dev/Bachelor/bmad-vergleichsstudie/.lizard-tmp-DUgF1d/code/seed-b-frontend/.angular/cache/22.1.3/seed-b-frontend/vite/deps/@angular_router.js","/home/alex/dev/Bachelor/bmad-vergleichsstudie/.lizard-tmp-DUgF1d/code/seed-b-frontend/.angular/cache/22.1.3/seed-b-frontend/vite/deps/@angular_router.js","(anonymous)","(anonymous)",3951,3953
4,1,25,0,6,"constructor@3949-3954@/home/alex/dev/Bachelor/bmad-vergleichsstudie/.lizard-tmp-DUgF1d/code/seed-b-frontend/.angular/cache/22.1.3/seed-b-frontend/vite/deps/@angular_router.js","/home/alex/dev/Bachelor/bmad-vergleichsstudie/.lizard-tmp-DUgF1d/code/seed-b-frontend/.angular/cache/22.1.3/seed-b-frontend/vite/deps/@angular_router.js","constructor","constructor ( )",3949,3954
6,1,59,0,6,"updateState@3955-3960@/home/alex/dev/Bachelor/bmad-vergleichsstudie/.lizard-tmp-DUgF1d/code/seed-b-frontend/.angular/cache/22.1.3/seed-b-frontend/vite/deps/@angular_router.js","/home/alex/dev/Bachelor/bmad-vergleichsstudie/.lizard-tmp-DUgF1d/code/seed-b-frontend/.angular/cache/22.1.3/seed-b-frontend/vite/deps/@angular_router.js","updateState","updateState ( )",3955,3960
3,2,15,0,3,"ReactiveRouterState_Factory@3961-3963@/home/alex/dev/Bachelor/bmad-vergleichsstudie/.lizard-tmp-DUgF1d/code/seed-b-frontend/.angular/cache/22.1.3/seed-b-frontend/vite/deps/@angular_router.js","/home/alex/dev/Bachelor/bmad-vergleichsstudie/.lizard-tmp-DUgF1d/code/seed-b-frontend/.angular/cache/22.1.3/seed-b-frontend/vite/deps/@angular_router.js","ReactiveRouterState_Factory","ReactiveRouterState_Factory ( )",3961,3963
1,1,5,0,1,"(anonymous)@3970-3970@/home/alex/dev/Bachelor/bmad-vergleichsstudie/.lizard-tmp-DUgF1d/code/seed-b-frontend/.angular/cache/22.1.3/seed-b-frontend/vite/deps/@angular_router.js","/home/alex/dev/Bachelor/bmad-vergleichsstudie/.lizard-tmp-DUgF1d/code/seed-b-frontend/.angular/cache/22.1.3/seed-b-frontend/vite/deps/@angular_router.js","(anonymous)","(anonymous)",3970,3970
3,3,28,0,3,"(anonymous)@3969-3971@/home/alex/dev/Bachelor/bmad-vergleichsstudie/.lizard-tmp-DUgF1d/code/seed-b-frontend/.angular/cache/22.1.3/seed-b-frontend/vite/deps/@angular_router.js","/home/alex/dev/Bachelor/bmad-vergleichsstudie/.lizard-tmp-DUgF1d/code/seed-b-frontend/.angular/cache/22.1.3/seed-b-frontend/vite/deps/@angular_router.js","(anonymous)","(anonymous)",3969,3971
4,2,26,0,4,"(anonymous)@3980-3983@/home/alex/dev/Bachelor/bmad-vergleichsstudie/.lizard-tmp-DUgF1d/code/seed-b-frontend/.angular/cache/22.1.3/seed-b-frontend/vite/deps/@angular_router.js","/home/alex/dev/Bachelor/bmad-vergleichsstudie/.lizard-tmp-DUgF1d/code/seed-b-frontend/.angular/cache/22.1.3/seed-b-frontend/vite/deps/@angular_router.js","(anonymous)","(anonymous)",3980,3983
2,1,5,0,2,"equal@4005-4006@/home/alex/dev/Bachelor/bmad-vergleichsstudie/.lizard-tmp-DUgF1d/code/seed-b-frontend/.angular/cache/22.1.3/seed-b-frontend/vite/deps/@angular_router.js","/home/alex/dev/Bachelor/bmad-vergleichsstudie/.lizard-tmp-DUgF1d/code/seed-b-frontend/.angular/cache/22.1.3/seed-b-frontend/vite/deps/@angular_router.js","equal","equal ( )",4005,4006
2,1,5,0,2,"equal@4029-4030@/home/alex/dev/Bachelor/bmad-vergleichsstudie/.lizard-tmp-DUgF1d/code/seed-b-frontend/.angular/cache/22.1.3/seed-b-frontend/vite/deps/@angular_router.js","/home/alex/dev/Bachelor/bmad-vergleichsstudie/.lizard-tmp-DUgF1d/code/seed-b-frontend/.angular/cache/22.1.3/seed-b-frontend/vite/deps/@angular_router.js","equal","equal ( )",4029,4030
2,1,5,0,2,"equal@4039-4040@/home/alex/dev/Bachelor/bmad-vergleichsstudie/.lizard-tmp-DUgF1d/code/seed-b-frontend/.angular/cache/22.1.3/seed-b-frontend/vite/deps/@angular_router.js","/home/alex/dev/Bachelor/bmad-vergleichsstudie/.lizard-tmp-DUgF1d/code/seed-b-frontend/.angular/cache/22.1.3/seed-b-frontend/vite/deps/@angular_router.js","equal","equal ( )",4039,4040
3,7,57,0,3,"(anonymous)@4084-4086@/home/alex/dev/Bachelor/bmad-vergleichsstudie/.lizard-tmp-DUgF1d/code/seed-b-frontend/.angular/cache/22.1.3/seed-b-frontend/vite/deps/@angular_router.js","/home/alex/dev/Bachelor/bmad-vergleichsstudie/.lizard-tmp-DUgF1d/code/seed-b-frontend/.angular/cache/22.1.3/seed-b-frontend/vite/deps/@angular_router.js","(anonymous)","(anonymous)",4084,4086
3,1,9,0,3,"(anonymous)@4121-4123@/home/alex/dev/Bachelor/bmad-vergleichsstudie/.lizard-tmp-DUgF1d/code/seed-b-frontend/.angular/cache/22.1.3/seed-b-frontend/vite/deps/@angular_router.js","/home/alex/dev/Bachelor/bmad-vergleichsstudie/.lizard-tmp-DUgF1d/code/seed-b-frontend/.angular/cache/22.1.3/seed-b-frontend/vite/deps/@angular_router.js","(anonymous)","(anonymous)",4121,4123
1,2,12,1,1,"shouldTrackParams@4136-4136@/home/alex/dev/Bachelor/bmad-vergleichsstudie/.lizard-tmp-DUgF1d/code/seed-b-frontend/.angular/cache/22.1.3/seed-b-frontend/vite/deps/@angular_router.js","/home/alex/dev/Bachelor/bmad-vergleichsstudie/.lizard-tmp-DUgF1d/code/seed-b-frontend/.angular/cache/22.1.3/seed-b-frontend/vite/deps/@angular_router.js","shouldTrackParams","shouldTrackParams ( handling )",4136,4136
16,8,159,0,16,"(anonymous)@4133-4148@/home/alex/dev/Bachelor/bmad-vergleichsstudie/.lizard-tmp-DUgF1d/code/seed-b-frontend/.angular/cache/22.1.3/seed-b-frontend/vite/deps/@angular_router.js","/home/alex/dev/Bachelor/bmad-vergleichsstudie/.lizard-tmp-DUgF1d/code/seed-b-frontend/.angular/cache/22.1.3/seed-b-frontend/vite/deps/@angular_router.js","(anonymous)","(anonymous)",4133,4148
2,1,20,2,2,"equal@4150-4151@/home/alex/dev/Bachelor/bmad-vergleichsstudie/.lizard-tmp-DUgF1d/code/seed-b-frontend/.angular/cache/22.1.3/seed-b-frontend/vite/deps/@angular_router.js","/home/alex/dev/Bachelor/bmad-vergleichsstudie/.lizard-tmp-DUgF1d/code/seed-b-frontend/.angular/cache/22.1.3/seed-b-frontend/vite/deps/@angular_router.js","equal","equal ( a , b )",4150,4151
3,2,44,0,3,"RouterLink_Factory@4158-4160@/home/alex/dev/Bachelor/bmad-vergleichsstudie/.lizard-tmp-DUgF1d/code/seed-b-frontend/.angular/cache/22.1.3/seed-b-frontend/vite/deps/@angular_router.js","/home/alex/dev/Bachelor/bmad-vergleichsstudie/.lizard-tmp-DUgF1d/code/seed-b-frontend/.angular/cache/22.1.3/seed-b-frontend/vite/deps/@angular_router.js","RouterLink_Factory","RouterLink_Factory ( )",4158,4160
3,1,31,0,3,"RouterLink_click_HostBindingHandler@4170-4172@/home/alex/dev/Bachelor/bmad-vergleichsstudie/.lizard-tmp-DUgF1d/code/seed-b-frontend/.angular/cache/22.1.3/seed-b-frontend/vite/deps/@angular_router.js","/home/alex/dev/Bachelor/bmad-vergleichsstudie/.lizard-tmp-DUgF1d/code/seed-b-frontend/.angular/cache/22.1.3/seed-b-frontend/vite/deps/@angular_router.js","RouterLink_click_HostBindingHandler","RouterLink_click_HostBindingHandler ( )",4170,4172
4,3,50,2,6,"RouterLink_HostBindings@4169-4174@/home/alex/dev/Bachelor/bmad-vergleichsstudie/.lizard-tmp-DUgF1d/code/seed-b-frontend/.angular/cache/22.1.3/seed-b-frontend/vite/deps/@angular_router.js","/home/alex/dev/Bachelor/bmad-vergleichsstudie/.lizard-tmp-DUgF1d/code/seed-b-frontend/.angular/cache/22.1.3/seed-b-frontend/vite/deps/@angular_router.js","RouterLink_HostBindings","RouterLink_HostBindings ( rf , ctx )",4169,4174
2,1,6,0,2,"(anonymous)@4217-4218@/home/alex/dev/Bachelor/bmad-vergleichsstudie/.lizard-tmp-DUgF1d/code/seed-b-frontend/.angular/cache/22.1.3/seed-b-frontend/vite/deps/@angular_router.js","/home/alex/dev/Bachelor/bmad-vergleichsstudie/.lizard-tmp-DUgF1d/code/seed-b-frontend/.angular/cache/22.1.3/seed-b-frontend/vite/deps/@angular_router.js","(anonymous)","(anonymous)",4217,4218
62,3,294,0,63,"(anonymous)@4207-4269@/home/alex/dev/Bachelor/bmad-vergleichsstudie/.lizard-tmp-DUgF1d/code/seed-b-frontend/.angular/cache/22.1.3/seed-b-frontend/vite/deps/@angular_router.js","/home/alex/dev/Bachelor/bmad-vergleichsstudie/.lizard-tmp-DUgF1d/code/seed-b-frontend/.angular/cache/22.1.3/seed-b-frontend/vite/deps/@angular_router.js","(anonymous)","(anonymous)",4207,4269
3,1,9,0,3,"get isActive@4281-4283@/home/alex/dev/Bachelor/bmad-vergleichsstudie/.lizard-tmp-DUgF1d/code/seed-b-frontend/.angular/cache/22.1.3/seed-b-frontend/vite/deps/@angular_router.js","/home/alex/dev/Bachelor/bmad-vergleichsstudie/.lizard-tmp-DUgF1d/code/seed-b-frontend/.angular/cache/22.1.3/seed-b-frontend/vite/deps/@angular_router.js","get isActive","get isActive ( )",4281,4283
3,2,14,0,3,"(anonymous)@4293-4295@/home/alex/dev/Bachelor/bmad-vergleichsstudie/.lizard-tmp-DUgF1d/code/seed-b-frontend/.angular/cache/22.1.3/seed-b-frontend/vite/deps/@angular_router.js","/home/alex/dev/Bachelor/bmad-vergleichsstudie/.lizard-tmp-DUgF1d/code/seed-b-frontend/.angular/cache/22.1.3/seed-b-frontend/vite/deps/@angular_router.js","(anonymous)","(anonymous)",4293,4295
7,1,52,4,9,"constructor@4288-4296@/home/alex/dev/Bachelor/bmad-vergleichsstudie/.lizard-tmp-DUgF1d/code/seed-b-frontend/.angular/cache/22.1.3/seed-b-frontend/vite/deps/@angular_router.js","/home/alex/dev/Bachelor/bmad-vergleichsstudie/.lizard-tmp-DUgF1d/code/seed-b-frontend/.angular/cache/22.1.3/seed-b-frontend/vite/deps/@angular_router.js","constructor","constructor ( router , element , renderer , cdr )",4288,4296
4,1,14,0,4,"(anonymous)@4298-4301@/home/alex/dev/Bachelor/bmad-vergleichsstudie/.lizard-tmp-DUgF1d/code/seed-b-frontend/.angular/cache/22.1.3/seed-b-frontend/vite/deps/@angular_router.js","/home/alex/dev/Bachelor/bmad-vergleichsstudie/.lizard-tmp-DUgF1d/code/seed-b-frontend/.angular/cache/22.1.3/seed-b-frontend/vite/deps/@angular_router.js","(anonymous)","(anonymous)",4298,4301
3,1,34,0,6,"ngAfterContentInit@4297-4302@/home/alex/dev/Bachelor/bmad-vergleichsstudie/.lizard-tmp-DUgF1d/code/seed-b-frontend/.angular/cache/22.1.3/seed-b-frontend/vite/deps/@angular_router.js","/home/alex/dev/Bachelor/bmad-vergleichsstudie/.lizard-tmp-DUgF1d/code/seed-b-frontend/.angular/cache/22.1.3/seed-b-frontend/vite/deps/@angular_router.js","ngAfterContentInit","ngAfterContentInit ( )",4297,4302
1,1,4,0,1,"(anonymous)@4305-4305@/home/alex/dev/Bachelor/bmad-vergleichsstudie/.lizard-tmp-DUgF1d/code/seed-b-frontend/.angular/cache/22.1.3/seed-b-frontend/vite/deps/@angular_router.js","/home/alex/dev/Bachelor/bmad-vergleichsstudie/.lizard-tmp-DUgF1d/code/seed-b-frontend/.angular/cache/22.1.3/seed-b-frontend/vite/deps/@angular_router.js","(anonymous)","(anonymous)",4305,4305
1,1,4,0,1,"(anonymous)@4305-4305@/home/alex/dev/Bachelor/bmad-vergleichsstudie/.lizard-tmp-DUgF1d/code/seed-b-frontend/.angular/cache/22.1.3/seed-b-frontend/vite/deps/@angular_router.js","/home/alex/dev/Bachelor/bmad-vergleichsstudie/.lizard-tmp-DUgF1d/code/seed-b-frontend/.angular/cache/22.1.3/seed-b-frontend/vite/deps/@angular_router.js","(anonymous)","(anonymous)",4305,4305
3,2,26,0,3,"(anonymous)@4306-4308@/home/alex/dev/Bachelor/bmad-vergleichsstudie/.lizard-tmp-DUgF1d/code/seed-b-frontend/.angular/cache/22.1.3/seed-b-frontend/vite/deps/@angular_router.js","/home/alex/dev/Bachelor/bmad-vergleichsstudie/.lizard-tmp-DUgF1d/code/seed-b-frontend/.angular/cache/22.1.3/seed-b-frontend/vite/deps/@angular_router.js","(anonymous)","(anonymous)",4306,4308
5,1,71,0,7,"subscribeToEachLinkOnChanges@4303-4309@/home/alex/dev/Bachelor/bmad-vergleichsstudie/.lizard-tmp-DUgF1d/code/seed-b-frontend/.angular/cache/22.1.3/seed-b-frontend/vite/deps/@angular_router.js","/home/alex/dev/Bachelor/bmad-vergleichsstudie/.lizard-tmp-DUgF1d/code/seed-b-frontend/.angular/cache/22.1.3/seed-b-frontend/vite/deps/@angular_router.js","subscribeToEachLinkOnChanges","subscribeToEachLinkOnChanges ( )",4303,4309
1,1,4,0,1,"(anonymous)@4316-4316@/home/alex/dev/Bachelor/bmad-vergleichsstudie/.lizard-tmp-DUgF1d/code/seed-b-frontend/.angular/cache/22.1.3/seed-b-frontend/vite/deps/@angular_router.js","/home/alex/dev/Bachelor/bmad-vergleichsstudie/.lizard-tmp-DUgF1d/code/seed-b-frontend/.angular/cache/22.1.3/seed-b-frontend/vite/deps/@angular_router.js","(anonymous)","(anonymous)",4316,4316
8,3,55,1,8,"set routerLinkActive@4310-4317@/home/alex/dev/Bachelor/bmad-vergleichsstudie/.lizard-tmp-DUgF1d/code/seed-b-frontend/.angular/cache/22.1.3/seed-b-frontend/vite/deps/@angular_router.js","/home/alex/dev/Bachelor/bmad-vergleichsstudie/.lizard-tmp-DUgF1d/code/seed-b-frontend/.angular/cache/22.1.3/seed-b-frontend/vite/deps/@angular_router.js","set routerLinkActive","set routerLinkActive ( data )",4310,4317
3,1,11,1,3,"ngOnChanges@4318-4320@/home/alex/dev/Bachelor/bmad-vergleichsstudie/.lizard-tmp-DUgF1d/code/seed-b-frontend/.angular/cache/22.1.3/seed-b-frontend/vite/deps/@angular_router.js","/home/alex/dev/Bachelor/bmad-vergleichsstudie/.lizard-tmp-DUgF1d/code/seed-b-frontend/.angular/cache/22.1.3/seed-b-frontend/vite/deps/@angular_router.js","ngOnChanges","ngOnChanges ( changes )",4318,4320
4,1,20,0,4,"ngOnDestroy@4321-4324@/home/alex/dev/Bachelor/bmad-vergleichsstudie/.lizard-tmp-DUgF1d/code/seed-b-frontend/.angular/cache/22.1.3/seed-b-frontend/vite/deps/@angular_router.js","/home/alex/dev/Bachelor/bmad-vergleichsstudie/.lizard-tmp-DUgF1d/code/seed-b-frontend/.angular/cache/22.1.3/seed-b-frontend/vite/deps/@angular_router.js","ngOnDestroy","ngOnDestroy ( )",4321,4324
4,2,37,0,4,"(anonymous)@4330-4333@/home/alex/dev/Bachelor/bmad-vergleichsstudie/.lizard-tmp-DUgF1d/code/seed-b-frontend/.angular/cache/22.1.3/seed-b-frontend/vite/deps/@angular_router.js","/home/alex/dev/Bachelor/bmad-vergleichsstudie/.lizard-tmp-DUgF1d/code/seed-b-frontend/.angular/cache/22.1.3/seed-b-frontend/vite/deps/@angular_router.js","(anonymous)","(anonymous)",4330,4333
11,4,107,0,14,"(anonymous)@4328-4341@/home/alex/dev/Bachelor/bmad-vergleichsstudie/.lizard-tmp-DUgF1d/code/seed-b-frontend/.angular/cache/22.1.3/seed-b-frontend/vite/deps/@angular_router.js","/home/alex/dev/Bachelor/bmad-vergleichsstudie/.lizard-tmp-DUgF1d/code/seed-b-frontend/.angular/cache/22.1.3/seed-b-frontend/vite/deps/@angular_router.js","(anonymous)","(anonymous)",4328,4341
5,5,43,0,18,"update@4325-4342@/home/alex/dev/Bachelor/bmad-vergleichsstudie/.lizard-tmp-DUgF1d/code/seed-b-frontend/.angular/cache/22.1.3/seed-b-frontend/vite/deps/@angular_router.js","/home/alex/dev/Bachelor/bmad-vergleichsstudie/.lizard-tmp-DUgF1d/code/seed-b-frontend/.angular/cache/22.1.3/seed-b-frontend/vite/deps/@angular_router.js","update","update ( )",4325,4342
1,1,2,0,1,"(anonymous)@4345-4345@/home/alex/dev/Bachelor/bmad-vergleichsstudie/.lizard-tmp-DUgF1d/code/seed-b-frontend/.angular/cache/22.1.3/seed-b-frontend/vite/deps/@angular_router.js","/home/alex/dev/Bachelor/bmad-vergleichsstudie/.lizard-tmp-DUgF1d/code/seed-b-frontend/.angular/cache/22.1.3/seed-b-frontend/vite/deps/@angular_router.js","(anonymous)","(anonymous)",4345,4345
4,2,26,0,4,"(anonymous)@4351-4354@/home/alex/dev/Bachelor/bmad-vergleichsstudie/.lizard-tmp-DUgF1d/code/seed-b-frontend/.angular/cache/22.1.3/seed-b-frontend/vite/deps/@angular_router.js","/home/alex/dev/Bachelor/bmad-vergleichsstudie/.lizard-tmp-DUgF1d/code/seed-b-frontend/.angular/cache/22.1.3/seed-b-frontend/vite/deps/@angular_router.js","(anonymous)","(anonymous)",4351,4354
10,7,84,1,13,"isLinkActive@4343-4355@/home/alex/dev/Bachelor/bmad-vergleichsstudie/.lizard-tmp-DUgF1d/code/seed-b-frontend/.angular/cache/22.1.3/seed-b-frontend/vite/deps/@angular_router.js","/home/alex/dev/Bachelor/bmad-vergleichsstudie/.lizard-tmp-DUgF1d/code/seed-b-frontend/.angular/cache/22.1.3/seed-b-frontend/vite/deps/@angular_router.js","isLinkActive","isLinkActive ( router )",4343,4355
4,3,37,0,4,"hasActiveLinks@4356-4359@/home/alex/dev/Bachelor/bmad-vergleichsstudie/.lizard-tmp-DUgF1d/code/seed-b-frontend/.angular/cache/22.1.3/seed-b-frontend/vite/deps/@angular_router.js","/home/alex/dev/Bachelor/bmad-vergleichsstudie/.lizard-tmp-DUgF1d/code/seed-b-frontend/.angular/cache/22.1.3/seed-b-frontend/vite/deps/@angular_router.js","hasActiveLinks","hasActiveLinks ( )",4356,4359
3,2,34,0,3,"RouterLinkActive_Factory@4360-4362@/home/alex/dev/Bachelor/bmad-vergleichsstudie/.lizard-tmp-DUgF1d/code/seed-b-frontend/.angular/cache/22.1.3/seed-b-frontend/vite/deps/@angular_router.js","/home/alex/dev/Bachelor/bmad-vergleichsstudie/.lizard-tmp-DUgF1d/code/seed-b-frontend/.angular/cache/22.1.3/seed-b-frontend/vite/deps/@angular_router.js","RouterLinkActive_Factory","RouterLinkActive_Factory ( )",4360,4362
14,4,74,5,14,"ɵɵdefineDirective@4363-4376@/home/alex/dev/Bachelor/bmad-vergleichsstudie/.lizard-tmp-DUgF1d/code/seed-b-frontend/.angular/cache/22.1.3/seed-b-frontend/vite/deps/@angular_router.js","/home/alex/dev/Bachelor/bmad-vergleichsstudie/.lizard-tmp-DUgF1d/code/seed-b-frontend/.angular/cache/22.1.3/seed-b-frontend/vite/deps/@angular_router.js","ɵɵdefineDirective","ɵɵdefineDirective ( type RouterLinkActive , selectors , , , contentQueries function RouterLinkActive_ContentQueries ( rf , ctx , dirIndex )",4363,4376
2,1,6,0,2,"(anonymous)@4394-4395@/home/alex/dev/Bachelor/bmad-vergleichsstudie/.lizard-tmp-DUgF1d/code/seed-b-frontend/.angular/cache/22.1.3/seed-b-frontend/vite/deps/@angular_router.js","/home/alex/dev/Bachelor/bmad-vergleichsstudie/.lizard-tmp-DUgF1d/code/seed-b-frontend/.angular/cache/22.1.3/seed-b-frontend/vite/deps/@angular_router.js","(anonymous)","(anonymous)",4394,4395
21,3,124,0,22,"(anonymous)@4387-4408@/home/alex/dev/Bachelor/bmad-vergleichsstudie/.lizard-tmp-DUgF1d/code/seed-b-frontend/.angular/cache/22.1.3/seed-b-frontend/vite/deps/@angular_router.js","/home/alex/dev/Bachelor/bmad-vergleichsstudie/.lizard-tmp-DUgF1d/code/seed-b-frontend/.angular/cache/22.1.3/seed-b-frontend/vite/deps/@angular_router.js","(anonymous)","(anonymous)",4387,4408
4,4,31,1,4,"isActiveMatchOptions@4410-4413@/home/alex/dev/Bachelor/bmad-vergleichsstudie/.lizard-tmp-DUgF1d/code/seed-b-frontend/.angular/cache/22.1.3/seed-b-frontend/vite/deps/@angular_router.js","/home/alex/dev/Bachelor/bmad-vergleichsstudie/.lizard-tmp-DUgF1d/code/seed-b-frontend/.angular/cache/22.1.3/seed-b-frontend/vite/deps/@angular_router.js","isActiveMatchOptions","isActiveMatchOptions ( options )",4410,4413
1,1,5,0,1,"(anonymous)@4417-4417@/home/alex/dev/Bachelor/bmad-vergleichsstudie/.lizard-tmp-DUgF1d/code/seed-b-frontend/.angular/cache/22.1.3/seed-b-frontend/vite/deps/@angular_router.js","/home/alex/dev/Bachelor/bmad-vergleichsstudie/.lizard-tmp-DUgF1d/code/seed-b-frontend/.angular/cache/22.1.3/seed-b-frontend/vite/deps/@angular_router.js","(anonymous)","(anonymous)",4417,4417
3,1,22,2,3,"preload@4416-4418@/home/alex/dev/Bachelor/bmad-vergleichsstudie/.lizard-tmp-DUgF1d/code/seed-b-frontend/.angular/cache/22.1.3/seed-b-frontend/vite/deps/@angular_router.js","/home/alex/dev/Bachelor/bmad-vergleichsstudie/.lizard-tmp-DUgF1d/code/seed-b-frontend/.angular/cache/22.1.3/seed-b-frontend/vite/deps/@angular_router.js","preload","preload ( route , fn )",4416,4418
3,2,15,0,3,"PreloadAllModules_Factory@4419-4421@/home/alex/dev/Bachelor/bmad-vergleichsstudie/.lizard-tmp-DUgF1d/code/seed-b-frontend/.angular/cache/22.1.3/seed-b-frontend/vite/deps/@angular_router.js","/home/alex/dev/Bachelor/bmad-vergleichsstudie/.lizard-tmp-DUgF1d/code/seed-b-frontend/.angular/cache/22.1.3/seed-b-frontend/vite/deps/@angular_router.js","PreloadAllModules_Factory","PreloadAllModules_Factory ( )",4419,4421
3,3,28,0,3,"(anonymous)@4427-4429@/home/alex/dev/Bachelor/bmad-vergleichsstudie/.lizard-tmp-DUgF1d/code/seed-b-frontend/.angular/cache/22.1.3/seed-b-frontend/vite/deps/@angular_router.js","/home/alex/dev/Bachelor/bmad-vergleichsstudie/.lizard-tmp-DUgF1d/code/seed-b-frontend/.angular/cache/22.1.3/seed-b-frontend/vite/deps/@angular_router.js","(anonymous)","(anonymous)",4427,4429
3,1,13,2,3,"preload@4431-4433@/home/alex/dev/Bachelor/bmad-vergleichsstudie/.lizard-tmp-DUgF1d/code/seed-b-frontend/.angular/cache/22.1.3/seed-b-frontend/vite/deps/@angular_router.js","/home/alex/dev/Bachelor/bmad-vergleichsstudie/.lizard-tmp-DUgF1d/code/seed-b-frontend/.angular/cache/22.1.3/seed-b-frontend/vite/deps/@angular_router.js","preload","preload ( route , fn )",4431,4433
3,2,15,0,3,"NoPreloading_Factory@4434-4436@/home/alex/dev/Bachelor/bmad-vergleichsstudie/.lizard-tmp-DUgF1d/code/seed-b-frontend/.angular/cache/22.1.3/seed-b-frontend/vite/deps/@angular_router.js","/home/alex/dev/Bachelor/bmad-vergleichsstudie/.lizard-tmp-DUgF1d/code/seed-b-frontend/.angular/cache/22.1.3/seed-b-frontend/vite/deps/@angular_router.js","NoPreloading_Factory","NoPreloading_Factory ( )",4434,4436
3,3,28,0,3,"(anonymous)@4442-4444@/home/alex/dev/Bachelor/bmad-vergleichsstudie/.lizard-tmp-DUgF1d/code/seed-b-frontend/.angular/cache/22.1.3/seed-b-frontend/vite/deps/@angular_router.js","/home/alex/dev/Bachelor/bmad-vergleichsstudie/.lizard-tmp-DUgF1d/code/seed-b-frontend/.angular/cache/22.1.3/seed-b-frontend/vite/deps/@angular_router.js","(anonymous)","(anonymous)",4442,4444
6,1,35,4,6,"constructor@4451-4456@/home/alex/dev/Bachelor/bmad-vergleichsstudie/.lizard-tmp-DUgF1d/code/seed-b-frontend/.angular/cache/22.1.3/seed-b-frontend/vite/deps/@angular_router.js","/home/alex/dev/Bachelor/bmad-vergleichsstudie/.lizard-tmp-DUgF1d/code/seed-b-frontend/.angular/cache/22.1.3/seed-b-frontend/vite/deps/@angular_router.js","constructor","constructor ( router , injector , preloadingStrategy , loader )",4451,4456
1,1,4,0,1,"(anonymous)@4458-4458@/home/alex/dev/Bachelor/bmad-vergleichsstudie/.lizard-tmp-DUgF1d/code/seed-b-frontend/.angular/cache/22.1.3/seed-b-frontend/vite/deps/@angular_router.js","/home/alex/dev/Bachelor/bmad-vergleichsstudie/.lizard-tmp-DUgF1d/code/seed-b-frontend/.angular/cache/22.1.3/seed-b-frontend/vite/deps/@angular_router.js","(anonymous)","(anonymous)",4458,4458
1,1,6,0,1,"(anonymous)@4458-4458@/home/alex/dev/Bachelor/bmad-vergleichsstudie/.lizard-tmp-DUgF1d/code/seed-b-frontend/.angular/cache/22.1.3/seed-b-frontend/vite/deps/@angular_router.js","/home/alex/dev/Bachelor/bmad-vergleichsstudie/.lizard-tmp-DUgF1d/code/seed-b-frontend/.angular/cache/22.1.3/seed-b-frontend/vite/deps/@angular_router.js","(anonymous)","(anonymous)",4458,4458
1,1,2,0,1,"(anonymous)@4458-4458@/home/alex/dev/Bachelor/bmad-vergleichsstudie/.lizard-tmp-DUgF1d/code/seed-b-frontend/.angular/cache/22.1.3/seed-b-frontend/vite/deps/@angular_router.js","/home/alex/dev/Bachelor/bmad-vergleichsstudie/.lizard-tmp-DUgF1d/code/seed-b-frontend/.angular/cache/22.1.3/seed-b-frontend/vite/deps/@angular_router.js","(anonymous)","(anonymous)",4458,4458
3,1,40,0,3,"setUpPreloading@4457-4459@/home/alex/dev/Bachelor/bmad-vergleichsstudie/.lizard-tmp-DUgF1d/code/seed-b-frontend/.angular/cache/22.1.3/seed-b-frontend/vite/deps/@angular_router.js","/home/alex/dev/Bachelor/bmad-vergleichsstudie/.lizard-tmp-DUgF1d/code/seed-b-frontend/.angular/cache/22.1.3/seed-b-frontend/vite/deps/@angular_router.js","setUpPreloading","setUpPreloading ( )",4457,4459
3,1,20,0,3,"preload@4460-4462@/home/alex/dev/Bachelor/bmad-vergleichsstudie/.lizard-tmp-DUgF1d/code/seed-b-frontend/.angular/cache/22.1.3/seed-b-frontend/vite/deps/@angular_router.js","/home/alex/dev/Bachelor/bmad-vergleichsstudie/.lizard-tmp-DUgF1d/code/seed-b-frontend/.angular/cache/22.1.3/seed-b-frontend/vite/deps/@angular_router.js","preload","preload ( )",4460,4462
3,1,12,0,3,"ngOnDestroy@4463-4465@/home/alex/dev/Bachelor/bmad-vergleichsstudie/.lizard-tmp-DUgF1d/code/seed-b-frontend/.angular/cache/22.1.3/seed-b-frontend/vite/deps/@angular_router.js","/home/alex/dev/Bachelor/bmad-vergleichsstudie/.lizard-tmp-DUgF1d/code/seed-b-frontend/.angular/cache/22.1.3/seed-b-frontend/vite/deps/@angular_router.js","ngOnDestroy","ngOnDestroy ( )",4463,4465
12,21,193,2,12,"processRoutes@4466-4477@/home/alex/dev/Bachelor/bmad-vergleichsstudie/.lizard-tmp-DUgF1d/code/seed-b-frontend/.angular/cache/22.1.3/seed-b-frontend/vite/deps/@angular_router.js","/home/alex/dev/Bachelor/bmad-vergleichsstudie/.lizard-tmp-DUgF1d/code/seed-b-frontend/.angular/cache/22.1.3/seed-b-frontend/vite/deps/@angular_router.js","processRoutes","processRoutes ( injector , routes )",4466,4477
7,4,56,0,7,"(anonymous)@4484-4490@/home/alex/dev/Bachelor/bmad-vergleichsstudie/.lizard-tmp-DUgF1d/code/seed-b-frontend/.angular/cache/22.1.3/seed-b-frontend/vite/deps/@angular_router.js","/home/alex/dev/Bachelor/bmad-vergleichsstudie/.lizard-tmp-DUgF1d/code/seed-b-frontend/.angular/cache/22.1.3/seed-b-frontend/vite/deps/@angular_router.js","(anonymous)","(anonymous)",4484,4490
9,6,119,0,15,"(anonymous)@4479-4493@/home/alex/dev/Bachelor/bmad-vergleichsstudie/.lizard-tmp-DUgF1d/code/seed-b-frontend/.angular/cache/22.1.3/seed-b-frontend/vite/deps/@angular_router.js","/home/alex/dev/Bachelor/bmad-vergleichsstudie/.lizard-tmp-DUgF1d/code/seed-b-frontend/.angular/cache/22.1.3/seed-b-frontend/vite/deps/@angular_router.js","(anonymous)","(anonymous)",4479,4493
3,1,22,2,17,"preloadConfig@4478-4494@/home/alex/dev/Bachelor/bmad-vergleichsstudie/.lizard-tmp-DUgF1d/code/seed-b-frontend/.angular/cache/22.1.3/seed-b-frontend/vite/deps/@angular_router.js","/home/alex/dev/Bachelor/bmad-vergleichsstudie/.lizard-tmp-DUgF1d/code/seed-b-frontend/.angular/cache/22.1.3/seed-b-frontend/vite/deps/@angular_router.js","preloadConfig","preloadConfig ( injector , route )",4478,4494
3,2,34,0,3,"RouterPreloader_Factory@4495-4497@/home/alex/dev/Bachelor/bmad-vergleichsstudie/.lizard-tmp-DUgF1d/code/seed-b-frontend/.angular/cache/22.1.3/seed-b-frontend/vite/deps/@angular_router.js","/home/alex/dev/Bachelor/bmad-vergleichsstudie/.lizard-tmp-DUgF1d/code/seed-b-frontend/.angular/cache/22.1.3/seed-b-frontend/vite/deps/@angular_router.js","RouterPreloader_Factory","RouterPreloader_Factory ( )",4495,4497
2,1,6,0,2,"(anonymous)@4508-4509@/home/alex/dev/Bachelor/bmad-vergleichsstudie/.lizard-tmp-DUgF1d/code/seed-b-frontend/.angular/cache/22.1.3/seed-b-frontend/vite/deps/@angular_router.js","/home/alex/dev/Bachelor/bmad-vergleichsstudie/.lizard-tmp-DUgF1d/code/seed-b-frontend/.angular/cache/22.1.3/seed-b-frontend/vite/deps/@angular_router.js","(anonymous)","(anonymous)",4508,4509
10,3,60,0,11,"(anonymous)@4504-4514@/home/alex/dev/Bachelor/bmad-vergleichsstudie/.lizard-tmp-DUgF1d/code/seed-b-frontend/.angular/cache/22.1.3/seed-b-frontend/vite/deps/@angular_router.js","/home/alex/dev/Bachelor/bmad-vergleichsstudie/.lizard-tmp-DUgF1d/code/seed-b-frontend/.angular/cache/22.1.3/seed-b-frontend/vite/deps/@angular_router.js","(anonymous)","(anonymous)",4504,4514
3,1,8,0,3,"(anonymous)@4533-4535@/home/alex/dev/Bachelor/bmad-vergleichsstudie/.lizard-tmp-DUgF1d/code/seed-b-frontend/.angular/cache/22.1.3/seed-b-frontend/vite/deps/@angular_router.js","/home/alex/dev/Bachelor/bmad-vergleichsstudie/.lizard-tmp-DUgF1d/code/seed-b-frontend/.angular/cache/22.1.3/seed-b-frontend/vite/deps/@angular_router.js","(anonymous)","(anonymous)",4533,4535
6,4,52,1,8,"constructor@4529-4536@/home/alex/dev/Bachelor/bmad-vergleichsstudie/.lizard-tmp-DUgF1d/code/seed-b-frontend/.angular/cache/22.1.3/seed-b-frontend/vite/deps/@angular_router.js","/home/alex/dev/Bachelor/bmad-vergleichsstudie/.lizard-tmp-DUgF1d/code/seed-b-frontend/.angular/cache/22.1.3/seed-b-frontend/vite/deps/@angular_router.js","constructor","constructor ( options )",4529,4536
5,2,43,0,5,"init@4537-4541@/home/alex/dev/Bachelor/bmad-vergleichsstudie/.lizard-tmp-DUgF1d/code/seed-b-frontend/.angular/cache/22.1.3/seed-b-frontend/vite/deps/@angular_router.js","/home/alex/dev/Bachelor/bmad-vergleichsstudie/.lizard-tmp-DUgF1d/code/seed-b-frontend/.angular/cache/22.1.3/seed-b-frontend/vite/deps/@angular_router.js","init","init ( )",4537,4541
14,6,138,0,14,"(anonymous)@4543-4556@/home/alex/dev/Bachelor/bmad-vergleichsstudie/.lizard-tmp-DUgF1d/code/seed-b-frontend/.angular/cache/22.1.3/seed-b-frontend/vite/deps/@angular_router.js","/home/alex/dev/Bachelor/bmad-vergleichsstudie/.lizard-tmp-DUgF1d/code/seed-b-frontend/.angular/cache/22.1.3/seed-b-frontend/vite/deps/@angular_router.js","(anonymous)","(anonymous)",4543,4556
3,1,20,0,16,"createScrollEvents@4542-4557@/home/alex/dev/Bachelor/bmad-vergleichsstudie/.lizard-tmp-DUgF1d/code/seed-b-frontend/.angular/cache/22.1.3/seed-b-frontend/vite/deps/@angular_router.js","/home/alex/dev/Bachelor/bmad-vergleichsstudie/.lizard-tmp-DUgF1d/code/seed-b-frontend/.angular/cache/22.1.3/seed-b-frontend/vite/deps/@angular_router.js","createScrollEvents","createScrollEvents ( )",4542,4557
9,9,135,0,9,"(anonymous)@4559-4567@/home/alex/dev/Bachelor/bmad-vergleichsstudie/.lizard-tmp-DUgF1d/code/seed-b-frontend/.angular/cache/22.1.3/seed-b-frontend/vite/deps/@angular_router.js","/home/alex/dev/Bachelor/bmad-vergleichsstudie/.lizard-tmp-DUgF1d/code/seed-b-frontend/.angular/cache/22.1.3/seed-b-frontend/vite/deps/@angular_router.js","(anonymous)","(anonymous)",4559,4567
3,1,20,0,11,"consumeScrollEvents@4558-4568@/home/alex/dev/Bachelor/bmad-vergleichsstudie/.lizard-tmp-DUgF1d/code/seed-b-frontend/.angular/cache/22.1.3/seed-b-frontend/vite/deps/@angular_router.js","/home/alex/dev/Bachelor/bmad-vergleichsstudie/.lizard-tmp-DUgF1d/code/seed-b-frontend/.angular/cache/22.1.3/seed-b-frontend/vite/deps/@angular_router.js","consumeScrollEvents","consumeScrollEvents ( )",4558,4568
4,2,19,0,4,"(anonymous)@4573-4576@/home/alex/dev/Bachelor/bmad-vergleichsstudie/.lizard-tmp-DUgF1d/code/seed-b-frontend/.angular/cache/22.1.3/seed-b-frontend/vite/deps/@angular_router.js","/home/alex/dev/Bachelor/bmad-vergleichsstudie/.lizard-tmp-DUgF1d/code/seed-b-frontend/.angular/cache/22.1.3/seed-b-frontend/vite/deps/@angular_router.js","(anonymous)","(anonymous)",4573,4576
3,2,38,0,3,"(anonymous)@4577-4579@/home/alex/dev/Bachelor/bmad-vergleichsstudie/.lizard-tmp-DUgF1d/code/seed-b-frontend/.angular/cache/22.1.3/seed-b-frontend/vite/deps/@angular_router.js","/home/alex/dev/Bachelor/bmad-vergleichsstudie/.lizard-tmp-DUgF1d/code/seed-b-frontend/.angular/cache/22.1.3/seed-b-frontend/vite/deps/@angular_router.js","(anonymous)","(anonymous)",4577,4579
4,1,25,0,9,"(anonymous)@4572-4580@/home/alex/dev/Bachelor/bmad-vergleichsstudie/.lizard-tmp-DUgF1d/code/seed-b-frontend/.angular/cache/22.1.3/seed-b-frontend/vite/deps/@angular_router.js","/home/alex/dev/Bachelor/bmad-vergleichsstudie/.lizard-tmp-DUgF1d/code/seed-b-frontend/.angular/cache/22.1.3/seed-b-frontend/vite/deps/@angular_router.js","(anonymous)","(anonymous)",4572,4580
5,3,45,2,13,"scheduleScrollEvent@4569-4581@/home/alex/dev/Bachelor/bmad-vergleichsstudie/.lizard-tmp-DUgF1d/code/seed-b-frontend/.angular/cache/22.1.3/seed-b-frontend/vite/deps/@angular_router.js","/home/alex/dev/Bachelor/bmad-vergleichsstudie/.lizard-tmp-DUgF1d/code/seed-b-frontend/.angular/cache/22.1.3/seed-b-frontend/vite/deps/@angular_router.js","scheduleScrollEvent","scheduleScrollEvent ( routerEvent , anchor )",4569,4581
4,1,20,0,4,"ngOnDestroy@4582-4585@/home/alex/dev/Bachelor/bmad-vergleichsstudie/.lizard-tmp-DUgF1d/code/seed-b-frontend/.angular/cache/22.1.3/seed-b-frontend/vite/deps/@angular_router.js","/home/alex/dev/Bachelor/bmad-vergleichsstudie/.lizard-tmp-DUgF1d/code/seed-b-frontend/.angular/cache/22.1.3/seed-b-frontend/vite/deps/@angular_router.js","ngOnDestroy","ngOnDestroy ( )",4582,4585
3,1,9,0,3,"RouterScroller_Factory@4586-4588@/home/alex/dev/Bachelor/bmad-vergleichsstudie/.lizard-tmp-DUgF1d/code/seed-b-frontend/.angular/cache/22.1.3/seed-b-frontend/vite/deps/@angular_router.js","/home/alex/dev/Bachelor/bmad-vergleichsstudie/.lizard-tmp-DUgF1d/code/seed-b-frontend/.angular/cache/22.1.3/seed-b-frontend/vite/deps/@angular_router.js","RouterScroller_Factory","RouterScroller_Factory ( )",4586,4588
1,1,7,0,1,"(anonymous)@4595-4595@/home/alex/dev/Bachelor/bmad-vergleichsstudie/.lizard-tmp-DUgF1d/code/seed-b-frontend/.angular/cache/22.1.3/seed-b-frontend/vite/deps/@angular_router.js","/home/alex/dev/Bachelor/bmad-vergleichsstudie/.lizard-tmp-DUgF1d/code/seed-b-frontend/.angular/cache/22.1.3/seed-b-frontend/vite/deps/@angular_router.js","(anonymous)","(anonymous)",4595,4595
3,3,32,0,3,"(anonymous)@4594-4596@/home/alex/dev/Bachelor/bmad-vergleichsstudie/.lizard-tmp-DUgF1d/code/seed-b-frontend/.angular/cache/22.1.3/seed-b-frontend/vite/deps/@angular_router.js","/home/alex/dev/Bachelor/bmad-vergleichsstudie/.lizard-tmp-DUgF1d/code/seed-b-frontend/.angular/cache/22.1.3/seed-b-frontend/vite/deps/@angular_router.js","(anonymous)","(anonymous)",4594,4596
3,1,10,1,3,"getLoadedRoutes@4597-4599@/home/alex/dev/Bachelor/bmad-vergleichsstudie/.lizard-tmp-DUgF1d/code/seed-b-frontend/.angular/cache/22.1.3/seed-b-frontend/vite/deps/@angular_router.js","/home/alex/dev/Bachelor/bmad-vergleichsstudie/.lizard-tmp-DUgF1d/code/seed-b-frontend/.angular/cache/22.1.3/seed-b-frontend/vite/deps/@angular_router.js","getLoadedRoutes","getLoadedRoutes ( route )",4597,4599
3,1,21,1,3,"getRouterInstance@4600-4602@/home/alex/dev/Bachelor/bmad-vergleichsstudie/.lizard-tmp-DUgF1d/code/seed-b-frontend/.angular/cache/22.1.3/seed-b-frontend/vite/deps/@angular_router.js","/home/alex/dev/Bachelor/bmad-vergleichsstudie/.lizard-tmp-DUgF1d/code/seed-b-frontend/.angular/cache/22.1.3/seed-b-frontend/vite/deps/@angular_router.js","getRouterInstance","getRouterInstance ( injector )",4600,4602
4,2,31,2,4,"navigateByUrl@4603-4606@/home/alex/dev/Bachelor/bmad-vergleichsstudie/.lizard-tmp-DUgF1d/code/seed-b-frontend/.angular/cache/22.1.3/seed-b-frontend/vite/deps/@angular_router.js","/home/alex/dev/Bachelor/bmad-vergleichsstudie/.lizard-tmp-DUgF1d/code/seed-b-frontend/.angular/cache/22.1.3/seed-b-frontend/vite/deps/@angular_router.js","navigateByUrl","navigateByUrl ( router , url )",4603,4606
3,1,13,1,3,"navigateListener@4623-4625@/home/alex/dev/Bachelor/bmad-vergleichsstudie/.lizard-tmp-DUgF1d/code/seed-b-frontend/.angular/cache/22.1.3/seed-b-frontend/vite/deps/@angular_router.js","/home/alex/dev/Bachelor/bmad-vergleichsstudie/.lizard-tmp-DUgF1d/code/seed-b-frontend/.angular/cache/22.1.3/seed-b-frontend/vite/deps/@angular_router.js","navigateListener","navigateListener ( event )",4623,4625
1,1,11,0,1,"(anonymous)@4627-4627@/home/alex/dev/Bachelor/bmad-vergleichsstudie/.lizard-tmp-DUgF1d/code/seed-b-frontend/.angular/cache/22.1.3/seed-b-frontend/vite/deps/@angular_router.js","/home/alex/dev/Bachelor/bmad-vergleichsstudie/.lizard-tmp-DUgF1d/code/seed-b-frontend/.angular/cache/22.1.3/seed-b-frontend/vite/deps/@angular_router.js","(anonymous)","(anonymous)",4627,4627
3,2,25,0,3,"(anonymous)@4631-4633@/home/alex/dev/Bachelor/bmad-vergleichsstudie/.lizard-tmp-DUgF1d/code/seed-b-frontend/.angular/cache/22.1.3/seed-b-frontend/vite/deps/@angular_router.js","/home/alex/dev/Bachelor/bmad-vergleichsstudie/.lizard-tmp-DUgF1d/code/seed-b-frontend/.angular/cache/22.1.3/seed-b-frontend/vite/deps/@angular_router.js","(anonymous)","(anonymous)",4631,4633
5,2,29,0,5,"(anonymous)@4647-4651@/home/alex/dev/Bachelor/bmad-vergleichsstudie/.lizard-tmp-DUgF1d/code/seed-b-frontend/.angular/cache/22.1.3/seed-b-frontend/vite/deps/@angular_router.js","/home/alex/dev/Bachelor/bmad-vergleichsstudie/.lizard-tmp-DUgF1d/code/seed-b-frontend/.angular/cache/22.1.3/seed-b-frontend/vite/deps/@angular_router.js","(anonymous)","(anonymous)",4647,4651
5,2,29,0,5,"(anonymous)@4656-4660@/home/alex/dev/Bachelor/bmad-vergleichsstudie/.lizard-tmp-DUgF1d/code/seed-b-frontend/.angular/cache/22.1.3/seed-b-frontend/vite/deps/@angular_router.js","/home/alex/dev/Bachelor/bmad-vergleichsstudie/.lizard-tmp-DUgF1d/code/seed-b-frontend/.angular/cache/22.1.3/seed-b-frontend/vite/deps/@angular_router.js","(anonymous)","(anonymous)",4656,4660
1,1,7,0,1,"read@4674-4674@/home/alex/dev/Bachelor/bmad-vergleichsstudie/.lizard-tmp-DUgF1d/code/seed-b-frontend/.angular/cache/22.1.3/seed-b-frontend/vite/deps/@angular_router.js","/home/alex/dev/Bachelor/bmad-vergleichsstudie/.lizard-tmp-DUgF1d/code/seed-b-frontend/.angular/cache/22.1.3/seed-b-frontend/vite/deps/@angular_router.js","read","read ( )",4674,4674
3,1,15,0,3,"abortHandler@4750-4752@/home/alex/dev/Bachelor/bmad-vergleichsstudie/.lizard-tmp-DUgF1d/code/seed-b-frontend/.angular/cache/22.1.3/seed-b-frontend/vite/deps/@angular_router.js","/home/alex/dev/Bachelor/bmad-vergleichsstudie/.lizard-tmp-DUgF1d/code/seed-b-frontend/.angular/cache/22.1.3/seed-b-frontend/vite/deps/@angular_router.js","abortHandler","abortHandler ( )",4750,4752
1,1,11,0,1,"this.currentNavigation.removeAbortListener@4754-4754@/home/alex/dev/Bachelor/bmad-vergleichsstudie/.lizard-tmp-DUgF1d/code/seed-b-frontend/.angular/cache/22.1.3/seed-b-frontend/vite/deps/@angular_router.js","/home/alex/dev/Bachelor/bmad-vergleichsstudie/.lizard-tmp-DUgF1d/code/seed-b-frontend/.angular/cache/22.1.3/seed-b-frontend/vite/deps/@angular_router.js","this.currentNavigation.removeAbortListener","this.currentNavigation.removeAbortListener",4754,4754
5,1,21,0,5,"this.currentNavigation.rejectNavigateEvent@4758-4762@/home/alex/dev/Bachelor/bmad-vergleichsstudie/.lizard-tmp-DUgF1d/code/seed-b-frontend/.angular/cache/22.1.3/seed-b-frontend/vite/deps/@angular_router.js","/home/alex/dev/Bachelor/bmad-vergleichsstudie/.lizard-tmp-DUgF1d/code/seed-b-frontend/.angular/cache/22.1.3/seed-b-frontend/vite/deps/@angular_router.js","this.currentNavigation.rejectNavigateEvent","this.currentNavigation.rejectNavigateEvent",4758,4762
2,1,9,0,2,"this.currentNavigation.resolveHandler@4763-4764@/home/alex/dev/Bachelor/bmad-vergleichsstudie/.lizard-tmp-DUgF1d/code/seed-b-frontend/.angular/cache/22.1.3/seed-b-frontend/vite/deps/@angular_router.js","/home/alex/dev/Bachelor/bmad-vergleichsstudie/.lizard-tmp-DUgF1d/code/seed-b-frontend/.angular/cache/22.1.3/seed-b-frontend/vite/deps/@angular_router.js","this.currentNavigation.resolveHandler","this.currentNavigation.resolveHandler",4763,4764
1,1,2,0,1,"(anonymous)@4767-4767@/home/alex/dev/Bachelor/bmad-vergleichsstudie/.lizard-tmp-DUgF1d/code/seed-b-frontend/.angular/cache/22.1.3/seed-b-frontend/vite/deps/@angular_router.js","/home/alex/dev/Bachelor/bmad-vergleichsstudie/.lizard-tmp-DUgF1d/code/seed-b-frontend/.angular/cache/22.1.3/seed-b-frontend/vite/deps/@angular_router.js","(anonymous)","(anonymous)",4767,4767
1,1,2,0,1,"(anonymous)@4768-4768@/home/alex/dev/Bachelor/bmad-vergleichsstudie/.lizard-tmp-DUgF1d/code/seed-b-frontend/.angular/cache/22.1.3/seed-b-frontend/vite/deps/@angular_router.js","/home/alex/dev/Bachelor/bmad-vergleichsstudie/.lizard-tmp-DUgF1d/code/seed-b-frontend/.angular/cache/22.1.3/seed-b-frontend/vite/deps/@angular_router.js","(anonymous)","(anonymous)",4768,4768
1,1,2,0,1,"interceptOptions.handler@4769-4769@/home/alex/dev/Bachelor/bmad-vergleichsstudie/.lizard-tmp-DUgF1d/code/seed-b-frontend/.angular/cache/22.1.3/seed-b-frontend/vite/deps/@angular_router.js","/home/alex/dev/Bachelor/bmad-vergleichsstudie/.lizard-tmp-DUgF1d/code/seed-b-frontend/.angular/cache/22.1.3/seed-b-frontend/vite/deps/@angular_router.js","interceptOptions.handler","interceptOptions.handler",4769,4769
1,1,2,0,1,"(anonymous)@4773-4773@/home/alex/dev/Bachelor/bmad-vergleichsstudie/.lizard-tmp-DUgF1d/code/seed-b-frontend/.angular/cache/22.1.3/seed-b-frontend/vite/deps/@angular_router.js","/home/alex/dev/Bachelor/bmad-vergleichsstudie/.lizard-tmp-DUgF1d/code/seed-b-frontend/.angular/cache/22.1.3/seed-b-frontend/vite/deps/@angular_router.js","(anonymous)","(anonymous)",4773,4773
5,2,38,0,5,"interceptOptions.precommitHandler@4772-4776@/home/alex/dev/Bachelor/bmad-vergleichsstudie/.lizard-tmp-DUgF1d/code/seed-b-frontend/.angular/cache/22.1.3/seed-b-frontend/vite/deps/@angular_router.js","/home/alex/dev/Bachelor/bmad-vergleichsstudie/.lizard-tmp-DUgF1d/code/seed-b-frontend/.angular/cache/22.1.3/seed-b-frontend/vite/deps/@angular_router.js","interceptOptions.precommitHandler","interceptOptions.precommitHandler",4772,4776
3,1,12,0,7,"(anonymous)@4771-4777@/home/alex/dev/Bachelor/bmad-vergleichsstudie/.lizard-tmp-DUgF1d/code/seed-b-frontend/.angular/cache/22.1.3/seed-b-frontend/vite/deps/@angular_router.js","/home/alex/dev/Bachelor/bmad-vergleichsstudie/.lizard-tmp-DUgF1d/code/seed-b-frontend/.angular/cache/22.1.3/seed-b-frontend/vite/deps/@angular_router.js","(anonymous)","(anonymous)",4771,4777
19,5,130,0,19,"this.currentNavigation.commitUrl@4778-4796@/home/alex/dev/Bachelor/bmad-vergleichsstudie/.lizard-tmp-DUgF1d/code/seed-b-frontend/.angular/cache/22.1.3/seed-b-frontend/vite/deps/@angular_router.js","/home/alex/dev/Bachelor/bmad-vergleichsstudie/.lizard-tmp-DUgF1d/code/seed-b-frontend/.angular/cache/22.1.3/seed-b-frontend/vite/deps/@angular_router.js","this.currentNavigation.commitUrl","this.currentNavigation.commitUrl ( )",4778,4796
3,2,15,0,3,"NavigationStateManager_Factory@4828-4830@/home/alex/dev/Bachelor/bmad-vergleichsstudie/.lizard-tmp-DUgF1d/code/seed-b-frontend/.angular/cache/22.1.3/seed-b-frontend/vite/deps/@angular_router.js","/home/alex/dev/Bachelor/bmad-vergleichsstudie/.lizard-tmp-DUgF1d/code/seed-b-frontend/.angular/cache/22.1.3/seed-b-frontend/vite/deps/@angular_router.js","NavigationStateManager_Factory","NavigationStateManager_Factory ( )",4828,4830
1,1,5,0,1,"(anonymous)@4837-4837@/home/alex/dev/Bachelor/bmad-vergleichsstudie/.lizard-tmp-DUgF1d/code/seed-b-frontend/.angular/cache/22.1.3/seed-b-frontend/vite/deps/@angular_router.js","/home/alex/dev/Bachelor/bmad-vergleichsstudie/.lizard-tmp-DUgF1d/code/seed-b-frontend/.angular/cache/22.1.3/seed-b-frontend/vite/deps/@angular_router.js","(anonymous)","(anonymous)",4837,4837
3,3,28,0,3,"(anonymous)@4836-4838@/home/alex/dev/Bachelor/bmad-vergleichsstudie/.lizard-tmp-DUgF1d/code/seed-b-frontend/.angular/cache/22.1.3/seed-b-frontend/vite/deps/@angular_router.js","/home/alex/dev/Bachelor/bmad-vergleichsstudie/.lizard-tmp-DUgF1d/code/seed-b-frontend/.angular/cache/22.1.3/seed-b-frontend/vite/deps/@angular_router.js","(anonymous)","(anonymous)",4836,4838
1,1,2,0,1,"(anonymous)@4840-4840@/home/alex/dev/Bachelor/bmad-vergleichsstudie/.lizard-tmp-DUgF1d/code/seed-b-frontend/.angular/cache/22.1.3/seed-b-frontend/vite/deps/@angular_router.js","/home/alex/dev/Bachelor/bmad-vergleichsstudie/.lizard-tmp-DUgF1d/code/seed-b-frontend/.angular/cache/22.1.3/seed-b-frontend/vite/deps/@angular_router.js","(anonymous)","(anonymous)",4840,4840
1,1,2,0,1,"(anonymous)@4841-4841@/home/alex/dev/Bachelor/bmad-vergleichsstudie/.lizard-tmp-DUgF1d/code/seed-b-frontend/.angular/cache/22.1.3/seed-b-frontend/vite/deps/@angular_router.js","/home/alex/dev/Bachelor/bmad-vergleichsstudie/.lizard-tmp-DUgF1d/code/seed-b-frontend/.angular/cache/22.1.3/seed-b-frontend/vite/deps/@angular_router.js","(anonymous)","(anonymous)",4841,4841
5,3,32,1,5,"handleResultRejections@4839-4843@/home/alex/dev/Bachelor/bmad-vergleichsstudie/.lizard-tmp-DUgF1d/code/seed-b-frontend/.angular/cache/22.1.3/seed-b-frontend/vite/deps/@angular_router.js","/home/alex/dev/Bachelor/bmad-vergleichsstudie/.lizard-tmp-DUgF1d/code/seed-b-frontend/.angular/cache/22.1.3/seed-b-frontend/vite/deps/@angular_router.js","handleResultRejections","handleResultRejections ( result )",4839,4843
5,3,38,1,5,"traverse@4847-4851@/home/alex/dev/Bachelor/bmad-vergleichsstudie/.lizard-tmp-DUgF1d/code/seed-b-frontend/.angular/cache/22.1.3/seed-b-frontend/vite/deps/@angular_router.js","/home/alex/dev/Bachelor/bmad-vergleichsstudie/.lizard-tmp-DUgF1d/code/seed-b-frontend/.angular/cache/22.1.3/seed-b-frontend/vite/deps/@angular_router.js","traverse","traverse ( stateNode )",4847,4851
5,3,24,0,9,"(anonymous)@4845-4853@/home/alex/dev/Bachelor/bmad-vergleichsstudie/.lizard-tmp-DUgF1d/code/seed-b-frontend/.angular/cache/22.1.3/seed-b-frontend/vite/deps/@angular_router.js","/home/alex/dev/Bachelor/bmad-vergleichsstudie/.lizard-tmp-DUgF1d/code/seed-b-frontend/.angular/cache/22.1.3/seed-b-frontend/vite/deps/@angular_router.js","(anonymous)","(anonymous)",4845,4853
3,1,18,0,11,"setupActivatedRouteInjectors@4844-4854@/home/alex/dev/Bachelor/bmad-vergleichsstudie/.lizard-tmp-DUgF1d/code/seed-b-frontend/.angular/cache/22.1.3/seed-b-frontend/vite/deps/@angular_router.js","/home/alex/dev/Bachelor/bmad-vergleichsstudie/.lizard-tmp-DUgF1d/code/seed-b-frontend/.angular/cache/22.1.3/seed-b-frontend/vite/deps/@angular_router.js","setupActivatedRouteInjectors","setupActivatedRouteInjectors ( )",4844,4854
4,3,36,2,4,"processRoute@4855-4858@/home/alex/dev/Bachelor/bmad-vergleichsstudie/.lizard-tmp-DUgF1d/code/seed-b-frontend/.angular/cache/22.1.3/seed-b-frontend/vite/deps/@angular_router.js","/home/alex/dev/Bachelor/bmad-vergleichsstudie/.lizard-tmp-DUgF1d/code/seed-b-frontend/.angular/cache/22.1.3/seed-b-frontend/vite/deps/@angular_router.js","processRoute","processRoute ( route , newlyCreatedRoutes )",4855,4858
4,3,38,2,4,"setupNewActivatedRouteInjector@4859-4862@/home/alex/dev/Bachelor/bmad-vergleichsstudie/.lizard-tmp-DUgF1d/code/seed-b-frontend/.angular/cache/22.1.3/seed-b-frontend/vite/deps/@angular_router.js","/home/alex/dev/Bachelor/bmad-vergleichsstudie/.lizard-tmp-DUgF1d/code/seed-b-frontend/.angular/cache/22.1.3/seed-b-frontend/vite/deps/@angular_router.js","setupNewActivatedRouteInjector","setupNewActivatedRouteInjector ( snapshot , route )",4859,4862
1,1,4,0,1,"(anonymous)@4884-4884@/home/alex/dev/Bachelor/bmad-vergleichsstudie/.lizard-tmp-DUgF1d/code/seed-b-frontend/.angular/cache/22.1.3/seed-b-frontend/vite/deps/@angular_router.js","/home/alex/dev/Bachelor/bmad-vergleichsstudie/.lizard-tmp-DUgF1d/code/seed-b-frontend/.angular/cache/22.1.3/seed-b-frontend/vite/deps/@angular_router.js","(anonymous)","(anonymous)",4884,4884
24,3,94,2,24,"provideRouter@4863-4886@/home/alex/dev/Bachelor/bmad-vergleichsstudie/.lizard-tmp-DUgF1d/code/seed-b-frontend/.angular/cache/22.1.3/seed-b-frontend/vite/deps/@angular_router.js","/home/alex/dev/Bachelor/bmad-vergleichsstudie/.lizard-tmp-DUgF1d/code/seed-b-frontend/.angular/cache/22.1.3/seed-b-frontend/vite/deps/@angular_router.js","provideRouter","provideRouter ( routes , features )",4863,4886
3,1,14,0,3,"rootRoute@4887-4889@/home/alex/dev/Bachelor/bmad-vergleichsstudie/.lizard-tmp-DUgF1d/code/seed-b-frontend/.angular/cache/22.1.3/seed-b-frontend/vite/deps/@angular_router.js","/home/alex/dev/Bachelor/bmad-vergleichsstudie/.lizard-tmp-DUgF1d/code/seed-b-frontend/.angular/cache/22.1.3/seed-b-frontend/vite/deps/@angular_router.js","rootRoute","rootRoute ( )",4887,4889
6,1,18,2,6,"routerFeature@4890-4895@/home/alex/dev/Bachelor/bmad-vergleichsstudie/.lizard-tmp-DUgF1d/code/seed-b-frontend/.angular/cache/22.1.3/seed-b-frontend/vite/deps/@angular_router.js","/home/alex/dev/Bachelor/bmad-vergleichsstudie/.lizard-tmp-DUgF1d/code/seed-b-frontend/.angular/cache/22.1.3/seed-b-frontend/vite/deps/@angular_router.js","routerFeature","routerFeature ( kind , providers )",4890,4895
2,1,9,0,2,"useFactory@4899-4900@/home/alex/dev/Bachelor/bmad-vergleichsstudie/.lizard-tmp-DUgF1d/code/seed-b-frontend/.angular/cache/22.1.3/seed-b-frontend/vite/deps/@angular_router.js","/home/alex/dev/Bachelor/bmad-vergleichsstudie/.lizard-tmp-DUgF1d/code/seed-b-frontend/.angular/cache/22.1.3/seed-b-frontend/vite/deps/@angular_router.js","useFactory","useFactory ( )",4899,4900
5,1,25,1,6,"withInMemoryScrolling@4896-4901@/home/alex/dev/Bachelor/bmad-vergleichsstudie/.lizard-tmp-DUgF1d/code/seed-b-frontend/.angular/cache/22.1.3/seed-b-frontend/vite/deps/@angular_router.js","/home/alex/dev/Bachelor/bmad-vergleichsstudie/.lizard-tmp-DUgF1d/code/seed-b-frontend/.angular/cache/22.1.3/seed-b-frontend/vite/deps/@angular_router.js","withInMemoryScrolling","withInMemoryScrolling ( options )",4896,4901
9,3,60,0,9,"(anonymous)@4903-4911@/home/alex/dev/Bachelor/bmad-vergleichsstudie/.lizard-tmp-DUgF1d/code/seed-b-frontend/.angular/cache/22.1.3/seed-b-frontend/vite/deps/@angular_router.js","/home/alex/dev/Bachelor/bmad-vergleichsstudie/.lizard-tmp-DUgF1d/code/seed-b-frontend/.angular/cache/22.1.3/seed-b-frontend/vite/deps/@angular_router.js","(anonymous)","(anonymous)",4903,4911
14,3,57,0,22,"withExperimentalPlatformNavigation@4902-4923@/home/alex/dev/Bachelor/bmad-vergleichsstudie/.lizard-tmp-DUgF1d/code/seed-b-frontend/.angular/cache/22.1.3/seed-b-frontend/vite/deps/@angular_router.js","/home/alex/dev/Bachelor/bmad-vergleichsstudie/.lizard-tmp-DUgF1d/code/seed-b-frontend/.angular/cache/22.1.3/seed-b-frontend/vite/deps/@angular_router.js","withExperimentalPlatformNavigation","withExperimentalPlatformNavigation ( )",4902,4923
15,6,141,0,15,"(anonymous)@4926-4940@/home/alex/dev/Bachelor/bmad-vergleichsstudie/.lizard-tmp-DUgF1d/code/seed-b-frontend/.angular/cache/22.1.3/seed-b-frontend/vite/deps/@angular_router.js","/home/alex/dev/Bachelor/bmad-vergleichsstudie/.lizard-tmp-DUgF1d/code/seed-b-frontend/.angular/cache/22.1.3/seed-b-frontend/vite/deps/@angular_router.js","(anonymous)","(anonymous)",4926,4940
4,1,19,0,18,"getBootstrapListener@4924-4941@/home/alex/dev/Bachelor/bmad-vergleichsstudie/.lizard-tmp-DUgF1d/code/seed-b-frontend/.angular/cache/22.1.3/seed-b-frontend/vite/deps/@angular_router.js","/home/alex/dev/Bachelor/bmad-vergleichsstudie/.lizard-tmp-DUgF1d/code/seed-b-frontend/.angular/cache/22.1.3/seed-b-frontend/vite/deps/@angular_router.js","getBootstrapListener","getBootstrapListener ( )",4924,4941
3,1,11,0,3,"factory@4942-4944@/home/alex/dev/Bachelor/bmad-vergleichsstudie/.lizard-tmp-DUgF1d/code/seed-b-frontend/.angular/cache/22.1.3/seed-b-frontend/vite/deps/@angular_router.js","/home/alex/dev/Bachelor/bmad-vergleichsstudie/.lizard-tmp-DUgF1d/code/seed-b-frontend/.angular/cache/22.1.3/seed-b-frontend/vite/deps/@angular_router.js","factory","factory ( )",4942,4944
1,1,5,0,1,"factory@4945-4945@/home/alex/dev/Bachelor/bmad-vergleichsstudie/.lizard-tmp-DUgF1d/code/seed-b-frontend/.angular/cache/22.1.3/seed-b-frontend/vite/deps/@angular_router.js","/home/alex/dev/Bachelor/bmad-vergleichsstudie/.lizard-tmp-DUgF1d/code/seed-b-frontend/.angular/cache/22.1.3/seed-b-frontend/vite/deps/@angular_router.js","factory","factory ( )",4945,4945
3,1,7,0,3,"(anonymous)@4962-4964@/home/alex/dev/Bachelor/bmad-vergleichsstudie/.lizard-tmp-DUgF1d/code/seed-b-frontend/.angular/cache/22.1.3/seed-b-frontend/vite/deps/@angular_router.js","/home/alex/dev/Bachelor/bmad-vergleichsstudie/.lizard-tmp-DUgF1d/code/seed-b-frontend/.angular/cache/22.1.3/seed-b-frontend/vite/deps/@angular_router.js","(anonymous)","(anonymous)",4962,4964
4,2,20,0,4,"(anonymous)@4965-4968@/home/alex/dev/Bachelor/bmad-vergleichsstudie/.lizard-tmp-DUgF1d/code/seed-b-frontend/.angular/cache/22.1.3/seed-b-frontend/vite/deps/@angular_router.js","/home/alex/dev/Bachelor/bmad-vergleichsstudie/.lizard-tmp-DUgF1d/code/seed-b-frontend/.angular/cache/22.1.3/seed-b-frontend/vite/deps/@angular_router.js","(anonymous)","(anonymous)",4965,4968
7,1,52,0,12,"(anonymous)@4959-4970@/home/alex/dev/Bachelor/bmad-vergleichsstudie/.lizard-tmp-DUgF1d/code/seed-b-frontend/.angular/cache/22.1.3/seed-b-frontend/vite/deps/@angular_router.js","/home/alex/dev/Bachelor/bmad-vergleichsstudie/.lizard-tmp-DUgF1d/code/seed-b-frontend/.angular/cache/22.1.3/seed-b-frontend/vite/deps/@angular_router.js","(anonymous)","(anonymous)",4959,4970
3,1,13,0,14,"(anonymous)@4958-4971@/home/alex/dev/Bachelor/bmad-vergleichsstudie/.lizard-tmp-DUgF1d/code/seed-b-frontend/.angular/cache/22.1.3/seed-b-frontend/vite/deps/@angular_router.js","/home/alex/dev/Bachelor/bmad-vergleichsstudie/.lizard-tmp-DUgF1d/code/seed-b-frontend/.angular/cache/22.1.3/seed-b-frontend/vite/deps/@angular_router.js","(anonymous)","(anonymous)",4958,4971
4,1,32,0,17,"(anonymous)@4956-4972@/home/alex/dev/Bachelor/bmad-vergleichsstudie/.lizard-tmp-DUgF1d/code/seed-b-frontend/.angular/cache/22.1.3/seed-b-frontend/vite/deps/@angular_router.js","/home/alex/dev/Bachelor/bmad-vergleichsstudie/.lizard-tmp-DUgF1d/code/seed-b-frontend/.angular/cache/22.1.3/seed-b-frontend/vite/deps/@angular_router.js","(anonymous)","(anonymous)",4956,4972
13,1,40,0,29,"withEnabledBlockingInitialNavigation@4946-4974@/home/alex/dev/Bachelor/bmad-vergleichsstudie/.lizard-tmp-DUgF1d/code/seed-b-frontend/.angular/cache/22.1.3/seed-b-frontend/vite/deps/@angular_router.js","/home/alex/dev/Bachelor/bmad-vergleichsstudie/.lizard-tmp-DUgF1d/code/seed-b-frontend/.angular/cache/22.1.3/seed-b-frontend/vite/deps/@angular_router.js","withEnabledBlockingInitialNavigation","withEnabledBlockingInitialNavigation ( )",4946,4974
3,1,11,0,3,"(anonymous)@4976-4978@/home/alex/dev/Bachelor/bmad-vergleichsstudie/.lizard-tmp-DUgF1d/code/seed-b-frontend/.angular/cache/22.1.3/seed-b-frontend/vite/deps/@angular_router.js","/home/alex/dev/Bachelor/bmad-vergleichsstudie/.lizard-tmp-DUgF1d/code/seed-b-frontend/.angular/cache/22.1.3/seed-b-frontend/vite/deps/@angular_router.js","(anonymous)","(anonymous)",4976,4978
6,1,30,0,8,"withDisabledInitialNavigation@4975-4982@/home/alex/dev/Bachelor/bmad-vergleichsstudie/.lizard-tmp-DUgF1d/code/seed-b-frontend/.angular/cache/22.1.3/seed-b-frontend/vite/deps/@angular_router.js","/home/alex/dev/Bachelor/bmad-vergleichsstudie/.lizard-tmp-DUgF1d/code/seed-b-frontend/.angular/cache/22.1.3/seed-b-frontend/vite/deps/@angular_router.js","withDisabledInitialNavigation","withDisabledInitialNavigation ( )",4975,4982
2,1,13,0,2,"(anonymous)@4990-4991@/home/alex/dev/Bachelor/bmad-vergleichsstudie/.lizard-tmp-DUgF1d/code/seed-b-frontend/.angular/cache/22.1.3/seed-b-frontend/vite/deps/@angular_router.js","/home/alex/dev/Bachelor/bmad-vergleichsstudie/.lizard-tmp-DUgF1d/code/seed-b-frontend/.angular/cache/22.1.3/seed-b-frontend/vite/deps/@angular_router.js","(anonymous)","(anonymous)",4990,4991
4,1,36,0,5,"(anonymous)@4990-4994@/home/alex/dev/Bachelor/bmad-vergleichsstudie/.lizard-tmp-DUgF1d/code/seed-b-frontend/.angular/cache/22.1.3/seed-b-frontend/vite/deps/@angular_router.js","/home/alex/dev/Bachelor/bmad-vergleichsstudie/.lizard-tmp-DUgF1d/code/seed-b-frontend/.angular/cache/22.1.3/seed-b-frontend/vite/deps/@angular_router.js","(anonymous)","(anonymous)",4990,4994
4,1,18,0,8,"useFactory@4988-4995@/home/alex/dev/Bachelor/bmad-vergleichsstudie/.lizard-tmp-DUgF1d/code/seed-b-frontend/.angular/cache/22.1.3/seed-b-frontend/vite/deps/@angular_router.js","/home/alex/dev/Bachelor/bmad-vergleichsstudie/.lizard-tmp-DUgF1d/code/seed-b-frontend/.angular/cache/22.1.3/seed-b-frontend/vite/deps/@angular_router.js","useFactory","useFactory ( )",4988,4995
7,3,36,0,14,"withDebugTracing@4983-4996@/home/alex/dev/Bachelor/bmad-vergleichsstudie/.lizard-tmp-DUgF1d/code/seed-b-frontend/.angular/cache/22.1.3/seed-b-frontend/vite/deps/@angular_router.js","/home/alex/dev/Bachelor/bmad-vergleichsstudie/.lizard-tmp-DUgF1d/code/seed-b-frontend/.angular/cache/22.1.3/seed-b-frontend/vite/deps/@angular_router.js","withDebugTracing","withDebugTracing ( )",4983,4996
9,1,33,1,9,"withPreloading@5002-5010@/home/alex/dev/Bachelor/bmad-vergleichsstudie/.lizard-tmp-DUgF1d/code/seed-b-frontend/.angular/cache/22.1.3/seed-b-frontend/vite/deps/@angular_router.js","/home/alex/dev/Bachelor/bmad-vergleichsstudie/.lizard-tmp-DUgF1d/code/seed-b-frontend/.angular/cache/22.1.3/seed-b-frontend/vite/deps/@angular_router.js","withPreloading","withPreloading ( preloadingStrategy )",5002,5010
6,1,23,1,6,"withRouterConfig@5011-5016@/home/alex/dev/Bachelor/bmad-vergleichsstudie/.lizard-tmp-DUgF1d/code/seed-b-frontend/.angular/cache/22.1.3/seed-b-frontend/vite/deps/@angular_router.js","/home/alex/dev/Bachelor/bmad-vergleichsstudie/.lizard-tmp-DUgF1d/code/seed-b-frontend/.angular/cache/22.1.3/seed-b-frontend/vite/deps/@angular_router.js","withRouterConfig","withRouterConfig ( options )",5011,5016
6,1,22,0,6,"withHashLocation@5017-5022@/home/alex/dev/Bachelor/bmad-vergleichsstudie/.lizard-tmp-DUgF1d/code/seed-b-frontend/.angular/cache/22.1.3/seed-b-frontend/vite/deps/@angular_router.js","/home/alex/dev/Bachelor/bmad-vergleichsstudie/.lizard-tmp-DUgF1d/code/seed-b-frontend/.angular/cache/22.1.3/seed-b-frontend/vite/deps/@angular_router.js","withHashLocation","withHashLocation ( )",5017,5022
6,1,23,1,6,"withNavigationErrorHandler@5023-5028@/home/alex/dev/Bachelor/bmad-vergleichsstudie/.lizard-tmp-DUgF1d/code/seed-b-frontend/.angular/cache/22.1.3/seed-b-frontend/vite/deps/@angular_router.js","/home/alex/dev/Bachelor/bmad-vergleichsstudie/.lizard-tmp-DUgF1d/code/seed-b-frontend/.angular/cache/22.1.3/seed-b-frontend/vite/deps/@angular_router.js","withNavigationErrorHandler","withNavigationErrorHandler ( handler )",5023,5028
6,1,22,0,6,"withExperimentalAutoCleanupInjectors@5029-5034@/home/alex/dev/Bachelor/bmad-vergleichsstudie/.lizard-tmp-DUgF1d/code/seed-b-frontend/.angular/cache/22.1.3/seed-b-frontend/vite/deps/@angular_router.js","/home/alex/dev/Bachelor/bmad-vergleichsstudie/.lizard-tmp-DUgF1d/code/seed-b-frontend/.angular/cache/22.1.3/seed-b-frontend/vite/deps/@angular_router.js","withExperimentalAutoCleanupInjectors","withExperimentalAutoCleanupInjectors ( )",5029,5034
2,1,9,0,2,"useFactory@5038-5039@/home/alex/dev/Bachelor/bmad-vergleichsstudie/.lizard-tmp-DUgF1d/code/seed-b-frontend/.angular/cache/22.1.3/seed-b-frontend/vite/deps/@angular_router.js","/home/alex/dev/Bachelor/bmad-vergleichsstudie/.lizard-tmp-DUgF1d/code/seed-b-frontend/.angular/cache/22.1.3/seed-b-frontend/vite/deps/@angular_router.js","useFactory","useFactory ( )",5038,5039
5,1,25,1,6,"withComponentInputBinding@5035-5040@/home/alex/dev/Bachelor/bmad-vergleichsstudie/.lizard-tmp-DUgF1d/code/seed-b-frontend/.angular/cache/22.1.3/seed-b-frontend/vite/deps/@angular_router.js","/home/alex/dev/Bachelor/bmad-vergleichsstudie/.lizard-tmp-DUgF1d/code/seed-b-frontend/.angular/cache/22.1.3/seed-b-frontend/vite/deps/@angular_router.js","withComponentInputBinding","withComponentInputBinding ( options )",5035,5040
13,1,49,1,13,"withViewTransitions@5041-5053@/home/alex/dev/Bachelor/bmad-vergleichsstudie/.lizard-tmp-DUgF1d/code/seed-b-frontend/.angular/cache/22.1.3/seed-b-frontend/vite/deps/@angular_router.js","/home/alex/dev/Bachelor/bmad-vergleichsstudie/.lizard-tmp-DUgF1d/code/seed-b-frontend/.angular/cache/22.1.3/seed-b-frontend/vite/deps/@angular_router.js","withViewTransitions","withViewTransitions ( options )",5041,5053
6,1,26,0,6,"withActivatedRouteInjectors@5054-5059@/home/alex/dev/Bachelor/bmad-vergleichsstudie/.lizard-tmp-DUgF1d/code/seed-b-frontend/.angular/cache/22.1.3/seed-b-frontend/vite/deps/@angular_router.js","/home/alex/dev/Bachelor/bmad-vergleichsstudie/.lizard-tmp-DUgF1d/code/seed-b-frontend/.angular/cache/22.1.3/seed-b-frontend/vite/deps/@angular_router.js","withActivatedRouteInjectors","withActivatedRouteInjectors ( )",5054,5059
3,3,24,0,3,"constructor@5082-5084@/home/alex/dev/Bachelor/bmad-vergleichsstudie/.lizard-tmp-DUgF1d/code/seed-b-frontend/.angular/cache/22.1.3/seed-b-frontend/vite/deps/@angular_router.js","/home/alex/dev/Bachelor/bmad-vergleichsstudie/.lizard-tmp-DUgF1d/code/seed-b-frontend/.angular/cache/22.1.3/seed-b-frontend/vite/deps/@angular_router.js","constructor","constructor ( )",5082,5084
32,14,194,2,33,"forRoot@5085-5117@/home/alex/dev/Bachelor/bmad-vergleichsstudie/.lizard-tmp-DUgF1d/code/seed-b-frontend/.angular/cache/22.1.3/seed-b-frontend/vite/deps/@angular_router.js","/home/alex/dev/Bachelor/bmad-vergleichsstudie/.lizard-tmp-DUgF1d/code/seed-b-frontend/.angular/cache/22.1.3/seed-b-frontend/vite/deps/@angular_router.js","forRoot","forRoot ( routes , config )",5085,5117
10,1,30,1,10,"forChild@5118-5127@/home/alex/dev/Bachelor/bmad-vergleichsstudie/.lizard-tmp-DUgF1d/code/seed-b-frontend/.angular/cache/22.1.3/seed-b-frontend/vite/deps/@angular_router.js","/home/alex/dev/Bachelor/bmad-vergleichsstudie/.lizard-tmp-DUgF1d/code/seed-b-frontend/.angular/cache/22.1.3/seed-b-frontend/vite/deps/@angular_router.js","forChild","forChild ( routes )",5118,5127
3,2,15,0,3,"RouterModule_Factory@5128-5130@/home/alex/dev/Bachelor/bmad-vergleichsstudie/.lizard-tmp-DUgF1d/code/seed-b-frontend/.angular/cache/22.1.3/seed-b-frontend/vite/deps/@angular_router.js","/home/alex/dev/Bachelor/bmad-vergleichsstudie/.lizard-tmp-DUgF1d/code/seed-b-frontend/.angular/cache/22.1.3/seed-b-frontend/vite/deps/@angular_router.js","RouterModule_Factory","RouterModule_Factory ( )",5128,5130
1,1,5,0,1,"(anonymous)@5155-5155@/home/alex/dev/Bachelor/bmad-vergleichsstudie/.lizard-tmp-DUgF1d/code/seed-b-frontend/.angular/cache/22.1.3/seed-b-frontend/vite/deps/@angular_router.js","/home/alex/dev/Bachelor/bmad-vergleichsstudie/.lizard-tmp-DUgF1d/code/seed-b-frontend/.angular/cache/22.1.3/seed-b-frontend/vite/deps/@angular_router.js","(anonymous)","(anonymous)",5155,5155
9,3,42,0,9,"(anonymous)@5148-5156@/home/alex/dev/Bachelor/bmad-vergleichsstudie/.lizard-tmp-DUgF1d/code/seed-b-frontend/.angular/cache/22.1.3/seed-b-frontend/vite/deps/@angular_router.js","/home/alex/dev/Bachelor/bmad-vergleichsstudie/.lizard-tmp-DUgF1d/code/seed-b-frontend/.angular/cache/22.1.3/seed-b-frontend/vite/deps/@angular_router.js","(anonymous)","(anonymous)",5148,5156
6,2,43,0,6,"useFactory@5160-5165@/home/alex/dev/Bachelor/bmad-vergleichsstudie/.lizard-tmp-DUgF1d/code/seed-b-frontend/.angular/cache/22.1.3/seed-b-frontend/vite/deps/@angular_router.js","/home/alex/dev/Bachelor/bmad-vergleichsstudie/.lizard-tmp-DUgF1d/code/seed-b-frontend/.angular/cache/22.1.3/seed-b-frontend/vite/deps/@angular_router.js","useFactory","useFactory ( )",5160,5165
6,1,15,0,11,"provideRouterScroller@5157-5167@/home/alex/dev/Bachelor/bmad-vergleichsstudie/.lizard-tmp-DUgF1d/code/seed-b-frontend/.angular/cache/22.1.3/seed-b-frontend/vite/deps/@angular_router.js","/home/alex/dev/Bachelor/bmad-vergleichsstudie/.lizard-tmp-DUgF1d/code/seed-b-frontend/.angular/cache/22.1.3/seed-b-frontend/vite/deps/@angular_router.js","provideRouterScroller","provideRouterScroller ( )",5157,5167
6,1,15,0,6,"provideHashLocationStrategy@5168-5173@/home/alex/dev/Bachelor/bmad-vergleichsstudie/.lizard-tmp-DUgF1d/code/seed-b-frontend/.angular/cache/22.1.3/seed-b-frontend/vite/deps/@angular_router.js","/home/alex/dev/Bachelor/bmad-vergleichsstudie/.lizard-tmp-DUgF1d/code/seed-b-frontend/.angular/cache/22.1.3/seed-b-frontend/vite/deps/@angular_router.js","provideHashLocationStrategy","provideHashLocationStrategy ( )",5168,5173
6,1,15,0,6,"providePathLocationStrategy@5174-5179@/home/alex/dev/Bachelor/bmad-vergleichsstudie/.lizard-tmp-DUgF1d/code/seed-b-frontend/.angular/cache/22.1.3/seed-b-frontend/vite/deps/@angular_router.js","/home/alex/dev/Bachelor/bmad-vergleichsstudie/.lizard-tmp-DUgF1d/code/seed-b-frontend/.angular/cache/22.1.3/seed-b-frontend/vite/deps/@angular_router.js","providePathLocationStrategy","providePathLocationStrategy ( )",5174,5179
7,2,33,0,7,"provideForRootGuard@5180-5186@/home/alex/dev/Bachelor/bmad-vergleichsstudie/.lizard-tmp-DUgF1d/code/seed-b-frontend/.angular/cache/22.1.3/seed-b-frontend/vite/deps/@angular_router.js","/home/alex/dev/Bachelor/bmad-vergleichsstudie/.lizard-tmp-DUgF1d/code/seed-b-frontend/.angular/cache/22.1.3/seed-b-frontend/vite/deps/@angular_router.js","provideForRootGuard","provideForRootGuard ( )",5180,5186
3,3,38,1,3,"provideInitialNavigation@5187-5189@/home/alex/dev/Bachelor/bmad-vergleichsstudie/.lizard-tmp-DUgF1d/code/seed-b-frontend/.angular/cache/22.1.3/seed-b-frontend/vite/deps/@angular_router.js","/home/alex/dev/Bachelor/bmad-vergleichsstudie/.lizard-tmp-DUgF1d/code/seed-b-frontend/.angular/cache/22.1.3/seed-b-frontend/vite/deps/@angular_router.js","provideInitialNavigation","provideInitialNavigation ( config )",5187,5189
10,1,31,0,10,"provideRouterInitializer@5191-5200@/home/alex/dev/Bachelor/bmad-vergleichsstudie/.lizard-tmp-DUgF1d/code/seed-b-frontend/.angular/cache/22.1.3/seed-b-frontend/vite/deps/@angular_router.js","/home/alex/dev/Bachelor/bmad-vergleichsstudie/.lizard-tmp-DUgF1d/code/seed-b-frontend/.angular/cache/22.1.3/seed-b-frontend/vite/deps/@angular_router.js","provideRouterInitializer","provideRouterInitializer ( )",5191,5200
1,1,16,0,1,"(anonymous)@5209-5209@/home/alex/dev/Bachelor/bmad-vergleichsstudie/.lizard-tmp-DUgF1d/code/seed-b-frontend/.angular/cache/22.1.3/seed-b-frontend/vite/deps/@angular_router.js","/home/alex/dev/Bachelor/bmad-vergleichsstudie/.lizard-tmp-DUgF1d/code/seed-b-frontend/.angular/cache/22.1.3/seed-b-frontend/vite/deps/@angular_router.js","(anonymous)","(anonymous)",5209,5209
3,1,16,1,3,"mapToCanMatch@5208-5210@/home/alex/dev/Bachelor/bmad-vergleichsstudie/.lizard-tmp-DUgF1d/code/seed-b-frontend/.angular/cache/22.1.3/seed-b-frontend/vite/deps/@angular_router.js","/home/alex/dev/Bachelor/bmad-vergleichsstudie/.lizard-tmp-DUgF1d/code/seed-b-frontend/.angular/cache/22.1.3/seed-b-frontend/vite/deps/@angular_router.js","mapToCanMatch","mapToCanMatch ( providers )",5208,5210
1,1,16,0,1,"(anonymous)@5212-5212@/home/alex/dev/Bachelor/bmad-vergleichsstudie/.lizard-tmp-DUgF1d/code/seed-b-frontend/.angular/cache/22.1.3/seed-b-frontend/vite/deps/@angular_router.js","/home/alex/dev/Bachelor/bmad-vergleichsstudie/.lizard-tmp-DUgF1d/code/seed-b-frontend/.angular/cache/22.1.3/seed-b-frontend/vite/deps/@angular_router.js","(anonymous)","(anonymous)",5212,5212
3,1,16,1,3,"mapToCanActivate@5211-5213@/home/alex/dev/Bachelor/bmad-vergleichsstudie/.lizard-tmp-DUgF1d/code/seed-b-frontend/.angular/cache/22.1.3/seed-b-frontend/vite/deps/@angular_router.js","/home/alex/dev/Bachelor/bmad-vergleichsstudie/.lizard-tmp-DUgF1d/code/seed-b-frontend/.angular/cache/22.1.3/seed-b-frontend/vite/deps/@angular_router.js","mapToCanActivate","mapToCanActivate ( providers )",5211,5213
1,1,16,0,1,"(anonymous)@5215-5215@/home/alex/dev/Bachelor/bmad-vergleichsstudie/.lizard-tmp-DUgF1d/code/seed-b-frontend/.angular/cache/22.1.3/seed-b-frontend/vite/deps/@angular_router.js","/home/alex/dev/Bachelor/bmad-vergleichsstudie/.lizard-tmp-DUgF1d/code/seed-b-frontend/.angular/cache/22.1.3/seed-b-frontend/vite/deps/@angular_router.js","(anonymous)","(anonymous)",5215,5215
3,1,16,1,3,"mapToCanActivateChild@5214-5216@/home/alex/dev/Bachelor/bmad-vergleichsstudie/.lizard-tmp-DUgF1d/code/seed-b-frontend/.angular/cache/22.1.3/seed-b-frontend/vite/deps/@angular_router.js","/home/alex/dev/Bachelor/bmad-vergleichsstudie/.lizard-tmp-DUgF1d/code/seed-b-frontend/.angular/cache/22.1.3/seed-b-frontend/vite/deps/@angular_router.js","mapToCanActivateChild","mapToCanActivateChild ( providers )",5214,5216
1,1,16,0,1,"(anonymous)@5218-5218@/home/alex/dev/Bachelor/bmad-vergleichsstudie/.lizard-tmp-DUgF1d/code/seed-b-frontend/.angular/cache/22.1.3/seed-b-frontend/vite/deps/@angular_router.js","/home/alex/dev/Bachelor/bmad-vergleichsstudie/.lizard-tmp-DUgF1d/code/seed-b-frontend/.angular/cache/22.1.3/seed-b-frontend/vite/deps/@angular_router.js","(anonymous)","(anonymous)",5218,5218
3,1,16,1,3,"mapToCanDeactivate@5217-5219@/home/alex/dev/Bachelor/bmad-vergleichsstudie/.lizard-tmp-DUgF1d/code/seed-b-frontend/.angular/cache/22.1.3/seed-b-frontend/vite/deps/@angular_router.js","/home/alex/dev/Bachelor/bmad-vergleichsstudie/.lizard-tmp-DUgF1d/code/seed-b-frontend/.angular/cache/22.1.3/seed-b-frontend/vite/deps/@angular_router.js","mapToCanDeactivate","mapToCanDeactivate ( providers )",5217,5219
1,1,11,0,1,"(anonymous)@5221-5221@/home/alex/dev/Bachelor/bmad-vergleichsstudie/.lizard-tmp-DUgF1d/code/seed-b-frontend/.angular/cache/22.1.3/seed-b-frontend/vite/deps/@angular_router.js","/home/alex/dev/Bachelor/bmad-vergleichsstudie/.lizard-tmp-DUgF1d/code/seed-b-frontend/.angular/cache/22.1.3/seed-b-frontend/vite/deps/@angular_router.js","(anonymous)","(anonymous)",5221,5221
3,1,12,1,3,"mapToResolve@5220-5222@/home/alex/dev/Bachelor/bmad-vergleichsstudie/.lizard-tmp-DUgF1d/code/seed-b-frontend/.angular/cache/22.1.3/seed-b-frontend/vite/deps/@angular_router.js","/home/alex/dev/Bachelor/bmad-vergleichsstudie/.lizard-tmp-DUgF1d/code/seed-b-frontend/.angular/cache/22.1.3/seed-b-frontend/vite/deps/@angular_router.js","mapToResolve","mapToResolve ( provider )",5220,5222
3,1,7,0,3,"getDOM@9-11@/home/alex/dev/Bachelor/bmad-vergleichsstudie/.lizard-tmp-DUgF1d/code/seed-b-frontend/.angular/cache/22.1.3/seed-b-frontend/vite/deps/_xhr-chunk-Nj5fWVlG.js","/home/alex/dev/Bachelor/bmad-vergleichsstudie/.lizard-tmp-DUgF1d/code/seed-b-frontend/.angular/cache/22.1.3/seed-b-frontend/vite/deps/_xhr-chunk-Nj5fWVlG.js","getDOM","getDOM ( )",9,11
3,3,11,1,3,"setRootDomAdapter@12-14@/home/alex/dev/Bachelor/bmad-vergleichsstudie/.lizard-tmp-DUgF1d/code/seed-b-frontend/.angular/cache/22.1.3/seed-b-frontend/vite/deps/_xhr-chunk-Nj5fWVlG.js","/home/alex/dev/Bachelor/bmad-vergleichsstudie/.lizard-tmp-DUgF1d/code/seed-b-frontend/.angular/cache/22.1.3/seed-b-frontend/vite/deps/_xhr-chunk-Nj5fWVlG.js","setRootDomAdapter","setRootDomAdapter ( adapter )",12,14
3,2,16,1,3,"historyGo@17-19@/home/alex/dev/Bachelor/bmad-vergleichsstudie/.lizard-tmp-DUgF1d/code/seed-b-frontend/.angular/cache/22.1.3/seed-b-frontend/vite/deps/_xhr-chunk-Nj5fWVlG.js","/home/alex/dev/Bachelor/bmad-vergleichsstudie/.lizard-tmp-DUgF1d/code/seed-b-frontend/.angular/cache/22.1.3/seed-b-frontend/vite/deps/_xhr-chunk-Nj5fWVlG.js","historyGo","historyGo ( relativePosition )",17,19
3,2,15,0,3,"PlatformLocation_Factory@20-22@/home/alex/dev/Bachelor/bmad-vergleichsstudie/.lizard-tmp-DUgF1d/code/seed-b-frontend/.angular/cache/22.1.3/seed-b-frontend/vite/deps/_xhr-chunk-Nj5fWVlG.js","/home/alex/dev/Bachelor/bmad-vergleichsstudie/.lizard-tmp-DUgF1d/code/seed-b-frontend/.angular/cache/22.1.3/seed-b-frontend/vite/deps/_xhr-chunk-Nj5fWVlG.js","PlatformLocation_Factory","PlatformLocation_Factory ( )",20,22
9,3,48,0,9,"(anonymous)@29-37@/home/alex/dev/Bachelor/bmad-vergleichsstudie/.lizard-tmp-DUgF1d/code/seed-b-frontend/.angular/cache/22.1.3/seed-b-frontend/vite/deps/_xhr-chunk-Nj5fWVlG.js","/home/alex/dev/Bachelor/bmad-vergleichsstudie/.lizard-tmp-DUgF1d/code/seed-b-frontend/.angular/cache/22.1.3/seed-b-frontend/vite/deps/_xhr-chunk-Nj5fWVlG.js","(anonymous)","(anonymous)",29,37
5,1,24,0,5,"constructor@43-47@/home/alex/dev/Bachelor/bmad-vergleichsstudie/.lizard-tmp-DUgF1d/code/seed-b-frontend/.angular/cache/22.1.3/seed-b-frontend/vite/deps/_xhr-chunk-Nj5fWVlG.js","/home/alex/dev/Bachelor/bmad-vergleichsstudie/.lizard-tmp-DUgF1d/code/seed-b-frontend/.angular/cache/22.1.3/seed-b-frontend/vite/deps/_xhr-chunk-Nj5fWVlG.js","constructor","constructor ( )",43,47
3,1,16,0,3,"getBaseHrefFromDOM@48-50@/home/alex/dev/Bachelor/bmad-vergleichsstudie/.lizard-tmp-DUgF1d/code/seed-b-frontend/.angular/cache/22.1.3/seed-b-frontend/vite/deps/_xhr-chunk-Nj5fWVlG.js","/home/alex/dev/Bachelor/bmad-vergleichsstudie/.lizard-tmp-DUgF1d/code/seed-b-frontend/.angular/cache/22.1.3/seed-b-frontend/vite/deps/_xhr-chunk-Nj5fWVlG.js","getBaseHrefFromDOM","getBaseHrefFromDOM ( )",48,50
1,1,9,0,1,"(anonymous)@54-54@/home/alex/dev/Bachelor/bmad-vergleichsstudie/.lizard-tmp-DUgF1d/code/seed-b-frontend/.angular/cache/22.1.3/seed-b-frontend/vite/deps/_xhr-chunk-Nj5fWVlG.js","/home/alex/dev/Bachelor/bmad-vergleichsstudie/.lizard-tmp-DUgF1d/code/seed-b-frontend/.angular/cache/22.1.3/seed-b-frontend/vite/deps/_xhr-chunk-Nj5fWVlG.js","(anonymous)","(anonymous)",54,54
5,1,37,1,5,"onPopState@51-55@/home/alex/dev/Bachelor/bmad-vergleichsstudie/.lizard-tmp-DUgF1d/code/seed-b-frontend/.angular/cache/22.1.3/seed-b-frontend/vite/deps/_xhr-chunk-Nj5fWVlG.js","/home/alex/dev/Bachelor/bmad-vergleichsstudie/.lizard-tmp-DUgF1d/code/seed-b-frontend/.angular/cache/22.1.3/seed-b-frontend/vite/deps/_xhr-chunk-Nj5fWVlG.js","onPopState","onPopState ( fn )",51,55
1,1,9,0,1,"(anonymous)@59-59@/home/alex/dev/Bachelor/bmad-vergleichsstudie/.lizard-tmp-DUgF1d/code/seed-b-frontend/.angular/cache/22.1.3/seed-b-frontend/vite/deps/_xhr-chunk-Nj5fWVlG.js","/home/alex/dev/Bachelor/bmad-vergleichsstudie/.lizard-tmp-DUgF1d/code/seed-b-frontend/.angular/cache/22.1.3/seed-b-frontend/vite/deps/_xhr-chunk-Nj5fWVlG.js","(anonymous)","(anonymous)",59,59
5,1,37,1,5,"onHashChange@56-60@/home/alex/dev/Bachelor/bmad-vergleichsstudie/.lizard-tmp-DUgF1d/code/seed-b-frontend/.angular/cache/22.1.3/seed-b-frontend/vite/deps/_xhr-chunk-Nj5fWVlG.js","/home/alex/dev/Bachelor/bmad-vergleichsstudie/.lizard-tmp-DUgF1d/code/seed-b-frontend/.angular/cache/22.1.3/seed-b-frontend/vite/deps/_xhr-chunk-Nj5fWVlG.js","onHashChange","onHashChange ( fn )",56,60
3,1,11,0,3,"get href@61-63@/home/alex/dev/Bachelor/bmad-vergleichsstudie/.lizard-tmp-DUgF1d/code/seed-b-frontend/.angular/cache/22.1.3/seed-b-frontend/vite/deps/_xhr-chunk-Nj5fWVlG.js","/home/alex/dev/Bachelor/bmad-vergleichsstudie/.lizard-tmp-DUgF1d/code/seed-b-frontend/.angular/cache/22.1.3/seed-b-frontend/vite/deps/_xhr-chunk-Nj5fWVlG.js","get href","get href ( )",61,63
3,1,11,0,3,"get protocol@64-66@/home/alex/dev/Bachelor/bmad-vergleichsstudie/.lizard-tmp-DUgF1d/code/seed-b-frontend/.angular/cache/22.1.3/seed-b-frontend/vite/deps/_xhr-chunk-Nj5fWVlG.js","/home/alex/dev/Bachelor/bmad-vergleichsstudie/.lizard-tmp-DUgF1d/code/seed-b-frontend/.angular/cache/22.1.3/seed-b-frontend/vite/deps/_xhr-chunk-Nj5fWVlG.js","get protocol","get protocol ( )",64,66
3,1,11,0,3,"get hostname@67-69@/home/alex/dev/Bachelor/bmad-vergleichsstudie/.lizard-tmp-DUgF1d/code/seed-b-frontend/.angular/cache/22.1.3/seed-b-frontend/vite/deps/_xhr-chunk-Nj5fWVlG.js","/home/alex/dev/Bachelor/bmad-vergleichsstudie/.lizard-tmp-DUgF1d/code/seed-b-frontend/.angular/cache/22.1.3/seed-b-frontend/vite/deps/_xhr-chunk-Nj5fWVlG.js","get hostname","get hostname ( )",67,69
3,1,11,0,3,"get port@70-72@/home/alex/dev/Bachelor/bmad-vergleichsstudie/.lizard-tmp-DUgF1d/code/seed-b-frontend/.angular/cache/22.1.3/seed-b-frontend/vite/deps/_xhr-chunk-Nj5fWVlG.js","/home/alex/dev/Bachelor/bmad-vergleichsstudie/.lizard-tmp-DUgF1d/code/seed-b-frontend/.angular/cache/22.1.3/seed-b-frontend/vite/deps/_xhr-chunk-Nj5fWVlG.js","get port","get port ( )",70,72
3,1,11,0,3,"get pathname@73-75@/home/alex/dev/Bachelor/bmad-vergleichsstudie/.lizard-tmp-DUgF1d/code/seed-b-frontend/.angular/cache/22.1.3/seed-b-frontend/vite/deps/_xhr-chunk-Nj5fWVlG.js","/home/alex/dev/Bachelor/bmad-vergleichsstudie/.lizard-tmp-DUgF1d/code/seed-b-frontend/.angular/cache/22.1.3/seed-b-frontend/vite/deps/_xhr-chunk-Nj5fWVlG.js","get pathname","get pathname ( )",73,75
3,1,11,0,3,"get search@76-78@/home/alex/dev/Bachelor/bmad-vergleichsstudie/.lizard-tmp-DUgF1d/code/seed-b-frontend/.angular/cache/22.1.3/seed-b-frontend/vite/deps/_xhr-chunk-Nj5fWVlG.js","/home/alex/dev/Bachelor/bmad-vergleichsstudie/.lizard-tmp-DUgF1d/code/seed-b-frontend/.angular/cache/22.1.3/seed-b-frontend/vite/deps/_xhr-chunk-Nj5fWVlG.js","get search","get search ( )",76,78
3,1,11,0,3,"get hash@79-81@/home/alex/dev/Bachelor/bmad-vergleichsstudie/.lizard-tmp-DUgF1d/code/seed-b-frontend/.angular/cache/22.1.3/seed-b-frontend/vite/deps/_xhr-chunk-Nj5fWVlG.js","/home/alex/dev/Bachelor/bmad-vergleichsstudie/.lizard-tmp-DUgF1d/code/seed-b-frontend/.angular/cache/22.1.3/seed-b-frontend/vite/deps/_xhr-chunk-Nj5fWVlG.js","get hash","get hash ( )",79,81
3,1,13,1,3,"set pathname@82-84@/home/alex/dev/Bachelor/bmad-vergleichsstudie/.lizard-tmp-DUgF1d/code/seed-b-frontend/.angular/cache/22.1.3/seed-b-frontend/vite/deps/_xhr-chunk-Nj5fWVlG.js","/home/alex/dev/Bachelor/bmad-vergleichsstudie/.lizard-tmp-DUgF1d/code/seed-b-frontend/.angular/cache/22.1.3/seed-b-frontend/vite/deps/_xhr-chunk-Nj5fWVlG.js","set pathname","set pathname ( newPath )",82,84
3,1,22,3,3,"pushState@85-87@/home/alex/dev/Bachelor/bmad-vergleichsstudie/.lizard-tmp-DUgF1d/code/seed-b-frontend/.angular/cache/22.1.3/seed-b-frontend/vite/deps/_xhr-chunk-Nj5fWVlG.js","/home/alex/dev/Bachelor/bmad-vergleichsstudie/.lizard-tmp-DUgF1d/code/seed-b-frontend/.angular/cache/22.1.3/seed-b-frontend/vite/deps/_xhr-chunk-Nj5fWVlG.js","pushState","pushState ( state , title , url )",85,87
3,1,22,3,3,"replaceState@88-90@/home/alex/dev/Bachelor/bmad-vergleichsstudie/.lizard-tmp-DUgF1d/code/seed-b-frontend/.angular/cache/22.1.3/seed-b-frontend/vite/deps/_xhr-chunk-Nj5fWVlG.js","/home/alex/dev/Bachelor/bmad-vergleichsstudie/.lizard-tmp-DUgF1d/code/seed-b-frontend/.angular/cache/22.1.3/seed-b-frontend/vite/deps/_xhr-chunk-Nj5fWVlG.js","replaceState","replaceState ( state , title , url )",88,90
3,1,12,0,3,"forward@91-93@/home/alex/dev/Bachelor/bmad-vergleichsstudie/.lizard-tmp-DUgF1d/code/seed-b-frontend/.angular/cache/22.1.3/seed-b-frontend/vite/deps/_xhr-chunk-Nj5fWVlG.js","/home/alex/dev/Bachelor/bmad-vergleichsstudie/.lizard-tmp-DUgF1d/code/seed-b-frontend/.angular/cache/22.1.3/seed-b-frontend/vite/deps/_xhr-chunk-Nj5fWVlG.js","forward","forward ( )",91,93
3,1,12,0,3,"back@94-96@/home/alex/dev/Bachelor/bmad-vergleichsstudie/.lizard-tmp-DUgF1d/code/seed-b-frontend/.angular/cache/22.1.3/seed-b-frontend/vite/deps/_xhr-chunk-Nj5fWVlG.js","/home/alex/dev/Bachelor/bmad-vergleichsstudie/.lizard-tmp-DUgF1d/code/seed-b-frontend/.angular/cache/22.1.3/seed-b-frontend/vite/deps/_xhr-chunk-Nj5fWVlG.js","back","back ( )",94,96
3,1,16,1,3,"historyGo@97-99@/home/alex/dev/Bachelor/bmad-vergleichsstudie/.lizard-tmp-DUgF1d/code/seed-b-frontend/.angular/cache/22.1.3/seed-b-frontend/vite/deps/_xhr-chunk-Nj5fWVlG.js","/home/alex/dev/Bachelor/bmad-vergleichsstudie/.lizard-tmp-DUgF1d/code/seed-b-frontend/.angular/cache/22.1.3/seed-b-frontend/vite/deps/_xhr-chunk-Nj5fWVlG.js","historyGo","historyGo ( relativePosition )",97,99
3,1,11,0,3,"getState@100-102@/home/alex/dev/Bachelor/bmad-vergleichsstudie/.lizard-tmp-DUgF1d/code/seed-b-frontend/.angular/cache/22.1.3/seed-b-frontend/vite/deps/_xhr-chunk-Nj5fWVlG.js","/home/alex/dev/Bachelor/bmad-vergleichsstudie/.lizard-tmp-DUgF1d/code/seed-b-frontend/.angular/cache/22.1.3/seed-b-frontend/vite/deps/_xhr-chunk-Nj5fWVlG.js","getState","getState ( )",100,102
3,2,15,0,3,"BrowserPlatformLocation_Factory@103-105@/home/alex/dev/Bachelor/bmad-vergleichsstudie/.lizard-tmp-DUgF1d/code/seed-b-frontend/.angular/cache/22.1.3/seed-b-frontend/vite/deps/_xhr-chunk-Nj5fWVlG.js","/home/alex/dev/Bachelor/bmad-vergleichsstudie/.lizard-tmp-DUgF1d/code/seed-b-frontend/.angular/cache/22.1.3/seed-b-frontend/vite/deps/_xhr-chunk-Nj5fWVlG.js","BrowserPlatformLocation_Factory","BrowserPlatformLocation_Factory ( )",103,105
3,1,20,2,3,"ɵɵdefineInjectable@106-108@/home/alex/dev/Bachelor/bmad-vergleichsstudie/.lizard-tmp-DUgF1d/code/seed-b-frontend/.angular/cache/22.1.3/seed-b-frontend/vite/deps/_xhr-chunk-Nj5fWVlG.js","/home/alex/dev/Bachelor/bmad-vergleichsstudie/.lizard-tmp-DUgF1d/code/seed-b-frontend/.angular/cache/22.1.3/seed-b-frontend/vite/deps/_xhr-chunk-Nj5fWVlG.js","ɵɵdefineInjectable","ɵɵdefineInjectable ( token BrowserPlatformLocation , factory ( ) ( ( )",106,108
1,1,5,0,1,"(anonymous)@119-119@/home/alex/dev/Bachelor/bmad-vergleichsstudie/.lizard-tmp-DUgF1d/code/seed-b-frontend/.angular/cache/22.1.3/seed-b-frontend/vite/deps/_xhr-chunk-Nj5fWVlG.js","/home/alex/dev/Bachelor/bmad-vergleichsstudie/.lizard-tmp-DUgF1d/code/seed-b-frontend/.angular/cache/22.1.3/seed-b-frontend/vite/deps/_xhr-chunk-Nj5fWVlG.js","(anonymous)","(anonymous)",119,119
9,3,48,0,9,"(anonymous)@112-120@/home/alex/dev/Bachelor/bmad-vergleichsstudie/.lizard-tmp-DUgF1d/code/seed-b-frontend/.angular/cache/22.1.3/seed-b-frontend/vite/deps/_xhr-chunk-Nj5fWVlG.js","/home/alex/dev/Bachelor/bmad-vergleichsstudie/.lizard-tmp-DUgF1d/code/seed-b-frontend/.angular/cache/22.1.3/seed-b-frontend/vite/deps/_xhr-chunk-Nj5fWVlG.js","(anonymous)","(anonymous)",112,120
15,8,150,2,15,"parseCookieValue@128-142@/home/alex/dev/Bachelor/bmad-vergleichsstudie/.lizard-tmp-DUgF1d/code/seed-b-frontend/.angular/cache/22.1.3/seed-b-frontend/vite/deps/_xhr-chunk-Nj5fWVlG.js","/home/alex/dev/Bachelor/bmad-vergleichsstudie/.lizard-tmp-DUgF1d/code/seed-b-frontend/.angular/cache/22.1.3/seed-b-frontend/vite/deps/_xhr-chunk-Nj5fWVlG.js","parseCookieValue","parseCookieValue ( cookieStr , name )",128,142
3,1,10,0,3,"build@144-146@/home/alex/dev/Bachelor/bmad-vergleichsstudie/.lizard-tmp-DUgF1d/code/seed-b-frontend/.angular/cache/22.1.3/seed-b-frontend/vite/deps/_xhr-chunk-Nj5fWVlG.js","/home/alex/dev/Bachelor/bmad-vergleichsstudie/.lizard-tmp-DUgF1d/code/seed-b-frontend/.angular/cache/22.1.3/seed-b-frontend/vite/deps/_xhr-chunk-Nj5fWVlG.js","build","build ( )",144,146
3,2,15,0,3,"BrowserXhr_Factory@147-149@/home/alex/dev/Bachelor/bmad-vergleichsstudie/.lizard-tmp-DUgF1d/code/seed-b-frontend/.angular/cache/22.1.3/seed-b-frontend/vite/deps/_xhr-chunk-Nj5fWVlG.js","/home/alex/dev/Bachelor/bmad-vergleichsstudie/.lizard-tmp-DUgF1d/code/seed-b-frontend/.angular/cache/22.1.3/seed-b-frontend/vite/deps/_xhr-chunk-Nj5fWVlG.js","BrowserXhr_Factory","BrowserXhr_Factory ( )",147,149
3,3,28,0,3,"(anonymous)@155-157@/home/alex/dev/Bachelor/bmad-vergleichsstudie/.lizard-tmp-DUgF1d/code/seed-b-frontend/.angular/cache/22.1.3/seed-b-frontend/vite/deps/_xhr-chunk-Nj5fWVlG.js","/home/alex/dev/Bachelor/bmad-vergleichsstudie/.lizard-tmp-DUgF1d/code/seed-b-frontend/.angular/cache/22.1.3/seed-b-frontend/vite/deps/_xhr-chunk-Nj5fWVlG.js","(anonymous)","(anonymous)",155,157
3,2,15,0,3,"XhrFactory_Factory@159-161@/home/alex/dev/Bachelor/bmad-vergleichsstudie/.lizard-tmp-DUgF1d/code/seed-b-frontend/.angular/cache/22.1.3/seed-b-frontend/vite/deps/_xhr-chunk-Nj5fWVlG.js","/home/alex/dev/Bachelor/bmad-vergleichsstudie/.lizard-tmp-DUgF1d/code/seed-b-frontend/.angular/cache/22.1.3/seed-b-frontend/vite/deps/_xhr-chunk-Nj5fWVlG.js","XhrFactory_Factory","XhrFactory_Factory ( )",159,161
8,3,46,2,8,"ɵɵdefineInjectable@162-169@/home/alex/dev/Bachelor/bmad-vergleichsstudie/.lizard-tmp-DUgF1d/code/seed-b-frontend/.angular/cache/22.1.3/seed-b-frontend/vite/deps/_xhr-chunk-Nj5fWVlG.js","/home/alex/dev/Bachelor/bmad-vergleichsstudie/.lizard-tmp-DUgF1d/code/seed-b-frontend/.angular/cache/22.1.3/seed-b-frontend/vite/deps/_xhr-chunk-Nj5fWVlG.js","ɵɵdefineInjectable","ɵɵdefineInjectable ( token XhrFactory , factory function XhrFactory_Factory ( )",162,169
9,3,42,0,9,"(anonymous)@173-181@/home/alex/dev/Bachelor/bmad-vergleichsstudie/.lizard-tmp-DUgF1d/code/seed-b-frontend/.angular/cache/22.1.3/seed-b-frontend/vite/deps/_xhr-chunk-Nj5fWVlG.js","/home/alex/dev/Bachelor/bmad-vergleichsstudie/.lizard-tmp-DUgF1d/code/seed-b-frontend/.angular/cache/22.1.3/seed-b-frontend/vite/deps/_xhr-chunk-Nj5fWVlG.js","(anonymous)","(anonymous)",173,181
6,6,75,2,6,"joinWithSlash@9-14@/home/alex/dev/Bachelor/bmad-vergleichsstudie/.lizard-tmp-DUgF1d/code/seed-b-frontend/.angular/cache/22.1.3/seed-b-frontend/vite/deps/common-CRK_EOt6.js","/home/alex/dev/Bachelor/bmad-vergleichsstudie/.lizard-tmp-DUgF1d/code/seed-b-frontend/.angular/cache/22.1.3/seed-b-frontend/vite/deps/common-CRK_EOt6.js","joinWithSlash","joinWithSlash ( start , end )",9,14
1,1,5,0,1,"(anonymous)@31-31@/home/alex/dev/Bachelor/bmad-vergleichsstudie/.lizard-tmp-DUgF1d/code/seed-b-frontend/.angular/cache/22.1.3/seed-b-frontend/vite/deps/common-CRK_EOt6.js","/home/alex/dev/Bachelor/bmad-vergleichsstudie/.lizard-tmp-DUgF1d/code/seed-b-frontend/.angular/cache/22.1.3/seed-b-frontend/vite/deps/common-CRK_EOt6.js","(anonymous)","(anonymous)",31,31
2,1,12,0,2,"factory@31-32@/home/alex/dev/Bachelor/bmad-vergleichsstudie/.lizard-tmp-DUgF1d/code/seed-b-frontend/.angular/cache/22.1.3/seed-b-frontend/vite/deps/common-CRK_EOt6.js","/home/alex/dev/Bachelor/bmad-vergleichsstudie/.lizard-tmp-DUgF1d/code/seed-b-frontend/.angular/cache/22.1.3/seed-b-frontend/vite/deps/common-CRK_EOt6.js","factory","factory ( )",31,32
9,3,48,0,9,"(anonymous)@35-43@/home/alex/dev/Bachelor/bmad-vergleichsstudie/.lizard-tmp-DUgF1d/code/seed-b-frontend/.angular/cache/22.1.3/seed-b-frontend/vite/deps/common-CRK_EOt6.js","/home/alex/dev/Bachelor/bmad-vergleichsstudie/.lizard-tmp-DUgF1d/code/seed-b-frontend/.angular/cache/22.1.3/seed-b-frontend/vite/deps/common-CRK_EOt6.js","(anonymous)","(anonymous)",35,43
5,7,45,1,5,"constructor@49-53@/home/alex/dev/Bachelor/bmad-vergleichsstudie/.lizard-tmp-DUgF1d/code/seed-b-frontend/.angular/cache/22.1.3/seed-b-frontend/vite/deps/common-CRK_EOt6.js","/home/alex/dev/Bachelor/bmad-vergleichsstudie/.lizard-tmp-DUgF1d/code/seed-b-frontend/.angular/cache/22.1.3/seed-b-frontend/vite/deps/common-CRK_EOt6.js","constructor","constructor ( , href )",49,53
3,2,22,0,3,"ngOnDestroy@54-56@/home/alex/dev/Bachelor/bmad-vergleichsstudie/.lizard-tmp-DUgF1d/code/seed-b-frontend/.angular/cache/22.1.3/seed-b-frontend/vite/deps/common-CRK_EOt6.js","/home/alex/dev/Bachelor/bmad-vergleichsstudie/.lizard-tmp-DUgF1d/code/seed-b-frontend/.angular/cache/22.1.3/seed-b-frontend/vite/deps/common-CRK_EOt6.js","ngOnDestroy","ngOnDestroy ( )",54,56
3,1,30,1,3,"onPopState@57-59@/home/alex/dev/Bachelor/bmad-vergleichsstudie/.lizard-tmp-DUgF1d/code/seed-b-frontend/.angular/cache/22.1.3/seed-b-frontend/vite/deps/common-CRK_EOt6.js","/home/alex/dev/Bachelor/bmad-vergleichsstudie/.lizard-tmp-DUgF1d/code/seed-b-frontend/.angular/cache/22.1.3/seed-b-frontend/vite/deps/common-CRK_EOt6.js","onPopState","onPopState ( fn )",57,59
3,1,9,0,3,"getBaseHref@60-62@/home/alex/dev/Bachelor/bmad-vergleichsstudie/.lizard-tmp-DUgF1d/code/seed-b-frontend/.angular/cache/22.1.3/seed-b-frontend/vite/deps/common-CRK_EOt6.js","/home/alex/dev/Bachelor/bmad-vergleichsstudie/.lizard-tmp-DUgF1d/code/seed-b-frontend/.angular/cache/22.1.3/seed-b-frontend/vite/deps/common-CRK_EOt6.js","getBaseHref","getBaseHref ( )",60,62
3,1,15,1,3,"prepareExternalUrl@63-65@/home/alex/dev/Bachelor/bmad-vergleichsstudie/.lizard-tmp-DUgF1d/code/seed-b-frontend/.angular/cache/22.1.3/seed-b-frontend/vite/deps/common-CRK_EOt6.js","/home/alex/dev/Bachelor/bmad-vergleichsstudie/.lizard-tmp-DUgF1d/code/seed-b-frontend/.angular/cache/22.1.3/seed-b-frontend/vite/deps/common-CRK_EOt6.js","prepareExternalUrl","prepareExternalUrl ( internal )",63,65
5,3,50,1,5,"path@66-70@/home/alex/dev/Bachelor/bmad-vergleichsstudie/.lizard-tmp-DUgF1d/code/seed-b-frontend/.angular/cache/22.1.3/seed-b-frontend/vite/deps/common-CRK_EOt6.js","/home/alex/dev/Bachelor/bmad-vergleichsstudie/.lizard-tmp-DUgF1d/code/seed-b-frontend/.angular/cache/22.1.3/seed-b-frontend/vite/deps/common-CRK_EOt6.js","path","path ( includeHash false )",66,70
4,1,39,4,4,"pushState@71-74@/home/alex/dev/Bachelor/bmad-vergleichsstudie/.lizard-tmp-DUgF1d/code/seed-b-frontend/.angular/cache/22.1.3/seed-b-frontend/vite/deps/common-CRK_EOt6.js","/home/alex/dev/Bachelor/bmad-vergleichsstudie/.lizard-tmp-DUgF1d/code/seed-b-frontend/.angular/cache/22.1.3/seed-b-frontend/vite/deps/common-CRK_EOt6.js","pushState","pushState ( state , title , url , queryParams )",71,74
4,1,39,4,4,"replaceState@75-78@/home/alex/dev/Bachelor/bmad-vergleichsstudie/.lizard-tmp-DUgF1d/code/seed-b-frontend/.angular/cache/22.1.3/seed-b-frontend/vite/deps/common-CRK_EOt6.js","/home/alex/dev/Bachelor/bmad-vergleichsstudie/.lizard-tmp-DUgF1d/code/seed-b-frontend/.angular/cache/22.1.3/seed-b-frontend/vite/deps/common-CRK_EOt6.js","replaceState","replaceState ( state , title , url , queryParams )",75,78
3,1,12,0,3,"forward@79-81@/home/alex/dev/Bachelor/bmad-vergleichsstudie/.lizard-tmp-DUgF1d/code/seed-b-frontend/.angular/cache/22.1.3/seed-b-frontend/vite/deps/common-CRK_EOt6.js","/home/alex/dev/Bachelor/bmad-vergleichsstudie/.lizard-tmp-DUgF1d/code/seed-b-frontend/.angular/cache/22.1.3/seed-b-frontend/vite/deps/common-CRK_EOt6.js","forward","forward ( )",79,81
3,1,12,0,3,"back@82-84@/home/alex/dev/Bachelor/bmad-vergleichsstudie/.lizard-tmp-DUgF1d/code/seed-b-frontend/.angular/cache/22.1.3/seed-b-frontend/vite/deps/common-CRK_EOt6.js","/home/alex/dev/Bachelor/bmad-vergleichsstudie/.lizard-tmp-DUgF1d/code/seed-b-frontend/.angular/cache/22.1.3/seed-b-frontend/vite/deps/common-CRK_EOt6.js","back","back ( )",82,84
3,1,13,0,3,"getState@85-87@/home/alex/dev/Bachelor/bmad-vergleichsstudie/.lizard-tmp-DUgF1d/code/seed-b-frontend/.angular/cache/22.1.3/seed-b-frontend/vite/deps/common-CRK_EOt6.js","/home/alex/dev/Bachelor/bmad-vergleichsstudie/.lizard-tmp-DUgF1d/code/seed-b-frontend/.angular/cache/22.1.3/seed-b-frontend/vite/deps/common-CRK_EOt6.js","getState","getState ( )",85,87
2,1,15,1,2,"historyGo@88-89@/home/alex/dev/Bachelor/bmad-vergleichsstudie/.lizard-tmp-DUgF1d/code/seed-b-frontend/.angular/cache/22.1.3/seed-b-frontend/vite/deps/common-CRK_EOt6.js","/home/alex/dev/Bachelor/bmad-vergleichsstudie/.lizard-tmp-DUgF1d/code/seed-b-frontend/.angular/cache/22.1.3/seed-b-frontend/vite/deps/common-CRK_EOt6.js","historyGo","historyGo ( relativePosition )",88,89
3,2,26,0,3,"PathLocationStrategy_Factory@91-93@/home/alex/dev/Bachelor/bmad-vergleichsstudie/.lizard-tmp-DUgF1d/code/seed-b-frontend/.angular/cache/22.1.3/seed-b-frontend/vite/deps/common-CRK_EOt6.js","/home/alex/dev/Bachelor/bmad-vergleichsstudie/.lizard-tmp-DUgF1d/code/seed-b-frontend/.angular/cache/22.1.3/seed-b-frontend/vite/deps/common-CRK_EOt6.js","PathLocationStrategy_Factory","PathLocationStrategy_Factory ( )",91,93
45,3,129,1,85,"stripTrailingSlash@15-99@/home/alex/dev/Bachelor/bmad-vergleichsstudie/.lizard-tmp-DUgF1d/code/seed-b-frontend/.angular/cache/22.1.3/seed-b-frontend/vite/deps/common-CRK_EOt6.js","/home/alex/dev/Bachelor/bmad-vergleichsstudie/.lizard-tmp-DUgF1d/code/seed-b-frontend/.angular/cache/22.1.3/seed-b-frontend/vite/deps/common-CRK_EOt6.js","stripTrailingSlash","stripTrailingSlash ( url )",15,99
1,1,6,0,1,"(anonymous)@104-104@/home/alex/dev/Bachelor/bmad-vergleichsstudie/.lizard-tmp-DUgF1d/code/seed-b-frontend/.angular/cache/22.1.3/seed-b-frontend/vite/deps/common-CRK_EOt6.js","/home/alex/dev/Bachelor/bmad-vergleichsstudie/.lizard-tmp-DUgF1d/code/seed-b-frontend/.angular/cache/22.1.3/seed-b-frontend/vite/deps/common-CRK_EOt6.js","(anonymous)","(anonymous)",104,104
11,3,69,0,11,"(anonymous)@100-110@/home/alex/dev/Bachelor/bmad-vergleichsstudie/.lizard-tmp-DUgF1d/code/seed-b-frontend/.angular/cache/22.1.3/seed-b-frontend/vite/deps/common-CRK_EOt6.js","/home/alex/dev/Bachelor/bmad-vergleichsstudie/.lizard-tmp-DUgF1d/code/seed-b-frontend/.angular/cache/22.1.3/seed-b-frontend/vite/deps/common-CRK_EOt6.js","(anonymous)","(anonymous)",100,110
5,3,57,1,5,"prepareExternalUrl@113-117@/home/alex/dev/Bachelor/bmad-vergleichsstudie/.lizard-tmp-DUgF1d/code/seed-b-frontend/.angular/cache/22.1.3/seed-b-frontend/vite/deps/common-CRK_EOt6.js","/home/alex/dev/Bachelor/bmad-vergleichsstudie/.lizard-tmp-DUgF1d/code/seed-b-frontend/.angular/cache/22.1.3/seed-b-frontend/vite/deps/common-CRK_EOt6.js","prepareExternalUrl","prepareExternalUrl ( internal )",113,117
3,3,24,0,3,"NoTrailingSlashPathLocationStrategy_Factory@120-122@/home/alex/dev/Bachelor/bmad-vergleichsstudie/.lizard-tmp-DUgF1d/code/seed-b-frontend/.angular/cache/22.1.3/seed-b-frontend/vite/deps/common-CRK_EOt6.js","/home/alex/dev/Bachelor/bmad-vergleichsstudie/.lizard-tmp-DUgF1d/code/seed-b-frontend/.angular/cache/22.1.3/seed-b-frontend/vite/deps/common-CRK_EOt6.js","NoTrailingSlashPathLocationStrategy_Factory","NoTrailingSlashPathLocationStrategy_Factory ( )",120,122
4,1,14,0,6,"ɵfac@118-123@/home/alex/dev/Bachelor/bmad-vergleichsstudie/.lizard-tmp-DUgF1d/code/seed-b-frontend/.angular/cache/22.1.3/seed-b-frontend/vite/deps/common-CRK_EOt6.js","/home/alex/dev/Bachelor/bmad-vergleichsstudie/.lizard-tmp-DUgF1d/code/seed-b-frontend/.angular/cache/22.1.3/seed-b-frontend/vite/deps/common-CRK_EOt6.js","ɵfac","ɵfac ( ( )",118,123
6,3,38,0,6,"(anonymous)@130-135@/home/alex/dev/Bachelor/bmad-vergleichsstudie/.lizard-tmp-DUgF1d/code/seed-b-frontend/.angular/cache/22.1.3/seed-b-frontend/vite/deps/common-CRK_EOt6.js","/home/alex/dev/Bachelor/bmad-vergleichsstudie/.lizard-tmp-DUgF1d/code/seed-b-frontend/.angular/cache/22.1.3/seed-b-frontend/vite/deps/common-CRK_EOt6.js","(anonymous)","(anonymous)",130,135
5,2,46,1,5,"prepareExternalUrl@137-141@/home/alex/dev/Bachelor/bmad-vergleichsstudie/.lizard-tmp-DUgF1d/code/seed-b-frontend/.angular/cache/22.1.3/seed-b-frontend/vite/deps/common-CRK_EOt6.js","/home/alex/dev/Bachelor/bmad-vergleichsstudie/.lizard-tmp-DUgF1d/code/seed-b-frontend/.angular/cache/22.1.3/seed-b-frontend/vite/deps/common-CRK_EOt6.js","prepareExternalUrl","prepareExternalUrl ( internal )",137,141
3,3,24,0,3,"TrailingSlashPathLocationStrategy_Factory@144-146@/home/alex/dev/Bachelor/bmad-vergleichsstudie/.lizard-tmp-DUgF1d/code/seed-b-frontend/.angular/cache/22.1.3/seed-b-frontend/vite/deps/common-CRK_EOt6.js","/home/alex/dev/Bachelor/bmad-vergleichsstudie/.lizard-tmp-DUgF1d/code/seed-b-frontend/.angular/cache/22.1.3/seed-b-frontend/vite/deps/common-CRK_EOt6.js","TrailingSlashPathLocationStrategy_Factory","TrailingSlashPathLocationStrategy_Factory ( )",144,146
4,1,14,0,6,"ɵfac@142-147@/home/alex/dev/Bachelor/bmad-vergleichsstudie/.lizard-tmp-DUgF1d/code/seed-b-frontend/.angular/cache/22.1.3/seed-b-frontend/vite/deps/common-CRK_EOt6.js","/home/alex/dev/Bachelor/bmad-vergleichsstudie/.lizard-tmp-DUgF1d/code/seed-b-frontend/.angular/cache/22.1.3/seed-b-frontend/vite/deps/common-CRK_EOt6.js","ɵfac","ɵfac ( ( )",142,147
6,3,38,0,6,"(anonymous)@154-159@/home/alex/dev/Bachelor/bmad-vergleichsstudie/.lizard-tmp-DUgF1d/code/seed-b-frontend/.angular/cache/22.1.3/seed-b-frontend/vite/deps/common-CRK_EOt6.js","/home/alex/dev/Bachelor/bmad-vergleichsstudie/.lizard-tmp-DUgF1d/code/seed-b-frontend/.angular/cache/22.1.3/seed-b-frontend/vite/deps/common-CRK_EOt6.js","(anonymous)","(anonymous)",154,159
2,1,8,0,2,"factory@253-254@/home/alex/dev/Bachelor/bmad-vergleichsstudie/.lizard-tmp-DUgF1d/code/seed-b-frontend/.angular/cache/22.1.3/seed-b-frontend/vite/deps/common-CRK_EOt6.js","/home/alex/dev/Bachelor/bmad-vergleichsstudie/.lizard-tmp-DUgF1d/code/seed-b-frontend/.angular/cache/22.1.3/seed-b-frontend/vite/deps/common-CRK_EOt6.js","factory","factory ( )",253,254
1,1,6,0,1,"(anonymous)@264-264@/home/alex/dev/Bachelor/bmad-vergleichsstudie/.lizard-tmp-DUgF1d/code/seed-b-frontend/.angular/cache/22.1.3/seed-b-frontend/vite/deps/common-CRK_EOt6.js","/home/alex/dev/Bachelor/bmad-vergleichsstudie/.lizard-tmp-DUgF1d/code/seed-b-frontend/.angular/cache/22.1.3/seed-b-frontend/vite/deps/common-CRK_EOt6.js","(anonymous)","(anonymous)",264,264
9,3,46,0,9,"(anonymous)@257-265@/home/alex/dev/Bachelor/bmad-vergleichsstudie/.lizard-tmp-DUgF1d/code/seed-b-frontend/.angular/cache/22.1.3/seed-b-frontend/vite/deps/common-CRK_EOt6.js","/home/alex/dev/Bachelor/bmad-vergleichsstudie/.lizard-tmp-DUgF1d/code/seed-b-frontend/.angular/cache/22.1.3/seed-b-frontend/vite/deps/common-CRK_EOt6.js","(anonymous)","(anonymous)",257,265
3,1,14,0,3,"createLocation@266-268@/home/alex/dev/Bachelor/bmad-vergleichsstudie/.lizard-tmp-DUgF1d/code/seed-b-frontend/.angular/cache/22.1.3/seed-b-frontend/vite/deps/common-CRK_EOt6.js","/home/alex/dev/Bachelor/bmad-vergleichsstudie/.lizard-tmp-DUgF1d/code/seed-b-frontend/.angular/cache/22.1.3/seed-b-frontend/vite/deps/common-CRK_EOt6.js","createLocation","createLocation ( )",266,268
11,5,65,2,11,"_stripBasePath@269-279@/home/alex/dev/Bachelor/bmad-vergleichsstudie/.lizard-tmp-DUgF1d/code/seed-b-frontend/.angular/cache/22.1.3/seed-b-frontend/vite/deps/common-CRK_EOt6.js","/home/alex/dev/Bachelor/bmad-vergleichsstudie/.lizard-tmp-DUgF1d/code/seed-b-frontend/.angular/cache/22.1.3/seed-b-frontend/vite/deps/common-CRK_EOt6.js","_stripBasePath","_stripBasePath ( basePath , url )",269,279
3,1,22,1,3,"_stripIndexHtml@280-282@/home/alex/dev/Bachelor/bmad-vergleichsstudie/.lizard-tmp-DUgF1d/code/seed-b-frontend/.angular/cache/22.1.3/seed-b-frontend/vite/deps/common-CRK_EOt6.js","/home/alex/dev/Bachelor/bmad-vergleichsstudie/.lizard-tmp-DUgF1d/code/seed-b-frontend/.angular/cache/22.1.3/seed-b-frontend/vite/deps/common-CRK_EOt6.js","_stripIndexHtml","_stripIndexHtml ( url )",280,282
7,2,51,1,7,"_stripOrigin@283-289@/home/alex/dev/Bachelor/bmad-vergleichsstudie/.lizard-tmp-DUgF1d/code/seed-b-frontend/.angular/cache/22.1.3/seed-b-frontend/vite/deps/common-CRK_EOt6.js","/home/alex/dev/Bachelor/bmad-vergleichsstudie/.lizard-tmp-DUgF1d/code/seed-b-frontend/.angular/cache/22.1.3/seed-b-frontend/vite/deps/common-CRK_EOt6.js","_stripOrigin","_stripOrigin ( baseHref )",283,289
5,2,29,0,5,"constructor@301-305@/home/alex/dev/Bachelor/bmad-vergleichsstudie/.lizard-tmp-DUgF1d/code/seed-b-frontend/.angular/cache/22.1.3/seed-b-frontend/vite/deps/common-CRK_EOt6.js","/home/alex/dev/Bachelor/bmad-vergleichsstudie/.lizard-tmp-DUgF1d/code/seed-b-frontend/.angular/cache/22.1.3/seed-b-frontend/vite/deps/common-CRK_EOt6.js","constructor","constructor ( , )",301,305
3,2,22,0,3,"ngOnDestroy@306-308@/home/alex/dev/Bachelor/bmad-vergleichsstudie/.lizard-tmp-DUgF1d/code/seed-b-frontend/.angular/cache/22.1.3/seed-b-frontend/vite/deps/common-CRK_EOt6.js","/home/alex/dev/Bachelor/bmad-vergleichsstudie/.lizard-tmp-DUgF1d/code/seed-b-frontend/.angular/cache/22.1.3/seed-b-frontend/vite/deps/common-CRK_EOt6.js","ngOnDestroy","ngOnDestroy ( )",306,308
3,1,30,1,3,"onPopState@309-311@/home/alex/dev/Bachelor/bmad-vergleichsstudie/.lizard-tmp-DUgF1d/code/seed-b-frontend/.angular/cache/22.1.3/seed-b-frontend/vite/deps/common-CRK_EOt6.js","/home/alex/dev/Bachelor/bmad-vergleichsstudie/.lizard-tmp-DUgF1d/code/seed-b-frontend/.angular/cache/22.1.3/seed-b-frontend/vite/deps/common-CRK_EOt6.js","onPopState","onPopState ( fn )",309,311
3,1,9,0,3,"getBaseHref@312-314@/home/alex/dev/Bachelor/bmad-vergleichsstudie/.lizard-tmp-DUgF1d/code/seed-b-frontend/.angular/cache/22.1.3/seed-b-frontend/vite/deps/common-CRK_EOt6.js","/home/alex/dev/Bachelor/bmad-vergleichsstudie/.lizard-tmp-DUgF1d/code/seed-b-frontend/.angular/cache/22.1.3/seed-b-frontend/vite/deps/common-CRK_EOt6.js","getBaseHref","getBaseHref ( )",312,314
4,4,35,1,4,"path@315-318@/home/alex/dev/Bachelor/bmad-vergleichsstudie/.lizard-tmp-DUgF1d/code/seed-b-frontend/.angular/cache/22.1.3/seed-b-frontend/vite/deps/common-CRK_EOt6.js","/home/alex/dev/Bachelor/bmad-vergleichsstudie/.lizard-tmp-DUgF1d/code/seed-b-frontend/.angular/cache/22.1.3/seed-b-frontend/vite/deps/common-CRK_EOt6.js","path","path ( includeHash false )",315,318
4,2,30,1,4,"prepareExternalUrl@319-322@/home/alex/dev/Bachelor/bmad-vergleichsstudie/.lizard-tmp-DUgF1d/code/seed-b-frontend/.angular/cache/22.1.3/seed-b-frontend/vite/deps/common-CRK_EOt6.js","/home/alex/dev/Bachelor/bmad-vergleichsstudie/.lizard-tmp-DUgF1d/code/seed-b-frontend/.angular/cache/22.1.3/seed-b-frontend/vite/deps/common-CRK_EOt6.js","prepareExternalUrl","prepareExternalUrl ( internal )",319,322
4,2,45,4,4,"pushState@323-326@/home/alex/dev/Bachelor/bmad-vergleichsstudie/.lizard-tmp-DUgF1d/code/seed-b-frontend/.angular/cache/22.1.3/seed-b-frontend/vite/deps/common-CRK_EOt6.js","/home/alex/dev/Bachelor/bmad-vergleichsstudie/.lizard-tmp-DUgF1d/code/seed-b-frontend/.angular/cache/22.1.3/seed-b-frontend/vite/deps/common-CRK_EOt6.js","pushState","pushState ( state , title , path , queryParams )",323,326
4,2,45,4,4,"replaceState@327-330@/home/alex/dev/Bachelor/bmad-vergleichsstudie/.lizard-tmp-DUgF1d/code/seed-b-frontend/.angular/cache/22.1.3/seed-b-frontend/vite/deps/common-CRK_EOt6.js","/home/alex/dev/Bachelor/bmad-vergleichsstudie/.lizard-tmp-DUgF1d/code/seed-b-frontend/.angular/cache/22.1.3/seed-b-frontend/vite/deps/common-CRK_EOt6.js","replaceState","replaceState ( state , title , path , queryParams )",327,330
3,1,12,0,3,"forward@331-333@/home/alex/dev/Bachelor/bmad-vergleichsstudie/.lizard-tmp-DUgF1d/code/seed-b-frontend/.angular/cache/22.1.3/seed-b-frontend/vite/deps/common-CRK_EOt6.js","/home/alex/dev/Bachelor/bmad-vergleichsstudie/.lizard-tmp-DUgF1d/code/seed-b-frontend/.angular/cache/22.1.3/seed-b-frontend/vite/deps/common-CRK_EOt6.js","forward","forward ( )",331,333
3,1,12,0,3,"back@334-336@/home/alex/dev/Bachelor/bmad-vergleichsstudie/.lizard-tmp-DUgF1d/code/seed-b-frontend/.angular/cache/22.1.3/seed-b-frontend/vite/deps/common-CRK_EOt6.js","/home/alex/dev/Bachelor/bmad-vergleichsstudie/.lizard-tmp-DUgF1d/code/seed-b-frontend/.angular/cache/22.1.3/seed-b-frontend/vite/deps/common-CRK_EOt6.js","back","back ( )",334,336
3,1,13,0,3,"getState@337-339@/home/alex/dev/Bachelor/bmad-vergleichsstudie/.lizard-tmp-DUgF1d/code/seed-b-frontend/.angular/cache/22.1.3/seed-b-frontend/vite/deps/common-CRK_EOt6.js","/home/alex/dev/Bachelor/bmad-vergleichsstudie/.lizard-tmp-DUgF1d/code/seed-b-frontend/.angular/cache/22.1.3/seed-b-frontend/vite/deps/common-CRK_EOt6.js","getState","getState ( )",337,339
2,1,15,1,2,"historyGo@340-341@/home/alex/dev/Bachelor/bmad-vergleichsstudie/.lizard-tmp-DUgF1d/code/seed-b-frontend/.angular/cache/22.1.3/seed-b-frontend/vite/deps/common-CRK_EOt6.js","/home/alex/dev/Bachelor/bmad-vergleichsstudie/.lizard-tmp-DUgF1d/code/seed-b-frontend/.angular/cache/22.1.3/seed-b-frontend/vite/deps/common-CRK_EOt6.js","historyGo","historyGo ( relativePosition )",340,341
3,2,26,0,3,"HashLocationStrategy_Factory@343-345@/home/alex/dev/Bachelor/bmad-vergleichsstudie/.lizard-tmp-DUgF1d/code/seed-b-frontend/.angular/cache/22.1.3/seed-b-frontend/vite/deps/common-CRK_EOt6.js","/home/alex/dev/Bachelor/bmad-vergleichsstudie/.lizard-tmp-DUgF1d/code/seed-b-frontend/.angular/cache/22.1.3/seed-b-frontend/vite/deps/common-CRK_EOt6.js","HashLocationStrategy_Factory","HashLocationStrategy_Factory ( )",343,345
124,1,121,1,191,"extractUrlPath@160-350@/home/alex/dev/Bachelor/bmad-vergleichsstudie/.lizard-tmp-DUgF1d/code/seed-b-frontend/.angular/cache/22.1.3/seed-b-frontend/vite/deps/common-CRK_EOt6.js","/home/alex/dev/Bachelor/bmad-vergleichsstudie/.lizard-tmp-DUgF1d/code/seed-b-frontend/.angular/cache/22.1.3/seed-b-frontend/vite/deps/common-CRK_EOt6.js","extractUrlPath","extractUrlPath ( url )",160,350
1,1,6,0,1,"(anonymous)@352-352@/home/alex/dev/Bachelor/bmad-vergleichsstudie/.lizard-tmp-DUgF1d/code/seed-b-frontend/.angular/cache/22.1.3/seed-b-frontend/vite/deps/common-CRK_EOt6.js","/home/alex/dev/Bachelor/bmad-vergleichsstudie/.lizard-tmp-DUgF1d/code/seed-b-frontend/.angular/cache/22.1.3/seed-b-frontend/vite/deps/common-CRK_EOt6.js","(anonymous)","(anonymous)",352,352
8,3,59,0,8,"(anonymous)@351-358@/home/alex/dev/Bachelor/bmad-vergleichsstudie/.lizard-tmp-DUgF1d/code/seed-b-frontend/.angular/cache/22.1.3/seed-b-frontend/vite/deps/common-CRK_EOt6.js","/home/alex/dev/Bachelor/bmad-vergleichsstudie/.lizard-tmp-DUgF1d/code/seed-b-frontend/.angular/cache/22.1.3/seed-b-frontend/vite/deps/common-CRK_EOt6.js","(anonymous)","(anonymous)",351,358
6,1,53,1,6,"(anonymous)@793-798@/home/alex/dev/Bachelor/bmad-vergleichsstudie/.lizard-tmp-DUgF1d/code/seed-b-frontend/.angular/cache/22.1.3/seed-b-frontend/vite/deps/common-CRK_EOt6.js","/home/alex/dev/Bachelor/bmad-vergleichsstudie/.lizard-tmp-DUgF1d/code/seed-b-frontend/.angular/cache/22.1.3/seed-b-frontend/vite/deps/common-CRK_EOt6.js","(anonymous)","(anonymous) ( NumberFormatStyle )",793,798
8,1,77,1,8,"(anonymous)@800-807@/home/alex/dev/Bachelor/bmad-vergleichsstudie/.lizard-tmp-DUgF1d/code/seed-b-frontend/.angular/cache/22.1.3/seed-b-frontend/vite/deps/common-CRK_EOt6.js","/home/alex/dev/Bachelor/bmad-vergleichsstudie/.lizard-tmp-DUgF1d/code/seed-b-frontend/.angular/cache/22.1.3/seed-b-frontend/vite/deps/common-CRK_EOt6.js","(anonymous)","(anonymous) ( Plural )",800,807
4,1,29,1,4,"(anonymous)@809-812@/home/alex/dev/Bachelor/bmad-vergleichsstudie/.lizard-tmp-DUgF1d/code/seed-b-frontend/.angular/cache/22.1.3/seed-b-frontend/vite/deps/common-CRK_EOt6.js","/home/alex/dev/Bachelor/bmad-vergleichsstudie/.lizard-tmp-DUgF1d/code/seed-b-frontend/.angular/cache/22.1.3/seed-b-frontend/vite/deps/common-CRK_EOt6.js","(anonymous)","(anonymous) ( FormStyle )",809,812
6,1,53,1,6,"(anonymous)@814-819@/home/alex/dev/Bachelor/bmad-vergleichsstudie/.lizard-tmp-DUgF1d/code/seed-b-frontend/.angular/cache/22.1.3/seed-b-frontend/vite/deps/common-CRK_EOt6.js","/home/alex/dev/Bachelor/bmad-vergleichsstudie/.lizard-tmp-DUgF1d/code/seed-b-frontend/.angular/cache/22.1.3/seed-b-frontend/vite/deps/common-CRK_EOt6.js","(anonymous)","(anonymous) ( TranslationWidth )",814,819
6,1,53,1,6,"(anonymous)@821-826@/home/alex/dev/Bachelor/bmad-vergleichsstudie/.lizard-tmp-DUgF1d/code/seed-b-frontend/.angular/cache/22.1.3/seed-b-frontend/vite/deps/common-CRK_EOt6.js","/home/alex/dev/Bachelor/bmad-vergleichsstudie/.lizard-tmp-DUgF1d/code/seed-b-frontend/.angular/cache/22.1.3/seed-b-frontend/vite/deps/common-CRK_EOt6.js","(anonymous)","(anonymous) ( FormatWidth )",821,826
9,1,89,1,9,"(anonymous)@844-852@/home/alex/dev/Bachelor/bmad-vergleichsstudie/.lizard-tmp-DUgF1d/code/seed-b-frontend/.angular/cache/22.1.3/seed-b-frontend/vite/deps/common-CRK_EOt6.js","/home/alex/dev/Bachelor/bmad-vergleichsstudie/.lizard-tmp-DUgF1d/code/seed-b-frontend/.angular/cache/22.1.3/seed-b-frontend/vite/deps/common-CRK_EOt6.js","(anonymous)","(anonymous) ( WeekDay )",844,852
3,1,16,1,3,"getLocaleId@853-855@/home/alex/dev/Bachelor/bmad-vergleichsstudie/.lizard-tmp-DUgF1d/code/seed-b-frontend/.angular/cache/22.1.3/seed-b-frontend/vite/deps/common-CRK_EOt6.js","/home/alex/dev/Bachelor/bmad-vergleichsstudie/.lizard-tmp-DUgF1d/code/seed-b-frontend/.angular/cache/22.1.3/seed-b-frontend/vite/deps/common-CRK_EOt6.js","getLocaleId","getLocaleId ( locale )",853,855
4,1,44,3,4,"getLocaleDayPeriods@856-859@/home/alex/dev/Bachelor/bmad-vergleichsstudie/.lizard-tmp-DUgF1d/code/seed-b-frontend/.angular/cache/22.1.3/seed-b-frontend/vite/deps/common-CRK_EOt6.js","/home/alex/dev/Bachelor/bmad-vergleichsstudie/.lizard-tmp-DUgF1d/code/seed-b-frontend/.angular/cache/22.1.3/seed-b-frontend/vite/deps/common-CRK_EOt6.js","getLocaleDayPeriods","getLocaleDayPeriods ( locale , formStyle , width )",856,859
4,1,44,3,4,"getLocaleDayNames@860-863@/home/alex/dev/Bachelor/bmad-vergleichsstudie/.lizard-tmp-DUgF1d/code/seed-b-frontend/.angular/cache/22.1.3/seed-b-frontend/vite/deps/common-CRK_EOt6.js","/home/alex/dev/Bachelor/bmad-vergleichsstudie/.lizard-tmp-DUgF1d/code/seed-b-frontend/.angular/cache/22.1.3/seed-b-frontend/vite/deps/common-CRK_EOt6.js","getLocaleDayNames","getLocaleDayNames ( locale , formStyle , width )",860,863
4,1,44,3,4,"getLocaleMonthNames@864-867@/home/alex/dev/Bachelor/bmad-vergleichsstudie/.lizard-tmp-DUgF1d/code/seed-b-frontend/.angular/cache/22.1.3/seed-b-frontend/vite/deps/common-CRK_EOt6.js","/home/alex/dev/Bachelor/bmad-vergleichsstudie/.lizard-tmp-DUgF1d/code/seed-b-frontend/.angular/cache/22.1.3/seed-b-frontend/vite/deps/common-CRK_EOt6.js","getLocaleMonthNames","getLocaleMonthNames ( locale , formStyle , width )",864,867
4,1,28,2,4,"getLocaleEraNames@868-871@/home/alex/dev/Bachelor/bmad-vergleichsstudie/.lizard-tmp-DUgF1d/code/seed-b-frontend/.angular/cache/22.1.3/seed-b-frontend/vite/deps/common-CRK_EOt6.js","/home/alex/dev/Bachelor/bmad-vergleichsstudie/.lizard-tmp-DUgF1d/code/seed-b-frontend/.angular/cache/22.1.3/seed-b-frontend/vite/deps/common-CRK_EOt6.js","getLocaleEraNames","getLocaleEraNames ( locale , width )",868,871
3,1,16,1,3,"getLocaleFirstDayOfWeek@872-874@/home/alex/dev/Bachelor/bmad-vergleichsstudie/.lizard-tmp-DUgF1d/code/seed-b-frontend/.angular/cache/22.1.3/seed-b-frontend/vite/deps/common-CRK_EOt6.js","/home/alex/dev/Bachelor/bmad-vergleichsstudie/.lizard-tmp-DUgF1d/code/seed-b-frontend/.angular/cache/22.1.3/seed-b-frontend/vite/deps/common-CRK_EOt6.js","getLocaleFirstDayOfWeek","getLocaleFirstDayOfWeek ( locale )",872,874
3,1,16,1,3,"getLocaleWeekEndRange@875-877@/home/alex/dev/Bachelor/bmad-vergleichsstudie/.lizard-tmp-DUgF1d/code/seed-b-frontend/.angular/cache/22.1.3/seed-b-frontend/vite/deps/common-CRK_EOt6.js","/home/alex/dev/Bachelor/bmad-vergleichsstudie/.lizard-tmp-DUgF1d/code/seed-b-frontend/.angular/cache/22.1.3/seed-b-frontend/vite/deps/common-CRK_EOt6.js","getLocaleWeekEndRange","getLocaleWeekEndRange ( locale )",875,877
3,1,23,2,3,"getLocaleDateFormat@878-880@/home/alex/dev/Bachelor/bmad-vergleichsstudie/.lizard-tmp-DUgF1d/code/seed-b-frontend/.angular/cache/22.1.3/seed-b-frontend/vite/deps/common-CRK_EOt6.js","/home/alex/dev/Bachelor/bmad-vergleichsstudie/.lizard-tmp-DUgF1d/code/seed-b-frontend/.angular/cache/22.1.3/seed-b-frontend/vite/deps/common-CRK_EOt6.js","getLocaleDateFormat","getLocaleDateFormat ( locale , width )",878,880
3,1,23,2,3,"getLocaleTimeFormat@881-883@/home/alex/dev/Bachelor/bmad-vergleichsstudie/.lizard-tmp-DUgF1d/code/seed-b-frontend/.angular/cache/22.1.3/seed-b-frontend/vite/deps/common-CRK_EOt6.js","/home/alex/dev/Bachelor/bmad-vergleichsstudie/.lizard-tmp-DUgF1d/code/seed-b-frontend/.angular/cache/22.1.3/seed-b-frontend/vite/deps/common-CRK_EOt6.js","getLocaleTimeFormat","getLocaleTimeFormat ( locale , width )",881,883
4,1,28,2,4,"getLocaleDateTimeFormat@884-887@/home/alex/dev/Bachelor/bmad-vergleichsstudie/.lizard-tmp-DUgF1d/code/seed-b-frontend/.angular/cache/22.1.3/seed-b-frontend/vite/deps/common-CRK_EOt6.js","/home/alex/dev/Bachelor/bmad-vergleichsstudie/.lizard-tmp-DUgF1d/code/seed-b-frontend/.angular/cache/22.1.3/seed-b-frontend/vite/deps/common-CRK_EOt6.js","getLocaleDateTimeFormat","getLocaleDateTimeFormat ( locale , width )",884,887
9,4,83,2,9,"getLocaleNumberSymbol@888-896@/home/alex/dev/Bachelor/bmad-vergleichsstudie/.lizard-tmp-DUgF1d/code/seed-b-frontend/.angular/cache/22.1.3/seed-b-frontend/vite/deps/common-CRK_EOt6.js","/home/alex/dev/Bachelor/bmad-vergleichsstudie/.lizard-tmp-DUgF1d/code/seed-b-frontend/.angular/cache/22.1.3/seed-b-frontend/vite/deps/common-CRK_EOt6.js","getLocaleNumberSymbol","getLocaleNumberSymbol ( locale , symbol )",888,896
3,1,21,2,3,"getLocaleNumberFormat@897-899@/home/alex/dev/Bachelor/bmad-vergleichsstudie/.lizard-tmp-DUgF1d/code/seed-b-frontend/.angular/cache/22.1.3/seed-b-frontend/vite/deps/common-CRK_EOt6.js","/home/alex/dev/Bachelor/bmad-vergleichsstudie/.lizard-tmp-DUgF1d/code/seed-b-frontend/.angular/cache/22.1.3/seed-b-frontend/vite/deps/common-CRK_EOt6.js","getLocaleNumberFormat","getLocaleNumberFormat ( locale , type )",897,899
3,2,18,1,3,"getLocaleCurrencySymbol@900-902@/home/alex/dev/Bachelor/bmad-vergleichsstudie/.lizard-tmp-DUgF1d/code/seed-b-frontend/.angular/cache/22.1.3/seed-b-frontend/vite/deps/common-CRK_EOt6.js","/home/alex/dev/Bachelor/bmad-vergleichsstudie/.lizard-tmp-DUgF1d/code/seed-b-frontend/.angular/cache/22.1.3/seed-b-frontend/vite/deps/common-CRK_EOt6.js","getLocaleCurrencySymbol","getLocaleCurrencySymbol ( locale )",900,902
3,2,18,1,3,"getLocaleCurrencyName@903-905@/home/alex/dev/Bachelor/bmad-vergleichsstudie/.lizard-tmp-DUgF1d/code/seed-b-frontend/.angular/cache/22.1.3/seed-b-frontend/vite/deps/common-CRK_EOt6.js","/home/alex/dev/Bachelor/bmad-vergleichsstudie/.lizard-tmp-DUgF1d/code/seed-b-frontend/.angular/cache/22.1.3/seed-b-frontend/vite/deps/common-CRK_EOt6.js","getLocaleCurrencyName","getLocaleCurrencyName ( locale )",903,905
3,1,12,1,3,"getLocaleCurrencyCode@906-908@/home/alex/dev/Bachelor/bmad-vergleichsstudie/.lizard-tmp-DUgF1d/code/seed-b-frontend/.angular/cache/22.1.3/seed-b-frontend/vite/deps/common-CRK_EOt6.js","/home/alex/dev/Bachelor/bmad-vergleichsstudie/.lizard-tmp-DUgF1d/code/seed-b-frontend/.angular/cache/22.1.3/seed-b-frontend/vite/deps/common-CRK_EOt6.js","getLocaleCurrencyCode","getLocaleCurrencyCode ( locale )",906,908
3,1,16,1,3,"getLocaleCurrencies@909-911@/home/alex/dev/Bachelor/bmad-vergleichsstudie/.lizard-tmp-DUgF1d/code/seed-b-frontend/.angular/cache/22.1.3/seed-b-frontend/vite/deps/common-CRK_EOt6.js","/home/alex/dev/Bachelor/bmad-vergleichsstudie/.lizard-tmp-DUgF1d/code/seed-b-frontend/.angular/cache/22.1.3/seed-b-frontend/vite/deps/common-CRK_EOt6.js","getLocaleCurrencies","getLocaleCurrencies ( locale )",909,911
3,3,32,1,3,"checkFullData@913-915@/home/alex/dev/Bachelor/bmad-vergleichsstudie/.lizard-tmp-DUgF1d/code/seed-b-frontend/.angular/cache/22.1.3/seed-b-frontend/vite/deps/common-CRK_EOt6.js","/home/alex/dev/Bachelor/bmad-vergleichsstudie/.lizard-tmp-DUgF1d/code/seed-b-frontend/.angular/cache/22.1.3/seed-b-frontend/vite/deps/common-CRK_EOt6.js","checkFullData","checkFullData ( data )",913,915
4,2,34,0,4,"(anonymous)@919-922@/home/alex/dev/Bachelor/bmad-vergleichsstudie/.lizard-tmp-DUgF1d/code/seed-b-frontend/.angular/cache/22.1.3/seed-b-frontend/vite/deps/common-CRK_EOt6.js","/home/alex/dev/Bachelor/bmad-vergleichsstudie/.lizard-tmp-DUgF1d/code/seed-b-frontend/.angular/cache/22.1.3/seed-b-frontend/vite/deps/common-CRK_EOt6.js","(anonymous)","(anonymous)",919,922
5,2,43,1,8,"getLocaleExtraDayPeriodRules@916-923@/home/alex/dev/Bachelor/bmad-vergleichsstudie/.lizard-tmp-DUgF1d/code/seed-b-frontend/.angular/cache/22.1.3/seed-b-frontend/vite/deps/common-CRK_EOt6.js","/home/alex/dev/Bachelor/bmad-vergleichsstudie/.lizard-tmp-DUgF1d/code/seed-b-frontend/.angular/cache/22.1.3/seed-b-frontend/vite/deps/common-CRK_EOt6.js","getLocaleExtraDayPeriodRules","getLocaleExtraDayPeriodRules ( locale )",916,923
5,3,61,3,5,"getLocaleExtraDayPeriods@924-928@/home/alex/dev/Bachelor/bmad-vergleichsstudie/.lizard-tmp-DUgF1d/code/seed-b-frontend/.angular/cache/22.1.3/seed-b-frontend/vite/deps/common-CRK_EOt6.js","/home/alex/dev/Bachelor/bmad-vergleichsstudie/.lizard-tmp-DUgF1d/code/seed-b-frontend/.angular/cache/22.1.3/seed-b-frontend/vite/deps/common-CRK_EOt6.js","getLocaleExtraDayPeriods","getLocaleExtraDayPeriods ( locale , formStyle , width )",924,928
3,1,16,1,3,"getLocaleDirection@929-931@/home/alex/dev/Bachelor/bmad-vergleichsstudie/.lizard-tmp-DUgF1d/code/seed-b-frontend/.angular/cache/22.1.3/seed-b-frontend/vite/deps/common-CRK_EOt6.js","/home/alex/dev/Bachelor/bmad-vergleichsstudie/.lizard-tmp-DUgF1d/code/seed-b-frontend/.angular/cache/22.1.3/seed-b-frontend/vite/deps/common-CRK_EOt6.js","getLocaleDirection","getLocaleDirection ( locale )",929,931
4,4,49,2,4,"getLastDefinedValue@932-935@/home/alex/dev/Bachelor/bmad-vergleichsstudie/.lizard-tmp-DUgF1d/code/seed-b-frontend/.angular/cache/22.1.3/seed-b-frontend/vite/deps/common-CRK_EOt6.js","/home/alex/dev/Bachelor/bmad-vergleichsstudie/.lizard-tmp-DUgF1d/code/seed-b-frontend/.angular/cache/22.1.3/seed-b-frontend/vite/deps/common-CRK_EOt6.js","getLastDefinedValue","getLastDefinedValue ( data , index )",932,935
7,1,32,1,7,"extractTime@936-942@/home/alex/dev/Bachelor/bmad-vergleichsstudie/.lizard-tmp-DUgF1d/code/seed-b-frontend/.angular/cache/22.1.3/seed-b-frontend/vite/deps/common-CRK_EOt6.js","/home/alex/dev/Bachelor/bmad-vergleichsstudie/.lizard-tmp-DUgF1d/code/seed-b-frontend/.angular/cache/22.1.3/seed-b-frontend/vite/deps/common-CRK_EOt6.js","extractTime","extractTime ( time )",936,942
6,6,60,3,6,"getCurrencySymbol@943-948@/home/alex/dev/Bachelor/bmad-vergleichsstudie/.lizard-tmp-DUgF1d/code/seed-b-frontend/.angular/cache/22.1.3/seed-b-frontend/vite/deps/common-CRK_EOt6.js","/home/alex/dev/Bachelor/bmad-vergleichsstudie/.lizard-tmp-DUgF1d/code/seed-b-frontend/.angular/cache/22.1.3/seed-b-frontend/vite/deps/common-CRK_EOt6.js","getCurrencySymbol","getCurrencySymbol ( code , format , locale )",943,948
6,3,37,1,6,"getNumberOfCurrencyDigits@950-955@/home/alex/dev/Bachelor/bmad-vergleichsstudie/.lizard-tmp-DUgF1d/code/seed-b-frontend/.angular/cache/22.1.3/seed-b-frontend/vite/deps/common-CRK_EOt6.js","/home/alex/dev/Bachelor/bmad-vergleichsstudie/.lizard-tmp-DUgF1d/code/seed-b-frontend/.angular/cache/22.1.3/seed-b-frontend/vite/deps/common-CRK_EOt6.js","getNumberOfCurrencyDigits","getNumberOfCurrencyDigits ( code )",950,955
4,3,43,0,4,"(anonymous)@985-988@/home/alex/dev/Bachelor/bmad-vergleichsstudie/.lizard-tmp-DUgF1d/code/seed-b-frontend/.angular/cache/22.1.3/seed-b-frontend/vite/deps/common-CRK_EOt6.js","/home/alex/dev/Bachelor/bmad-vergleichsstudie/.lizard-tmp-DUgF1d/code/seed-b-frontend/.angular/cache/22.1.3/seed-b-frontend/vite/deps/common-CRK_EOt6.js","(anonymous)","(anonymous)",985,988
28,8,177,4,31,"formatDate@960-990@/home/alex/dev/Bachelor/bmad-vergleichsstudie/.lizard-tmp-DUgF1d/code/seed-b-frontend/.angular/cache/22.1.3/seed-b-frontend/vite/deps/common-CRK_EOt6.js","/home/alex/dev/Bachelor/bmad-vergleichsstudie/.lizard-tmp-DUgF1d/code/seed-b-frontend/.angular/cache/22.1.3/seed-b-frontend/vite/deps/common-CRK_EOt6.js","formatDate","formatDate ( value , format , locale , timezone )",960,990
3,3,30,1,3,"assertValidDateFormatLength@991-993@/home/alex/dev/Bachelor/bmad-vergleichsstudie/.lizard-tmp-DUgF1d/code/seed-b-frontend/.angular/cache/22.1.3/seed-b-frontend/vite/deps/common-CRK_EOt6.js","/home/alex/dev/Bachelor/bmad-vergleichsstudie/.lizard-tmp-DUgF1d/code/seed-b-frontend/.angular/cache/22.1.3/seed-b-frontend/vite/deps/common-CRK_EOt6.js","assertValidDateFormatLength","assertValidDateFormatLength ( format )",991,993
1,1,12,0,1,"(anonymous)@995-995@/home/alex/dev/Bachelor/bmad-vergleichsstudie/.lizard-tmp-DUgF1d/code/seed-b-frontend/.angular/cache/22.1.3/seed-b-frontend/vite/deps/common-CRK_EOt6.js","/home/alex/dev/Bachelor/bmad-vergleichsstudie/.lizard-tmp-DUgF1d/code/seed-b-frontend/.angular/cache/22.1.3/seed-b-frontend/vite/deps/common-CRK_EOt6.js","(anonymous)","(anonymous)",995,995
1,1,12,0,1,"(anonymous)@995-995@/home/alex/dev/Bachelor/bmad-vergleichsstudie/.lizard-tmp-DUgF1d/code/seed-b-frontend/.angular/cache/22.1.3/seed-b-frontend/vite/deps/common-CRK_EOt6.js","/home/alex/dev/Bachelor/bmad-vergleichsstudie/.lizard-tmp-DUgF1d/code/seed-b-frontend/.angular/cache/22.1.3/seed-b-frontend/vite/deps/common-CRK_EOt6.js","(anonymous)","(anonymous)",995,995
7,4,71,1,7,"assertValidDateFormat@994-1000@/home/alex/dev/Bachelor/bmad-vergleichsstudie/.lizard-tmp-DUgF1d/code/seed-b-frontend/.angular/cache/22.1.3/seed-b-frontend/vite/deps/common-CRK_EOt6.js","/home/alex/dev/Bachelor/bmad-vergleichsstudie/.lizard-tmp-DUgF1d/code/seed-b-frontend/.angular/cache/22.1.3/seed-b-frontend/vite/deps/common-CRK_EOt6.js","assertValidDateFormat","assertValidDateFormat ( parts )",994,1000
6,1,43,3,6,"createDate@1001-1006@/home/alex/dev/Bachelor/bmad-vergleichsstudie/.lizard-tmp-DUgF1d/code/seed-b-frontend/.angular/cache/22.1.3/seed-b-frontend/vite/deps/common-CRK_EOt6.js","/home/alex/dev/Bachelor/bmad-vergleichsstudie/.lizard-tmp-DUgF1d/code/seed-b-frontend/.angular/cache/22.1.3/seed-b-frontend/vite/deps/common-CRK_EOt6.js","createDate","createDate ( year , month , date )",1001,1006
54,17,384,2,54,"getNamedFormat@1007-1060@/home/alex/dev/Bachelor/bmad-vergleichsstudie/.lizard-tmp-DUgF1d/code/seed-b-frontend/.angular/cache/22.1.3/seed-b-frontend/vite/deps/common-CRK_EOt6.js","/home/alex/dev/Bachelor/bmad-vergleichsstudie/.lizard-tmp-DUgF1d/code/seed-b-frontend/.angular/cache/22.1.3/seed-b-frontend/vite/deps/common-CRK_EOt6.js","getNamedFormat","getNamedFormat ( locale , format )",1007,1060
3,2,24,2,3,"(anonymous)@1062-1064@/home/alex/dev/Bachelor/bmad-vergleichsstudie/.lizard-tmp-DUgF1d/code/seed-b-frontend/.angular/cache/22.1.3/seed-b-frontend/vite/deps/common-CRK_EOt6.js","/home/alex/dev/Bachelor/bmad-vergleichsstudie/.lizard-tmp-DUgF1d/code/seed-b-frontend/.angular/cache/22.1.3/seed-b-frontend/vite/deps/common-CRK_EOt6.js","(anonymous)","(anonymous) ( match , key )",1062,1064
4,2,25,2,6,"formatDateTime@1061-1066@/home/alex/dev/Bachelor/bmad-vergleichsstudie/.lizard-tmp-DUgF1d/code/seed-b-frontend/.angular/cache/22.1.3/seed-b-frontend/vite/deps/common-CRK_EOt6.js","/home/alex/dev/Bachelor/bmad-vergleichsstudie/.lizard-tmp-DUgF1d/code/seed-b-frontend/.angular/cache/22.1.3/seed-b-frontend/vite/deps/common-CRK_EOt6.js","formatDateTime","formatDateTime ( str , opt_values )",1061,1066
12,7,99,5,12,"padNumber@1067-1078@/home/alex/dev/Bachelor/bmad-vergleichsstudie/.lizard-tmp-DUgF1d/code/seed-b-frontend/.angular/cache/22.1.3/seed-b-frontend/vite/deps/common-CRK_EOt6.js","/home/alex/dev/Bachelor/bmad-vergleichsstudie/.lizard-tmp-DUgF1d/code/seed-b-frontend/.angular/cache/22.1.3/seed-b-frontend/vite/deps/common-CRK_EOt6.js","padNumber","padNumber ( num , digits , minusSign , trim , negWrap )",1067,1078
3,1,22,2,3,"formatFractionalSeconds@1079-1081@/home/alex/dev/Bachelor/bmad-vergleichsstudie/.lizard-tmp-DUgF1d/code/seed-b-frontend/.angular/cache/22.1.3/seed-b-frontend/vite/deps/common-CRK_EOt6.js","/home/alex/dev/Bachelor/bmad-vergleichsstudie/.lizard-tmp-DUgF1d/code/seed-b-frontend/.angular/cache/22.1.3/seed-b-frontend/vite/deps/common-CRK_EOt6.js","formatFractionalSeconds","formatFractionalSeconds ( milliseconds , digits )",1079,1081
9,7,96,2,9,"(anonymous)@1083-1091@/home/alex/dev/Bachelor/bmad-vergleichsstudie/.lizard-tmp-DUgF1d/code/seed-b-frontend/.angular/cache/22.1.3/seed-b-frontend/vite/deps/common-CRK_EOt6.js","/home/alex/dev/Bachelor/bmad-vergleichsstudie/.lizard-tmp-DUgF1d/code/seed-b-frontend/.angular/cache/22.1.3/seed-b-frontend/vite/deps/common-CRK_EOt6.js","(anonymous)","(anonymous) ( date , locale )",1083,1091
3,1,23,5,11,"dateGetter@1082-1092@/home/alex/dev/Bachelor/bmad-vergleichsstudie/.lizard-tmp-DUgF1d/code/seed-b-frontend/.angular/cache/22.1.3/seed-b-frontend/vite/deps/common-CRK_EOt6.js","/home/alex/dev/Bachelor/bmad-vergleichsstudie/.lizard-tmp-DUgF1d/code/seed-b-frontend/.angular/cache/22.1.3/seed-b-frontend/vite/deps/common-CRK_EOt6.js","dateGetter","dateGetter ( name , size , offset , trim false , negWrap false )",1082,1092
13,10,112,2,13,"getDatePart@1093-1105@/home/alex/dev/Bachelor/bmad-vergleichsstudie/.lizard-tmp-DUgF1d/code/seed-b-frontend/.angular/cache/22.1.3/seed-b-frontend/vite/deps/common-CRK_EOt6.js","/home/alex/dev/Bachelor/bmad-vergleichsstudie/.lizard-tmp-DUgF1d/code/seed-b-frontend/.angular/cache/22.1.3/seed-b-frontend/vite/deps/common-CRK_EOt6.js","getDatePart","getDatePart ( part , date )",1093,1105
3,1,23,2,3,"(anonymous)@1107-1109@/home/alex/dev/Bachelor/bmad-vergleichsstudie/.lizard-tmp-DUgF1d/code/seed-b-frontend/.angular/cache/22.1.3/seed-b-frontend/vite/deps/common-CRK_EOt6.js","/home/alex/dev/Bachelor/bmad-vergleichsstudie/.lizard-tmp-DUgF1d/code/seed-b-frontend/.angular/cache/22.1.3/seed-b-frontend/vite/deps/common-CRK_EOt6.js","(anonymous)","(anonymous) ( date , locale )",1107,1109
3,1,21,4,5,"dateStrGetter@1106-1110@/home/alex/dev/Bachelor/bmad-vergleichsstudie/.lizard-tmp-DUgF1d/code/seed-b-frontend/.angular/cache/22.1.3/seed-b-frontend/vite/deps/common-CRK_EOt6.js","/home/alex/dev/Bachelor/bmad-vergleichsstudie/.lizard-tmp-DUgF1d/code/seed-b-frontend/.angular/cache/22.1.3/seed-b-frontend/vite/deps/common-CRK_EOt6.js","dateStrGetter","dateStrGetter ( name , width , form FormStyle Format , extended false )",1106,1110
11,12,110,0,11,"(anonymous)@1121-1131@/home/alex/dev/Bachelor/bmad-vergleichsstudie/.lizard-tmp-DUgF1d/code/seed-b-frontend/.angular/cache/22.1.3/seed-b-frontend/vite/deps/common-CRK_EOt6.js","/home/alex/dev/Bachelor/bmad-vergleichsstudie/.lizard-tmp-DUgF1d/code/seed-b-frontend/.angular/cache/22.1.3/seed-b-frontend/vite/deps/common-CRK_EOt6.js","(anonymous)","(anonymous)",1121,1131
20,10,201,6,30,"getDateTranslation@1111-1140@/home/alex/dev/Bachelor/bmad-vergleichsstudie/.lizard-tmp-DUgF1d/code/seed-b-frontend/.angular/cache/22.1.3/seed-b-frontend/vite/deps/common-CRK_EOt6.js","/home/alex/dev/Bachelor/bmad-vergleichsstudie/.lizard-tmp-DUgF1d/code/seed-b-frontend/.angular/cache/22.1.3/seed-b-frontend/vite/deps/common-CRK_EOt6.js","getDateTranslation","getDateTranslation ( date , locale , name , width , form , extended )",1111,1140
13,12,237,3,13,"(anonymous)@1142-1154@/home/alex/dev/Bachelor/bmad-vergleichsstudie/.lizard-tmp-DUgF1d/code/seed-b-frontend/.angular/cache/22.1.3/seed-b-frontend/vite/deps/common-CRK_EOt6.js","/home/alex/dev/Bachelor/bmad-vergleichsstudie/.lizard-tmp-DUgF1d/code/seed-b-frontend/.angular/cache/22.1.3/seed-b-frontend/vite/deps/common-CRK_EOt6.js","(anonymous)","(anonymous) ( date , locale , offset )",1142,1154
3,1,9,1,15,"timeZoneGetter@1141-1155@/home/alex/dev/Bachelor/bmad-vergleichsstudie/.lizard-tmp-DUgF1d/code/seed-b-frontend/.angular/cache/22.1.3/seed-b-frontend/vite/deps/common-CRK_EOt6.js","/home/alex/dev/Bachelor/bmad-vergleichsstudie/.lizard-tmp-DUgF1d/code/seed-b-frontend/.angular/cache/22.1.3/seed-b-frontend/vite/deps/common-CRK_EOt6.js","timeZoneGetter","timeZoneGetter ( width )",1141,1155
4,2,43,1,4,"getFirstThursdayOfYear@1158-1161@/home/alex/dev/Bachelor/bmad-vergleichsstudie/.lizard-tmp-DUgF1d/code/seed-b-frontend/.angular/cache/22.1.3/seed-b-frontend/vite/deps/common-CRK_EOt6.js","/home/alex/dev/Bachelor/bmad-vergleichsstudie/.lizard-tmp-DUgF1d/code/seed-b-frontend/.angular/cache/22.1.3/seed-b-frontend/vite/deps/common-CRK_EOt6.js","getFirstThursdayOfYear","getFirstThursdayOfYear ( year )",1158,1161
5,2,52,1,5,"getThursdayThisIsoWeek@1162-1166@/home/alex/dev/Bachelor/bmad-vergleichsstudie/.lizard-tmp-DUgF1d/code/seed-b-frontend/.angular/cache/22.1.3/seed-b-frontend/vite/deps/common-CRK_EOt6.js","/home/alex/dev/Bachelor/bmad-vergleichsstudie/.lizard-tmp-DUgF1d/code/seed-b-frontend/.angular/cache/22.1.3/seed-b-frontend/vite/deps/common-CRK_EOt6.js","getThursdayThisIsoWeek","getThursdayThisIsoWeek ( datetime )",1162,1166
14,2,137,2,14,"(anonymous)@1168-1181@/home/alex/dev/Bachelor/bmad-vergleichsstudie/.lizard-tmp-DUgF1d/code/seed-b-frontend/.angular/cache/22.1.3/seed-b-frontend/vite/deps/common-CRK_EOt6.js","/home/alex/dev/Bachelor/bmad-vergleichsstudie/.lizard-tmp-DUgF1d/code/seed-b-frontend/.angular/cache/22.1.3/seed-b-frontend/vite/deps/common-CRK_EOt6.js","(anonymous)","(anonymous) ( date , locale )",1168,1181
3,1,13,2,16,"weekGetter@1167-1182@/home/alex/dev/Bachelor/bmad-vergleichsstudie/.lizard-tmp-DUgF1d/code/seed-b-frontend/.angular/cache/22.1.3/seed-b-frontend/vite/deps/common-CRK_EOt6.js","/home/alex/dev/Bachelor/bmad-vergleichsstudie/.lizard-tmp-DUgF1d/code/seed-b-frontend/.angular/cache/22.1.3/seed-b-frontend/vite/deps/common-CRK_EOt6.js","weekGetter","weekGetter ( size , monthBased false )",1167,1182
3,1,33,2,3,"(anonymous)@1184-1186@/home/alex/dev/Bachelor/bmad-vergleichsstudie/.lizard-tmp-DUgF1d/code/seed-b-frontend/.angular/cache/22.1.3/seed-b-frontend/vite/deps/common-CRK_EOt6.js","/home/alex/dev/Bachelor/bmad-vergleichsstudie/.lizard-tmp-DUgF1d/code/seed-b-frontend/.angular/cache/22.1.3/seed-b-frontend/vite/deps/common-CRK_EOt6.js","(anonymous)","(anonymous) ( date , locale )",1184,1186
3,1,13,2,5,"weekNumberingYearGetter@1183-1187@/home/alex/dev/Bachelor/bmad-vergleichsstudie/.lizard-tmp-DUgF1d/code/seed-b-frontend/.angular/cache/22.1.3/seed-b-frontend/vite/deps/common-CRK_EOt6.js","/home/alex/dev/Bachelor/bmad-vergleichsstudie/.lizard-tmp-DUgF1d/code/seed-b-frontend/.angular/cache/22.1.3/seed-b-frontend/vite/deps/common-CRK_EOt6.js","weekNumberingYearGetter","weekNumberingYearGetter ( size , trim false )",1183,1187
202,81,1038,1,202,"getDateFormatter@1189-1390@/home/alex/dev/Bachelor/bmad-vergleichsstudie/.lizard-tmp-DUgF1d/code/seed-b-frontend/.angular/cache/22.1.3/seed-b-frontend/vite/deps/common-CRK_EOt6.js","/home/alex/dev/Bachelor/bmad-vergleichsstudie/.lizard-tmp-DUgF1d/code/seed-b-frontend/.angular/cache/22.1.3/seed-b-frontend/vite/deps/common-CRK_EOt6.js","getDateFormatter","getDateFormatter ( format )",1189,1390
5,2,41,2,5,"timezoneToOffset@1391-1395@/home/alex/dev/Bachelor/bmad-vergleichsstudie/.lizard-tmp-DUgF1d/code/seed-b-frontend/.angular/cache/22.1.3/seed-b-frontend/vite/deps/common-CRK_EOt6.js","/home/alex/dev/Bachelor/bmad-vergleichsstudie/.lizard-tmp-DUgF1d/code/seed-b-frontend/.angular/cache/22.1.3/seed-b-frontend/vite/deps/common-CRK_EOt6.js","timezoneToOffset","timezoneToOffset ( timezone , fallback )",1391,1395
5,1,35,2,5,"addDateMinutes@1396-1400@/home/alex/dev/Bachelor/bmad-vergleichsstudie/.lizard-tmp-DUgF1d/code/seed-b-frontend/.angular/cache/22.1.3/seed-b-frontend/vite/deps/common-CRK_EOt6.js","/home/alex/dev/Bachelor/bmad-vergleichsstudie/.lizard-tmp-DUgF1d/code/seed-b-frontend/.angular/cache/22.1.3/seed-b-frontend/vite/deps/common-CRK_EOt6.js","addDateMinutes","addDateMinutes ( date , minutes )",1396,1400
5,1,43,3,5,"convertTimezoneToLocal@1401-1405@/home/alex/dev/Bachelor/bmad-vergleichsstudie/.lizard-tmp-DUgF1d/code/seed-b-frontend/.angular/cache/22.1.3/seed-b-frontend/vite/deps/common-CRK_EOt6.js","/home/alex/dev/Bachelor/bmad-vergleichsstudie/.lizard-tmp-DUgF1d/code/seed-b-frontend/.angular/cache/22.1.3/seed-b-frontend/vite/deps/common-CRK_EOt6.js","convertTimezoneToLocal","convertTimezoneToLocal ( date , timezone , reverse )",1401,1405
1,1,3,0,1,"(anonymous)@1412-1412@/home/alex/dev/Bachelor/bmad-vergleichsstudie/.lizard-tmp-DUgF1d/code/seed-b-frontend/.angular/cache/22.1.3/seed-b-frontend/vite/deps/common-CRK_EOt6.js","/home/alex/dev/Bachelor/bmad-vergleichsstudie/.lizard-tmp-DUgF1d/code/seed-b-frontend/.angular/cache/22.1.3/seed-b-frontend/vite/deps/common-CRK_EOt6.js","(anonymous)","(anonymous)",1412,1412
18,10,184,1,18,"toDate@1406-1423@/home/alex/dev/Bachelor/bmad-vergleichsstudie/.lizard-tmp-DUgF1d/code/seed-b-frontend/.angular/cache/22.1.3/seed-b-frontend/vite/deps/common-CRK_EOt6.js","/home/alex/dev/Bachelor/bmad-vergleichsstudie/.lizard-tmp-DUgF1d/code/seed-b-frontend/.angular/cache/22.1.3/seed-b-frontend/vite/deps/common-CRK_EOt6.js","toDate","toDate ( value )",1406,1423
18,8,213,1,18,"isoStringToDate@1424-1441@/home/alex/dev/Bachelor/bmad-vergleichsstudie/.lizard-tmp-DUgF1d/code/seed-b-frontend/.angular/cache/22.1.3/seed-b-frontend/vite/deps/common-CRK_EOt6.js","/home/alex/dev/Bachelor/bmad-vergleichsstudie/.lizard-tmp-DUgF1d/code/seed-b-frontend/.angular/cache/22.1.3/seed-b-frontend/vite/deps/common-CRK_EOt6.js","isoStringToDate","isoStringToDate ( match )",1424,1441
3,2,20,1,3,"isDate@1442-1444@/home/alex/dev/Bachelor/bmad-vergleichsstudie/.lizard-tmp-DUgF1d/code/seed-b-frontend/.angular/cache/22.1.3/seed-b-frontend/vite/deps/common-CRK_EOt6.js","/home/alex/dev/Bachelor/bmad-vergleichsstudie/.lizard-tmp-DUgF1d/code/seed-b-frontend/.angular/cache/22.1.3/seed-b-frontend/vite/deps/common-CRK_EOt6.js","isDate","isDate ( value )",1442,1444
1,1,3,0,1,"(anonymous)@1482-1482@/home/alex/dev/Bachelor/bmad-vergleichsstudie/.lizard-tmp-DUgF1d/code/seed-b-frontend/.angular/cache/22.1.3/seed-b-frontend/vite/deps/common-CRK_EOt6.js","/home/alex/dev/Bachelor/bmad-vergleichsstudie/.lizard-tmp-DUgF1d/code/seed-b-frontend/.angular/cache/22.1.3/seed-b-frontend/vite/deps/common-CRK_EOt6.js","(anonymous)","(anonymous)",1482,1482
48,25,544,7,48,"formatNumberToLocaleString@1454-1501@/home/alex/dev/Bachelor/bmad-vergleichsstudie/.lizard-tmp-DUgF1d/code/seed-b-frontend/.angular/cache/22.1.3/seed-b-frontend/vite/deps/common-CRK_EOt6.js","/home/alex/dev/Bachelor/bmad-vergleichsstudie/.lizard-tmp-DUgF1d/code/seed-b-frontend/.angular/cache/22.1.3/seed-b-frontend/vite/deps/common-CRK_EOt6.js","formatNumberToLocaleString","formatNumberToLocaleString ( value , pattern , locale , groupSymbol , decimalSymbol , digitsInfo , isPercent false )",1454,1501
6,1,92,5,6,"formatCurrency@1502-1507@/home/alex/dev/Bachelor/bmad-vergleichsstudie/.lizard-tmp-DUgF1d/code/seed-b-frontend/.angular/cache/22.1.3/seed-b-frontend/vite/deps/common-CRK_EOt6.js","/home/alex/dev/Bachelor/bmad-vergleichsstudie/.lizard-tmp-DUgF1d/code/seed-b-frontend/.angular/cache/22.1.3/seed-b-frontend/vite/deps/common-CRK_EOt6.js","formatCurrency","formatCurrency ( value , locale , currency , currencyCode , digitsInfo )",1502,1507
3,1,70,3,3,"formatPercent@1508-1510@/home/alex/dev/Bachelor/bmad-vergleichsstudie/.lizard-tmp-DUgF1d/code/seed-b-frontend/.angular/cache/22.1.3/seed-b-frontend/vite/deps/common-CRK_EOt6.js","/home/alex/dev/Bachelor/bmad-vergleichsstudie/.lizard-tmp-DUgF1d/code/seed-b-frontend/.angular/cache/22.1.3/seed-b-frontend/vite/deps/common-CRK_EOt6.js","formatPercent","formatPercent ( value , locale , digitsInfo )",1508,1510
3,1,48,3,3,"formatNumber@1511-1513@/home/alex/dev/Bachelor/bmad-vergleichsstudie/.lizard-tmp-DUgF1d/code/seed-b-frontend/.angular/cache/22.1.3/seed-b-frontend/vite/deps/common-CRK_EOt6.js","/home/alex/dev/Bachelor/bmad-vergleichsstudie/.lizard-tmp-DUgF1d/code/seed-b-frontend/.angular/cache/22.1.3/seed-b-frontend/vite/deps/common-CRK_EOt6.js","formatNumber","formatNumber ( value , locale , digitsInfo )",1511,1513
36,11,365,2,36,"parseNumberFormat@1514-1549@/home/alex/dev/Bachelor/bmad-vergleichsstudie/.lizard-tmp-DUgF1d/code/seed-b-frontend/.angular/cache/22.1.3/seed-b-frontend/vite/deps/common-CRK_EOt6.js","/home/alex/dev/Bachelor/bmad-vergleichsstudie/.lizard-tmp-DUgF1d/code/seed-b-frontend/.angular/cache/22.1.3/seed-b-frontend/vite/deps/common-CRK_EOt6.js","parseNumberFormat","parseNumberFormat ( format , minusSign )",1514,1549
11,5,89,1,11,"toPercent@1550-1560@/home/alex/dev/Bachelor/bmad-vergleichsstudie/.lizard-tmp-DUgF1d/code/seed-b-frontend/.angular/cache/22.1.3/seed-b-frontend/vite/deps/common-CRK_EOt6.js","/home/alex/dev/Bachelor/bmad-vergleichsstudie/.lizard-tmp-DUgF1d/code/seed-b-frontend/.angular/cache/22.1.3/seed-b-frontend/vite/deps/common-CRK_EOt6.js","toPercent","toPercent ( parsedNumber )",1550,1560
7,6,69,4,7,"(anonymous)@1621-1627@/home/alex/dev/Bachelor/bmad-vergleichsstudie/.lizard-tmp-DUgF1d/code/seed-b-frontend/.angular/cache/22.1.3/seed-b-frontend/vite/deps/common-CRK_EOt6.js","/home/alex/dev/Bachelor/bmad-vergleichsstudie/.lizard-tmp-DUgF1d/code/seed-b-frontend/.angular/cache/22.1.3/seed-b-frontend/vite/deps/common-CRK_EOt6.js","(anonymous)","(anonymous) ( carry , d , i , digits )",1621,1627
34,11,338,3,40,"roundNumber@1593-1632@/home/alex/dev/Bachelor/bmad-vergleichsstudie/.lizard-tmp-DUgF1d/code/seed-b-frontend/.angular/cache/22.1.3/seed-b-frontend/vite/deps/common-CRK_EOt6.js","/home/alex/dev/Bachelor/bmad-vergleichsstudie/.lizard-tmp-DUgF1d/code/seed-b-frontend/.angular/cache/22.1.3/seed-b-frontend/vite/deps/common-CRK_EOt6.js","roundNumber","roundNumber ( parsedNumber , minFrac , maxFrac )",1593,1632
5,3,36,1,5,"parseIntAutoRadix@1633-1637@/home/alex/dev/Bachelor/bmad-vergleichsstudie/.lizard-tmp-DUgF1d/code/seed-b-frontend/.angular/cache/22.1.3/seed-b-frontend/vite/deps/common-CRK_EOt6.js","/home/alex/dev/Bachelor/bmad-vergleichsstudie/.lizard-tmp-DUgF1d/code/seed-b-frontend/.angular/cache/22.1.3/seed-b-frontend/vite/deps/common-CRK_EOt6.js","parseIntAutoRadix","parseIntAutoRadix ( text )",1633,1637
3,2,15,0,3,"NgLocalization_Factory@1639-1641@/home/alex/dev/Bachelor/bmad-vergleichsstudie/.lizard-tmp-DUgF1d/code/seed-b-frontend/.angular/cache/22.1.3/seed-b-frontend/vite/deps/common-CRK_EOt6.js","/home/alex/dev/Bachelor/bmad-vergleichsstudie/.lizard-tmp-DUgF1d/code/seed-b-frontend/.angular/cache/22.1.3/seed-b-frontend/vite/deps/common-CRK_EOt6.js","NgLocalization_Factory","NgLocalization_Factory ( )",1639,1641
3,1,24,2,3,"ɵɵdefineService@1642-1644@/home/alex/dev/Bachelor/bmad-vergleichsstudie/.lizard-tmp-DUgF1d/code/seed-b-frontend/.angular/cache/22.1.3/seed-b-frontend/vite/deps/common-CRK_EOt6.js","/home/alex/dev/Bachelor/bmad-vergleichsstudie/.lizard-tmp-DUgF1d/code/seed-b-frontend/.angular/cache/22.1.3/seed-b-frontend/vite/deps/common-CRK_EOt6.js","ɵɵdefineService","ɵɵdefineService ( token NgLocalization , factory ( ) ( ( )",1642,1644
38,10,292,1,85,"parseNumber@1561-1645@/home/alex/dev/Bachelor/bmad-vergleichsstudie/.lizard-tmp-DUgF1d/code/seed-b-frontend/.angular/cache/22.1.3/seed-b-frontend/vite/deps/common-CRK_EOt6.js","/home/alex/dev/Bachelor/bmad-vergleichsstudie/.lizard-tmp-DUgF1d/code/seed-b-frontend/.angular/cache/22.1.3/seed-b-frontend/vite/deps/common-CRK_EOt6.js","parseNumber","parseNumber ( num )",1561,1645
6,3,48,0,6,"(anonymous)@1647-1652@/home/alex/dev/Bachelor/bmad-vergleichsstudie/.lizard-tmp-DUgF1d/code/seed-b-frontend/.angular/cache/22.1.3/seed-b-frontend/vite/deps/common-CRK_EOt6.js","/home/alex/dev/Bachelor/bmad-vergleichsstudie/.lizard-tmp-DUgF1d/code/seed-b-frontend/.angular/cache/22.1.3/seed-b-frontend/vite/deps/common-CRK_EOt6.js","(anonymous)","(anonymous)",1647,1652
8,5,94,4,8,"getPluralCategory@1653-1660@/home/alex/dev/Bachelor/bmad-vergleichsstudie/.lizard-tmp-DUgF1d/code/seed-b-frontend/.angular/cache/22.1.3/seed-b-frontend/vite/deps/common-CRK_EOt6.js","/home/alex/dev/Bachelor/bmad-vergleichsstudie/.lizard-tmp-DUgF1d/code/seed-b-frontend/.angular/cache/22.1.3/seed-b-frontend/vite/deps/common-CRK_EOt6.js","getPluralCategory","getPluralCategory ( value , cases , ngLocalization , locale )",1653,1660
4,1,15,1,4,"constructor@1663-1666@/home/alex/dev/Bachelor/bmad-vergleichsstudie/.lizard-tmp-DUgF1d/code/seed-b-frontend/.angular/cache/22.1.3/seed-b-frontend/vite/deps/common-CRK_EOt6.js","/home/alex/dev/Bachelor/bmad-vergleichsstudie/.lizard-tmp-DUgF1d/code/seed-b-frontend/.angular/cache/22.1.3/seed-b-frontend/vite/deps/common-CRK_EOt6.js","constructor","constructor ( locale )",1663,1666
10,7,68,2,10,"getPluralCategory@1667-1676@/home/alex/dev/Bachelor/bmad-vergleichsstudie/.lizard-tmp-DUgF1d/code/seed-b-frontend/.angular/cache/22.1.3/seed-b-frontend/vite/deps/common-CRK_EOt6.js","/home/alex/dev/Bachelor/bmad-vergleichsstudie/.lizard-tmp-DUgF1d/code/seed-b-frontend/.angular/cache/22.1.3/seed-b-frontend/vite/deps/common-CRK_EOt6.js","getPluralCategory","getPluralCategory ( value , locale )",1667,1676
3,2,19,0,3,"NgLocaleLocalization_Factory@1677-1679@/home/alex/dev/Bachelor/bmad-vergleichsstudie/.lizard-tmp-DUgF1d/code/seed-b-frontend/.angular/cache/22.1.3/seed-b-frontend/vite/deps/common-CRK_EOt6.js","/home/alex/dev/Bachelor/bmad-vergleichsstudie/.lizard-tmp-DUgF1d/code/seed-b-frontend/.angular/cache/22.1.3/seed-b-frontend/vite/deps/common-CRK_EOt6.js","NgLocaleLocalization_Factory","NgLocaleLocalization_Factory ( )",1677,1679
7,1,23,0,7,"(anonymous)@1686-1692@/home/alex/dev/Bachelor/bmad-vergleichsstudie/.lizard-tmp-DUgF1d/code/seed-b-frontend/.angular/cache/22.1.3/seed-b-frontend/vite/deps/common-CRK_EOt6.js","/home/alex/dev/Bachelor/bmad-vergleichsstudie/.lizard-tmp-DUgF1d/code/seed-b-frontend/.angular/cache/22.1.3/seed-b-frontend/vite/deps/common-CRK_EOt6.js","(anonymous)","(anonymous)",1686,1692
3,3,32,0,9,"(anonymous)@1685-1693@/home/alex/dev/Bachelor/bmad-vergleichsstudie/.lizard-tmp-DUgF1d/code/seed-b-frontend/.angular/cache/22.1.3/seed-b-frontend/vite/deps/common-CRK_EOt6.js","/home/alex/dev/Bachelor/bmad-vergleichsstudie/.lizard-tmp-DUgF1d/code/seed-b-frontend/.angular/cache/22.1.3/seed-b-frontend/vite/deps/common-CRK_EOt6.js","(anonymous)","(anonymous)",1685,1693
4,1,19,0,4,"constructor@1702-1705@/home/alex/dev/Bachelor/bmad-vergleichsstudie/.lizard-tmp-DUgF1d/code/seed-b-frontend/.angular/cache/22.1.3/seed-b-frontend/vite/deps/common-CRK_EOt6.js","/home/alex/dev/Bachelor/bmad-vergleichsstudie/.lizard-tmp-DUgF1d/code/seed-b-frontend/.angular/cache/22.1.3/seed-b-frontend/vite/deps/common-CRK_EOt6.js","constructor","constructor ( , )",1702,1705
3,2,26,1,3,"set klass@1706-1708@/home/alex/dev/Bachelor/bmad-vergleichsstudie/.lizard-tmp-DUgF1d/code/seed-b-frontend/.angular/cache/22.1.3/seed-b-frontend/vite/deps/common-CRK_EOt6.js","/home/alex/dev/Bachelor/bmad-vergleichsstudie/.lizard-tmp-DUgF1d/code/seed-b-frontend/.angular/cache/22.1.3/seed-b-frontend/vite/deps/common-CRK_EOt6.js","set klass","set klass ( value )",1706,1708
3,2,27,1,3,"set ngClass@1709-1711@/home/alex/dev/Bachelor/bmad-vergleichsstudie/.lizard-tmp-DUgF1d/code/seed-b-frontend/.angular/cache/22.1.3/seed-b-frontend/vite/deps/common-CRK_EOt6.js","/home/alex/dev/Bachelor/bmad-vergleichsstudie/.lizard-tmp-DUgF1d/code/seed-b-frontend/.angular/cache/22.1.3/seed-b-frontend/vite/deps/common-CRK_EOt6.js","set ngClass","set ngClass ( value )",1709,1711
7,7,98,0,7,"ngDoCheck@1712-1718@/home/alex/dev/Bachelor/bmad-vergleichsstudie/.lizard-tmp-DUgF1d/code/seed-b-frontend/.angular/cache/22.1.3/seed-b-frontend/vite/deps/common-CRK_EOt6.js","/home/alex/dev/Bachelor/bmad-vergleichsstudie/.lizard-tmp-DUgF1d/code/seed-b-frontend/.angular/cache/22.1.3/seed-b-frontend/vite/deps/common-CRK_EOt6.js","ngDoCheck","ngDoCheck ( )",1712,1718
14,3,80,2,14,"_updateState@1719-1732@/home/alex/dev/Bachelor/bmad-vergleichsstudie/.lizard-tmp-DUgF1d/code/seed-b-frontend/.angular/cache/22.1.3/seed-b-frontend/vite/deps/common-CRK_EOt6.js","/home/alex/dev/Bachelor/bmad-vergleichsstudie/.lizard-tmp-DUgF1d/code/seed-b-frontend/.angular/cache/22.1.3/seed-b-frontend/vite/deps/common-CRK_EOt6.js","_updateState","_updateState ( klass , nextEnabled )",1719,1732
14,5,96,0,14,"_applyStateDiff@1733-1746@/home/alex/dev/Bachelor/bmad-vergleichsstudie/.lizard-tmp-DUgF1d/code/seed-b-frontend/.angular/cache/22.1.3/seed-b-frontend/vite/deps/common-CRK_EOt6.js","/home/alex/dev/Bachelor/bmad-vergleichsstudie/.lizard-tmp-DUgF1d/code/seed-b-frontend/.angular/cache/22.1.3/seed-b-frontend/vite/deps/common-CRK_EOt6.js","_applyStateDiff","_applyStateDiff ( )",1733,1746
4,2,37,0,4,"(anonymous)@1752-1755@/home/alex/dev/Bachelor/bmad-vergleichsstudie/.lizard-tmp-DUgF1d/code/seed-b-frontend/.angular/cache/22.1.3/seed-b-frontend/vite/deps/common-CRK_EOt6.js","/home/alex/dev/Bachelor/bmad-vergleichsstudie/.lizard-tmp-DUgF1d/code/seed-b-frontend/.angular/cache/22.1.3/seed-b-frontend/vite/deps/common-CRK_EOt6.js","(anonymous)","(anonymous)",1752,1755
7,4,64,2,10,"_toggleClass@1747-1756@/home/alex/dev/Bachelor/bmad-vergleichsstudie/.lizard-tmp-DUgF1d/code/seed-b-frontend/.angular/cache/22.1.3/seed-b-frontend/vite/deps/common-CRK_EOt6.js","/home/alex/dev/Bachelor/bmad-vergleichsstudie/.lizard-tmp-DUgF1d/code/seed-b-frontend/.angular/cache/22.1.3/seed-b-frontend/vite/deps/common-CRK_EOt6.js","_toggleClass","_toggleClass ( klass , enabled )",1747,1756
3,2,24,0,3,"NgClass_Factory@1757-1759@/home/alex/dev/Bachelor/bmad-vergleichsstudie/.lizard-tmp-DUgF1d/code/seed-b-frontend/.angular/cache/22.1.3/seed-b-frontend/vite/deps/common-CRK_EOt6.js","/home/alex/dev/Bachelor/bmad-vergleichsstudie/.lizard-tmp-DUgF1d/code/seed-b-frontend/.angular/cache/22.1.3/seed-b-frontend/vite/deps/common-CRK_EOt6.js","NgClass_Factory","NgClass_Factory ( )",1757,1759
1,1,6,0,1,"(anonymous)@1781-1781@/home/alex/dev/Bachelor/bmad-vergleichsstudie/.lizard-tmp-DUgF1d/code/seed-b-frontend/.angular/cache/22.1.3/seed-b-frontend/vite/deps/common-CRK_EOt6.js","/home/alex/dev/Bachelor/bmad-vergleichsstudie/.lizard-tmp-DUgF1d/code/seed-b-frontend/.angular/cache/22.1.3/seed-b-frontend/vite/deps/common-CRK_EOt6.js","(anonymous)","(anonymous)",1781,1781
14,3,78,0,14,"(anonymous)@1777-1790@/home/alex/dev/Bachelor/bmad-vergleichsstudie/.lizard-tmp-DUgF1d/code/seed-b-frontend/.angular/cache/22.1.3/seed-b-frontend/vite/deps/common-CRK_EOt6.js","/home/alex/dev/Bachelor/bmad-vergleichsstudie/.lizard-tmp-DUgF1d/code/seed-b-frontend/.angular/cache/22.1.3/seed-b-frontend/vite/deps/common-CRK_EOt6.js","(anonymous)","(anonymous)",1777,1790
3,3,14,0,3,"get componentInstance@1803-1805@/home/alex/dev/Bachelor/bmad-vergleichsstudie/.lizard-tmp-DUgF1d/code/seed-b-frontend/.angular/cache/22.1.3/seed-b-frontend/vite/deps/common-CRK_EOt6.js","/home/alex/dev/Bachelor/bmad-vergleichsstudie/.lizard-tmp-DUgF1d/code/seed-b-frontend/.angular/cache/22.1.3/seed-b-frontend/vite/deps/common-CRK_EOt6.js","get componentInstance","get componentInstance ( )",1803,1805
3,1,11,0,3,"constructor@1806-1808@/home/alex/dev/Bachelor/bmad-vergleichsstudie/.lizard-tmp-DUgF1d/code/seed-b-frontend/.angular/cache/22.1.3/seed-b-frontend/vite/deps/common-CRK_EOt6.js","/home/alex/dev/Bachelor/bmad-vergleichsstudie/.lizard-tmp-DUgF1d/code/seed-b-frontend/.angular/cache/22.1.3/seed-b-frontend/vite/deps/common-CRK_EOt6.js","constructor","constructor ( )",1806,1808
3,1,14,1,3,"_needToReCreateNgModuleInstance@1809-1811@/home/alex/dev/Bachelor/bmad-vergleichsstudie/.lizard-tmp-DUgF1d/code/seed-b-frontend/.angular/cache/22.1.3/seed-b-frontend/vite/deps/common-CRK_EOt6.js","/home/alex/dev/Bachelor/bmad-vergleichsstudie/.lizard-tmp-DUgF1d/code/seed-b-frontend/.angular/cache/22.1.3/seed-b-frontend/vite/deps/common-CRK_EOt6.js","_needToReCreateNgModuleInstance","_needToReCreateNgModuleInstance ( changes )",1809,1811
3,5,45,1,3,"_needToReCreateComponentInstance@1812-1814@/home/alex/dev/Bachelor/bmad-vergleichsstudie/.lizard-tmp-DUgF1d/code/seed-b-frontend/.angular/cache/22.1.3/seed-b-frontend/vite/deps/common-CRK_EOt6.js","/home/alex/dev/Bachelor/bmad-vergleichsstudie/.lizard-tmp-DUgF1d/code/seed-b-frontend/.angular/cache/22.1.3/seed-b-frontend/vite/deps/common-CRK_EOt6.js","_needToReCreateComponentInstance","_needToReCreateComponentInstance ( changes )",1812,1814
21,6,146,1,21,"ngOnChanges@1815-1835@/home/alex/dev/Bachelor/bmad-vergleichsstudie/.lizard-tmp-DUgF1d/code/seed-b-frontend/.angular/cache/22.1.3/seed-b-frontend/vite/deps/common-CRK_EOt6.js","/home/alex/dev/Bachelor/bmad-vergleichsstudie/.lizard-tmp-DUgF1d/code/seed-b-frontend/.angular/cache/22.1.3/seed-b-frontend/vite/deps/common-CRK_EOt6.js","ngOnChanges","ngOnChanges ( changes )",1815,1835
6,4,52,0,6,"ngDoCheck@1836-1841@/home/alex/dev/Bachelor/bmad-vergleichsstudie/.lizard-tmp-DUgF1d/code/seed-b-frontend/.angular/cache/22.1.3/seed-b-frontend/vite/deps/common-CRK_EOt6.js","/home/alex/dev/Bachelor/bmad-vergleichsstudie/.lizard-tmp-DUgF1d/code/seed-b-frontend/.angular/cache/22.1.3/seed-b-frontend/vite/deps/common-CRK_EOt6.js","ngDoCheck","ngDoCheck ( )",1836,1841
3,1,12,0,3,"ngOnDestroy@1842-1844@/home/alex/dev/Bachelor/bmad-vergleichsstudie/.lizard-tmp-DUgF1d/code/seed-b-frontend/.angular/cache/22.1.3/seed-b-frontend/vite/deps/common-CRK_EOt6.js","/home/alex/dev/Bachelor/bmad-vergleichsstudie/.lizard-tmp-DUgF1d/code/seed-b-frontend/.angular/cache/22.1.3/seed-b-frontend/vite/deps/common-CRK_EOt6.js","ngOnDestroy","ngOnDestroy ( )",1842,1844
9,3,72,1,9,"_applyInputStateDiff@1845-1853@/home/alex/dev/Bachelor/bmad-vergleichsstudie/.lizard-tmp-DUgF1d/code/seed-b-frontend/.angular/cache/22.1.3/seed-b-frontend/vite/deps/common-CRK_EOt6.js","/home/alex/dev/Bachelor/bmad-vergleichsstudie/.lizard-tmp-DUgF1d/code/seed-b-frontend/.angular/cache/22.1.3/seed-b-frontend/vite/deps/common-CRK_EOt6.js","_applyInputStateDiff","_applyInputStateDiff ( componentRef )",1845,1853
3,2,19,0,3,"NgComponentOutlet_Factory@1854-1856@/home/alex/dev/Bachelor/bmad-vergleichsstudie/.lizard-tmp-DUgF1d/code/seed-b-frontend/.angular/cache/22.1.3/seed-b-frontend/vite/deps/common-CRK_EOt6.js","/home/alex/dev/Bachelor/bmad-vergleichsstudie/.lizard-tmp-DUgF1d/code/seed-b-frontend/.angular/cache/22.1.3/seed-b-frontend/vite/deps/common-CRK_EOt6.js","NgComponentOutlet_Factory","NgComponentOutlet_Factory ( )",1854,1856
1,1,6,0,1,"(anonymous)@1883-1883@/home/alex/dev/Bachelor/bmad-vergleichsstudie/.lizard-tmp-DUgF1d/code/seed-b-frontend/.angular/cache/22.1.3/seed-b-frontend/vite/deps/common-CRK_EOt6.js","/home/alex/dev/Bachelor/bmad-vergleichsstudie/.lizard-tmp-DUgF1d/code/seed-b-frontend/.angular/cache/22.1.3/seed-b-frontend/vite/deps/common-CRK_EOt6.js","(anonymous)","(anonymous)",1883,1883
16,3,106,0,16,"(anonymous)@1876-1891@/home/alex/dev/Bachelor/bmad-vergleichsstudie/.lizard-tmp-DUgF1d/code/seed-b-frontend/.angular/cache/22.1.3/seed-b-frontend/vite/deps/common-CRK_EOt6.js","/home/alex/dev/Bachelor/bmad-vergleichsstudie/.lizard-tmp-DUgF1d/code/seed-b-frontend/.angular/cache/22.1.3/seed-b-frontend/vite/deps/common-CRK_EOt6.js","(anonymous)","(anonymous)",1876,1891
3,1,16,1,3,"getParentInjector@1892-1894@/home/alex/dev/Bachelor/bmad-vergleichsstudie/.lizard-tmp-DUgF1d/code/seed-b-frontend/.angular/cache/22.1.3/seed-b-frontend/vite/deps/common-CRK_EOt6.js","/home/alex/dev/Bachelor/bmad-vergleichsstudie/.lizard-tmp-DUgF1d/code/seed-b-frontend/.angular/cache/22.1.3/seed-b-frontend/vite/deps/common-CRK_EOt6.js","getParentInjector","getParentInjector ( injector )",1892,1894
6,1,35,3,6,"constructor@1900-1905@/home/alex/dev/Bachelor/bmad-vergleichsstudie/.lizard-tmp-DUgF1d/code/seed-b-frontend/.angular/cache/22.1.3/seed-b-frontend/vite/deps/common-CRK_EOt6.js","/home/alex/dev/Bachelor/bmad-vergleichsstudie/.lizard-tmp-DUgF1d/code/seed-b-frontend/.angular/cache/22.1.3/seed-b-frontend/vite/deps/common-CRK_EOt6.js","constructor","constructor ( , ngForOf , index , count )",1900,1905
3,1,11,0,3,"get first@1906-1908@/home/alex/dev/Bachelor/bmad-vergleichsstudie/.lizard-tmp-DUgF1d/code/seed-b-frontend/.angular/cache/22.1.3/seed-b-frontend/vite/deps/common-CRK_EOt6.js","/home/alex/dev/Bachelor/bmad-vergleichsstudie/.lizard-tmp-DUgF1d/code/seed-b-frontend/.angular/cache/22.1.3/seed-b-frontend/vite/deps/common-CRK_EOt6.js","get first","get first ( )",1906,1908
3,1,15,0,3,"get last@1909-1911@/home/alex/dev/Bachelor/bmad-vergleichsstudie/.lizard-tmp-DUgF1d/code/seed-b-frontend/.angular/cache/22.1.3/seed-b-frontend/vite/deps/common-CRK_EOt6.js","/home/alex/dev/Bachelor/bmad-vergleichsstudie/.lizard-tmp-DUgF1d/code/seed-b-frontend/.angular/cache/22.1.3/seed-b-frontend/vite/deps/common-CRK_EOt6.js","get last","get last ( )",1909,1911
3,1,13,0,3,"get even@1912-1914@/home/alex/dev/Bachelor/bmad-vergleichsstudie/.lizard-tmp-DUgF1d/code/seed-b-frontend/.angular/cache/22.1.3/seed-b-frontend/vite/deps/common-CRK_EOt6.js","/home/alex/dev/Bachelor/bmad-vergleichsstudie/.lizard-tmp-DUgF1d/code/seed-b-frontend/.angular/cache/22.1.3/seed-b-frontend/vite/deps/common-CRK_EOt6.js","get even","get even ( )",1912,1914
3,1,10,0,3,"get odd@1915-1917@/home/alex/dev/Bachelor/bmad-vergleichsstudie/.lizard-tmp-DUgF1d/code/seed-b-frontend/.angular/cache/22.1.3/seed-b-frontend/vite/deps/common-CRK_EOt6.js","/home/alex/dev/Bachelor/bmad-vergleichsstudie/.lizard-tmp-DUgF1d/code/seed-b-frontend/.angular/cache/22.1.3/seed-b-frontend/vite/deps/common-CRK_EOt6.js","get odd","get odd ( )",1915,1917
4,1,17,1,4,"set ngForOf@1923-1926@/home/alex/dev/Bachelor/bmad-vergleichsstudie/.lizard-tmp-DUgF1d/code/seed-b-frontend/.angular/cache/22.1.3/seed-b-frontend/vite/deps/common-CRK_EOt6.js","/home/alex/dev/Bachelor/bmad-vergleichsstudie/.lizard-tmp-DUgF1d/code/seed-b-frontend/.angular/cache/22.1.3/seed-b-frontend/vite/deps/common-CRK_EOt6.js","set ngForOf","set ngForOf ( ngForOf )",1923,1926
4,5,44,1,4,"set ngForTrackBy@1927-1930@/home/alex/dev/Bachelor/bmad-vergleichsstudie/.lizard-tmp-DUgF1d/code/seed-b-frontend/.angular/cache/22.1.3/seed-b-frontend/vite/deps/common-CRK_EOt6.js","/home/alex/dev/Bachelor/bmad-vergleichsstudie/.lizard-tmp-DUgF1d/code/seed-b-frontend/.angular/cache/22.1.3/seed-b-frontend/vite/deps/common-CRK_EOt6.js","set ngForTrackBy","set ngForTrackBy ( fn )",1927,1930
3,1,9,0,3,"get ngForTrackBy@1931-1933@/home/alex/dev/Bachelor/bmad-vergleichsstudie/.lizard-tmp-DUgF1d/code/seed-b-frontend/.angular/cache/22.1.3/seed-b-frontend/vite/deps/common-CRK_EOt6.js","/home/alex/dev/Bachelor/bmad-vergleichsstudie/.lizard-tmp-DUgF1d/code/seed-b-frontend/.angular/cache/22.1.3/seed-b-frontend/vite/deps/common-CRK_EOt6.js","get ngForTrackBy","get ngForTrackBy ( )",1931,1933
5,1,27,0,5,"constructor@1938-1942@/home/alex/dev/Bachelor/bmad-vergleichsstudie/.lizard-tmp-DUgF1d/code/seed-b-frontend/.angular/cache/22.1.3/seed-b-frontend/vite/deps/common-CRK_EOt6.js","/home/alex/dev/Bachelor/bmad-vergleichsstudie/.lizard-tmp-DUgF1d/code/seed-b-frontend/.angular/cache/22.1.3/seed-b-frontend/vite/deps/common-CRK_EOt6.js","constructor","constructor ( , , )",1938,1942
3,2,15,1,3,"set ngForTemplate@1943-1945@/home/alex/dev/Bachelor/bmad-vergleichsstudie/.lizard-tmp-DUgF1d/code/seed-b-frontend/.angular/cache/22.1.3/seed-b-frontend/vite/deps/common-CRK_EOt6.js","/home/alex/dev/Bachelor/bmad-vergleichsstudie/.lizard-tmp-DUgF1d/code/seed-b-frontend/.angular/cache/22.1.3/seed-b-frontend/vite/deps/common-CRK_EOt6.js","set ngForTemplate","set ngForTemplate ( value )",1943,1945
18,10,159,0,18,"ngDoCheck@1946-1963@/home/alex/dev/Bachelor/bmad-vergleichsstudie/.lizard-tmp-DUgF1d/code/seed-b-frontend/.angular/cache/22.1.3/seed-b-frontend/vite/deps/common-CRK_EOt6.js","/home/alex/dev/Bachelor/bmad-vergleichsstudie/.lizard-tmp-DUgF1d/code/seed-b-frontend/.angular/cache/22.1.3/seed-b-frontend/vite/deps/common-CRK_EOt6.js","ngDoCheck","ngDoCheck ( )",1946,1963
9,6,102,0,9,"(anonymous)@1966-1974@/home/alex/dev/Bachelor/bmad-vergleichsstudie/.lizard-tmp-DUgF1d/code/seed-b-frontend/.angular/cache/22.1.3/seed-b-frontend/vite/deps/common-CRK_EOt6.js","/home/alex/dev/Bachelor/bmad-vergleichsstudie/.lizard-tmp-DUgF1d/code/seed-b-frontend/.angular/cache/22.1.3/seed-b-frontend/vite/deps/common-CRK_EOt6.js","(anonymous)","(anonymous)",1966,1974
3,1,16,0,3,"(anonymous)@1981-1983@/home/alex/dev/Bachelor/bmad-vergleichsstudie/.lizard-tmp-DUgF1d/code/seed-b-frontend/.angular/cache/22.1.3/seed-b-frontend/vite/deps/common-CRK_EOt6.js","/home/alex/dev/Bachelor/bmad-vergleichsstudie/.lizard-tmp-DUgF1d/code/seed-b-frontend/.angular/cache/22.1.3/seed-b-frontend/vite/deps/common-CRK_EOt6.js","(anonymous)","(anonymous)",1981,1983
11,2,92,1,21,"_applyChanges@1964-1984@/home/alex/dev/Bachelor/bmad-vergleichsstudie/.lizard-tmp-DUgF1d/code/seed-b-frontend/.angular/cache/22.1.3/seed-b-frontend/vite/deps/common-CRK_EOt6.js","/home/alex/dev/Bachelor/bmad-vergleichsstudie/.lizard-tmp-DUgF1d/code/seed-b-frontend/.angular/cache/22.1.3/seed-b-frontend/vite/deps/common-CRK_EOt6.js","_applyChanges","_applyChanges ( changes )",1964,1984
3,1,10,2,3,"ngTemplateContextGuard@1985-1987@/home/alex/dev/Bachelor/bmad-vergleichsstudie/.lizard-tmp-DUgF1d/code/seed-b-frontend/.angular/cache/22.1.3/seed-b-frontend/vite/deps/common-CRK_EOt6.js","/home/alex/dev/Bachelor/bmad-vergleichsstudie/.lizard-tmp-DUgF1d/code/seed-b-frontend/.angular/cache/22.1.3/seed-b-frontend/vite/deps/common-CRK_EOt6.js","ngTemplateContextGuard","ngTemplateContextGuard ( dir , ctx )",1985,1987
3,2,29,0,3,"NgForOf_Factory@1988-1990@/home/alex/dev/Bachelor/bmad-vergleichsstudie/.lizard-tmp-DUgF1d/code/seed-b-frontend/.angular/cache/22.1.3/seed-b-frontend/vite/deps/common-CRK_EOt6.js","/home/alex/dev/Bachelor/bmad-vergleichsstudie/.lizard-tmp-DUgF1d/code/seed-b-frontend/.angular/cache/22.1.3/seed-b-frontend/vite/deps/common-CRK_EOt6.js","NgForOf_Factory","NgForOf_Factory ( )",1988,1990
2,1,6,0,2,"(anonymous)@2011-2012@/home/alex/dev/Bachelor/bmad-vergleichsstudie/.lizard-tmp-DUgF1d/code/seed-b-frontend/.angular/cache/22.1.3/seed-b-frontend/vite/deps/common-CRK_EOt6.js","/home/alex/dev/Bachelor/bmad-vergleichsstudie/.lizard-tmp-DUgF1d/code/seed-b-frontend/.angular/cache/22.1.3/seed-b-frontend/vite/deps/common-CRK_EOt6.js","(anonymous)","(anonymous)",2011,2012
13,3,84,0,14,"(anonymous)@2007-2020@/home/alex/dev/Bachelor/bmad-vergleichsstudie/.lizard-tmp-DUgF1d/code/seed-b-frontend/.angular/cache/22.1.3/seed-b-frontend/vite/deps/common-CRK_EOt6.js","/home/alex/dev/Bachelor/bmad-vergleichsstudie/.lizard-tmp-DUgF1d/code/seed-b-frontend/.angular/cache/22.1.3/seed-b-frontend/vite/deps/common-CRK_EOt6.js","(anonymous)","(anonymous)",2007,2020
3,1,17,2,3,"applyViewChange@2021-2023@/home/alex/dev/Bachelor/bmad-vergleichsstudie/.lizard-tmp-DUgF1d/code/seed-b-frontend/.angular/cache/22.1.3/seed-b-frontend/vite/deps/common-CRK_EOt6.js","/home/alex/dev/Bachelor/bmad-vergleichsstudie/.lizard-tmp-DUgF1d/code/seed-b-frontend/.angular/cache/22.1.3/seed-b-frontend/vite/deps/common-CRK_EOt6.js","applyViewChange","applyViewChange ( view , record )",2021,2023
3,2,14,1,3,"getTypeName@2024-2026@/home/alex/dev/Bachelor/bmad-vergleichsstudie/.lizard-tmp-DUgF1d/code/seed-b-frontend/.angular/cache/22.1.3/seed-b-frontend/vite/deps/common-CRK_EOt6.js","/home/alex/dev/Bachelor/bmad-vergleichsstudie/.lizard-tmp-DUgF1d/code/seed-b-frontend/.angular/cache/22.1.3/seed-b-frontend/vite/deps/common-CRK_EOt6.js","getTypeName","getTypeName ( type )",2024,2026
4,1,19,1,4,"constructor@2034-2037@/home/alex/dev/Bachelor/bmad-vergleichsstudie/.lizard-tmp-DUgF1d/code/seed-b-frontend/.angular/cache/22.1.3/seed-b-frontend/vite/deps/common-CRK_EOt6.js","/home/alex/dev/Bachelor/bmad-vergleichsstudie/.lizard-tmp-DUgF1d/code/seed-b-frontend/.angular/cache/22.1.3/seed-b-frontend/vite/deps/common-CRK_EOt6.js","constructor","constructor ( , templateRef )",2034,2037
4,1,25,1,4,"set ngIf@2038-2041@/home/alex/dev/Bachelor/bmad-vergleichsstudie/.lizard-tmp-DUgF1d/code/seed-b-frontend/.angular/cache/22.1.3/seed-b-frontend/vite/deps/common-CRK_EOt6.js","/home/alex/dev/Bachelor/bmad-vergleichsstudie/.lizard-tmp-DUgF1d/code/seed-b-frontend/.angular/cache/22.1.3/seed-b-frontend/vite/deps/common-CRK_EOt6.js","set ngIf","set ngIf ( condition )",2038,2041
6,3,39,1,6,"set ngIfThen@2042-2047@/home/alex/dev/Bachelor/bmad-vergleichsstudie/.lizard-tmp-DUgF1d/code/seed-b-frontend/.angular/cache/22.1.3/seed-b-frontend/vite/deps/common-CRK_EOt6.js","/home/alex/dev/Bachelor/bmad-vergleichsstudie/.lizard-tmp-DUgF1d/code/seed-b-frontend/.angular/cache/22.1.3/seed-b-frontend/vite/deps/common-CRK_EOt6.js","set ngIfThen","set ngIfThen ( templateRef )",2042,2047
6,3,39,1,6,"set ngIfElse@2048-2053@/home/alex/dev/Bachelor/bmad-vergleichsstudie/.lizard-tmp-DUgF1d/code/seed-b-frontend/.angular/cache/22.1.3/seed-b-frontend/vite/deps/common-CRK_EOt6.js","/home/alex/dev/Bachelor/bmad-vergleichsstudie/.lizard-tmp-DUgF1d/code/seed-b-frontend/.angular/cache/22.1.3/seed-b-frontend/vite/deps/common-CRK_EOt6.js","set ngIfElse","set ngIfElse ( templateRef )",2048,2053
13,6,111,0,13,"_updateView@2054-2066@/home/alex/dev/Bachelor/bmad-vergleichsstudie/.lizard-tmp-DUgF1d/code/seed-b-frontend/.angular/cache/22.1.3/seed-b-frontend/vite/deps/common-CRK_EOt6.js","/home/alex/dev/Bachelor/bmad-vergleichsstudie/.lizard-tmp-DUgF1d/code/seed-b-frontend/.angular/cache/22.1.3/seed-b-frontend/vite/deps/common-CRK_EOt6.js","_updateView","_updateView ( )",2054,2066
3,1,10,2,3,"ngTemplateContextGuard@2069-2071@/home/alex/dev/Bachelor/bmad-vergleichsstudie/.lizard-tmp-DUgF1d/code/seed-b-frontend/.angular/cache/22.1.3/seed-b-frontend/vite/deps/common-CRK_EOt6.js","/home/alex/dev/Bachelor/bmad-vergleichsstudie/.lizard-tmp-DUgF1d/code/seed-b-frontend/.angular/cache/22.1.3/seed-b-frontend/vite/deps/common-CRK_EOt6.js","ngTemplateContextGuard","ngTemplateContextGuard ( dir , ctx )",2069,2071
3,2,24,0,3,"NgIf_Factory@2072-2074@/home/alex/dev/Bachelor/bmad-vergleichsstudie/.lizard-tmp-DUgF1d/code/seed-b-frontend/.angular/cache/22.1.3/seed-b-frontend/vite/deps/common-CRK_EOt6.js","/home/alex/dev/Bachelor/bmad-vergleichsstudie/.lizard-tmp-DUgF1d/code/seed-b-frontend/.angular/cache/22.1.3/seed-b-frontend/vite/deps/common-CRK_EOt6.js","NgIf_Factory","NgIf_Factory ( )",2072,2074
1,1,6,0,1,"(anonymous)@2093-2093@/home/alex/dev/Bachelor/bmad-vergleichsstudie/.lizard-tmp-DUgF1d/code/seed-b-frontend/.angular/cache/22.1.3/seed-b-frontend/vite/deps/common-CRK_EOt6.js","/home/alex/dev/Bachelor/bmad-vergleichsstudie/.lizard-tmp-DUgF1d/code/seed-b-frontend/.angular/cache/22.1.3/seed-b-frontend/vite/deps/common-CRK_EOt6.js","(anonymous)","(anonymous)",2093,2093
10,3,78,0,10,"(anonymous)@2089-2098@/home/alex/dev/Bachelor/bmad-vergleichsstudie/.lizard-tmp-DUgF1d/code/seed-b-frontend/.angular/cache/22.1.3/seed-b-frontend/vite/deps/common-CRK_EOt6.js","/home/alex/dev/Bachelor/bmad-vergleichsstudie/.lizard-tmp-DUgF1d/code/seed-b-frontend/.angular/cache/22.1.3/seed-b-frontend/vite/deps/common-CRK_EOt6.js","(anonymous)","(anonymous)",2089,2098
3,5,43,2,3,"assertTemplate@2103-2105@/home/alex/dev/Bachelor/bmad-vergleichsstudie/.lizard-tmp-DUgF1d/code/seed-b-frontend/.angular/cache/22.1.3/seed-b-frontend/vite/deps/common-CRK_EOt6.js","/home/alex/dev/Bachelor/bmad-vergleichsstudie/.lizard-tmp-DUgF1d/code/seed-b-frontend/.angular/cache/22.1.3/seed-b-frontend/vite/deps/common-CRK_EOt6.js","assertTemplate","assertTemplate ( templateRef , property )",2103,2105
4,1,19,0,4,"constructor@2110-2113@/home/alex/dev/Bachelor/bmad-vergleichsstudie/.lizard-tmp-DUgF1d/code/seed-b-frontend/.angular/cache/22.1.3/seed-b-frontend/vite/deps/common-CRK_EOt6.js","/home/alex/dev/Bachelor/bmad-vergleichsstudie/.lizard-tmp-DUgF1d/code/seed-b-frontend/.angular/cache/22.1.3/seed-b-frontend/vite/deps/common-CRK_EOt6.js","constructor","constructor ( , )",2110,2113
4,1,21,0,4,"create@2114-2117@/home/alex/dev/Bachelor/bmad-vergleichsstudie/.lizard-tmp-DUgF1d/code/seed-b-frontend/.angular/cache/22.1.3/seed-b-frontend/vite/deps/common-CRK_EOt6.js","/home/alex/dev/Bachelor/bmad-vergleichsstudie/.lizard-tmp-DUgF1d/code/seed-b-frontend/.angular/cache/22.1.3/seed-b-frontend/vite/deps/common-CRK_EOt6.js","create","create ( )",2114,2117
4,1,18,0,4,"destroy@2118-2121@/home/alex/dev/Bachelor/bmad-vergleichsstudie/.lizard-tmp-DUgF1d/code/seed-b-frontend/.angular/cache/22.1.3/seed-b-frontend/vite/deps/common-CRK_EOt6.js","/home/alex/dev/Bachelor/bmad-vergleichsstudie/.lizard-tmp-DUgF1d/code/seed-b-frontend/.angular/cache/22.1.3/seed-b-frontend/vite/deps/common-CRK_EOt6.js","destroy","destroy ( )",2118,2121
4,5,36,1,4,"enforceState@2122-2125@/home/alex/dev/Bachelor/bmad-vergleichsstudie/.lizard-tmp-DUgF1d/code/seed-b-frontend/.angular/cache/22.1.3/seed-b-frontend/vite/deps/common-CRK_EOt6.js","/home/alex/dev/Bachelor/bmad-vergleichsstudie/.lizard-tmp-DUgF1d/code/seed-b-frontend/.angular/cache/22.1.3/seed-b-frontend/vite/deps/common-CRK_EOt6.js","enforceState","enforceState ( created )",2122,2125
4,2,26,1,4,"set ngSwitch@2134-2137@/home/alex/dev/Bachelor/bmad-vergleichsstudie/.lizard-tmp-DUgF1d/code/seed-b-frontend/.angular/cache/22.1.3/seed-b-frontend/vite/deps/common-CRK_EOt6.js","/home/alex/dev/Bachelor/bmad-vergleichsstudie/.lizard-tmp-DUgF1d/code/seed-b-frontend/.angular/cache/22.1.3/seed-b-frontend/vite/deps/common-CRK_EOt6.js","set ngSwitch","set ngSwitch ( newValue )",2134,2137
3,1,10,0,3,"_addCase@2138-2140@/home/alex/dev/Bachelor/bmad-vergleichsstudie/.lizard-tmp-DUgF1d/code/seed-b-frontend/.angular/cache/22.1.3/seed-b-frontend/vite/deps/common-CRK_EOt6.js","/home/alex/dev/Bachelor/bmad-vergleichsstudie/.lizard-tmp-DUgF1d/code/seed-b-frontend/.angular/cache/22.1.3/seed-b-frontend/vite/deps/common-CRK_EOt6.js","_addCase","_addCase ( )",2138,2140
3,1,14,1,3,"_addDefault@2141-2143@/home/alex/dev/Bachelor/bmad-vergleichsstudie/.lizard-tmp-DUgF1d/code/seed-b-frontend/.angular/cache/22.1.3/seed-b-frontend/vite/deps/common-CRK_EOt6.js","/home/alex/dev/Bachelor/bmad-vergleichsstudie/.lizard-tmp-DUgF1d/code/seed-b-frontend/.angular/cache/22.1.3/seed-b-frontend/vite/deps/common-CRK_EOt6.js","_addDefault","_addDefault ( view )",2141,2143
11,3,63,1,11,"_matchCase@2144-2154@/home/alex/dev/Bachelor/bmad-vergleichsstudie/.lizard-tmp-DUgF1d/code/seed-b-frontend/.angular/cache/22.1.3/seed-b-frontend/vite/deps/common-CRK_EOt6.js","/home/alex/dev/Bachelor/bmad-vergleichsstudie/.lizard-tmp-DUgF1d/code/seed-b-frontend/.angular/cache/22.1.3/seed-b-frontend/vite/deps/common-CRK_EOt6.js","_matchCase","_matchCase ( value )",2144,2154
6,4,45,1,6,"_updateDefaultCases@2155-2160@/home/alex/dev/Bachelor/bmad-vergleichsstudie/.lizard-tmp-DUgF1d/code/seed-b-frontend/.angular/cache/22.1.3/seed-b-frontend/vite/deps/common-CRK_EOt6.js","/home/alex/dev/Bachelor/bmad-vergleichsstudie/.lizard-tmp-DUgF1d/code/seed-b-frontend/.angular/cache/22.1.3/seed-b-frontend/vite/deps/common-CRK_EOt6.js","_updateDefaultCases","_updateDefaultCases ( useDefault )",2155,2160
3,2,15,0,3,"NgSwitch_Factory@2161-2163@/home/alex/dev/Bachelor/bmad-vergleichsstudie/.lizard-tmp-DUgF1d/code/seed-b-frontend/.angular/cache/22.1.3/seed-b-frontend/vite/deps/common-CRK_EOt6.js","/home/alex/dev/Bachelor/bmad-vergleichsstudie/.lizard-tmp-DUgF1d/code/seed-b-frontend/.angular/cache/22.1.3/seed-b-frontend/vite/deps/common-CRK_EOt6.js","NgSwitch_Factory","NgSwitch_Factory ( )",2161,2163
6,3,48,0,6,"(anonymous)@2174-2179@/home/alex/dev/Bachelor/bmad-vergleichsstudie/.lizard-tmp-DUgF1d/code/seed-b-frontend/.angular/cache/22.1.3/seed-b-frontend/vite/deps/common-CRK_EOt6.js","/home/alex/dev/Bachelor/bmad-vergleichsstudie/.lizard-tmp-DUgF1d/code/seed-b-frontend/.angular/cache/22.1.3/seed-b-frontend/vite/deps/common-CRK_EOt6.js","(anonymous)","(anonymous)",2174,2179
6,4,54,3,6,"constructor@2184-2189@/home/alex/dev/Bachelor/bmad-vergleichsstudie/.lizard-tmp-DUgF1d/code/seed-b-frontend/.angular/cache/22.1.3/seed-b-frontend/vite/deps/common-CRK_EOt6.js","/home/alex/dev/Bachelor/bmad-vergleichsstudie/.lizard-tmp-DUgF1d/code/seed-b-frontend/.angular/cache/22.1.3/seed-b-frontend/vite/deps/common-CRK_EOt6.js","constructor","constructor ( viewContainer , templateRef , ngSwitch )",2184,2189
3,1,22,0,3,"ngDoCheck@2190-2192@/home/alex/dev/Bachelor/bmad-vergleichsstudie/.lizard-tmp-DUgF1d/code/seed-b-frontend/.angular/cache/22.1.3/seed-b-frontend/vite/deps/common-CRK_EOt6.js","/home/alex/dev/Bachelor/bmad-vergleichsstudie/.lizard-tmp-DUgF1d/code/seed-b-frontend/.angular/cache/22.1.3/seed-b-frontend/vite/deps/common-CRK_EOt6.js","ngDoCheck","ngDoCheck ( )",2190,2192
3,2,31,0,3,"NgSwitchCase_Factory@2193-2195@/home/alex/dev/Bachelor/bmad-vergleichsstudie/.lizard-tmp-DUgF1d/code/seed-b-frontend/.angular/cache/22.1.3/seed-b-frontend/vite/deps/common-CRK_EOt6.js","/home/alex/dev/Bachelor/bmad-vergleichsstudie/.lizard-tmp-DUgF1d/code/seed-b-frontend/.angular/cache/22.1.3/seed-b-frontend/vite/deps/common-CRK_EOt6.js","NgSwitchCase_Factory","NgSwitchCase_Factory ( )",2193,2195
2,1,6,0,2,"(anonymous)@2210-2211@/home/alex/dev/Bachelor/bmad-vergleichsstudie/.lizard-tmp-DUgF1d/code/seed-b-frontend/.angular/cache/22.1.3/seed-b-frontend/vite/deps/common-CRK_EOt6.js","/home/alex/dev/Bachelor/bmad-vergleichsstudie/.lizard-tmp-DUgF1d/code/seed-b-frontend/.angular/cache/22.1.3/seed-b-frontend/vite/deps/common-CRK_EOt6.js","(anonymous)","(anonymous)",2210,2211
12,3,80,0,13,"(anonymous)@2206-2218@/home/alex/dev/Bachelor/bmad-vergleichsstudie/.lizard-tmp-DUgF1d/code/seed-b-frontend/.angular/cache/22.1.3/seed-b-frontend/vite/deps/common-CRK_EOt6.js","/home/alex/dev/Bachelor/bmad-vergleichsstudie/.lizard-tmp-DUgF1d/code/seed-b-frontend/.angular/cache/22.1.3/seed-b-frontend/vite/deps/common-CRK_EOt6.js","(anonymous)","(anonymous)",2206,2218
4,4,43,3,4,"constructor@2220-2223@/home/alex/dev/Bachelor/bmad-vergleichsstudie/.lizard-tmp-DUgF1d/code/seed-b-frontend/.angular/cache/22.1.3/seed-b-frontend/vite/deps/common-CRK_EOt6.js","/home/alex/dev/Bachelor/bmad-vergleichsstudie/.lizard-tmp-DUgF1d/code/seed-b-frontend/.angular/cache/22.1.3/seed-b-frontend/vite/deps/common-CRK_EOt6.js","constructor","constructor ( viewContainer , templateRef , ngSwitch )",2220,2223
3,2,31,0,3,"NgSwitchDefault_Factory@2224-2226@/home/alex/dev/Bachelor/bmad-vergleichsstudie/.lizard-tmp-DUgF1d/code/seed-b-frontend/.angular/cache/22.1.3/seed-b-frontend/vite/deps/common-CRK_EOt6.js","/home/alex/dev/Bachelor/bmad-vergleichsstudie/.lizard-tmp-DUgF1d/code/seed-b-frontend/.angular/cache/22.1.3/seed-b-frontend/vite/deps/common-CRK_EOt6.js","NgSwitchDefault_Factory","NgSwitchDefault_Factory ( )",2224,2226
2,1,6,0,2,"(anonymous)@2240-2241@/home/alex/dev/Bachelor/bmad-vergleichsstudie/.lizard-tmp-DUgF1d/code/seed-b-frontend/.angular/cache/22.1.3/seed-b-frontend/vite/deps/common-CRK_EOt6.js","/home/alex/dev/Bachelor/bmad-vergleichsstudie/.lizard-tmp-DUgF1d/code/seed-b-frontend/.angular/cache/22.1.3/seed-b-frontend/vite/deps/common-CRK_EOt6.js","(anonymous)","(anonymous)",2240,2241
12,3,70,0,13,"(anonymous)@2236-2248@/home/alex/dev/Bachelor/bmad-vergleichsstudie/.lizard-tmp-DUgF1d/code/seed-b-frontend/.angular/cache/22.1.3/seed-b-frontend/vite/deps/common-CRK_EOt6.js","/home/alex/dev/Bachelor/bmad-vergleichsstudie/.lizard-tmp-DUgF1d/code/seed-b-frontend/.angular/cache/22.1.3/seed-b-frontend/vite/deps/common-CRK_EOt6.js","(anonymous)","(anonymous)",2236,2248
3,1,26,2,3,"throwNgSwitchProviderNotFoundError@2249-2251@/home/alex/dev/Bachelor/bmad-vergleichsstudie/.lizard-tmp-DUgF1d/code/seed-b-frontend/.angular/cache/22.1.3/seed-b-frontend/vite/deps/common-CRK_EOt6.js","/home/alex/dev/Bachelor/bmad-vergleichsstudie/.lizard-tmp-DUgF1d/code/seed-b-frontend/.angular/cache/22.1.3/seed-b-frontend/vite/deps/common-CRK_EOt6.js","throwNgSwitchProviderNotFoundError","throwNgSwitchProviderNotFoundError ( attrName , directiveName )",2249,2251
3,1,11,0,3,"constructor@2256-2258@/home/alex/dev/Bachelor/bmad-vergleichsstudie/.lizard-tmp-DUgF1d/code/seed-b-frontend/.angular/cache/22.1.3/seed-b-frontend/vite/deps/common-CRK_EOt6.js","/home/alex/dev/Bachelor/bmad-vergleichsstudie/.lizard-tmp-DUgF1d/code/seed-b-frontend/.angular/cache/22.1.3/seed-b-frontend/vite/deps/common-CRK_EOt6.js","constructor","constructor ( )",2256,2258
3,1,12,1,3,"set ngPlural@2259-2261@/home/alex/dev/Bachelor/bmad-vergleichsstudie/.lizard-tmp-DUgF1d/code/seed-b-frontend/.angular/cache/22.1.3/seed-b-frontend/vite/deps/common-CRK_EOt6.js","/home/alex/dev/Bachelor/bmad-vergleichsstudie/.lizard-tmp-DUgF1d/code/seed-b-frontend/.angular/cache/22.1.3/seed-b-frontend/vite/deps/common-CRK_EOt6.js","set ngPlural","set ngPlural ( value )",2259,2261
3,1,16,2,3,"addCase@2262-2264@/home/alex/dev/Bachelor/bmad-vergleichsstudie/.lizard-tmp-DUgF1d/code/seed-b-frontend/.angular/cache/22.1.3/seed-b-frontend/vite/deps/common-CRK_EOt6.js","/home/alex/dev/Bachelor/bmad-vergleichsstudie/.lizard-tmp-DUgF1d/code/seed-b-frontend/.angular/cache/22.1.3/seed-b-frontend/vite/deps/common-CRK_EOt6.js","addCase","addCase ( value , switchView )",2262,2264
5,1,44,1,5,"_updateView@2265-2269@/home/alex/dev/Bachelor/bmad-vergleichsstudie/.lizard-tmp-DUgF1d/code/seed-b-frontend/.angular/cache/22.1.3/seed-b-frontend/vite/deps/common-CRK_EOt6.js","/home/alex/dev/Bachelor/bmad-vergleichsstudie/.lizard-tmp-DUgF1d/code/seed-b-frontend/.angular/cache/22.1.3/seed-b-frontend/vite/deps/common-CRK_EOt6.js","_updateView","_updateView ( switchValue )",2265,2269
3,2,18,0,3,"_clearViews@2270-2272@/home/alex/dev/Bachelor/bmad-vergleichsstudie/.lizard-tmp-DUgF1d/code/seed-b-frontend/.angular/cache/22.1.3/seed-b-frontend/vite/deps/common-CRK_EOt6.js","/home/alex/dev/Bachelor/bmad-vergleichsstudie/.lizard-tmp-DUgF1d/code/seed-b-frontend/.angular/cache/22.1.3/seed-b-frontend/vite/deps/common-CRK_EOt6.js","_clearViews","_clearViews ( )",2270,2272
6,2,25,1,6,"_activateView@2273-2278@/home/alex/dev/Bachelor/bmad-vergleichsstudie/.lizard-tmp-DUgF1d/code/seed-b-frontend/.angular/cache/22.1.3/seed-b-frontend/vite/deps/common-CRK_EOt6.js","/home/alex/dev/Bachelor/bmad-vergleichsstudie/.lizard-tmp-DUgF1d/code/seed-b-frontend/.angular/cache/22.1.3/seed-b-frontend/vite/deps/common-CRK_EOt6.js","_activateView","_activateView ( view )",2273,2278
3,2,19,0,3,"NgPlural_Factory@2279-2281@/home/alex/dev/Bachelor/bmad-vergleichsstudie/.lizard-tmp-DUgF1d/code/seed-b-frontend/.angular/cache/22.1.3/seed-b-frontend/vite/deps/common-CRK_EOt6.js","/home/alex/dev/Bachelor/bmad-vergleichsstudie/.lizard-tmp-DUgF1d/code/seed-b-frontend/.angular/cache/22.1.3/seed-b-frontend/vite/deps/common-CRK_EOt6.js","NgPlural_Factory","NgPlural_Factory ( )",2279,2281
1,1,6,0,1,"(anonymous)@2296-2296@/home/alex/dev/Bachelor/bmad-vergleichsstudie/.lizard-tmp-DUgF1d/code/seed-b-frontend/.angular/cache/22.1.3/seed-b-frontend/vite/deps/common-CRK_EOt6.js","/home/alex/dev/Bachelor/bmad-vergleichsstudie/.lizard-tmp-DUgF1d/code/seed-b-frontend/.angular/cache/22.1.3/seed-b-frontend/vite/deps/common-CRK_EOt6.js","(anonymous)","(anonymous)",2296,2296
6,3,52,0,6,"(anonymous)@2292-2297@/home/alex/dev/Bachelor/bmad-vergleichsstudie/.lizard-tmp-DUgF1d/code/seed-b-frontend/.angular/cache/22.1.3/seed-b-frontend/vite/deps/common-CRK_EOt6.js","/home/alex/dev/Bachelor/bmad-vergleichsstudie/.lizard-tmp-DUgF1d/code/seed-b-frontend/.angular/cache/22.1.3/seed-b-frontend/vite/deps/common-CRK_EOt6.js","(anonymous)","(anonymous)",2292,2297
5,2,53,4,5,"constructor@2300-2304@/home/alex/dev/Bachelor/bmad-vergleichsstudie/.lizard-tmp-DUgF1d/code/seed-b-frontend/.angular/cache/22.1.3/seed-b-frontend/vite/deps/common-CRK_EOt6.js","/home/alex/dev/Bachelor/bmad-vergleichsstudie/.lizard-tmp-DUgF1d/code/seed-b-frontend/.angular/cache/22.1.3/seed-b-frontend/vite/deps/common-CRK_EOt6.js","constructor","constructor ( value , template , viewContainer , ngPlural )",2300,2304
3,2,36,0,3,"NgPluralCase_Factory@2305-2307@/home/alex/dev/Bachelor/bmad-vergleichsstudie/.lizard-tmp-DUgF1d/code/seed-b-frontend/.angular/cache/22.1.3/seed-b-frontend/vite/deps/common-CRK_EOt6.js","/home/alex/dev/Bachelor/bmad-vergleichsstudie/.lizard-tmp-DUgF1d/code/seed-b-frontend/.angular/cache/22.1.3/seed-b-frontend/vite/deps/common-CRK_EOt6.js","NgPluralCase_Factory","NgPluralCase_Factory ( )",2305,2307
8,1,23,0,8,"(anonymous)@2321-2328@/home/alex/dev/Bachelor/bmad-vergleichsstudie/.lizard-tmp-DUgF1d/code/seed-b-frontend/.angular/cache/22.1.3/seed-b-frontend/vite/deps/common-CRK_EOt6.js","/home/alex/dev/Bachelor/bmad-vergleichsstudie/.lizard-tmp-DUgF1d/code/seed-b-frontend/.angular/cache/22.1.3/seed-b-frontend/vite/deps/common-CRK_EOt6.js","(anonymous)","(anonymous)",2321,2328
13,3,70,0,20,"(anonymous)@2317-2336@/home/alex/dev/Bachelor/bmad-vergleichsstudie/.lizard-tmp-DUgF1d/code/seed-b-frontend/.angular/cache/22.1.3/seed-b-frontend/vite/deps/common-CRK_EOt6.js","/home/alex/dev/Bachelor/bmad-vergleichsstudie/.lizard-tmp-DUgF1d/code/seed-b-frontend/.angular/cache/22.1.3/seed-b-frontend/vite/deps/common-CRK_EOt6.js","(anonymous)","(anonymous)",2317,2336
5,1,27,0,5,"constructor@2343-2347@/home/alex/dev/Bachelor/bmad-vergleichsstudie/.lizard-tmp-DUgF1d/code/seed-b-frontend/.angular/cache/22.1.3/seed-b-frontend/vite/deps/common-CRK_EOt6.js","/home/alex/dev/Bachelor/bmad-vergleichsstudie/.lizard-tmp-DUgF1d/code/seed-b-frontend/.angular/cache/22.1.3/seed-b-frontend/vite/deps/common-CRK_EOt6.js","constructor","constructor ( , , )",2343,2347
4,3,37,1,4,"set ngStyle@2348-2351@/home/alex/dev/Bachelor/bmad-vergleichsstudie/.lizard-tmp-DUgF1d/code/seed-b-frontend/.angular/cache/22.1.3/seed-b-frontend/vite/deps/common-CRK_EOt6.js","/home/alex/dev/Bachelor/bmad-vergleichsstudie/.lizard-tmp-DUgF1d/code/seed-b-frontend/.angular/cache/22.1.3/seed-b-frontend/vite/deps/common-CRK_EOt6.js","set ngStyle","set ngStyle ( values )",2348,2351
6,3,37,0,6,"ngDoCheck@2352-2357@/home/alex/dev/Bachelor/bmad-vergleichsstudie/.lizard-tmp-DUgF1d/code/seed-b-frontend/.angular/cache/22.1.3/seed-b-frontend/vite/deps/common-CRK_EOt6.js","/home/alex/dev/Bachelor/bmad-vergleichsstudie/.lizard-tmp-DUgF1d/code/seed-b-frontend/.angular/cache/22.1.3/seed-b-frontend/vite/deps/common-CRK_EOt6.js","ngDoCheck","ngDoCheck ( )",2352,2357
6,4,95,2,6,"_setStyle@2358-2363@/home/alex/dev/Bachelor/bmad-vergleichsstudie/.lizard-tmp-DUgF1d/code/seed-b-frontend/.angular/cache/22.1.3/seed-b-frontend/vite/deps/common-CRK_EOt6.js","/home/alex/dev/Bachelor/bmad-vergleichsstudie/.lizard-tmp-DUgF1d/code/seed-b-frontend/.angular/cache/22.1.3/seed-b-frontend/vite/deps/common-CRK_EOt6.js","_setStyle","_setStyle ( nameAndUnit , value )",2358,2363
1,1,11,0,1,"(anonymous)@2365-2365@/home/alex/dev/Bachelor/bmad-vergleichsstudie/.lizard-tmp-DUgF1d/code/seed-b-frontend/.angular/cache/22.1.3/seed-b-frontend/vite/deps/common-CRK_EOt6.js","/home/alex/dev/Bachelor/bmad-vergleichsstudie/.lizard-tmp-DUgF1d/code/seed-b-frontend/.angular/cache/22.1.3/seed-b-frontend/vite/deps/common-CRK_EOt6.js","(anonymous)","(anonymous)",2365,2365
1,1,13,0,1,"(anonymous)@2366-2366@/home/alex/dev/Bachelor/bmad-vergleichsstudie/.lizard-tmp-DUgF1d/code/seed-b-frontend/.angular/cache/22.1.3/seed-b-frontend/vite/deps/common-CRK_EOt6.js","/home/alex/dev/Bachelor/bmad-vergleichsstudie/.lizard-tmp-DUgF1d/code/seed-b-frontend/.angular/cache/22.1.3/seed-b-frontend/vite/deps/common-CRK_EOt6.js","(anonymous)","(anonymous)",2366,2366
1,1,13,0,1,"(anonymous)@2367-2367@/home/alex/dev/Bachelor/bmad-vergleichsstudie/.lizard-tmp-DUgF1d/code/seed-b-frontend/.angular/cache/22.1.3/seed-b-frontend/vite/deps/common-CRK_EOt6.js","/home/alex/dev/Bachelor/bmad-vergleichsstudie/.lizard-tmp-DUgF1d/code/seed-b-frontend/.angular/cache/22.1.3/seed-b-frontend/vite/deps/common-CRK_EOt6.js","(anonymous)","(anonymous)",2367,2367
5,1,35,1,5,"_applyChanges@2364-2368@/home/alex/dev/Bachelor/bmad-vergleichsstudie/.lizard-tmp-DUgF1d/code/seed-b-frontend/.angular/cache/22.1.3/seed-b-frontend/vite/deps/common-CRK_EOt6.js","/home/alex/dev/Bachelor/bmad-vergleichsstudie/.lizard-tmp-DUgF1d/code/seed-b-frontend/.angular/cache/22.1.3/seed-b-frontend/vite/deps/common-CRK_EOt6.js","_applyChanges","_applyChanges ( changes )",2364,2368
3,2,29,0,3,"NgStyle_Factory@2369-2371@/home/alex/dev/Bachelor/bmad-vergleichsstudie/.lizard-tmp-DUgF1d/code/seed-b-frontend/.angular/cache/22.1.3/seed-b-frontend/vite/deps/common-CRK_EOt6.js","/home/alex/dev/Bachelor/bmad-vergleichsstudie/.lizard-tmp-DUgF1d/code/seed-b-frontend/.angular/cache/22.1.3/seed-b-frontend/vite/deps/common-CRK_EOt6.js","NgStyle_Factory","NgStyle_Factory ( )",2369,2371
2,1,6,0,2,"(anonymous)@2386-2387@/home/alex/dev/Bachelor/bmad-vergleichsstudie/.lizard-tmp-DUgF1d/code/seed-b-frontend/.angular/cache/22.1.3/seed-b-frontend/vite/deps/common-CRK_EOt6.js","/home/alex/dev/Bachelor/bmad-vergleichsstudie/.lizard-tmp-DUgF1d/code/seed-b-frontend/.angular/cache/22.1.3/seed-b-frontend/vite/deps/common-CRK_EOt6.js","(anonymous)","(anonymous)",2386,2387
11,3,68,0,12,"(anonymous)@2382-2393@/home/alex/dev/Bachelor/bmad-vergleichsstudie/.lizard-tmp-DUgF1d/code/seed-b-frontend/.angular/cache/22.1.3/seed-b-frontend/vite/deps/common-CRK_EOt6.js","/home/alex/dev/Bachelor/bmad-vergleichsstudie/.lizard-tmp-DUgF1d/code/seed-b-frontend/.angular/cache/22.1.3/seed-b-frontend/vite/deps/common-CRK_EOt6.js","(anonymous)","(anonymous)",2382,2393
3,1,11,0,3,"constructor@2402-2404@/home/alex/dev/Bachelor/bmad-vergleichsstudie/.lizard-tmp-DUgF1d/code/seed-b-frontend/.angular/cache/22.1.3/seed-b-frontend/vite/deps/common-CRK_EOt6.js","/home/alex/dev/Bachelor/bmad-vergleichsstudie/.lizard-tmp-DUgF1d/code/seed-b-frontend/.angular/cache/22.1.3/seed-b-frontend/vite/deps/common-CRK_EOt6.js","constructor","constructor ( )",2402,2404
12,4,94,1,12,"ngOnChanges@2405-2416@/home/alex/dev/Bachelor/bmad-vergleichsstudie/.lizard-tmp-DUgF1d/code/seed-b-frontend/.angular/cache/22.1.3/seed-b-frontend/vite/deps/common-CRK_EOt6.js","/home/alex/dev/Bachelor/bmad-vergleichsstudie/.lizard-tmp-DUgF1d/code/seed-b-frontend/.angular/cache/22.1.3/seed-b-frontend/vite/deps/common-CRK_EOt6.js","ngOnChanges","ngOnChanges ( changes )",2405,2416
4,4,26,0,4,"_getInjector@2417-2420@/home/alex/dev/Bachelor/bmad-vergleichsstudie/.lizard-tmp-DUgF1d/code/seed-b-frontend/.angular/cache/22.1.3/seed-b-frontend/vite/deps/common-CRK_EOt6.js","/home/alex/dev/Bachelor/bmad-vergleichsstudie/.lizard-tmp-DUgF1d/code/seed-b-frontend/.angular/cache/22.1.3/seed-b-frontend/vite/deps/common-CRK_EOt6.js","_getInjector","_getInjector ( )",2417,2420
3,2,20,1,3,"_shouldRecreateView@2421-2423@/home/alex/dev/Bachelor/bmad-vergleichsstudie/.lizard-tmp-DUgF1d/code/seed-b-frontend/.angular/cache/22.1.3/seed-b-frontend/vite/deps/common-CRK_EOt6.js","/home/alex/dev/Bachelor/bmad-vergleichsstudie/.lizard-tmp-DUgF1d/code/seed-b-frontend/.angular/cache/22.1.3/seed-b-frontend/vite/deps/common-CRK_EOt6.js","_shouldRecreateView","_shouldRecreateView ( changes )",2421,2423
4,2,34,2,4,"set :@2426-2429@/home/alex/dev/Bachelor/bmad-vergleichsstudie/.lizard-tmp-DUgF1d/code/seed-b-frontend/.angular/cache/22.1.3/seed-b-frontend/vite/deps/common-CRK_EOt6.js","/home/alex/dev/Bachelor/bmad-vergleichsstudie/.lizard-tmp-DUgF1d/code/seed-b-frontend/.angular/cache/22.1.3/seed-b-frontend/vite/deps/common-CRK_EOt6.js","set :","set : ( , prop , newValue )",2426,2429
4,2,33,2,4,"get :@2430-2433@/home/alex/dev/Bachelor/bmad-vergleichsstudie/.lizard-tmp-DUgF1d/code/seed-b-frontend/.angular/cache/22.1.3/seed-b-frontend/vite/deps/common-CRK_EOt6.js","/home/alex/dev/Bachelor/bmad-vergleichsstudie/.lizard-tmp-DUgF1d/code/seed-b-frontend/.angular/cache/22.1.3/seed-b-frontend/vite/deps/common-CRK_EOt6.js","get :","get : ( , prop , receiver )",2430,2433
6,1,22,0,12,"_createContextForwardProxy@2424-2435@/home/alex/dev/Bachelor/bmad-vergleichsstudie/.lizard-tmp-DUgF1d/code/seed-b-frontend/.angular/cache/22.1.3/seed-b-frontend/vite/deps/common-CRK_EOt6.js","/home/alex/dev/Bachelor/bmad-vergleichsstudie/.lizard-tmp-DUgF1d/code/seed-b-frontend/.angular/cache/22.1.3/seed-b-frontend/vite/deps/common-CRK_EOt6.js","_createContextForwardProxy","_createContextForwardProxy ( )",2424,2435
3,2,19,0,3,"NgTemplateOutlet_Factory@2436-2438@/home/alex/dev/Bachelor/bmad-vergleichsstudie/.lizard-tmp-DUgF1d/code/seed-b-frontend/.angular/cache/22.1.3/seed-b-frontend/vite/deps/common-CRK_EOt6.js","/home/alex/dev/Bachelor/bmad-vergleichsstudie/.lizard-tmp-DUgF1d/code/seed-b-frontend/.angular/cache/22.1.3/seed-b-frontend/vite/deps/common-CRK_EOt6.js","NgTemplateOutlet_Factory","NgTemplateOutlet_Factory ( )",2436,2438
1,1,6,0,1,"(anonymous)@2458-2458@/home/alex/dev/Bachelor/bmad-vergleichsstudie/.lizard-tmp-DUgF1d/code/seed-b-frontend/.angular/cache/22.1.3/seed-b-frontend/vite/deps/common-CRK_EOt6.js","/home/alex/dev/Bachelor/bmad-vergleichsstudie/.lizard-tmp-DUgF1d/code/seed-b-frontend/.angular/cache/22.1.3/seed-b-frontend/vite/deps/common-CRK_EOt6.js","(anonymous)","(anonymous)",2458,2458
10,3,72,0,10,"(anonymous)@2454-2463@/home/alex/dev/Bachelor/bmad-vergleichsstudie/.lizard-tmp-DUgF1d/code/seed-b-frontend/.angular/cache/22.1.3/seed-b-frontend/vite/deps/common-CRK_EOt6.js","/home/alex/dev/Bachelor/bmad-vergleichsstudie/.lizard-tmp-DUgF1d/code/seed-b-frontend/.angular/cache/22.1.3/seed-b-frontend/vite/deps/common-CRK_EOt6.js","(anonymous)","(anonymous)",2454,2463
3,2,28,2,3,"invalidPipeArgumentError@2477-2479@/home/alex/dev/Bachelor/bmad-vergleichsstudie/.lizard-tmp-DUgF1d/code/seed-b-frontend/.angular/cache/22.1.3/seed-b-frontend/vite/deps/common-CRK_EOt6.js","/home/alex/dev/Bachelor/bmad-vergleichsstudie/.lizard-tmp-DUgF1d/code/seed-b-frontend/.angular/cache/22.1.3/seed-b-frontend/vite/deps/common-CRK_EOt6.js","invalidPipeArgumentError","invalidPipeArgumentError ( type , value )",2477,2479
3,2,31,2,3,"warnIfSignal@2480-2482@/home/alex/dev/Bachelor/bmad-vergleichsstudie/.lizard-tmp-DUgF1d/code/seed-b-frontend/.angular/cache/22.1.3/seed-b-frontend/vite/deps/common-CRK_EOt6.js","/home/alex/dev/Bachelor/bmad-vergleichsstudie/.lizard-tmp-DUgF1d/code/seed-b-frontend/.angular/cache/22.1.3/seed-b-frontend/vite/deps/common-CRK_EOt6.js","warnIfSignal","warnIfSignal ( pipeName , value )",2480,2482
4,1,15,0,4,"(anonymous)@2485-2488@/home/alex/dev/Bachelor/bmad-vergleichsstudie/.lizard-tmp-DUgF1d/code/seed-b-frontend/.angular/cache/22.1.3/seed-b-frontend/vite/deps/common-CRK_EOt6.js","/home/alex/dev/Bachelor/bmad-vergleichsstudie/.lizard-tmp-DUgF1d/code/seed-b-frontend/.angular/cache/22.1.3/seed-b-frontend/vite/deps/common-CRK_EOt6.js","(anonymous)","(anonymous)",2485,2488
3,1,17,3,6,"createSubscription@2484-2489@/home/alex/dev/Bachelor/bmad-vergleichsstudie/.lizard-tmp-DUgF1d/code/seed-b-frontend/.angular/cache/22.1.3/seed-b-frontend/vite/deps/common-CRK_EOt6.js","/home/alex/dev/Bachelor/bmad-vergleichsstudie/.lizard-tmp-DUgF1d/code/seed-b-frontend/.angular/cache/22.1.3/seed-b-frontend/vite/deps/common-CRK_EOt6.js","createSubscription","createSubscription ( async , updateLatestValue , onError )",2484,2489
1,1,6,0,1,"(anonymous)@2491-2491@/home/alex/dev/Bachelor/bmad-vergleichsstudie/.lizard-tmp-DUgF1d/code/seed-b-frontend/.angular/cache/22.1.3/seed-b-frontend/vite/deps/common-CRK_EOt6.js","/home/alex/dev/Bachelor/bmad-vergleichsstudie/.lizard-tmp-DUgF1d/code/seed-b-frontend/.angular/cache/22.1.3/seed-b-frontend/vite/deps/common-CRK_EOt6.js","(anonymous)","(anonymous)",2491,2491
3,1,12,1,3,"dispose@2490-2492@/home/alex/dev/Bachelor/bmad-vergleichsstudie/.lizard-tmp-DUgF1d/code/seed-b-frontend/.angular/cache/22.1.3/seed-b-frontend/vite/deps/common-CRK_EOt6.js","/home/alex/dev/Bachelor/bmad-vergleichsstudie/.lizard-tmp-DUgF1d/code/seed-b-frontend/.angular/cache/22.1.3/seed-b-frontend/vite/deps/common-CRK_EOt6.js","dispose","dispose ( subscription )",2490,2492
1,1,5,0,1,"(anonymous)@2496-2496@/home/alex/dev/Bachelor/bmad-vergleichsstudie/.lizard-tmp-DUgF1d/code/seed-b-frontend/.angular/cache/22.1.3/seed-b-frontend/vite/deps/common-CRK_EOt6.js","/home/alex/dev/Bachelor/bmad-vergleichsstudie/.lizard-tmp-DUgF1d/code/seed-b-frontend/.angular/cache/22.1.3/seed-b-frontend/vite/deps/common-CRK_EOt6.js","(anonymous)","(anonymous)",2496,2496
1,1,5,0,1,"(anonymous)@2496-2496@/home/alex/dev/Bachelor/bmad-vergleichsstudie/.lizard-tmp-DUgF1d/code/seed-b-frontend/.angular/cache/22.1.3/seed-b-frontend/vite/deps/common-CRK_EOt6.js","/home/alex/dev/Bachelor/bmad-vergleichsstudie/.lizard-tmp-DUgF1d/code/seed-b-frontend/.angular/cache/22.1.3/seed-b-frontend/vite/deps/common-CRK_EOt6.js","(anonymous)","(anonymous)",2496,2496
2,1,23,3,2,"createSubscription@2495-2496@/home/alex/dev/Bachelor/bmad-vergleichsstudie/.lizard-tmp-DUgF1d/code/seed-b-frontend/.angular/cache/22.1.3/seed-b-frontend/vite/deps/common-CRK_EOt6.js","/home/alex/dev/Bachelor/bmad-vergleichsstudie/.lizard-tmp-DUgF1d/code/seed-b-frontend/.angular/cache/22.1.3/seed-b-frontend/vite/deps/common-CRK_EOt6.js","createSubscription","createSubscription ( async , updateLatestValue , onError )",2495,2496
4,1,13,0,4,"unsubscribe@2497-2500@/home/alex/dev/Bachelor/bmad-vergleichsstudie/.lizard-tmp-DUgF1d/code/seed-b-frontend/.angular/cache/22.1.3/seed-b-frontend/vite/deps/common-CRK_EOt6.js","/home/alex/dev/Bachelor/bmad-vergleichsstudie/.lizard-tmp-DUgF1d/code/seed-b-frontend/.angular/cache/22.1.3/seed-b-frontend/vite/deps/common-CRK_EOt6.js","unsubscribe","unsubscribe ( )",2497,2500
3,1,11,1,3,"constructor@2516-2518@/home/alex/dev/Bachelor/bmad-vergleichsstudie/.lizard-tmp-DUgF1d/code/seed-b-frontend/.angular/cache/22.1.3/seed-b-frontend/vite/deps/common-CRK_EOt6.js","/home/alex/dev/Bachelor/bmad-vergleichsstudie/.lizard-tmp-DUgF1d/code/seed-b-frontend/.angular/cache/22.1.3/seed-b-frontend/vite/deps/common-CRK_EOt6.js","constructor","constructor ( ref )",2516,2518
4,2,22,0,4,"ngOnDestroy@2519-2522@/home/alex/dev/Bachelor/bmad-vergleichsstudie/.lizard-tmp-DUgF1d/code/seed-b-frontend/.angular/cache/22.1.3/seed-b-frontend/vite/deps/common-CRK_EOt6.js","/home/alex/dev/Bachelor/bmad-vergleichsstudie/.lizard-tmp-DUgF1d/code/seed-b-frontend/.angular/cache/22.1.3/seed-b-frontend/vite/deps/common-CRK_EOt6.js","ngOnDestroy","ngOnDestroy ( )",2519,2522
16,4,77,1,16,"transform@2523-2538@/home/alex/dev/Bachelor/bmad-vergleichsstudie/.lizard-tmp-DUgF1d/code/seed-b-frontend/.angular/cache/22.1.3/seed-b-frontend/vite/deps/common-CRK_EOt6.js","/home/alex/dev/Bachelor/bmad-vergleichsstudie/.lizard-tmp-DUgF1d/code/seed-b-frontend/.angular/cache/22.1.3/seed-b-frontend/vite/deps/common-CRK_EOt6.js","transform","transform ( obj )",2523,2538
1,1,20,0,1,"(anonymous)@2542-2542@/home/alex/dev/Bachelor/bmad-vergleichsstudie/.lizard-tmp-DUgF1d/code/seed-b-frontend/.angular/cache/22.1.3/seed-b-frontend/vite/deps/common-CRK_EOt6.js","/home/alex/dev/Bachelor/bmad-vergleichsstudie/.lizard-tmp-DUgF1d/code/seed-b-frontend/.angular/cache/22.1.3/seed-b-frontend/vite/deps/common-CRK_EOt6.js","(anonymous)","(anonymous)",2542,2542
5,1,40,1,5,"_subscribe@2539-2543@/home/alex/dev/Bachelor/bmad-vergleichsstudie/.lizard-tmp-DUgF1d/code/seed-b-frontend/.angular/cache/22.1.3/seed-b-frontend/vite/deps/common-CRK_EOt6.js","/home/alex/dev/Bachelor/bmad-vergleichsstudie/.lizard-tmp-DUgF1d/code/seed-b-frontend/.angular/cache/22.1.3/seed-b-frontend/vite/deps/common-CRK_EOt6.js","_subscribe","_subscribe ( obj )",2539,2543
5,3,33,1,5,"_selectStrategy@2544-2548@/home/alex/dev/Bachelor/bmad-vergleichsstudie/.lizard-tmp-DUgF1d/code/seed-b-frontend/.angular/cache/22.1.3/seed-b-frontend/vite/deps/common-CRK_EOt6.js","/home/alex/dev/Bachelor/bmad-vergleichsstudie/.lizard-tmp-DUgF1d/code/seed-b-frontend/.angular/cache/22.1.3/seed-b-frontend/vite/deps/common-CRK_EOt6.js","_selectStrategy","_selectStrategy ( obj )",2544,2548
6,1,33,0,6,"_dispose@2549-2554@/home/alex/dev/Bachelor/bmad-vergleichsstudie/.lizard-tmp-DUgF1d/code/seed-b-frontend/.angular/cache/22.1.3/seed-b-frontend/vite/deps/common-CRK_EOt6.js","/home/alex/dev/Bachelor/bmad-vergleichsstudie/.lizard-tmp-DUgF1d/code/seed-b-frontend/.angular/cache/22.1.3/seed-b-frontend/vite/deps/common-CRK_EOt6.js","_dispose","_dispose ( )",2549,2554
6,3,37,2,6,"_updateLatestValue@2555-2560@/home/alex/dev/Bachelor/bmad-vergleichsstudie/.lizard-tmp-DUgF1d/code/seed-b-frontend/.angular/cache/22.1.3/seed-b-frontend/vite/deps/common-CRK_EOt6.js","/home/alex/dev/Bachelor/bmad-vergleichsstudie/.lizard-tmp-DUgF1d/code/seed-b-frontend/.angular/cache/22.1.3/seed-b-frontend/vite/deps/common-CRK_EOt6.js","_updateLatestValue","_updateLatestValue ( async , value )",2555,2560
3,2,21,0,3,"AsyncPipe_Factory@2561-2563@/home/alex/dev/Bachelor/bmad-vergleichsstudie/.lizard-tmp-DUgF1d/code/seed-b-frontend/.angular/cache/22.1.3/seed-b-frontend/vite/deps/common-CRK_EOt6.js","/home/alex/dev/Bachelor/bmad-vergleichsstudie/.lizard-tmp-DUgF1d/code/seed-b-frontend/.angular/cache/22.1.3/seed-b-frontend/vite/deps/common-CRK_EOt6.js","AsyncPipe_Factory","AsyncPipe_Factory ( )",2561,2563
1,1,6,0,1,"(anonymous)@2577-2577@/home/alex/dev/Bachelor/bmad-vergleichsstudie/.lizard-tmp-DUgF1d/code/seed-b-frontend/.angular/cache/22.1.3/seed-b-frontend/vite/deps/common-CRK_EOt6.js","/home/alex/dev/Bachelor/bmad-vergleichsstudie/.lizard-tmp-DUgF1d/code/seed-b-frontend/.angular/cache/22.1.3/seed-b-frontend/vite/deps/common-CRK_EOt6.js","(anonymous)","(anonymous)",2577,2577
9,3,46,0,9,"(anonymous)@2570-2578@/home/alex/dev/Bachelor/bmad-vergleichsstudie/.lizard-tmp-DUgF1d/code/seed-b-frontend/.angular/cache/22.1.3/seed-b-frontend/vite/deps/common-CRK_EOt6.js","/home/alex/dev/Bachelor/bmad-vergleichsstudie/.lizard-tmp-DUgF1d/code/seed-b-frontend/.angular/cache/22.1.3/seed-b-frontend/vite/deps/common-CRK_EOt6.js","(anonymous)","(anonymous)",2570,2578
5,2,28,1,5,"transform@2580-2584@/home/alex/dev/Bachelor/bmad-vergleichsstudie/.lizard-tmp-DUgF1d/code/seed-b-frontend/.angular/cache/22.1.3/seed-b-frontend/vite/deps/common-CRK_EOt6.js","/home/alex/dev/Bachelor/bmad-vergleichsstudie/.lizard-tmp-DUgF1d/code/seed-b-frontend/.angular/cache/22.1.3/seed-b-frontend/vite/deps/common-CRK_EOt6.js","transform","transform ( value )",2580,2584
3,2,15,0,3,"LowerCasePipe_Factory@2585-2587@/home/alex/dev/Bachelor/bmad-vergleichsstudie/.lizard-tmp-DUgF1d/code/seed-b-frontend/.angular/cache/22.1.3/seed-b-frontend/vite/deps/common-CRK_EOt6.js","/home/alex/dev/Bachelor/bmad-vergleichsstudie/.lizard-tmp-DUgF1d/code/seed-b-frontend/.angular/cache/22.1.3/seed-b-frontend/vite/deps/common-CRK_EOt6.js","LowerCasePipe_Factory","LowerCasePipe_Factory ( )",2585,2587
6,3,38,0,6,"(anonymous)@2594-2599@/home/alex/dev/Bachelor/bmad-vergleichsstudie/.lizard-tmp-DUgF1d/code/seed-b-frontend/.angular/cache/22.1.3/seed-b-frontend/vite/deps/common-CRK_EOt6.js","/home/alex/dev/Bachelor/bmad-vergleichsstudie/.lizard-tmp-DUgF1d/code/seed-b-frontend/.angular/cache/22.1.3/seed-b-frontend/vite/deps/common-CRK_EOt6.js","(anonymous)","(anonymous)",2594,2599
1,1,20,0,1,"(anonymous)@2605-2605@/home/alex/dev/Bachelor/bmad-vergleichsstudie/.lizard-tmp-DUgF1d/code/seed-b-frontend/.angular/cache/22.1.3/seed-b-frontend/vite/deps/common-CRK_EOt6.js","/home/alex/dev/Bachelor/bmad-vergleichsstudie/.lizard-tmp-DUgF1d/code/seed-b-frontend/.angular/cache/22.1.3/seed-b-frontend/vite/deps/common-CRK_EOt6.js","(anonymous)","(anonymous)",2605,2605
5,2,34,1,5,"transform@2602-2606@/home/alex/dev/Bachelor/bmad-vergleichsstudie/.lizard-tmp-DUgF1d/code/seed-b-frontend/.angular/cache/22.1.3/seed-b-frontend/vite/deps/common-CRK_EOt6.js","/home/alex/dev/Bachelor/bmad-vergleichsstudie/.lizard-tmp-DUgF1d/code/seed-b-frontend/.angular/cache/22.1.3/seed-b-frontend/vite/deps/common-CRK_EOt6.js","transform","transform ( value )",2602,2606
3,2,15,0,3,"TitleCasePipe_Factory@2607-2609@/home/alex/dev/Bachelor/bmad-vergleichsstudie/.lizard-tmp-DUgF1d/code/seed-b-frontend/.angular/cache/22.1.3/seed-b-frontend/vite/deps/common-CRK_EOt6.js","/home/alex/dev/Bachelor/bmad-vergleichsstudie/.lizard-tmp-DUgF1d/code/seed-b-frontend/.angular/cache/22.1.3/seed-b-frontend/vite/deps/common-CRK_EOt6.js","TitleCasePipe_Factory","TitleCasePipe_Factory ( )",2607,2609
6,3,38,0,6,"(anonymous)@2616-2621@/home/alex/dev/Bachelor/bmad-vergleichsstudie/.lizard-tmp-DUgF1d/code/seed-b-frontend/.angular/cache/22.1.3/seed-b-frontend/vite/deps/common-CRK_EOt6.js","/home/alex/dev/Bachelor/bmad-vergleichsstudie/.lizard-tmp-DUgF1d/code/seed-b-frontend/.angular/cache/22.1.3/seed-b-frontend/vite/deps/common-CRK_EOt6.js","(anonymous)","(anonymous)",2616,2621
5,2,28,1,5,"transform@2623-2627@/home/alex/dev/Bachelor/bmad-vergleichsstudie/.lizard-tmp-DUgF1d/code/seed-b-frontend/.angular/cache/22.1.3/seed-b-frontend/vite/deps/common-CRK_EOt6.js","/home/alex/dev/Bachelor/bmad-vergleichsstudie/.lizard-tmp-DUgF1d/code/seed-b-frontend/.angular/cache/22.1.3/seed-b-frontend/vite/deps/common-CRK_EOt6.js","transform","transform ( value )",2623,2627
3,2,15,0,3,"UpperCasePipe_Factory@2628-2630@/home/alex/dev/Bachelor/bmad-vergleichsstudie/.lizard-tmp-DUgF1d/code/seed-b-frontend/.angular/cache/22.1.3/seed-b-frontend/vite/deps/common-CRK_EOt6.js","/home/alex/dev/Bachelor/bmad-vergleichsstudie/.lizard-tmp-DUgF1d/code/seed-b-frontend/.angular/cache/22.1.3/seed-b-frontend/vite/deps/common-CRK_EOt6.js","UpperCasePipe_Factory","UpperCasePipe_Factory ( )",2628,2630
6,3,38,0,6,"(anonymous)@2637-2642@/home/alex/dev/Bachelor/bmad-vergleichsstudie/.lizard-tmp-DUgF1d/code/seed-b-frontend/.angular/cache/22.1.3/seed-b-frontend/vite/deps/common-CRK_EOt6.js","/home/alex/dev/Bachelor/bmad-vergleichsstudie/.lizard-tmp-DUgF1d/code/seed-b-frontend/.angular/cache/22.1.3/seed-b-frontend/vite/deps/common-CRK_EOt6.js","(anonymous)","(anonymous)",2637,2642
3,2,22,2,3,"assertPipeArgument@2643-2645@/home/alex/dev/Bachelor/bmad-vergleichsstudie/.lizard-tmp-DUgF1d/code/seed-b-frontend/.angular/cache/22.1.3/seed-b-frontend/vite/deps/common-CRK_EOt6.js","/home/alex/dev/Bachelor/bmad-vergleichsstudie/.lizard-tmp-DUgF1d/code/seed-b-frontend/.angular/cache/22.1.3/seed-b-frontend/vite/deps/common-CRK_EOt6.js","assertPipeArgument","assertPipeArgument ( pipe , value )",2643,2645
5,1,27,3,5,"constructor@2653-2657@/home/alex/dev/Bachelor/bmad-vergleichsstudie/.lizard-tmp-DUgF1d/code/seed-b-frontend/.angular/cache/22.1.3/seed-b-frontend/vite/deps/common-CRK_EOt6.js","/home/alex/dev/Bachelor/bmad-vergleichsstudie/.lizard-tmp-DUgF1d/code/seed-b-frontend/.angular/cache/22.1.3/seed-b-frontend/vite/deps/common-CRK_EOt6.js","constructor","constructor ( locale , defaultTimezone , defaultOptions )",2653,2657
10,16,99,4,10,"transform@2658-2667@/home/alex/dev/Bachelor/bmad-vergleichsstudie/.lizard-tmp-DUgF1d/code/seed-b-frontend/.angular/cache/22.1.3/seed-b-frontend/vite/deps/common-CRK_EOt6.js","/home/alex/dev/Bachelor/bmad-vergleichsstudie/.lizard-tmp-DUgF1d/code/seed-b-frontend/.angular/cache/22.1.3/seed-b-frontend/vite/deps/common-CRK_EOt6.js","transform","transform ( value , format , timezone , locale )",2658,2667
3,2,35,0,3,"DatePipe_Factory@2668-2670@/home/alex/dev/Bachelor/bmad-vergleichsstudie/.lizard-tmp-DUgF1d/code/seed-b-frontend/.angular/cache/22.1.3/seed-b-frontend/vite/deps/common-CRK_EOt6.js","/home/alex/dev/Bachelor/bmad-vergleichsstudie/.lizard-tmp-DUgF1d/code/seed-b-frontend/.angular/cache/22.1.3/seed-b-frontend/vite/deps/common-CRK_EOt6.js","DatePipe_Factory","DatePipe_Factory ( )",2668,2670
8,1,23,0,8,"(anonymous)@2681-2688@/home/alex/dev/Bachelor/bmad-vergleichsstudie/.lizard-tmp-DUgF1d/code/seed-b-frontend/.angular/cache/22.1.3/seed-b-frontend/vite/deps/common-CRK_EOt6.js","/home/alex/dev/Bachelor/bmad-vergleichsstudie/.lizard-tmp-DUgF1d/code/seed-b-frontend/.angular/cache/22.1.3/seed-b-frontend/vite/deps/common-CRK_EOt6.js","(anonymous)","(anonymous)",2681,2688
19,3,94,0,26,"(anonymous)@2677-2702@/home/alex/dev/Bachelor/bmad-vergleichsstudie/.lizard-tmp-DUgF1d/code/seed-b-frontend/.angular/cache/22.1.3/seed-b-frontend/vite/deps/common-CRK_EOt6.js","/home/alex/dev/Bachelor/bmad-vergleichsstudie/.lizard-tmp-DUgF1d/code/seed-b-frontend/.angular/cache/22.1.3/seed-b-frontend/vite/deps/common-CRK_EOt6.js","(anonymous)","(anonymous)",2677,2702
3,1,11,0,3,"constructor@2708-2710@/home/alex/dev/Bachelor/bmad-vergleichsstudie/.lizard-tmp-DUgF1d/code/seed-b-frontend/.angular/cache/22.1.3/seed-b-frontend/vite/deps/common-CRK_EOt6.js","/home/alex/dev/Bachelor/bmad-vergleichsstudie/.lizard-tmp-DUgF1d/code/seed-b-frontend/.angular/cache/22.1.3/seed-b-frontend/vite/deps/common-CRK_EOt6.js","constructor","constructor ( )",2708,2710
5,4,70,3,5,"transform@2711-2715@/home/alex/dev/Bachelor/bmad-vergleichsstudie/.lizard-tmp-DUgF1d/code/seed-b-frontend/.angular/cache/22.1.3/seed-b-frontend/vite/deps/common-CRK_EOt6.js","/home/alex/dev/Bachelor/bmad-vergleichsstudie/.lizard-tmp-DUgF1d/code/seed-b-frontend/.angular/cache/22.1.3/seed-b-frontend/vite/deps/common-CRK_EOt6.js","transform","transform ( value , pluralMap , locale )",2711,2715
3,2,21,0,3,"I18nPluralPipe_Factory@2716-2718@/home/alex/dev/Bachelor/bmad-vergleichsstudie/.lizard-tmp-DUgF1d/code/seed-b-frontend/.angular/cache/22.1.3/seed-b-frontend/vite/deps/common-CRK_EOt6.js","/home/alex/dev/Bachelor/bmad-vergleichsstudie/.lizard-tmp-DUgF1d/code/seed-b-frontend/.angular/cache/22.1.3/seed-b-frontend/vite/deps/common-CRK_EOt6.js","I18nPluralPipe_Factory","I18nPluralPipe_Factory ( )",2716,2718
1,1,6,0,1,"(anonymous)@2729-2729@/home/alex/dev/Bachelor/bmad-vergleichsstudie/.lizard-tmp-DUgF1d/code/seed-b-frontend/.angular/cache/22.1.3/seed-b-frontend/vite/deps/common-CRK_EOt6.js","/home/alex/dev/Bachelor/bmad-vergleichsstudie/.lizard-tmp-DUgF1d/code/seed-b-frontend/.angular/cache/22.1.3/seed-b-frontend/vite/deps/common-CRK_EOt6.js","(anonymous)","(anonymous)",2729,2729
6,3,42,0,6,"(anonymous)@2725-2730@/home/alex/dev/Bachelor/bmad-vergleichsstudie/.lizard-tmp-DUgF1d/code/seed-b-frontend/.angular/cache/22.1.3/seed-b-frontend/vite/deps/common-CRK_EOt6.js","/home/alex/dev/Bachelor/bmad-vergleichsstudie/.lizard-tmp-DUgF1d/code/seed-b-frontend/.angular/cache/22.1.3/seed-b-frontend/vite/deps/common-CRK_EOt6.js","(anonymous)","(anonymous)",2725,2730
7,6,73,2,7,"transform@2732-2738@/home/alex/dev/Bachelor/bmad-vergleichsstudie/.lizard-tmp-DUgF1d/code/seed-b-frontend/.angular/cache/22.1.3/seed-b-frontend/vite/deps/common-CRK_EOt6.js","/home/alex/dev/Bachelor/bmad-vergleichsstudie/.lizard-tmp-DUgF1d/code/seed-b-frontend/.angular/cache/22.1.3/seed-b-frontend/vite/deps/common-CRK_EOt6.js","transform","transform ( value , mapping )",2732,2738
3,2,15,0,3,"I18nSelectPipe_Factory@2739-2741@/home/alex/dev/Bachelor/bmad-vergleichsstudie/.lizard-tmp-DUgF1d/code/seed-b-frontend/.angular/cache/22.1.3/seed-b-frontend/vite/deps/common-CRK_EOt6.js","/home/alex/dev/Bachelor/bmad-vergleichsstudie/.lizard-tmp-DUgF1d/code/seed-b-frontend/.angular/cache/22.1.3/seed-b-frontend/vite/deps/common-CRK_EOt6.js","I18nSelectPipe_Factory","I18nSelectPipe_Factory ( )",2739,2741
6,3,38,0,6,"(anonymous)@2748-2753@/home/alex/dev/Bachelor/bmad-vergleichsstudie/.lizard-tmp-DUgF1d/code/seed-b-frontend/.angular/cache/22.1.3/seed-b-frontend/vite/deps/common-CRK_EOt6.js","/home/alex/dev/Bachelor/bmad-vergleichsstudie/.lizard-tmp-DUgF1d/code/seed-b-frontend/.angular/cache/22.1.3/seed-b-frontend/vite/deps/common-CRK_EOt6.js","(anonymous)","(anonymous)",2748,2753
4,2,26,1,4,"transform@2755-2758@/home/alex/dev/Bachelor/bmad-vergleichsstudie/.lizard-tmp-DUgF1d/code/seed-b-frontend/.angular/cache/22.1.3/seed-b-frontend/vite/deps/common-CRK_EOt6.js","/home/alex/dev/Bachelor/bmad-vergleichsstudie/.lizard-tmp-DUgF1d/code/seed-b-frontend/.angular/cache/22.1.3/seed-b-frontend/vite/deps/common-CRK_EOt6.js","transform","transform ( value )",2755,2758
3,2,15,0,3,"JsonPipe_Factory@2759-2761@/home/alex/dev/Bachelor/bmad-vergleichsstudie/.lizard-tmp-DUgF1d/code/seed-b-frontend/.angular/cache/22.1.3/seed-b-frontend/vite/deps/common-CRK_EOt6.js","/home/alex/dev/Bachelor/bmad-vergleichsstudie/.lizard-tmp-DUgF1d/code/seed-b-frontend/.angular/cache/22.1.3/seed-b-frontend/vite/deps/common-CRK_EOt6.js","JsonPipe_Factory","JsonPipe_Factory ( )",2759,2761
9,3,42,0,9,"(anonymous)@2768-2776@/home/alex/dev/Bachelor/bmad-vergleichsstudie/.lizard-tmp-DUgF1d/code/seed-b-frontend/.angular/cache/22.1.3/seed-b-frontend/vite/deps/common-CRK_EOt6.js","/home/alex/dev/Bachelor/bmad-vergleichsstudie/.lizard-tmp-DUgF1d/code/seed-b-frontend/.angular/cache/22.1.3/seed-b-frontend/vite/deps/common-CRK_EOt6.js","(anonymous)","(anonymous)",2768,2776
6,1,14,2,6,"makeKeyValuePair@2777-2782@/home/alex/dev/Bachelor/bmad-vergleichsstudie/.lizard-tmp-DUgF1d/code/seed-b-frontend/.angular/cache/22.1.3/seed-b-frontend/vite/deps/common-CRK_EOt6.js","/home/alex/dev/Bachelor/bmad-vergleichsstudie/.lizard-tmp-DUgF1d/code/seed-b-frontend/.angular/cache/22.1.3/seed-b-frontend/vite/deps/common-CRK_EOt6.js","makeKeyValuePair","makeKeyValuePair ( key , value )",2777,2782
3,1,11,1,3,"constructor@2785-2787@/home/alex/dev/Bachelor/bmad-vergleichsstudie/.lizard-tmp-DUgF1d/code/seed-b-frontend/.angular/cache/22.1.3/seed-b-frontend/vite/deps/common-CRK_EOt6.js","/home/alex/dev/Bachelor/bmad-vergleichsstudie/.lizard-tmp-DUgF1d/code/seed-b-frontend/.angular/cache/22.1.3/seed-b-frontend/vite/deps/common-CRK_EOt6.js","constructor","constructor ( differs )",2785,2787
3,1,20,0,3,"(anonymous)@2799-2801@/home/alex/dev/Bachelor/bmad-vergleichsstudie/.lizard-tmp-DUgF1d/code/seed-b-frontend/.angular/cache/22.1.3/seed-b-frontend/vite/deps/common-CRK_EOt6.js","/home/alex/dev/Bachelor/bmad-vergleichsstudie/.lizard-tmp-DUgF1d/code/seed-b-frontend/.angular/cache/22.1.3/seed-b-frontend/vite/deps/common-CRK_EOt6.js","(anonymous)","(anonymous)",2799,2801
16,11,134,2,18,"transform@2791-2808@/home/alex/dev/Bachelor/bmad-vergleichsstudie/.lizard-tmp-DUgF1d/code/seed-b-frontend/.angular/cache/22.1.3/seed-b-frontend/vite/deps/common-CRK_EOt6.js","/home/alex/dev/Bachelor/bmad-vergleichsstudie/.lizard-tmp-DUgF1d/code/seed-b-frontend/.angular/cache/22.1.3/seed-b-frontend/vite/deps/common-CRK_EOt6.js","transform","transform ( input , compareFn defaultComparator )",2791,2808
3,2,21,0,3,"KeyValuePipe_Factory@2809-2811@/home/alex/dev/Bachelor/bmad-vergleichsstudie/.lizard-tmp-DUgF1d/code/seed-b-frontend/.angular/cache/22.1.3/seed-b-frontend/vite/deps/common-CRK_EOt6.js","/home/alex/dev/Bachelor/bmad-vergleichsstudie/.lizard-tmp-DUgF1d/code/seed-b-frontend/.angular/cache/22.1.3/seed-b-frontend/vite/deps/common-CRK_EOt6.js","KeyValuePipe_Factory","KeyValuePipe_Factory ( )",2809,2811
1,1,6,0,1,"(anonymous)@2825-2825@/home/alex/dev/Bachelor/bmad-vergleichsstudie/.lizard-tmp-DUgF1d/code/seed-b-frontend/.angular/cache/22.1.3/seed-b-frontend/vite/deps/common-CRK_EOt6.js","/home/alex/dev/Bachelor/bmad-vergleichsstudie/.lizard-tmp-DUgF1d/code/seed-b-frontend/.angular/cache/22.1.3/seed-b-frontend/vite/deps/common-CRK_EOt6.js","(anonymous)","(anonymous)",2825,2825
9,3,46,0,9,"(anonymous)@2818-2826@/home/alex/dev/Bachelor/bmad-vergleichsstudie/.lizard-tmp-DUgF1d/code/seed-b-frontend/.angular/cache/22.1.3/seed-b-frontend/vite/deps/common-CRK_EOt6.js","/home/alex/dev/Bachelor/bmad-vergleichsstudie/.lizard-tmp-DUgF1d/code/seed-b-frontend/.angular/cache/22.1.3/seed-b-frontend/vite/deps/common-CRK_EOt6.js","(anonymous)","(anonymous)",2818,2826
1019,234,6965,2,1033,"defaultComparator@2827-3859@/home/alex/dev/Bachelor/bmad-vergleichsstudie/.lizard-tmp-DUgF1d/code/seed-b-frontend/.angular/cache/22.1.3/seed-b-frontend/vite/deps/common-CRK_EOt6.js","/home/alex/dev/Bachelor/bmad-vergleichsstudie/.lizard-tmp-DUgF1d/code/seed-b-frontend/.angular/cache/22.1.3/seed-b-frontend/vite/deps/common-CRK_EOt6.js","defaultComparator","defaultComparator ( keyValueA , keyValueB )",2827,3859
7,1,37,0,7,"callback@3875-3881@/home/alex/dev/Bachelor/bmad-vergleichsstudie/.lizard-tmp-DUgF1d/code/seed-b-frontend/.angular/cache/22.1.3/seed-b-frontend/vite/deps/common-CRK_EOt6.js","/home/alex/dev/Bachelor/bmad-vergleichsstudie/.lizard-tmp-DUgF1d/code/seed-b-frontend/.angular/cache/22.1.3/seed-b-frontend/vite/deps/common-CRK_EOt6.js","callback","callback ( )",3875,3881
4,1,10,0,4,"(anonymous)@3884-3887@/home/alex/dev/Bachelor/bmad-vergleichsstudie/.lizard-tmp-DUgF1d/code/seed-b-frontend/.angular/cache/22.1.3/seed-b-frontend/vite/deps/common-CRK_EOt6.js","/home/alex/dev/Bachelor/bmad-vergleichsstudie/.lizard-tmp-DUgF1d/code/seed-b-frontend/.angular/cache/22.1.3/seed-b-frontend/vite/deps/common-CRK_EOt6.js","(anonymous)","(anonymous)",3884,3887
3,2,15,0,3,"NgOptimizedImage_Factory@3893-3895@/home/alex/dev/Bachelor/bmad-vergleichsstudie/.lizard-tmp-DUgF1d/code/seed-b-frontend/.angular/cache/22.1.3/seed-b-frontend/vite/deps/common-CRK_EOt6.js","/home/alex/dev/Bachelor/bmad-vergleichsstudie/.lizard-tmp-DUgF1d/code/seed-b-frontend/.angular/cache/22.1.3/seed-b-frontend/vite/deps/common-CRK_EOt6.js","NgOptimizedImage_Factory","NgOptimizedImage_Factory ( )",3893,3895
3,12,130,2,3,"NgOptimizedImage_HostBindings@3904-3906@/home/alex/dev/Bachelor/bmad-vergleichsstudie/.lizard-tmp-DUgF1d/code/seed-b-frontend/.angular/cache/22.1.3/seed-b-frontend/vite/deps/common-CRK_EOt6.js","/home/alex/dev/Bachelor/bmad-vergleichsstudie/.lizard-tmp-DUgF1d/code/seed-b-frontend/.angular/cache/22.1.3/seed-b-frontend/vite/deps/common-CRK_EOt6.js","NgOptimizedImage_HostBindings","NgOptimizedImage_HostBindings ( rf , ctx )",3904,3906
41,1,228,0,41,"(anonymous)@3979-4019@/home/alex/dev/Bachelor/bmad-vergleichsstudie/.lizard-tmp-DUgF1d/code/seed-b-frontend/.angular/cache/22.1.3/seed-b-frontend/vite/deps/common-CRK_EOt6.js","/home/alex/dev/Bachelor/bmad-vergleichsstudie/.lizard-tmp-DUgF1d/code/seed-b-frontend/.angular/cache/22.1.3/seed-b-frontend/vite/deps/common-CRK_EOt6.js","(anonymous)","(anonymous)",3979,4019
19,3,79,0,59,"(anonymous)@3962-4020@/home/alex/dev/Bachelor/bmad-vergleichsstudie/.lizard-tmp-DUgF1d/code/seed-b-frontend/.angular/cache/22.1.3/seed-b-frontend/vite/deps/common-CRK_EOt6.js","/home/alex/dev/Bachelor/bmad-vergleichsstudie/.lizard-tmp-DUgF1d/code/seed-b-frontend/.angular/cache/22.1.3/seed-b-frontend/vite/deps/common-CRK_EOt6.js","(anonymous)","(anonymous)",3962,4020
1,1,4,0,1,"(anonymous)@4023-4023@/home/alex/dev/Bachelor/bmad-vergleichsstudie/.lizard-tmp-DUgF1d/code/seed-b-frontend/.angular/cache/22.1.3/seed-b-frontend/vite/deps/common-CRK_EOt6.js","/home/alex/dev/Bachelor/bmad-vergleichsstudie/.lizard-tmp-DUgF1d/code/seed-b-frontend/.angular/cache/22.1.3/seed-b-frontend/vite/deps/common-CRK_EOt6.js","(anonymous)","(anonymous)",4023,4023
5,2,50,1,5,"processConfig@4021-4025@/home/alex/dev/Bachelor/bmad-vergleichsstudie/.lizard-tmp-DUgF1d/code/seed-b-frontend/.angular/cache/22.1.3/seed-b-frontend/vite/deps/common-CRK_EOt6.js","/home/alex/dev/Bachelor/bmad-vergleichsstudie/.lizard-tmp-DUgF1d/code/seed-b-frontend/.angular/cache/22.1.3/seed-b-frontend/vite/deps/common-CRK_EOt6.js","processConfig","processConfig ( config )",4021,4025
3,2,50,1,3,"assertNoConflictingSrc@4026-4028@/home/alex/dev/Bachelor/bmad-vergleichsstudie/.lizard-tmp-DUgF1d/code/seed-b-frontend/.angular/cache/22.1.3/seed-b-frontend/vite/deps/common-CRK_EOt6.js","/home/alex/dev/Bachelor/bmad-vergleichsstudie/.lizard-tmp-DUgF1d/code/seed-b-frontend/.angular/cache/22.1.3/seed-b-frontend/vite/deps/common-CRK_EOt6.js","assertNoConflictingSrc","assertNoConflictingSrc ( dir )",4026,4028
3,2,50,1,3,"assertNoConflictingSrcset@4029-4031@/home/alex/dev/Bachelor/bmad-vergleichsstudie/.lizard-tmp-DUgF1d/code/seed-b-frontend/.angular/cache/22.1.3/seed-b-frontend/vite/deps/common-CRK_EOt6.js","/home/alex/dev/Bachelor/bmad-vergleichsstudie/.lizard-tmp-DUgF1d/code/seed-b-frontend/.angular/cache/22.1.3/seed-b-frontend/vite/deps/common-CRK_EOt6.js","assertNoConflictingSrcset","assertNoConflictingSrcset ( dir )",4029,4031
7,3,81,1,7,"assertNotBase64Image@4032-4038@/home/alex/dev/Bachelor/bmad-vergleichsstudie/.lizard-tmp-DUgF1d/code/seed-b-frontend/.angular/cache/22.1.3/seed-b-frontend/vite/deps/common-CRK_EOt6.js","/home/alex/dev/Bachelor/bmad-vergleichsstudie/.lizard-tmp-DUgF1d/code/seed-b-frontend/.angular/cache/22.1.3/seed-b-frontend/vite/deps/common-CRK_EOt6.js","assertNotBase64Image","assertNotBase64Image ( dir )",4032,4038
5,1,24,2,5,"assertValidPlaceholder@4042-4046@/home/alex/dev/Bachelor/bmad-vergleichsstudie/.lizard-tmp-DUgF1d/code/seed-b-frontend/.angular/cache/22.1.3/seed-b-frontend/vite/deps/common-CRK_EOt6.js","/home/alex/dev/Bachelor/bmad-vergleichsstudie/.lizard-tmp-DUgF1d/code/seed-b-frontend/.angular/cache/22.1.3/seed-b-frontend/vite/deps/common-CRK_EOt6.js","assertValidPlaceholder","assertValidPlaceholder ( dir , imageLoader )",4042,4046
3,3,40,1,3,"assertNoPlaceholderConfigWithoutPlaceholder@4047-4049@/home/alex/dev/Bachelor/bmad-vergleichsstudie/.lizard-tmp-DUgF1d/code/seed-b-frontend/.angular/cache/22.1.3/seed-b-frontend/vite/deps/common-CRK_EOt6.js","/home/alex/dev/Bachelor/bmad-vergleichsstudie/.lizard-tmp-DUgF1d/code/seed-b-frontend/.angular/cache/22.1.3/seed-b-frontend/vite/deps/common-CRK_EOt6.js","assertNoPlaceholderConfigWithoutPlaceholder","assertNoPlaceholderConfigWithoutPlaceholder ( dir )",4047,4049
3,3,43,2,3,"assertNoRelativePlaceholderWithoutLoader@4050-4052@/home/alex/dev/Bachelor/bmad-vergleichsstudie/.lizard-tmp-DUgF1d/code/seed-b-frontend/.angular/cache/22.1.3/seed-b-frontend/vite/deps/common-CRK_EOt6.js","/home/alex/dev/Bachelor/bmad-vergleichsstudie/.lizard-tmp-DUgF1d/code/seed-b-frontend/.angular/cache/22.1.3/seed-b-frontend/vite/deps/common-CRK_EOt6.js","assertNoRelativePlaceholderWithoutLoader","assertNoRelativePlaceholderWithoutLoader ( dir , imageLoader )",4050,4052
6,6,98,1,6,"assertNoOversizedDataUrl@4053-4058@/home/alex/dev/Bachelor/bmad-vergleichsstudie/.lizard-tmp-DUgF1d/code/seed-b-frontend/.angular/cache/22.1.3/seed-b-frontend/vite/deps/common-CRK_EOt6.js","/home/alex/dev/Bachelor/bmad-vergleichsstudie/.lizard-tmp-DUgF1d/code/seed-b-frontend/.angular/cache/22.1.3/seed-b-frontend/vite/deps/common-CRK_EOt6.js","assertNoOversizedDataUrl","assertNoOversizedDataUrl ( dir )",4053,4058
4,2,58,1,4,"assertNotBlobUrl@4059-4062@/home/alex/dev/Bachelor/bmad-vergleichsstudie/.lizard-tmp-DUgF1d/code/seed-b-frontend/.angular/cache/22.1.3/seed-b-frontend/vite/deps/common-CRK_EOt6.js","/home/alex/dev/Bachelor/bmad-vergleichsstudie/.lizard-tmp-DUgF1d/code/seed-b-frontend/.angular/cache/22.1.3/seed-b-frontend/vite/deps/common-CRK_EOt6.js","assertNotBlobUrl","assertNotBlobUrl ( dir )",4059,4062
5,4,67,3,5,"assertNonEmptyInput@4063-4067@/home/alex/dev/Bachelor/bmad-vergleichsstudie/.lizard-tmp-DUgF1d/code/seed-b-frontend/.angular/cache/22.1.3/seed-b-frontend/vite/deps/common-CRK_EOt6.js","/home/alex/dev/Bachelor/bmad-vergleichsstudie/.lizard-tmp-DUgF1d/code/seed-b-frontend/.angular/cache/22.1.3/seed-b-frontend/vite/deps/common-CRK_EOt6.js","assertNonEmptyInput","assertNonEmptyInput ( dir , name , value )",4063,4067
9,5,101,2,9,"assertValidNgSrcset@4068-4076@/home/alex/dev/Bachelor/bmad-vergleichsstudie/.lizard-tmp-DUgF1d/code/seed-b-frontend/.angular/cache/22.1.3/seed-b-frontend/vite/deps/common-CRK_EOt6.js","/home/alex/dev/Bachelor/bmad-vergleichsstudie/.lizard-tmp-DUgF1d/code/seed-b-frontend/.angular/cache/22.1.3/seed-b-frontend/vite/deps/common-CRK_EOt6.js","assertValidNgSrcset","assertValidNgSrcset ( dir , value )",4068,4076
1,2,11,0,1,"(anonymous)@4078-4078@/home/alex/dev/Bachelor/bmad-vergleichsstudie/.lizard-tmp-DUgF1d/code/seed-b-frontend/.angular/cache/22.1.3/seed-b-frontend/vite/deps/common-CRK_EOt6.js","/home/alex/dev/Bachelor/bmad-vergleichsstudie/.lizard-tmp-DUgF1d/code/seed-b-frontend/.angular/cache/22.1.3/seed-b-frontend/vite/deps/common-CRK_EOt6.js","(anonymous)","(anonymous)",4078,4078
3,2,68,2,3,"assertUnderDensityCap@4077-4079@/home/alex/dev/Bachelor/bmad-vergleichsstudie/.lizard-tmp-DUgF1d/code/seed-b-frontend/.angular/cache/22.1.3/seed-b-frontend/vite/deps/common-CRK_EOt6.js","/home/alex/dev/Bachelor/bmad-vergleichsstudie/.lizard-tmp-DUgF1d/code/seed-b-frontend/.angular/cache/22.1.3/seed-b-frontend/vite/deps/common-CRK_EOt6.js","assertUnderDensityCap","assertUnderDensityCap ( dir , value )",4077,4079
6,3,83,2,6,"postInitInputChangeError@4080-4085@/home/alex/dev/Bachelor/bmad-vergleichsstudie/.lizard-tmp-DUgF1d/code/seed-b-frontend/.angular/cache/22.1.3/seed-b-frontend/vite/deps/common-CRK_EOt6.js","/home/alex/dev/Bachelor/bmad-vergleichsstudie/.lizard-tmp-DUgF1d/code/seed-b-frontend/.angular/cache/22.1.3/seed-b-frontend/vite/deps/common-CRK_EOt6.js","postInitInputChangeError","postInitInputChangeError ( dir , inputName )",4080,4085
6,4,50,0,6,"(anonymous)@4087-4092@/home/alex/dev/Bachelor/bmad-vergleichsstudie/.lizard-tmp-DUgF1d/code/seed-b-frontend/.angular/cache/22.1.3/seed-b-frontend/vite/deps/common-CRK_EOt6.js","/home/alex/dev/Bachelor/bmad-vergleichsstudie/.lizard-tmp-DUgF1d/code/seed-b-frontend/.angular/cache/22.1.3/seed-b-frontend/vite/deps/common-CRK_EOt6.js","(anonymous)","(anonymous)",4087,4092
3,1,20,3,8,"assertNoPostInitInputChange@4086-4093@/home/alex/dev/Bachelor/bmad-vergleichsstudie/.lizard-tmp-DUgF1d/code/seed-b-frontend/.angular/cache/22.1.3/seed-b-frontend/vite/deps/common-CRK_EOt6.js","/home/alex/dev/Bachelor/bmad-vergleichsstudie/.lizard-tmp-DUgF1d/code/seed-b-frontend/.angular/cache/22.1.3/seed-b-frontend/vite/deps/common-CRK_EOt6.js","assertNoPostInitInputChange","assertNoPostInitInputChange ( dir , changes , inputs )",4086,4093
5,6,91,3,5,"assertGreaterThanZero@4094-4098@/home/alex/dev/Bachelor/bmad-vergleichsstudie/.lizard-tmp-DUgF1d/code/seed-b-frontend/.angular/cache/22.1.3/seed-b-frontend/vite/deps/common-CRK_EOt6.js","/home/alex/dev/Bachelor/bmad-vergleichsstudie/.lizard-tmp-DUgF1d/code/seed-b-frontend/.angular/cache/22.1.3/seed-b-frontend/vite/deps/common-CRK_EOt6.js","assertGreaterThanZero","assertGreaterThanZero ( dir , inputValue , inputName )",4094,4098
34,10,402,0,34,"callback@4100-4133@/home/alex/dev/Bachelor/bmad-vergleichsstudie/.lizard-tmp-DUgF1d/code/seed-b-frontend/.angular/cache/22.1.3/seed-b-frontend/vite/deps/common-CRK_EOt6.js","/home/alex/dev/Bachelor/bmad-vergleichsstudie/.lizard-tmp-DUgF1d/code/seed-b-frontend/.angular/cache/22.1.3/seed-b-frontend/vite/deps/common-CRK_EOt6.js","callback","callback ( )",4100,4133
4,1,10,0,4,"(anonymous)@4135-4138@/home/alex/dev/Bachelor/bmad-vergleichsstudie/.lizard-tmp-DUgF1d/code/seed-b-frontend/.angular/cache/22.1.3/seed-b-frontend/vite/deps/common-CRK_EOt6.js","/home/alex/dev/Bachelor/bmad-vergleichsstudie/.lizard-tmp-DUgF1d/code/seed-b-frontend/.angular/cache/22.1.3/seed-b-frontend/vite/deps/common-CRK_EOt6.js","(anonymous)","(anonymous)",4135,4138
4,1,10,0,4,"(anonymous)@4139-4142@/home/alex/dev/Bachelor/bmad-vergleichsstudie/.lizard-tmp-DUgF1d/code/seed-b-frontend/.angular/cache/22.1.3/seed-b-frontend/vite/deps/common-CRK_EOt6.js","/home/alex/dev/Bachelor/bmad-vergleichsstudie/.lizard-tmp-DUgF1d/code/seed-b-frontend/.angular/cache/22.1.3/seed-b-frontend/vite/deps/common-CRK_EOt6.js","(anonymous)","(anonymous)",4139,4142
7,1,64,4,46,"assertNoImageDistortion@4099-4144@/home/alex/dev/Bachelor/bmad-vergleichsstudie/.lizard-tmp-DUgF1d/code/seed-b-frontend/.angular/cache/22.1.3/seed-b-frontend/vite/deps/common-CRK_EOt6.js","/home/alex/dev/Bachelor/bmad-vergleichsstudie/.lizard-tmp-DUgF1d/code/seed-b-frontend/.angular/cache/22.1.3/seed-b-frontend/vite/deps/common-CRK_EOt6.js","assertNoImageDistortion","assertNoImageDistortion ( dir , img , renderer , destroyRef )",4099,4144
15,8,182,1,15,"assertNonEmptyWidthAndHeight@4145-4159@/home/alex/dev/Bachelor/bmad-vergleichsstudie/.lizard-tmp-DUgF1d/code/seed-b-frontend/.angular/cache/22.1.3/seed-b-frontend/vite/deps/common-CRK_EOt6.js","/home/alex/dev/Bachelor/bmad-vergleichsstudie/.lizard-tmp-DUgF1d/code/seed-b-frontend/.angular/cache/22.1.3/seed-b-frontend/vite/deps/common-CRK_EOt6.js","assertNonEmptyWidthAndHeight","assertNonEmptyWidthAndHeight ( dir )",4145,4159
30,4,207,1,135,"assertNoComplexSizes@4039-4173@/home/alex/dev/Bachelor/bmad-vergleichsstudie/.lizard-tmp-DUgF1d/code/seed-b-frontend/.angular/cache/22.1.3/seed-b-frontend/vite/deps/common-CRK_EOt6.js","/home/alex/dev/Bachelor/bmad-vergleichsstudie/.lizard-tmp-DUgF1d/code/seed-b-frontend/.angular/cache/22.1.3/seed-b-frontend/vite/deps/common-CRK_EOt6.js","assertNoComplexSizes","assertNoComplexSizes ( dir )",4039,4173
5,1,17,1,5,"setActiveConsumer@11-15@/home/alex/dev/Bachelor/bmad-vergleichsstudie/.lizard-tmp-DUgF1d/code/seed-b-frontend/.angular/cache/22.1.3/seed-b-frontend/vite/deps/core-l1vVDnYc.js","/home/alex/dev/Bachelor/bmad-vergleichsstudie/.lizard-tmp-DUgF1d/code/seed-b-frontend/.angular/cache/22.1.3/seed-b-frontend/vite/deps/core-l1vVDnYc.js","setActiveConsumer","setActiveConsumer ( consumer )",11,15
3,1,7,0,3,"getActiveConsumer@16-18@/home/alex/dev/Bachelor/bmad-vergleichsstudie/.lizard-tmp-DUgF1d/code/seed-b-frontend/.angular/cache/22.1.3/seed-b-frontend/vite/deps/core-l1vVDnYc.js","/home/alex/dev/Bachelor/bmad-vergleichsstudie/.lizard-tmp-DUgF1d/code/seed-b-frontend/.angular/cache/22.1.3/seed-b-frontend/vite/deps/core-l1vVDnYc.js","getActiveConsumer","getActiveConsumer ( )",16,18
3,1,7,0,3,"isInNotificationPhase@19-21@/home/alex/dev/Bachelor/bmad-vergleichsstudie/.lizard-tmp-DUgF1d/code/seed-b-frontend/.angular/cache/22.1.3/seed-b-frontend/vite/deps/core-l1vVDnYc.js","/home/alex/dev/Bachelor/bmad-vergleichsstudie/.lizard-tmp-DUgF1d/code/seed-b-frontend/.angular/cache/22.1.3/seed-b-frontend/vite/deps/core-l1vVDnYc.js","isInNotificationPhase","isInNotificationPhase ( )",19,21
2,1,6,0,2,"producerMustRecompute@34-35@/home/alex/dev/Bachelor/bmad-vergleichsstudie/.lizard-tmp-DUgF1d/code/seed-b-frontend/.angular/cache/22.1.3/seed-b-frontend/vite/deps/core-l1vVDnYc.js","/home/alex/dev/Bachelor/bmad-vergleichsstudie/.lizard-tmp-DUgF1d/code/seed-b-frontend/.angular/cache/22.1.3/seed-b-frontend/vite/deps/core-l1vVDnYc.js","producerMustRecompute","producerMustRecompute ( )",34,35
1,1,5,0,1,"producerRecomputeValue@35-35@/home/alex/dev/Bachelor/bmad-vergleichsstudie/.lizard-tmp-DUgF1d/code/seed-b-frontend/.angular/cache/22.1.3/seed-b-frontend/vite/deps/core-l1vVDnYc.js","/home/alex/dev/Bachelor/bmad-vergleichsstudie/.lizard-tmp-DUgF1d/code/seed-b-frontend/.angular/cache/22.1.3/seed-b-frontend/vite/deps/core-l1vVDnYc.js","producerRecomputeValue","producerRecomputeValue ( )",35,35
1,1,5,0,1,"consumerMarkedDirty@36-36@/home/alex/dev/Bachelor/bmad-vergleichsstudie/.lizard-tmp-DUgF1d/code/seed-b-frontend/.angular/cache/22.1.3/seed-b-frontend/vite/deps/core-l1vVDnYc.js","/home/alex/dev/Bachelor/bmad-vergleichsstudie/.lizard-tmp-DUgF1d/code/seed-b-frontend/.angular/cache/22.1.3/seed-b-frontend/vite/deps/core-l1vVDnYc.js","consumerMarkedDirty","consumerMarkedDirty ( )",36,36
1,1,5,0,1,"consumerOnSignalRead@37-37@/home/alex/dev/Bachelor/bmad-vergleichsstudie/.lizard-tmp-DUgF1d/code/seed-b-frontend/.angular/cache/22.1.3/seed-b-frontend/vite/deps/core-l1vVDnYc.js","/home/alex/dev/Bachelor/bmad-vergleichsstudie/.lizard-tmp-DUgF1d/code/seed-b-frontend/.angular/cache/22.1.3/seed-b-frontend/vite/deps/core-l1vVDnYc.js","consumerOnSignalRead","consumerOnSignalRead ( )",37,37
34,17,250,1,34,"producerAccessed@39-72@/home/alex/dev/Bachelor/bmad-vergleichsstudie/.lizard-tmp-DUgF1d/code/seed-b-frontend/.angular/cache/22.1.3/seed-b-frontend/vite/deps/core-l1vVDnYc.js","/home/alex/dev/Bachelor/bmad-vergleichsstudie/.lizard-tmp-DUgF1d/code/seed-b-frontend/.angular/cache/22.1.3/seed-b-frontend/vite/deps/core-l1vVDnYc.js","producerAccessed","producerAccessed ( node )",39,72
3,1,7,0,3,"producerIncrementEpoch@73-75@/home/alex/dev/Bachelor/bmad-vergleichsstudie/.lizard-tmp-DUgF1d/code/seed-b-frontend/.angular/cache/22.1.3/seed-b-frontend/vite/deps/core-l1vVDnYc.js","/home/alex/dev/Bachelor/bmad-vergleichsstudie/.lizard-tmp-DUgF1d/code/seed-b-frontend/.angular/cache/22.1.3/seed-b-frontend/vite/deps/core-l1vVDnYc.js","producerIncrementEpoch","producerIncrementEpoch ( )",73,75
10,7,71,1,10,"producerUpdateValueVersion@76-85@/home/alex/dev/Bachelor/bmad-vergleichsstudie/.lizard-tmp-DUgF1d/code/seed-b-frontend/.angular/cache/22.1.3/seed-b-frontend/vite/deps/core-l1vVDnYc.js","/home/alex/dev/Bachelor/bmad-vergleichsstudie/.lizard-tmp-DUgF1d/code/seed-b-frontend/.angular/cache/22.1.3/seed-b-frontend/vite/deps/core-l1vVDnYc.js","producerUpdateValueVersion","producerUpdateValueVersion ( node )",76,85
13,4,76,1,13,"producerNotifyConsumers@86-98@/home/alex/dev/Bachelor/bmad-vergleichsstudie/.lizard-tmp-DUgF1d/code/seed-b-frontend/.angular/cache/22.1.3/seed-b-frontend/vite/deps/core-l1vVDnYc.js","/home/alex/dev/Bachelor/bmad-vergleichsstudie/.lizard-tmp-DUgF1d/code/seed-b-frontend/.angular/cache/22.1.3/seed-b-frontend/vite/deps/core-l1vVDnYc.js","producerNotifyConsumers","producerNotifyConsumers ( node )",86,98
3,1,11,0,3,"producerUpdatesAllowed@99-101@/home/alex/dev/Bachelor/bmad-vergleichsstudie/.lizard-tmp-DUgF1d/code/seed-b-frontend/.angular/cache/22.1.3/seed-b-frontend/vite/deps/core-l1vVDnYc.js","/home/alex/dev/Bachelor/bmad-vergleichsstudie/.lizard-tmp-DUgF1d/code/seed-b-frontend/.angular/cache/22.1.3/seed-b-frontend/vite/deps/core-l1vVDnYc.js","producerUpdatesAllowed","producerUpdatesAllowed ( )",99,101
4,1,22,1,4,"consumerMarkDirty@102-105@/home/alex/dev/Bachelor/bmad-vergleichsstudie/.lizard-tmp-DUgF1d/code/seed-b-frontend/.angular/cache/22.1.3/seed-b-frontend/vite/deps/core-l1vVDnYc.js","/home/alex/dev/Bachelor/bmad-vergleichsstudie/.lizard-tmp-DUgF1d/code/seed-b-frontend/.angular/cache/22.1.3/seed-b-frontend/vite/deps/core-l1vVDnYc.js","consumerMarkDirty","consumerMarkDirty ( node )",102,105
4,1,17,1,4,"producerMarkClean@107-110@/home/alex/dev/Bachelor/bmad-vergleichsstudie/.lizard-tmp-DUgF1d/code/seed-b-frontend/.angular/cache/22.1.3/seed-b-frontend/vite/deps/core-l1vVDnYc.js","/home/alex/dev/Bachelor/bmad-vergleichsstudie/.lizard-tmp-DUgF1d/code/seed-b-frontend/.angular/cache/22.1.3/seed-b-frontend/vite/deps/core-l1vVDnYc.js","producerMarkClean","producerMarkClean ( node )",107,110
4,2,20,1,4,"consumerBeforeComputation@111-114@/home/alex/dev/Bachelor/bmad-vergleichsstudie/.lizard-tmp-DUgF1d/code/seed-b-frontend/.angular/cache/22.1.3/seed-b-frontend/vite/deps/core-l1vVDnYc.js","/home/alex/dev/Bachelor/bmad-vergleichsstudie/.lizard-tmp-DUgF1d/code/seed-b-frontend/.angular/cache/22.1.3/seed-b-frontend/vite/deps/core-l1vVDnYc.js","consumerBeforeComputation","consumerBeforeComputation ( node )",111,114
11,3,58,1,11,"resetConsumerBeforeComputation@115-125@/home/alex/dev/Bachelor/bmad-vergleichsstudie/.lizard-tmp-DUgF1d/code/seed-b-frontend/.angular/cache/22.1.3/seed-b-frontend/vite/deps/core-l1vVDnYc.js","/home/alex/dev/Bachelor/bmad-vergleichsstudie/.lizard-tmp-DUgF1d/code/seed-b-frontend/.angular/cache/22.1.3/seed-b-frontend/vite/deps/core-l1vVDnYc.js","resetConsumerBeforeComputation","resetConsumerBeforeComputation ( node )",115,125
4,2,21,2,4,"consumerAfterComputation@126-129@/home/alex/dev/Bachelor/bmad-vergleichsstudie/.lizard-tmp-DUgF1d/code/seed-b-frontend/.angular/cache/22.1.3/seed-b-frontend/vite/deps/core-l1vVDnYc.js","/home/alex/dev/Bachelor/bmad-vergleichsstudie/.lizard-tmp-DUgF1d/code/seed-b-frontend/.angular/cache/22.1.3/seed-b-frontend/vite/deps/core-l1vVDnYc.js","consumerAfterComputation","consumerAfterComputation ( node , prevConsumer )",126,129
12,6,88,1,12,"finalizeConsumerAfterComputation@130-141@/home/alex/dev/Bachelor/bmad-vergleichsstudie/.lizard-tmp-DUgF1d/code/seed-b-frontend/.angular/cache/22.1.3/seed-b-frontend/vite/deps/core-l1vVDnYc.js","/home/alex/dev/Bachelor/bmad-vergleichsstudie/.lizard-tmp-DUgF1d/code/seed-b-frontend/.angular/cache/22.1.3/seed-b-frontend/vite/deps/core-l1vVDnYc.js","finalizeConsumerAfterComputation","finalizeConsumerAfterComputation ( node )",130,141
10,4,71,1,10,"consumerPollProducersForChange@142-151@/home/alex/dev/Bachelor/bmad-vergleichsstudie/.lizard-tmp-DUgF1d/code/seed-b-frontend/.angular/cache/22.1.3/seed-b-frontend/vite/deps/core-l1vVDnYc.js","/home/alex/dev/Bachelor/bmad-vergleichsstudie/.lizard-tmp-DUgF1d/code/seed-b-frontend/.angular/cache/22.1.3/seed-b-frontend/vite/deps/core-l1vVDnYc.js","consumerPollProducersForChange","consumerPollProducersForChange ( node )",142,151
10,3,63,1,10,"consumerDestroy@152-161@/home/alex/dev/Bachelor/bmad-vergleichsstudie/.lizard-tmp-DUgF1d/code/seed-b-frontend/.angular/cache/22.1.3/seed-b-frontend/vite/deps/core-l1vVDnYc.js","/home/alex/dev/Bachelor/bmad-vergleichsstudie/.lizard-tmp-DUgF1d/code/seed-b-frontend/.angular/cache/22.1.3/seed-b-frontend/vite/deps/core-l1vVDnYc.js","consumerDestroy","consumerDestroy ( node )",152,161
14,4,107,2,14,"producerAddLiveConsumer@162-175@/home/alex/dev/Bachelor/bmad-vergleichsstudie/.lizard-tmp-DUgF1d/code/seed-b-frontend/.angular/cache/22.1.3/seed-b-frontend/vite/deps/core-l1vVDnYc.js","/home/alex/dev/Bachelor/bmad-vergleichsstudie/.lizard-tmp-DUgF1d/code/seed-b-frontend/.angular/cache/22.1.3/seed-b-frontend/vite/deps/core-l1vVDnYc.js","producerAddLiveConsumer","producerAddLiveConsumer ( node , link )",162,175
19,5,123,1,19,"producerRemoveLiveConsumerLink@176-194@/home/alex/dev/Bachelor/bmad-vergleichsstudie/.lizard-tmp-DUgF1d/code/seed-b-frontend/.angular/cache/22.1.3/seed-b-frontend/vite/deps/core-l1vVDnYc.js","/home/alex/dev/Bachelor/bmad-vergleichsstudie/.lizard-tmp-DUgF1d/code/seed-b-frontend/.angular/cache/22.1.3/seed-b-frontend/vite/deps/core-l1vVDnYc.js","producerRemoveLiveConsumerLink","producerRemoveLiveConsumerLink ( link )",176,194
3,2,17,1,3,"consumerIsLive@195-197@/home/alex/dev/Bachelor/bmad-vergleichsstudie/.lizard-tmp-DUgF1d/code/seed-b-frontend/.angular/cache/22.1.3/seed-b-frontend/vite/deps/core-l1vVDnYc.js","/home/alex/dev/Bachelor/bmad-vergleichsstudie/.lizard-tmp-DUgF1d/code/seed-b-frontend/.angular/cache/22.1.3/seed-b-frontend/vite/deps/core-l1vVDnYc.js","consumerIsLive","consumerIsLive ( node )",195,197
3,1,17,2,3,"defaultEquals@198-200@/home/alex/dev/Bachelor/bmad-vergleichsstudie/.lizard-tmp-DUgF1d/code/seed-b-frontend/.angular/cache/22.1.3/seed-b-frontend/vite/deps/core-l1vVDnYc.js","/home/alex/dev/Bachelor/bmad-vergleichsstudie/.lizard-tmp-DUgF1d/code/seed-b-frontend/.angular/cache/22.1.3/seed-b-frontend/vite/deps/core-l1vVDnYc.js","defaultEquals","defaultEquals ( a , b )",198,200
6,2,33,0,6,"computed@205-210@/home/alex/dev/Bachelor/bmad-vergleichsstudie/.lizard-tmp-DUgF1d/code/seed-b-frontend/.angular/cache/22.1.3/seed-b-frontend/vite/deps/core-l1vVDnYc.js","/home/alex/dev/Bachelor/bmad-vergleichsstudie/.lizard-tmp-DUgF1d/code/seed-b-frontend/.angular/cache/22.1.3/seed-b-frontend/vite/deps/core-l1vVDnYc.js","computed","computed ( )",205,210
1,1,12,0,1,"computed.toString@212-212@/home/alex/dev/Bachelor/bmad-vergleichsstudie/.lizard-tmp-DUgF1d/code/seed-b-frontend/.angular/cache/22.1.3/seed-b-frontend/vite/deps/core-l1vVDnYc.js","/home/alex/dev/Bachelor/bmad-vergleichsstudie/.lizard-tmp-DUgF1d/code/seed-b-frontend/.angular/cache/22.1.3/seed-b-frontend/vite/deps/core-l1vVDnYc.js","computed.toString","computed.toString",212,212
9,4,68,2,14,"createComputed@201-214@/home/alex/dev/Bachelor/bmad-vergleichsstudie/.lizard-tmp-DUgF1d/code/seed-b-frontend/.angular/cache/22.1.3/seed-b-frontend/vite/deps/core-l1vVDnYc.js","/home/alex/dev/Bachelor/bmad-vergleichsstudie/.lizard-tmp-DUgF1d/code/seed-b-frontend/.angular/cache/22.1.3/seed-b-frontend/vite/deps/core-l1vVDnYc.js","createComputed","createComputed ( computation , equal )",201,214
3,2,18,1,3,"producerMustRecompute@226-228@/home/alex/dev/Bachelor/bmad-vergleichsstudie/.lizard-tmp-DUgF1d/code/seed-b-frontend/.angular/cache/22.1.3/seed-b-frontend/vite/deps/core-l1vVDnYc.js","/home/alex/dev/Bachelor/bmad-vergleichsstudie/.lizard-tmp-DUgF1d/code/seed-b-frontend/.angular/cache/22.1.3/seed-b-frontend/vite/deps/core-l1vVDnYc.js","producerMustRecompute","producerMustRecompute ( node )",226,228
24,9,143,1,24,"producerRecomputeValue@229-252@/home/alex/dev/Bachelor/bmad-vergleichsstudie/.lizard-tmp-DUgF1d/code/seed-b-frontend/.angular/cache/22.1.3/seed-b-frontend/vite/deps/core-l1vVDnYc.js","/home/alex/dev/Bachelor/bmad-vergleichsstudie/.lizard-tmp-DUgF1d/code/seed-b-frontend/.angular/cache/22.1.3/seed-b-frontend/vite/deps/core-l1vVDnYc.js","producerRecomputeValue","producerRecomputeValue ( node )",229,252
12,1,38,0,37,"COMPUTED_NODE@218-254@/home/alex/dev/Bachelor/bmad-vergleichsstudie/.lizard-tmp-DUgF1d/code/seed-b-frontend/.angular/cache/22.1.3/seed-b-frontend/vite/deps/core-l1vVDnYc.js","/home/alex/dev/Bachelor/bmad-vergleichsstudie/.lizard-tmp-DUgF1d/code/seed-b-frontend/.angular/cache/22.1.3/seed-b-frontend/vite/deps/core-l1vVDnYc.js","COMPUTED_NODE","COMPUTED_NODE ( ( )",218,254
3,1,10,0,3,"defaultThrowError@255-257@/home/alex/dev/Bachelor/bmad-vergleichsstudie/.lizard-tmp-DUgF1d/code/seed-b-frontend/.angular/cache/22.1.3/seed-b-frontend/vite/deps/core-l1vVDnYc.js","/home/alex/dev/Bachelor/bmad-vergleichsstudie/.lizard-tmp-DUgF1d/code/seed-b-frontend/.angular/cache/22.1.3/seed-b-frontend/vite/deps/core-l1vVDnYc.js","defaultThrowError","defaultThrowError ( )",255,257
3,1,10,1,3,"throwInvalidWriteToSignalError@259-261@/home/alex/dev/Bachelor/bmad-vergleichsstudie/.lizard-tmp-DUgF1d/code/seed-b-frontend/.angular/cache/22.1.3/seed-b-frontend/vite/deps/core-l1vVDnYc.js","/home/alex/dev/Bachelor/bmad-vergleichsstudie/.lizard-tmp-DUgF1d/code/seed-b-frontend/.angular/cache/22.1.3/seed-b-frontend/vite/deps/core-l1vVDnYc.js","throwInvalidWriteToSignalError","throwInvalidWriteToSignalError ( node )",259,261
3,1,9,1,3,"setThrowInvalidWriteToSignalError@262-264@/home/alex/dev/Bachelor/bmad-vergleichsstudie/.lizard-tmp-DUgF1d/code/seed-b-frontend/.angular/cache/22.1.3/seed-b-frontend/vite/deps/core-l1vVDnYc.js","/home/alex/dev/Bachelor/bmad-vergleichsstudie/.lizard-tmp-DUgF1d/code/seed-b-frontend/.angular/cache/22.1.3/seed-b-frontend/vite/deps/core-l1vVDnYc.js","setThrowInvalidWriteToSignalError","setThrowInvalidWriteToSignalError ( fn )",262,264
1,1,8,0,1,"getter@270-270@/home/alex/dev/Bachelor/bmad-vergleichsstudie/.lizard-tmp-DUgF1d/code/seed-b-frontend/.angular/cache/22.1.3/seed-b-frontend/vite/deps/core-l1vVDnYc.js","/home/alex/dev/Bachelor/bmad-vergleichsstudie/.lizard-tmp-DUgF1d/code/seed-b-frontend/.angular/cache/22.1.3/seed-b-frontend/vite/deps/core-l1vVDnYc.js","getter","getter ( )",270,270
1,1,12,0,1,"getter.toString@272-272@/home/alex/dev/Bachelor/bmad-vergleichsstudie/.lizard-tmp-DUgF1d/code/seed-b-frontend/.angular/cache/22.1.3/seed-b-frontend/vite/deps/core-l1vVDnYc.js","/home/alex/dev/Bachelor/bmad-vergleichsstudie/.lizard-tmp-DUgF1d/code/seed-b-frontend/.angular/cache/22.1.3/seed-b-frontend/vite/deps/core-l1vVDnYc.js","getter.toString","getter.toString",272,272
1,1,11,1,1,"set@273-273@/home/alex/dev/Bachelor/bmad-vergleichsstudie/.lizard-tmp-DUgF1d/code/seed-b-frontend/.angular/cache/22.1.3/seed-b-frontend/vite/deps/core-l1vVDnYc.js","/home/alex/dev/Bachelor/bmad-vergleichsstudie/.lizard-tmp-DUgF1d/code/seed-b-frontend/.angular/cache/22.1.3/seed-b-frontend/vite/deps/core-l1vVDnYc.js","set","set ( newValue )",273,273
1,1,11,1,1,"update@274-274@/home/alex/dev/Bachelor/bmad-vergleichsstudie/.lizard-tmp-DUgF1d/code/seed-b-frontend/.angular/cache/22.1.3/seed-b-frontend/vite/deps/core-l1vVDnYc.js","/home/alex/dev/Bachelor/bmad-vergleichsstudie/.lizard-tmp-DUgF1d/code/seed-b-frontend/.angular/cache/22.1.3/seed-b-frontend/vite/deps/core-l1vVDnYc.js","update","update ( updateFn )",274,274
15,4,81,2,15,"createSignal@266-280@/home/alex/dev/Bachelor/bmad-vergleichsstudie/.lizard-tmp-DUgF1d/code/seed-b-frontend/.angular/cache/22.1.3/seed-b-frontend/vite/deps/core-l1vVDnYc.js","/home/alex/dev/Bachelor/bmad-vergleichsstudie/.lizard-tmp-DUgF1d/code/seed-b-frontend/.angular/cache/22.1.3/seed-b-frontend/vite/deps/core-l1vVDnYc.js","createSignal","createSignal ( initialValue , equal )",266,280
4,1,15,1,4,"signalGetFn@281-284@/home/alex/dev/Bachelor/bmad-vergleichsstudie/.lizard-tmp-DUgF1d/code/seed-b-frontend/.angular/cache/22.1.3/seed-b-frontend/vite/deps/core-l1vVDnYc.js","/home/alex/dev/Bachelor/bmad-vergleichsstudie/.lizard-tmp-DUgF1d/code/seed-b-frontend/.angular/cache/22.1.3/seed-b-frontend/vite/deps/core-l1vVDnYc.js","signalGetFn","signalGetFn ( node )",281,284
7,3,46,2,7,"signalSetFn@285-291@/home/alex/dev/Bachelor/bmad-vergleichsstudie/.lizard-tmp-DUgF1d/code/seed-b-frontend/.angular/cache/22.1.3/seed-b-frontend/vite/deps/core-l1vVDnYc.js","/home/alex/dev/Bachelor/bmad-vergleichsstudie/.lizard-tmp-DUgF1d/code/seed-b-frontend/.angular/cache/22.1.3/seed-b-frontend/vite/deps/core-l1vVDnYc.js","signalSetFn","signalSetFn ( node , newValue )",285,291
4,2,31,2,4,"signalUpdateFn@292-295@/home/alex/dev/Bachelor/bmad-vergleichsstudie/.lizard-tmp-DUgF1d/code/seed-b-frontend/.angular/cache/22.1.3/seed-b-frontend/vite/deps/core-l1vVDnYc.js","/home/alex/dev/Bachelor/bmad-vergleichsstudie/.lizard-tmp-DUgF1d/code/seed-b-frontend/.angular/cache/22.1.3/seed-b-frontend/vite/deps/core-l1vVDnYc.js","signalUpdateFn","signalUpdateFn ( node , updater )",292,295
8,1,25,0,8,"SIGNAL_NODE@296-303@/home/alex/dev/Bachelor/bmad-vergleichsstudie/.lizard-tmp-DUgF1d/code/seed-b-frontend/.angular/cache/22.1.3/seed-b-frontend/vite/deps/core-l1vVDnYc.js","/home/alex/dev/Bachelor/bmad-vergleichsstudie/.lizard-tmp-DUgF1d/code/seed-b-frontend/.angular/cache/22.1.3/seed-b-frontend/vite/deps/core-l1vVDnYc.js","SIGNAL_NODE","SIGNAL_NODE ( ( )",296,303
5,1,23,1,5,"signalValueChanged@304-308@/home/alex/dev/Bachelor/bmad-vergleichsstudie/.lizard-tmp-DUgF1d/code/seed-b-frontend/.angular/cache/22.1.3/seed-b-frontend/vite/deps/core-l1vVDnYc.js","/home/alex/dev/Bachelor/bmad-vergleichsstudie/.lizard-tmp-DUgF1d/code/seed-b-frontend/.angular/cache/22.1.3/seed-b-frontend/vite/deps/core-l1vVDnYc.js","signalValueChanged","signalValueChanged ( node )",304,308
7,1,27,0,7,"BASE_EFFECT_NODE@310-316@/home/alex/dev/Bachelor/bmad-vergleichsstudie/.lizard-tmp-DUgF1d/code/seed-b-frontend/.angular/cache/22.1.3/seed-b-frontend/vite/deps/core-l1vVDnYc.js","/home/alex/dev/Bachelor/bmad-vergleichsstudie/.lizard-tmp-DUgF1d/code/seed-b-frontend/.angular/cache/22.1.3/seed-b-frontend/vite/deps/core-l1vVDnYc.js","BASE_EFFECT_NODE","BASE_EFFECT_NODE ( ( )",310,316
12,3,60,1,12,"runEffect@317-328@/home/alex/dev/Bachelor/bmad-vergleichsstudie/.lizard-tmp-DUgF1d/code/seed-b-frontend/.angular/cache/22.1.3/seed-b-frontend/vite/deps/core-l1vVDnYc.js","/home/alex/dev/Bachelor/bmad-vergleichsstudie/.lizard-tmp-DUgF1d/code/seed-b-frontend/.angular/cache/22.1.3/seed-b-frontend/vite/deps/core-l1vVDnYc.js","runEffect","runEffect ( node )",317,328
3,1,7,0,3,"getCurrentInjector@337-339@/home/alex/dev/Bachelor/bmad-vergleichsstudie/.lizard-tmp-DUgF1d/code/seed-b-frontend/.angular/cache/22.1.3/seed-b-frontend/vite/deps/core-l1vVDnYc.js","/home/alex/dev/Bachelor/bmad-vergleichsstudie/.lizard-tmp-DUgF1d/code/seed-b-frontend/.angular/cache/22.1.3/seed-b-frontend/vite/deps/core-l1vVDnYc.js","getCurrentInjector","getCurrentInjector ( )",337,339
5,1,17,1,5,"setCurrentInjector@340-344@/home/alex/dev/Bachelor/bmad-vergleichsstudie/.lizard-tmp-DUgF1d/code/seed-b-frontend/.angular/cache/22.1.3/seed-b-frontend/vite/deps/core-l1vVDnYc.js","/home/alex/dev/Bachelor/bmad-vergleichsstudie/.lizard-tmp-DUgF1d/code/seed-b-frontend/.angular/cache/22.1.3/seed-b-frontend/vite/deps/core-l1vVDnYc.js","setCurrentInjector","setCurrentInjector ( injector )",340,344
3,2,17,1,3,"isNotFound@346-348@/home/alex/dev/Bachelor/bmad-vergleichsstudie/.lizard-tmp-DUgF1d/code/seed-b-frontend/.angular/cache/22.1.3/seed-b-frontend/vite/deps/core-l1vVDnYc.js","/home/alex/dev/Bachelor/bmad-vergleichsstudie/.lizard-tmp-DUgF1d/code/seed-b-frontend/.angular/cache/22.1.3/seed-b-frontend/vite/deps/core-l1vVDnYc.js","isNotFound","isNotFound ( e )",346,348
6,2,33,0,6,"linkedSignalGetter@361-366@/home/alex/dev/Bachelor/bmad-vergleichsstudie/.lizard-tmp-DUgF1d/code/seed-b-frontend/.angular/cache/22.1.3/seed-b-frontend/vite/deps/core-l1vVDnYc.js","/home/alex/dev/Bachelor/bmad-vergleichsstudie/.lizard-tmp-DUgF1d/code/seed-b-frontend/.angular/cache/22.1.3/seed-b-frontend/vite/deps/core-l1vVDnYc.js","linkedSignalGetter","linkedSignalGetter ( )",361,366
1,1,12,0,1,"getter.toString@369-369@/home/alex/dev/Bachelor/bmad-vergleichsstudie/.lizard-tmp-DUgF1d/code/seed-b-frontend/.angular/cache/22.1.3/seed-b-frontend/vite/deps/core-l1vVDnYc.js","/home/alex/dev/Bachelor/bmad-vergleichsstudie/.lizard-tmp-DUgF1d/code/seed-b-frontend/.angular/cache/22.1.3/seed-b-frontend/vite/deps/core-l1vVDnYc.js","getter.toString","getter.toString",369,369
11,4,81,3,16,"createLinkedSignal@356-371@/home/alex/dev/Bachelor/bmad-vergleichsstudie/.lizard-tmp-DUgF1d/code/seed-b-frontend/.angular/cache/22.1.3/seed-b-frontend/vite/deps/core-l1vVDnYc.js","/home/alex/dev/Bachelor/bmad-vergleichsstudie/.lizard-tmp-DUgF1d/code/seed-b-frontend/.angular/cache/22.1.3/seed-b-frontend/vite/deps/core-l1vVDnYc.js","createLinkedSignal","createLinkedSignal ( sourceFn , computationFn , equalityFn )",356,371
5,1,24,2,5,"linkedSignalSetFn@372-376@/home/alex/dev/Bachelor/bmad-vergleichsstudie/.lizard-tmp-DUgF1d/code/seed-b-frontend/.angular/cache/22.1.3/seed-b-frontend/vite/deps/core-l1vVDnYc.js","/home/alex/dev/Bachelor/bmad-vergleichsstudie/.lizard-tmp-DUgF1d/code/seed-b-frontend/.angular/cache/22.1.3/seed-b-frontend/vite/deps/core-l1vVDnYc.js","linkedSignalSetFn","linkedSignalSetFn ( node , newValue )",372,376
6,2,37,2,6,"linkedSignalUpdateFn@377-382@/home/alex/dev/Bachelor/bmad-vergleichsstudie/.lizard-tmp-DUgF1d/code/seed-b-frontend/.angular/cache/22.1.3/seed-b-frontend/vite/deps/core-l1vVDnYc.js","/home/alex/dev/Bachelor/bmad-vergleichsstudie/.lizard-tmp-DUgF1d/code/seed-b-frontend/.angular/cache/22.1.3/seed-b-frontend/vite/deps/core-l1vVDnYc.js","linkedSignalUpdateFn","linkedSignalUpdateFn ( node , updater )",377,382
3,2,18,1,3,"producerMustRecompute@391-393@/home/alex/dev/Bachelor/bmad-vergleichsstudie/.lizard-tmp-DUgF1d/code/seed-b-frontend/.angular/cache/22.1.3/seed-b-frontend/vite/deps/core-l1vVDnYc.js","/home/alex/dev/Bachelor/bmad-vergleichsstudie/.lizard-tmp-DUgF1d/code/seed-b-frontend/.angular/cache/22.1.3/seed-b-frontend/vite/deps/core-l1vVDnYc.js","producerMustRecompute","producerMustRecompute ( node )",391,393
31,10,186,1,31,"producerRecomputeValue@394-424@/home/alex/dev/Bachelor/bmad-vergleichsstudie/.lizard-tmp-DUgF1d/code/seed-b-frontend/.angular/cache/22.1.3/seed-b-frontend/vite/deps/core-l1vVDnYc.js","/home/alex/dev/Bachelor/bmad-vergleichsstudie/.lizard-tmp-DUgF1d/code/seed-b-frontend/.angular/cache/22.1.3/seed-b-frontend/vite/deps/core-l1vVDnYc.js","producerRecomputeValue","producerRecomputeValue ( node )",394,424
12,1,38,0,44,"LINKED_SIGNAL_NODE@383-426@/home/alex/dev/Bachelor/bmad-vergleichsstudie/.lizard-tmp-DUgF1d/code/seed-b-frontend/.angular/cache/22.1.3/seed-b-frontend/vite/deps/core-l1vVDnYc.js","/home/alex/dev/Bachelor/bmad-vergleichsstudie/.lizard-tmp-DUgF1d/code/seed-b-frontend/.angular/cache/22.1.3/seed-b-frontend/vite/deps/core-l1vVDnYc.js","LINKED_SIGNAL_NODE","LINKED_SIGNAL_NODE ( ( )",383,426
8,1,26,1,8,"$1@427-434@/home/alex/dev/Bachelor/bmad-vergleichsstudie/.lizard-tmp-DUgF1d/code/seed-b-frontend/.angular/cache/22.1.3/seed-b-frontend/vite/deps/core-l1vVDnYc.js","/home/alex/dev/Bachelor/bmad-vergleichsstudie/.lizard-tmp-DUgF1d/code/seed-b-frontend/.angular/cache/22.1.3/seed-b-frontend/vite/deps/core-l1vVDnYc.js","$1","$1 ( nonReactiveReadsFn )",427,434
1,1,5,1,1,"setAlternateWeakRefImpl@442-442@/home/alex/dev/Bachelor/bmad-vergleichsstudie/.lizard-tmp-DUgF1d/code/seed-b-frontend/.angular/cache/22.1.3/seed-b-frontend/vite/deps/core-l1vVDnYc.js","/home/alex/dev/Bachelor/bmad-vergleichsstudie/.lizard-tmp-DUgF1d/code/seed-b-frontend/.angular/cache/22.1.3/seed-b-frontend/vite/deps/core-l1vVDnYc.js","setAlternateWeakRefImpl","setAlternateWeakRefImpl ( impl )",442,442
47,13,270,2,47,"header@451-497@/home/alex/dev/Bachelor/bmad-vergleichsstudie/.lizard-tmp-DUgF1d/code/seed-b-frontend/.angular/cache/22.1.3/seed-b-frontend/vite/deps/core-l1vVDnYc.js","/home/alex/dev/Bachelor/bmad-vergleichsstudie/.lizard-tmp-DUgF1d/code/seed-b-frontend/.angular/cache/22.1.3/seed-b-frontend/vite/deps/core-l1vVDnYc.js","header","header ( sig , config )",451,497
3,1,14,0,3,"ERROR_DETAILS_PAGE_BASE_URL@1560-1562@/home/alex/dev/Bachelor/bmad-vergleichsstudie/.lizard-tmp-DUgF1d/code/seed-b-frontend/.angular/cache/22.1.3/seed-b-frontend/vite/deps/core-l1vVDnYc.js","/home/alex/dev/Bachelor/bmad-vergleichsstudie/.lizard-tmp-DUgF1d/code/seed-b-frontend/.angular/cache/22.1.3/seed-b-frontend/vite/deps/core-l1vVDnYc.js","ERROR_DETAILS_PAGE_BASE_URL","ERROR_DETAILS_PAGE_BASE_URL ( ( )",1560,1562
4,1,23,2,4,"constructor@1566-1569@/home/alex/dev/Bachelor/bmad-vergleichsstudie/.lizard-tmp-DUgF1d/code/seed-b-frontend/.angular/cache/22.1.3/seed-b-frontend/vite/deps/core-l1vVDnYc.js","/home/alex/dev/Bachelor/bmad-vergleichsstudie/.lizard-tmp-DUgF1d/code/seed-b-frontend/.angular/cache/22.1.3/seed-b-frontend/vite/deps/core-l1vVDnYc.js","constructor","constructor ( code , message )",1566,1569
3,1,13,1,3,"formatRuntimeErrorCode@1571-1573@/home/alex/dev/Bachelor/bmad-vergleichsstudie/.lizard-tmp-DUgF1d/code/seed-b-frontend/.angular/cache/22.1.3/seed-b-frontend/vite/deps/core-l1vVDnYc.js","/home/alex/dev/Bachelor/bmad-vergleichsstudie/.lizard-tmp-DUgF1d/code/seed-b-frontend/.angular/cache/22.1.3/seed-b-frontend/vite/deps/core-l1vVDnYc.js","formatRuntimeErrorCode","formatRuntimeErrorCode ( code )",1571,1573
4,5,39,1,4,"getClosureSafeProperty@1583-1586@/home/alex/dev/Bachelor/bmad-vergleichsstudie/.lizard-tmp-DUgF1d/code/seed-b-frontend/.angular/cache/22.1.3/seed-b-frontend/vite/deps/core-l1vVDnYc.js","/home/alex/dev/Bachelor/bmad-vergleichsstudie/.lizard-tmp-DUgF1d/code/seed-b-frontend/.angular/cache/22.1.3/seed-b-frontend/vite/deps/core-l1vVDnYc.js","getClosureSafeProperty","getClosureSafeProperty ( objWithPropertyToExtract )",1583,1586
3,4,41,2,3,"fillProperties@1587-1589@/home/alex/dev/Bachelor/bmad-vergleichsstudie/.lizard-tmp-DUgF1d/code/seed-b-frontend/.angular/cache/22.1.3/seed-b-frontend/vite/deps/core-l1vVDnYc.js","/home/alex/dev/Bachelor/bmad-vergleichsstudie/.lizard-tmp-DUgF1d/code/seed-b-frontend/.angular/cache/22.1.3/seed-b-frontend/vite/deps/core-l1vVDnYc.js","fillProperties","fillProperties ( target , source )",1587,1589
11,8,112,1,11,"stringify@1590-1600@/home/alex/dev/Bachelor/bmad-vergleichsstudie/.lizard-tmp-DUgF1d/code/seed-b-frontend/.angular/cache/22.1.3/seed-b-frontend/vite/deps/core-l1vVDnYc.js","/home/alex/dev/Bachelor/bmad-vergleichsstudie/.lizard-tmp-DUgF1d/code/seed-b-frontend/.angular/cache/22.1.3/seed-b-frontend/vite/deps/core-l1vVDnYc.js","stringify","stringify ( token )",1590,1600
5,4,36,2,5,"concatStringsWithSpace@1601-1605@/home/alex/dev/Bachelor/bmad-vergleichsstudie/.lizard-tmp-DUgF1d/code/seed-b-frontend/.angular/cache/22.1.3/seed-b-frontend/vite/deps/core-l1vVDnYc.js","/home/alex/dev/Bachelor/bmad-vergleichsstudie/.lizard-tmp-DUgF1d/code/seed-b-frontend/.angular/cache/22.1.3/seed-b-frontend/vite/deps/core-l1vVDnYc.js","concatStringsWithSpace","concatStringsWithSpace ( before , after )",1601,1605
6,5,80,2,6,"truncateMiddle@1606-1611@/home/alex/dev/Bachelor/bmad-vergleichsstudie/.lizard-tmp-DUgF1d/code/seed-b-frontend/.angular/cache/22.1.3/seed-b-frontend/vite/deps/core-l1vVDnYc.js","/home/alex/dev/Bachelor/bmad-vergleichsstudie/.lizard-tmp-DUgF1d/code/seed-b-frontend/.angular/cache/22.1.3/seed-b-frontend/vite/deps/core-l1vVDnYc.js","truncateMiddle","truncateMiddle ( str , maxLength )",1606,1611
3,1,12,0,3,"forwardRefFn.toString@1615-1617@/home/alex/dev/Bachelor/bmad-vergleichsstudie/.lizard-tmp-DUgF1d/code/seed-b-frontend/.angular/cache/22.1.3/seed-b-frontend/vite/deps/core-l1vVDnYc.js","/home/alex/dev/Bachelor/bmad-vergleichsstudie/.lizard-tmp-DUgF1d/code/seed-b-frontend/.angular/cache/22.1.3/seed-b-frontend/vite/deps/core-l1vVDnYc.js","forwardRefFn.toString","forwardRefFn.toString ( )",1615,1617
5,2,25,1,7,"forwardRef@1613-1619@/home/alex/dev/Bachelor/bmad-vergleichsstudie/.lizard-tmp-DUgF1d/code/seed-b-frontend/.angular/cache/22.1.3/seed-b-frontend/vite/deps/core-l1vVDnYc.js","/home/alex/dev/Bachelor/bmad-vergleichsstudie/.lizard-tmp-DUgF1d/code/seed-b-frontend/.angular/cache/22.1.3/seed-b-frontend/vite/deps/core-l1vVDnYc.js","forwardRef","forwardRef ( forwardRefFn )",1613,1619
2,2,13,1,2,"resolveForwardRef@1620-1621@/home/alex/dev/Bachelor/bmad-vergleichsstudie/.lizard-tmp-DUgF1d/code/seed-b-frontend/.angular/cache/22.1.3/seed-b-frontend/vite/deps/core-l1vVDnYc.js","/home/alex/dev/Bachelor/bmad-vergleichsstudie/.lizard-tmp-DUgF1d/code/seed-b-frontend/.angular/cache/22.1.3/seed-b-frontend/vite/deps/core-l1vVDnYc.js","resolveForwardRef","resolveForwardRef ( type )",1620,1621
18,4,110,2,49,"formatRuntimeError@1574-1622@/home/alex/dev/Bachelor/bmad-vergleichsstudie/.lizard-tmp-DUgF1d/code/seed-b-frontend/.angular/cache/22.1.3/seed-b-frontend/vite/deps/core-l1vVDnYc.js","/home/alex/dev/Bachelor/bmad-vergleichsstudie/.lizard-tmp-DUgF1d/code/seed-b-frontend/.angular/cache/22.1.3/seed-b-frontend/vite/deps/core-l1vVDnYc.js","formatRuntimeError","formatRuntimeError ( code , message )",1574,1622
3,3,24,1,3,"isForwardRef@1623-1625@/home/alex/dev/Bachelor/bmad-vergleichsstudie/.lizard-tmp-DUgF1d/code/seed-b-frontend/.angular/cache/22.1.3/seed-b-frontend/vite/deps/core-l1vVDnYc.js","/home/alex/dev/Bachelor/bmad-vergleichsstudie/.lizard-tmp-DUgF1d/code/seed-b-frontend/.angular/cache/22.1.3/seed-b-frontend/vite/deps/core-l1vVDnYc.js","isForwardRef","isForwardRef ( fn )",1623,1625
3,2,29,2,3,"assertNumber@1626-1628@/home/alex/dev/Bachelor/bmad-vergleichsstudie/.lizard-tmp-DUgF1d/code/seed-b-frontend/.angular/cache/22.1.3/seed-b-frontend/vite/deps/core-l1vVDnYc.js","/home/alex/dev/Bachelor/bmad-vergleichsstudie/.lizard-tmp-DUgF1d/code/seed-b-frontend/.angular/cache/22.1.3/seed-b-frontend/vite/deps/core-l1vVDnYc.js","assertNumber","assertNumber ( actual , msg )",1626,1628
5,1,34,3,5,"assertNumberInRange@1629-1633@/home/alex/dev/Bachelor/bmad-vergleichsstudie/.lizard-tmp-DUgF1d/code/seed-b-frontend/.angular/cache/22.1.3/seed-b-frontend/vite/deps/core-l1vVDnYc.js","/home/alex/dev/Bachelor/bmad-vergleichsstudie/.lizard-tmp-DUgF1d/code/seed-b-frontend/.angular/cache/22.1.3/seed-b-frontend/vite/deps/core-l1vVDnYc.js","assertNumberInRange","assertNumberInRange ( actual , minInclusive , maxInclusive )",1629,1633
3,3,35,2,3,"assertString@1634-1636@/home/alex/dev/Bachelor/bmad-vergleichsstudie/.lizard-tmp-DUgF1d/code/seed-b-frontend/.angular/cache/22.1.3/seed-b-frontend/vite/deps/core-l1vVDnYc.js","/home/alex/dev/Bachelor/bmad-vergleichsstudie/.lizard-tmp-DUgF1d/code/seed-b-frontend/.angular/cache/22.1.3/seed-b-frontend/vite/deps/core-l1vVDnYc.js","assertString","assertString ( actual , msg )",1634,1636
3,3,35,2,3,"assertFunction@1637-1639@/home/alex/dev/Bachelor/bmad-vergleichsstudie/.lizard-tmp-DUgF1d/code/seed-b-frontend/.angular/cache/22.1.3/seed-b-frontend/vite/deps/core-l1vVDnYc.js","/home/alex/dev/Bachelor/bmad-vergleichsstudie/.lizard-tmp-DUgF1d/code/seed-b-frontend/.angular/cache/22.1.3/seed-b-frontend/vite/deps/core-l1vVDnYc.js","assertFunction","assertFunction ( actual , msg )",1637,1639
3,2,29,3,3,"assertEqual@1640-1642@/home/alex/dev/Bachelor/bmad-vergleichsstudie/.lizard-tmp-DUgF1d/code/seed-b-frontend/.angular/cache/22.1.3/seed-b-frontend/vite/deps/core-l1vVDnYc.js","/home/alex/dev/Bachelor/bmad-vergleichsstudie/.lizard-tmp-DUgF1d/code/seed-b-frontend/.angular/cache/22.1.3/seed-b-frontend/vite/deps/core-l1vVDnYc.js","assertEqual","assertEqual ( actual , expected , msg )",1640,1642
3,2,29,3,3,"assertNotEqual@1643-1645@/home/alex/dev/Bachelor/bmad-vergleichsstudie/.lizard-tmp-DUgF1d/code/seed-b-frontend/.angular/cache/22.1.3/seed-b-frontend/vite/deps/core-l1vVDnYc.js","/home/alex/dev/Bachelor/bmad-vergleichsstudie/.lizard-tmp-DUgF1d/code/seed-b-frontend/.angular/cache/22.1.3/seed-b-frontend/vite/deps/core-l1vVDnYc.js","assertNotEqual","assertNotEqual ( actual , expected , msg )",1643,1645
3,2,29,3,3,"assertSame@1646-1648@/home/alex/dev/Bachelor/bmad-vergleichsstudie/.lizard-tmp-DUgF1d/code/seed-b-frontend/.angular/cache/22.1.3/seed-b-frontend/vite/deps/core-l1vVDnYc.js","/home/alex/dev/Bachelor/bmad-vergleichsstudie/.lizard-tmp-DUgF1d/code/seed-b-frontend/.angular/cache/22.1.3/seed-b-frontend/vite/deps/core-l1vVDnYc.js","assertSame","assertSame ( actual , expected , msg )",1646,1648
3,2,29,3,3,"assertNotSame@1649-1651@/home/alex/dev/Bachelor/bmad-vergleichsstudie/.lizard-tmp-DUgF1d/code/seed-b-frontend/.angular/cache/22.1.3/seed-b-frontend/vite/deps/core-l1vVDnYc.js","/home/alex/dev/Bachelor/bmad-vergleichsstudie/.lizard-tmp-DUgF1d/code/seed-b-frontend/.angular/cache/22.1.3/seed-b-frontend/vite/deps/core-l1vVDnYc.js","assertNotSame","assertNotSame ( actual , expected , msg )",1649,1651
3,2,29,3,3,"assertLessThan@1652-1654@/home/alex/dev/Bachelor/bmad-vergleichsstudie/.lizard-tmp-DUgF1d/code/seed-b-frontend/.angular/cache/22.1.3/seed-b-frontend/vite/deps/core-l1vVDnYc.js","/home/alex/dev/Bachelor/bmad-vergleichsstudie/.lizard-tmp-DUgF1d/code/seed-b-frontend/.angular/cache/22.1.3/seed-b-frontend/vite/deps/core-l1vVDnYc.js","assertLessThan","assertLessThan ( actual , expected , msg )",1652,1654
3,2,29,3,3,"assertLessThanOrEqual@1655-1657@/home/alex/dev/Bachelor/bmad-vergleichsstudie/.lizard-tmp-DUgF1d/code/seed-b-frontend/.angular/cache/22.1.3/seed-b-frontend/vite/deps/core-l1vVDnYc.js","/home/alex/dev/Bachelor/bmad-vergleichsstudie/.lizard-tmp-DUgF1d/code/seed-b-frontend/.angular/cache/22.1.3/seed-b-frontend/vite/deps/core-l1vVDnYc.js","assertLessThanOrEqual","assertLessThanOrEqual ( actual , expected , msg )",1655,1657
3,2,29,3,3,"assertGreaterThan@1658-1660@/home/alex/dev/Bachelor/bmad-vergleichsstudie/.lizard-tmp-DUgF1d/code/seed-b-frontend/.angular/cache/22.1.3/seed-b-frontend/vite/deps/core-l1vVDnYc.js","/home/alex/dev/Bachelor/bmad-vergleichsstudie/.lizard-tmp-DUgF1d/code/seed-b-frontend/.angular/cache/22.1.3/seed-b-frontend/vite/deps/core-l1vVDnYc.js","assertGreaterThan","assertGreaterThan ( actual , expected , msg )",1658,1660
3,2,29,3,3,"assertGreaterThanOrEqual@1661-1663@/home/alex/dev/Bachelor/bmad-vergleichsstudie/.lizard-tmp-DUgF1d/code/seed-b-frontend/.angular/cache/22.1.3/seed-b-frontend/vite/deps/core-l1vVDnYc.js","/home/alex/dev/Bachelor/bmad-vergleichsstudie/.lizard-tmp-DUgF1d/code/seed-b-frontend/.angular/cache/22.1.3/seed-b-frontend/vite/deps/core-l1vVDnYc.js","assertGreaterThanOrEqual","assertGreaterThanOrEqual ( actual , expected , msg )",1661,1663
3,2,24,2,3,"assertNotDefined@1664-1666@/home/alex/dev/Bachelor/bmad-vergleichsstudie/.lizard-tmp-DUgF1d/code/seed-b-frontend/.angular/cache/22.1.3/seed-b-frontend/vite/deps/core-l1vVDnYc.js","/home/alex/dev/Bachelor/bmad-vergleichsstudie/.lizard-tmp-DUgF1d/code/seed-b-frontend/.angular/cache/22.1.3/seed-b-frontend/vite/deps/core-l1vVDnYc.js","assertNotDefined","assertNotDefined ( actual , msg )",1664,1666
3,2,24,2,3,"assertDefined@1667-1669@/home/alex/dev/Bachelor/bmad-vergleichsstudie/.lizard-tmp-DUgF1d/code/seed-b-frontend/.angular/cache/22.1.3/seed-b-frontend/vite/deps/core-l1vVDnYc.js","/home/alex/dev/Bachelor/bmad-vergleichsstudie/.lizard-tmp-DUgF1d/code/seed-b-frontend/.angular/cache/22.1.3/seed-b-frontend/vite/deps/core-l1vVDnYc.js","assertDefined","assertDefined ( actual , msg )",1667,1669
3,2,47,4,3,"throwError@1670-1672@/home/alex/dev/Bachelor/bmad-vergleichsstudie/.lizard-tmp-DUgF1d/code/seed-b-frontend/.angular/cache/22.1.3/seed-b-frontend/vite/deps/core-l1vVDnYc.js","/home/alex/dev/Bachelor/bmad-vergleichsstudie/.lizard-tmp-DUgF1d/code/seed-b-frontend/.angular/cache/22.1.3/seed-b-frontend/vite/deps/core-l1vVDnYc.js","throwError","throwError ( msg , actual , expected , comparison )",1670,1672
3,2,24,1,3,"assertDomNode@1673-1675@/home/alex/dev/Bachelor/bmad-vergleichsstudie/.lizard-tmp-DUgF1d/code/seed-b-frontend/.angular/cache/22.1.3/seed-b-frontend/vite/deps/core-l1vVDnYc.js","/home/alex/dev/Bachelor/bmad-vergleichsstudie/.lizard-tmp-DUgF1d/code/seed-b-frontend/.angular/cache/22.1.3/seed-b-frontend/vite/deps/core-l1vVDnYc.js","assertDomNode","assertDomNode ( node )",1673,1675
3,2,24,1,3,"assertElement@1676-1678@/home/alex/dev/Bachelor/bmad-vergleichsstudie/.lizard-tmp-DUgF1d/code/seed-b-frontend/.angular/cache/22.1.3/seed-b-frontend/vite/deps/core-l1vVDnYc.js","/home/alex/dev/Bachelor/bmad-vergleichsstudie/.lizard-tmp-DUgF1d/code/seed-b-frontend/.angular/cache/22.1.3/seed-b-frontend/vite/deps/core-l1vVDnYc.js","assertElement","assertElement ( node )",1676,1678
5,3,45,2,5,"assertIndexInRange@1679-1683@/home/alex/dev/Bachelor/bmad-vergleichsstudie/.lizard-tmp-DUgF1d/code/seed-b-frontend/.angular/cache/22.1.3/seed-b-frontend/vite/deps/core-l1vVDnYc.js","/home/alex/dev/Bachelor/bmad-vergleichsstudie/.lizard-tmp-DUgF1d/code/seed-b-frontend/.angular/cache/22.1.3/seed-b-frontend/vite/deps/core-l1vVDnYc.js","assertIndexInRange","assertIndexInRange ( arr , index )",1679,1683
4,2,38,2,4,"assertOneOf@1684-1687@/home/alex/dev/Bachelor/bmad-vergleichsstudie/.lizard-tmp-DUgF1d/code/seed-b-frontend/.angular/cache/22.1.3/seed-b-frontend/vite/deps/core-l1vVDnYc.js","/home/alex/dev/Bachelor/bmad-vergleichsstudie/.lizard-tmp-DUgF1d/code/seed-b-frontend/.angular/cache/22.1.3/seed-b-frontend/vite/deps/core-l1vVDnYc.js","assertOneOf","assertOneOf ( value , validValues )",1684,1687
3,2,23,1,3,"assertNotReactive@1688-1690@/home/alex/dev/Bachelor/bmad-vergleichsstudie/.lizard-tmp-DUgF1d/code/seed-b-frontend/.angular/cache/22.1.3/seed-b-frontend/vite/deps/core-l1vVDnYc.js","/home/alex/dev/Bachelor/bmad-vergleichsstudie/.lizard-tmp-DUgF1d/code/seed-b-frontend/.angular/cache/22.1.3/seed-b-frontend/vite/deps/core-l1vVDnYc.js","assertNotReactive","assertNotReactive ( fn )",1688,1690
8,2,33,1,8,"ɵɵdefineInjectable@1691-1698@/home/alex/dev/Bachelor/bmad-vergleichsstudie/.lizard-tmp-DUgF1d/code/seed-b-frontend/.angular/cache/22.1.3/seed-b-frontend/vite/deps/core-l1vVDnYc.js","/home/alex/dev/Bachelor/bmad-vergleichsstudie/.lizard-tmp-DUgF1d/code/seed-b-frontend/.angular/cache/22.1.3/seed-b-frontend/vite/deps/core-l1vVDnYc.js","ɵɵdefineInjectable","ɵɵdefineInjectable ( opts )",1691,1698
6,3,26,1,6,"ɵɵdefineInjector@1699-1704@/home/alex/dev/Bachelor/bmad-vergleichsstudie/.lizard-tmp-DUgF1d/code/seed-b-frontend/.angular/cache/22.1.3/seed-b-frontend/vite/deps/core-l1vVDnYc.js","/home/alex/dev/Bachelor/bmad-vergleichsstudie/.lizard-tmp-DUgF1d/code/seed-b-frontend/.angular/cache/22.1.3/seed-b-frontend/vite/deps/core-l1vVDnYc.js","ɵɵdefineInjector","ɵɵdefineInjector ( options )",1699,1704
3,1,13,1,3,"getInjectableDef@1705-1707@/home/alex/dev/Bachelor/bmad-vergleichsstudie/.lizard-tmp-DUgF1d/code/seed-b-frontend/.angular/cache/22.1.3/seed-b-frontend/vite/deps/core-l1vVDnYc.js","/home/alex/dev/Bachelor/bmad-vergleichsstudie/.lizard-tmp-DUgF1d/code/seed-b-frontend/.angular/cache/22.1.3/seed-b-frontend/vite/deps/core-l1vVDnYc.js","getInjectableDef","getInjectableDef ( type )",1705,1707
3,1,13,1,3,"isInjectable@1708-1710@/home/alex/dev/Bachelor/bmad-vergleichsstudie/.lizard-tmp-DUgF1d/code/seed-b-frontend/.angular/cache/22.1.3/seed-b-frontend/vite/deps/core-l1vVDnYc.js","/home/alex/dev/Bachelor/bmad-vergleichsstudie/.lizard-tmp-DUgF1d/code/seed-b-frontend/.angular/cache/22.1.3/seed-b-frontend/vite/deps/core-l1vVDnYc.js","isInjectable","isInjectable ( type )",1708,1710
3,3,22,2,3,"getOwnDefinition@1711-1713@/home/alex/dev/Bachelor/bmad-vergleichsstudie/.lizard-tmp-DUgF1d/code/seed-b-frontend/.angular/cache/22.1.3/seed-b-frontend/vite/deps/core-l1vVDnYc.js","/home/alex/dev/Bachelor/bmad-vergleichsstudie/.lizard-tmp-DUgF1d/code/seed-b-frontend/.angular/cache/22.1.3/seed-b-frontend/vite/deps/core-l1vVDnYc.js","getOwnDefinition","getOwnDefinition ( type , field )",1711,1713
7,5,49,1,7,"getInheritedInjectableDef@1714-1720@/home/alex/dev/Bachelor/bmad-vergleichsstudie/.lizard-tmp-DUgF1d/code/seed-b-frontend/.angular/cache/22.1.3/seed-b-frontend/vite/deps/core-l1vVDnYc.js","/home/alex/dev/Bachelor/bmad-vergleichsstudie/.lizard-tmp-DUgF1d/code/seed-b-frontend/.angular/cache/22.1.3/seed-b-frontend/vite/deps/core-l1vVDnYc.js","getInheritedInjectableDef","getInheritedInjectableDef ( type )",1714,1720
3,3,22,1,3,"getInjectorDef@1721-1723@/home/alex/dev/Bachelor/bmad-vergleichsstudie/.lizard-tmp-DUgF1d/code/seed-b-frontend/.angular/cache/22.1.3/seed-b-frontend/vite/deps/core-l1vVDnYc.js","/home/alex/dev/Bachelor/bmad-vergleichsstudie/.lizard-tmp-DUgF1d/code/seed-b-frontend/.angular/cache/22.1.3/seed-b-frontend/vite/deps/core-l1vVDnYc.js","getInjectorDef","getInjectorDef ( type )",1721,1723
12,6,88,1,12,"constructor@1730-1741@/home/alex/dev/Bachelor/bmad-vergleichsstudie/.lizard-tmp-DUgF1d/code/seed-b-frontend/.angular/cache/22.1.3/seed-b-frontend/vite/deps/core-l1vVDnYc.js","/home/alex/dev/Bachelor/bmad-vergleichsstudie/.lizard-tmp-DUgF1d/code/seed-b-frontend/.angular/cache/22.1.3/seed-b-frontend/vite/deps/core-l1vVDnYc.js","constructor","constructor ( , options )",1730,1741
3,1,7,0,3,"get multi@1742-1744@/home/alex/dev/Bachelor/bmad-vergleichsstudie/.lizard-tmp-DUgF1d/code/seed-b-frontend/.angular/cache/22.1.3/seed-b-frontend/vite/deps/core-l1vVDnYc.js","/home/alex/dev/Bachelor/bmad-vergleichsstudie/.lizard-tmp-DUgF1d/code/seed-b-frontend/.angular/cache/22.1.3/seed-b-frontend/vite/deps/core-l1vVDnYc.js","get multi","get multi ( )",1742,1744
3,1,12,0,3,"toString@1745-1747@/home/alex/dev/Bachelor/bmad-vergleichsstudie/.lizard-tmp-DUgF1d/code/seed-b-frontend/.angular/cache/22.1.3/seed-b-frontend/vite/deps/core-l1vVDnYc.js","/home/alex/dev/Bachelor/bmad-vergleichsstudie/.lizard-tmp-DUgF1d/code/seed-b-frontend/.angular/cache/22.1.3/seed-b-frontend/vite/deps/core-l1vVDnYc.js","toString","toString ( )",1745,1747
4,2,15,0,4,"getInjectorProfilerContext@1750-1753@/home/alex/dev/Bachelor/bmad-vergleichsstudie/.lizard-tmp-DUgF1d/code/seed-b-frontend/.angular/cache/22.1.3/seed-b-frontend/vite/deps/core-l1vVDnYc.js","/home/alex/dev/Bachelor/bmad-vergleichsstudie/.lizard-tmp-DUgF1d/code/seed-b-frontend/.angular/cache/22.1.3/seed-b-frontend/vite/deps/core-l1vVDnYc.js","getInjectorProfilerContext","getInjectorProfilerContext ( )",1750,1753
6,2,25,1,6,"setInjectorProfilerContext@1754-1759@/home/alex/dev/Bachelor/bmad-vergleichsstudie/.lizard-tmp-DUgF1d/code/seed-b-frontend/.angular/cache/22.1.3/seed-b-frontend/vite/deps/core-l1vVDnYc.js","/home/alex/dev/Bachelor/bmad-vergleichsstudie/.lizard-tmp-DUgF1d/code/seed-b-frontend/.angular/cache/22.1.3/seed-b-frontend/vite/deps/core-l1vVDnYc.js","setInjectorProfilerContext","setInjectorProfilerContext ( context )",1754,1759
1,1,5,0,1,"$1@1761-1761@/home/alex/dev/Bachelor/bmad-vergleichsstudie/.lizard-tmp-DUgF1d/code/seed-b-frontend/.angular/cache/22.1.3/seed-b-frontend/vite/deps/core-l1vVDnYc.js","/home/alex/dev/Bachelor/bmad-vergleichsstudie/.lizard-tmp-DUgF1d/code/seed-b-frontend/.angular/cache/22.1.3/seed-b-frontend/vite/deps/core-l1vVDnYc.js","$1","$1 ( )",1761,1761
4,2,31,1,4,"$1@1762-1765@/home/alex/dev/Bachelor/bmad-vergleichsstudie/.lizard-tmp-DUgF1d/code/seed-b-frontend/.angular/cache/22.1.3/seed-b-frontend/vite/deps/core-l1vVDnYc.js","/home/alex/dev/Bachelor/bmad-vergleichsstudie/.lizard-tmp-DUgF1d/code/seed-b-frontend/.angular/cache/22.1.3/seed-b-frontend/vite/deps/core-l1vVDnYc.js","$1","$1 ( profiler )",1762,1765
1,1,6,0,1,"(anonymous)@1770-1770@/home/alex/dev/Bachelor/bmad-vergleichsstudie/.lizard-tmp-DUgF1d/code/seed-b-frontend/.angular/cache/22.1.3/seed-b-frontend/vite/deps/core-l1vVDnYc.js","/home/alex/dev/Bachelor/bmad-vergleichsstudie/.lizard-tmp-DUgF1d/code/seed-b-frontend/.angular/cache/22.1.3/seed-b-frontend/vite/deps/core-l1vVDnYc.js","(anonymous)","(anonymous)",1770,1770
10,4,56,1,10,"setInjectorProfiler@1766-1775@/home/alex/dev/Bachelor/bmad-vergleichsstudie/.lizard-tmp-DUgF1d/code/seed-b-frontend/.angular/cache/22.1.3/seed-b-frontend/vite/deps/core-l1vVDnYc.js","/home/alex/dev/Bachelor/bmad-vergleichsstudie/.lizard-tmp-DUgF1d/code/seed-b-frontend/.angular/cache/22.1.3/seed-b-frontend/vite/deps/core-l1vVDnYc.js","setInjectorProfiler","setInjectorProfiler ( injectorProfiler )",1766,1775
7,3,44,1,7,"injectorProfiler@1776-1782@/home/alex/dev/Bachelor/bmad-vergleichsstudie/.lizard-tmp-DUgF1d/code/seed-b-frontend/.angular/cache/22.1.3/seed-b-frontend/vite/deps/core-l1vVDnYc.js","/home/alex/dev/Bachelor/bmad-vergleichsstudie/.lizard-tmp-DUgF1d/code/seed-b-frontend/.angular/cache/22.1.3/seed-b-frontend/vite/deps/core-l1vVDnYc.js","injectorProfiler","injectorProfiler ( event )",1776,1782
18,6,96,2,18,"emitProviderConfiguredEvent@1783-1800@/home/alex/dev/Bachelor/bmad-vergleichsstudie/.lizard-tmp-DUgF1d/code/seed-b-frontend/.angular/cache/22.1.3/seed-b-frontend/vite/deps/core-l1vVDnYc.js","/home/alex/dev/Bachelor/bmad-vergleichsstudie/.lizard-tmp-DUgF1d/code/seed-b-frontend/.angular/cache/22.1.3/seed-b-frontend/vite/deps/core-l1vVDnYc.js","emitProviderConfiguredEvent","emitProviderConfiguredEvent ( eventProvider , isViewProvider false )",1783,1800
8,2,30,1,8,"emitInjectorToCreateInstanceEvent@1801-1808@/home/alex/dev/Bachelor/bmad-vergleichsstudie/.lizard-tmp-DUgF1d/code/seed-b-frontend/.angular/cache/22.1.3/seed-b-frontend/vite/deps/core-l1vVDnYc.js","/home/alex/dev/Bachelor/bmad-vergleichsstudie/.lizard-tmp-DUgF1d/code/seed-b-frontend/.angular/cache/22.1.3/seed-b-frontend/vite/deps/core-l1vVDnYc.js","emitInjectorToCreateInstanceEvent","emitInjectorToCreateInstanceEvent ( token )",1801,1808
8,2,36,1,8,"emitInstanceCreatedByInjectorEvent@1809-1816@/home/alex/dev/Bachelor/bmad-vergleichsstudie/.lizard-tmp-DUgF1d/code/seed-b-frontend/.angular/cache/22.1.3/seed-b-frontend/vite/deps/core-l1vVDnYc.js","/home/alex/dev/Bachelor/bmad-vergleichsstudie/.lizard-tmp-DUgF1d/code/seed-b-frontend/.angular/cache/22.1.3/seed-b-frontend/vite/deps/core-l1vVDnYc.js","emitInstanceCreatedByInjectorEvent","emitInstanceCreatedByInjectorEvent ( instance )",1809,1816
12,2,42,3,12,"emitInjectEvent@1817-1828@/home/alex/dev/Bachelor/bmad-vergleichsstudie/.lizard-tmp-DUgF1d/code/seed-b-frontend/.angular/cache/22.1.3/seed-b-frontend/vite/deps/core-l1vVDnYc.js","/home/alex/dev/Bachelor/bmad-vergleichsstudie/.lizard-tmp-DUgF1d/code/seed-b-frontend/.angular/cache/22.1.3/seed-b-frontend/vite/deps/core-l1vVDnYc.js","emitInjectEvent","emitInjectEvent ( token , value , flags )",1817,1828
8,2,30,1,8,"emitEffectCreatedEvent@1829-1836@/home/alex/dev/Bachelor/bmad-vergleichsstudie/.lizard-tmp-DUgF1d/code/seed-b-frontend/.angular/cache/22.1.3/seed-b-frontend/vite/deps/core-l1vVDnYc.js","/home/alex/dev/Bachelor/bmad-vergleichsstudie/.lizard-tmp-DUgF1d/code/seed-b-frontend/.angular/cache/22.1.3/seed-b-frontend/vite/deps/core-l1vVDnYc.js","emitEffectCreatedEvent","emitEffectCreatedEvent ( effect )",1829,1836
8,2,30,1,8,"emitAfterRenderEffectPhaseCreatedEvent@1837-1844@/home/alex/dev/Bachelor/bmad-vergleichsstudie/.lizard-tmp-DUgF1d/code/seed-b-frontend/.angular/cache/22.1.3/seed-b-frontend/vite/deps/core-l1vVDnYc.js","/home/alex/dev/Bachelor/bmad-vergleichsstudie/.lizard-tmp-DUgF1d/code/seed-b-frontend/.angular/cache/22.1.3/seed-b-frontend/vite/deps/core-l1vVDnYc.js","emitAfterRenderEffectPhaseCreatedEvent","emitAfterRenderEffectPhaseCreatedEvent ( effectPhase )",1837,1844
12,2,41,3,12,"runInInjectorProfilerContext@1845-1856@/home/alex/dev/Bachelor/bmad-vergleichsstudie/.lizard-tmp-DUgF1d/code/seed-b-frontend/.angular/cache/22.1.3/seed-b-frontend/vite/deps/core-l1vVDnYc.js","/home/alex/dev/Bachelor/bmad-vergleichsstudie/.lizard-tmp-DUgF1d/code/seed-b-frontend/.angular/cache/22.1.3/seed-b-frontend/vite/deps/core-l1vVDnYc.js","runInInjectorProfilerContext","runInInjectorProfilerContext ( injector , token , callback )",1845,1856
3,2,14,1,3,"isEnvironmentProviders@1857-1859@/home/alex/dev/Bachelor/bmad-vergleichsstudie/.lizard-tmp-DUgF1d/code/seed-b-frontend/.angular/cache/22.1.3/seed-b-frontend/vite/deps/core-l1vVDnYc.js","/home/alex/dev/Bachelor/bmad-vergleichsstudie/.lizard-tmp-DUgF1d/code/seed-b-frontend/.angular/cache/22.1.3/seed-b-frontend/vite/deps/core-l1vVDnYc.js","isEnvironmentProviders","isEnvironmentProviders ( value )",1857,1859
4,2,20,1,4,"getNgModuleDef@1867-1870@/home/alex/dev/Bachelor/bmad-vergleichsstudie/.lizard-tmp-DUgF1d/code/seed-b-frontend/.angular/cache/22.1.3/seed-b-frontend/vite/deps/core-l1vVDnYc.js","/home/alex/dev/Bachelor/bmad-vergleichsstudie/.lizard-tmp-DUgF1d/code/seed-b-frontend/.angular/cache/22.1.3/seed-b-frontend/vite/deps/core-l1vVDnYc.js","getNgModuleDef","getNgModuleDef ( type )",1867,1870
5,4,45,1,5,"getNgModuleDefOrThrow@1871-1875@/home/alex/dev/Bachelor/bmad-vergleichsstudie/.lizard-tmp-DUgF1d/code/seed-b-frontend/.angular/cache/22.1.3/seed-b-frontend/vite/deps/core-l1vVDnYc.js","/home/alex/dev/Bachelor/bmad-vergleichsstudie/.lizard-tmp-DUgF1d/code/seed-b-frontend/.angular/cache/22.1.3/seed-b-frontend/vite/deps/core-l1vVDnYc.js","getNgModuleDefOrThrow","getNgModuleDefOrThrow ( type )",1871,1875
4,2,20,1,4,"getComponentDef@1876-1879@/home/alex/dev/Bachelor/bmad-vergleichsstudie/.lizard-tmp-DUgF1d/code/seed-b-frontend/.angular/cache/22.1.3/seed-b-frontend/vite/deps/core-l1vVDnYc.js","/home/alex/dev/Bachelor/bmad-vergleichsstudie/.lizard-tmp-DUgF1d/code/seed-b-frontend/.angular/cache/22.1.3/seed-b-frontend/vite/deps/core-l1vVDnYc.js","getComponentDef","getComponentDef ( type )",1876,1879
5,4,45,1,5,"getDirectiveDefOrThrow@1880-1884@/home/alex/dev/Bachelor/bmad-vergleichsstudie/.lizard-tmp-DUgF1d/code/seed-b-frontend/.angular/cache/22.1.3/seed-b-frontend/vite/deps/core-l1vVDnYc.js","/home/alex/dev/Bachelor/bmad-vergleichsstudie/.lizard-tmp-DUgF1d/code/seed-b-frontend/.angular/cache/22.1.3/seed-b-frontend/vite/deps/core-l1vVDnYc.js","getDirectiveDefOrThrow","getDirectiveDefOrThrow ( type )",1880,1884
4,2,20,1,4,"getDirectiveDef@1885-1888@/home/alex/dev/Bachelor/bmad-vergleichsstudie/.lizard-tmp-DUgF1d/code/seed-b-frontend/.angular/cache/22.1.3/seed-b-frontend/vite/deps/core-l1vVDnYc.js","/home/alex/dev/Bachelor/bmad-vergleichsstudie/.lizard-tmp-DUgF1d/code/seed-b-frontend/.angular/cache/22.1.3/seed-b-frontend/vite/deps/core-l1vVDnYc.js","getDirectiveDef","getDirectiveDef ( type )",1885,1888
4,2,20,1,4,"$1@1889-1892@/home/alex/dev/Bachelor/bmad-vergleichsstudie/.lizard-tmp-DUgF1d/code/seed-b-frontend/.angular/cache/22.1.3/seed-b-frontend/vite/deps/core-l1vVDnYc.js","/home/alex/dev/Bachelor/bmad-vergleichsstudie/.lizard-tmp-DUgF1d/code/seed-b-frontend/.angular/cache/22.1.3/seed-b-frontend/vite/deps/core-l1vVDnYc.js","$1","$1 ( type )",1889,1892
3,4,38,2,3,"assertTypeDefined@1893-1895@/home/alex/dev/Bachelor/bmad-vergleichsstudie/.lizard-tmp-DUgF1d/code/seed-b-frontend/.angular/cache/22.1.3/seed-b-frontend/vite/deps/core-l1vVDnYc.js","/home/alex/dev/Bachelor/bmad-vergleichsstudie/.lizard-tmp-DUgF1d/code/seed-b-frontend/.angular/cache/22.1.3/seed-b-frontend/vite/deps/core-l1vVDnYc.js","assertTypeDefined","assertTypeDefined ( type , symbolType )",1893,1895
4,4,33,1,4,"isStandalone@1896-1899@/home/alex/dev/Bachelor/bmad-vergleichsstudie/.lizard-tmp-DUgF1d/code/seed-b-frontend/.angular/cache/22.1.3/seed-b-frontend/vite/deps/core-l1vVDnYc.js","/home/alex/dev/Bachelor/bmad-vergleichsstudie/.lizard-tmp-DUgF1d/code/seed-b-frontend/.angular/cache/22.1.3/seed-b-frontend/vite/deps/core-l1vVDnYc.js","isStandalone","isStandalone ( type )",1896,1899
5,3,30,1,5,"renderStringify@1900-1904@/home/alex/dev/Bachelor/bmad-vergleichsstudie/.lizard-tmp-DUgF1d/code/seed-b-frontend/.angular/cache/22.1.3/seed-b-frontend/vite/deps/core-l1vVDnYc.js","/home/alex/dev/Bachelor/bmad-vergleichsstudie/.lizard-tmp-DUgF1d/code/seed-b-frontend/.angular/cache/22.1.3/seed-b-frontend/vite/deps/core-l1vVDnYc.js","renderStringify","renderStringify ( value )",1900,1904
5,7,62,1,5,"stringifyForError@1905-1909@/home/alex/dev/Bachelor/bmad-vergleichsstudie/.lizard-tmp-DUgF1d/code/seed-b-frontend/.angular/cache/22.1.3/seed-b-frontend/vite/deps/core-l1vVDnYc.js","/home/alex/dev/Bachelor/bmad-vergleichsstudie/.lizard-tmp-DUgF1d/code/seed-b-frontend/.angular/cache/22.1.3/seed-b-frontend/vite/deps/core-l1vVDnYc.js","stringifyForError","stringifyForError ( value )",1905,1909
5,3,37,1,5,"debugStringifyTypeForError@1910-1914@/home/alex/dev/Bachelor/bmad-vergleichsstudie/.lizard-tmp-DUgF1d/code/seed-b-frontend/.angular/cache/22.1.3/seed-b-frontend/vite/deps/core-l1vVDnYc.js","/home/alex/dev/Bachelor/bmad-vergleichsstudie/.lizard-tmp-DUgF1d/code/seed-b-frontend/.angular/cache/22.1.3/seed-b-frontend/vite/deps/core-l1vVDnYc.js","debugStringifyTypeForError","debugStringifyTypeForError ( type )",1910,1914
4,3,39,1,4,"stringifyTypeFromDebugInfo@1915-1918@/home/alex/dev/Bachelor/bmad-vergleichsstudie/.lizard-tmp-DUgF1d/code/seed-b-frontend/.angular/cache/22.1.3/seed-b-frontend/vite/deps/core-l1vVDnYc.js","/home/alex/dev/Bachelor/bmad-vergleichsstudie/.lizard-tmp-DUgF1d/code/seed-b-frontend/.angular/cache/22.1.3/seed-b-frontend/vite/deps/core-l1vVDnYc.js","stringifyTypeFromDebugInfo","stringifyTypeFromDebugInfo ( debugInfo )",1915,1918
3,2,32,2,3,"cyclicDependencyError@1922-1924@/home/alex/dev/Bachelor/bmad-vergleichsstudie/.lizard-tmp-DUgF1d/code/seed-b-frontend/.angular/cache/22.1.3/seed-b-frontend/vite/deps/core-l1vVDnYc.js","/home/alex/dev/Bachelor/bmad-vergleichsstudie/.lizard-tmp-DUgF1d/code/seed-b-frontend/.angular/cache/22.1.3/seed-b-frontend/vite/deps/core-l1vVDnYc.js","cyclicDependencyError","cyclicDependencyError ( token , path )",1922,1924
3,1,20,2,3,"cyclicDependencyErrorWithDetails@1925-1927@/home/alex/dev/Bachelor/bmad-vergleichsstudie/.lizard-tmp-DUgF1d/code/seed-b-frontend/.angular/cache/22.1.3/seed-b-frontend/vite/deps/core-l1vVDnYc.js","/home/alex/dev/Bachelor/bmad-vergleichsstudie/.lizard-tmp-DUgF1d/code/seed-b-frontend/.angular/cache/22.1.3/seed-b-frontend/vite/deps/core-l1vVDnYc.js","cyclicDependencyErrorWithDetails","cyclicDependencyErrorWithDetails ( token , path )",1925,1927
3,1,13,0,3,"throwMixedMultiProviderError@1928-1930@/home/alex/dev/Bachelor/bmad-vergleichsstudie/.lizard-tmp-DUgF1d/code/seed-b-frontend/.angular/cache/22.1.3/seed-b-frontend/vite/deps/core-l1vVDnYc.js","/home/alex/dev/Bachelor/bmad-vergleichsstudie/.lizard-tmp-DUgF1d/code/seed-b-frontend/.angular/cache/22.1.3/seed-b-frontend/vite/deps/core-l1vVDnYc.js","throwMixedMultiProviderError","throwMixedMultiProviderError ( )",1928,1930
1,2,12,0,1,"(anonymous)@1933-1933@/home/alex/dev/Bachelor/bmad-vergleichsstudie/.lizard-tmp-DUgF1d/code/seed-b-frontend/.angular/cache/22.1.3/seed-b-frontend/vite/deps/core-l1vVDnYc.js","/home/alex/dev/Bachelor/bmad-vergleichsstudie/.lizard-tmp-DUgF1d/code/seed-b-frontend/.angular/cache/22.1.3/seed-b-frontend/vite/deps/core-l1vVDnYc.js","(anonymous)","(anonymous)",1933,1933
8,5,94,3,8,"throwInvalidProviderError@1931-1938@/home/alex/dev/Bachelor/bmad-vergleichsstudie/.lizard-tmp-DUgF1d/code/seed-b-frontend/.angular/cache/22.1.3/seed-b-frontend/vite/deps/core-l1vVDnYc.js","/home/alex/dev/Bachelor/bmad-vergleichsstudie/.lizard-tmp-DUgF1d/code/seed-b-frontend/.angular/cache/22.1.3/seed-b-frontend/vite/deps/core-l1vVDnYc.js","throwInvalidProviderError","throwInvalidProviderError ( ngModuleType , providers , provider )",1931,1938
33,12,292,2,33,"throwProviderNotFoundError@1939-1971@/home/alex/dev/Bachelor/bmad-vergleichsstudie/.lizard-tmp-DUgF1d/code/seed-b-frontend/.angular/cache/22.1.3/seed-b-frontend/vite/deps/core-l1vVDnYc.js","/home/alex/dev/Bachelor/bmad-vergleichsstudie/.lizard-tmp-DUgF1d/code/seed-b-frontend/.angular/cache/22.1.3/seed-b-frontend/vite/deps/core-l1vVDnYc.js","throwProviderNotFoundError","throwProviderNotFoundError ( token , injectorName )",1939,1971
12,5,122,2,12,"describeRNode@9341-9352@/home/alex/dev/Bachelor/bmad-vergleichsstudie/.lizard-tmp-DUgF1d/code/seed-b-frontend/.angular/cache/22.1.3/seed-b-frontend/vite/deps/core-l1vVDnYc.js","/home/alex/dev/Bachelor/bmad-vergleichsstudie/.lizard-tmp-DUgF1d/code/seed-b-frontend/.angular/cache/22.1.3/seed-b-frontend/vite/deps/core-l1vVDnYc.js","describeRNode","describeRNode ( rNode , innerContent )",9341,9352
2,1,16,1,2,"getHydrationErrorFooter@9392-9393@/home/alex/dev/Bachelor/bmad-vergleichsstudie/.lizard-tmp-DUgF1d/code/seed-b-frontend/.angular/cache/22.1.3/seed-b-frontend/vite/deps/core-l1vVDnYc.js","/home/alex/dev/Bachelor/bmad-vergleichsstudie/.lizard-tmp-DUgF1d/code/seed-b-frontend/.angular/cache/22.1.3/seed-b-frontend/vite/deps/core-l1vVDnYc.js","getHydrationErrorFooter","getHydrationErrorFooter ( componentClassName )",9392,9393
15,10,99,2,15,"getProfilerEventDocUrl@13817-13831@/home/alex/dev/Bachelor/bmad-vergleichsstudie/.lizard-tmp-DUgF1d/code/seed-b-frontend/.angular/cache/22.1.3/seed-b-frontend/vite/deps/core-l1vVDnYc.js","/home/alex/dev/Bachelor/bmad-vergleichsstudie/.lizard-tmp-DUgF1d/code/seed-b-frontend/.angular/cache/22.1.3/seed-b-frontend/vite/deps/core-l1vVDnYc.js","getProfilerEventDocUrl","getProfilerEventDocUrl ( event , entryName )",13817,13831
8,3,34,2,8,"resolveTimestampDetail@13832-13839@/home/alex/dev/Bachelor/bmad-vergleichsstudie/.lizard-tmp-DUgF1d/code/seed-b-frontend/.angular/cache/22.1.3/seed-b-frontend/vite/deps/core-l1vVDnYc.js","/home/alex/dev/Bachelor/bmad-vergleichsstudie/.lizard-tmp-DUgF1d/code/seed-b-frontend/.angular/cache/22.1.3/seed-b-frontend/vite/deps/core-l1vVDnYc.js","resolveTimestampDetail","resolveTimestampDetail ( detail , docUrl )",13832,13839
4,1,30,1,4,"measureStart@13840-13843@/home/alex/dev/Bachelor/bmad-vergleichsstudie/.lizard-tmp-DUgF1d/code/seed-b-frontend/.angular/cache/22.1.3/seed-b-frontend/vite/deps/core-l1vVDnYc.js","/home/alex/dev/Bachelor/bmad-vergleichsstudie/.lizard-tmp-DUgF1d/code/seed-b-frontend/.angular/cache/22.1.3/seed-b-frontend/vite/deps/core-l1vVDnYc.js","measureStart","measureStart ( startEvent )",13840,13843
9,2,92,4,9,"measureEnd@13844-13852@/home/alex/dev/Bachelor/bmad-vergleichsstudie/.lizard-tmp-DUgF1d/code/seed-b-frontend/.angular/cache/22.1.3/seed-b-frontend/vite/deps/core-l1vVDnYc.js","/home/alex/dev/Bachelor/bmad-vergleichsstudie/.lizard-tmp-DUgF1d/code/seed-b-frontend/.angular/cache/22.1.3/seed-b-frontend/vite/deps/core-l1vVDnYc.js","measureEnd","measureEnd ( startEvent , entryName , color , detail )",13844,13852
8,3,54,1,8,"chromeDevToolsInjectorProfiler@13853-13860@/home/alex/dev/Bachelor/bmad-vergleichsstudie/.lizard-tmp-DUgF1d/code/seed-b-frontend/.angular/cache/22.1.3/seed-b-frontend/vite/deps/core-l1vVDnYc.js","/home/alex/dev/Bachelor/bmad-vergleichsstudie/.lizard-tmp-DUgF1d/code/seed-b-frontend/.angular/cache/22.1.3/seed-b-frontend/vite/deps/core-l1vVDnYc.js","chromeDevToolsInjectorProfiler","chromeDevToolsInjectorProfiler ( event )",13853,13860
510,121,3358,3,510,"devToolsProfiler@13861-14370@/home/alex/dev/Bachelor/bmad-vergleichsstudie/.lizard-tmp-DUgF1d/code/seed-b-frontend/.angular/cache/22.1.3/seed-b-frontend/vite/deps/core-l1vVDnYc.js","/home/alex/dev/Bachelor/bmad-vergleichsstudie/.lizard-tmp-DUgF1d/code/seed-b-frontend/.angular/cache/22.1.3/seed-b-frontend/vite/deps/core-l1vVDnYc.js","devToolsProfiler","devToolsProfiler ( event , instance , eventFn )",13861,14370
138,31,1034,1,686,"getLifecycleHookDocUrl@13811-14496@/home/alex/dev/Bachelor/bmad-vergleichsstudie/.lizard-tmp-DUgF1d/code/seed-b-frontend/.angular/cache/22.1.3/seed-b-frontend/vite/deps/core-l1vVDnYc.js","/home/alex/dev/Bachelor/bmad-vergleichsstudie/.lizard-tmp-DUgF1d/code/seed-b-frontend/.angular/cache/22.1.3/seed-b-frontend/vite/deps/core-l1vVDnYc.js","getLifecycleHookDocUrl","getLifecycleHookDocUrl ( hookName )",13811,14496
1,1,13,0,1,"(anonymous)@15067-15067@/home/alex/dev/Bachelor/bmad-vergleichsstudie/.lizard-tmp-DUgF1d/code/seed-b-frontend/.angular/cache/22.1.3/seed-b-frontend/vite/deps/core-l1vVDnYc.js","/home/alex/dev/Bachelor/bmad-vergleichsstudie/.lizard-tmp-DUgF1d/code/seed-b-frontend/.angular/cache/22.1.3/seed-b-frontend/vite/deps/core-l1vVDnYc.js","(anonymous)","(anonymous)",15067,15067
18,7,156,2,18,"ɵɵariaProperty@15093-15110@/home/alex/dev/Bachelor/bmad-vergleichsstudie/.lizard-tmp-DUgF1d/code/seed-b-frontend/.angular/cache/22.1.3/seed-b-frontend/vite/deps/core-l1vVDnYc.js","/home/alex/dev/Bachelor/bmad-vergleichsstudie/.lizard-tmp-DUgF1d/code/seed-b-frontend/.angular/cache/22.1.3/seed-b-frontend/vite/deps/core-l1vVDnYc.js","ɵɵariaProperty","ɵɵariaProperty ( name , value )",15093,15110
11,3,87,4,11,"ɵɵattribute@15111-15121@/home/alex/dev/Bachelor/bmad-vergleichsstudie/.lizard-tmp-DUgF1d/code/seed-b-frontend/.angular/cache/22.1.3/seed-b-frontend/vite/deps/core-l1vVDnYc.js","/home/alex/dev/Bachelor/bmad-vergleichsstudie/.lizard-tmp-DUgF1d/code/seed-b-frontend/.angular/cache/22.1.3/seed-b-frontend/vite/deps/core-l1vVDnYc.js","ɵɵattribute","ɵɵattribute ( name , value , sanitizer , namespace )",15111,15121
1,1,11,0,1,"(anonymous)@15130-15130@/home/alex/dev/Bachelor/bmad-vergleichsstudie/.lizard-tmp-DUgF1d/code/seed-b-frontend/.angular/cache/22.1.3/seed-b-frontend/vite/deps/core-l1vVDnYc.js","/home/alex/dev/Bachelor/bmad-vergleichsstudie/.lizard-tmp-DUgF1d/code/seed-b-frontend/.angular/cache/22.1.3/seed-b-frontend/vite/deps/core-l1vVDnYc.js","(anonymous)","(anonymous)",15130,15130
13,4,102,1,13,"ɵɵanimateEnter@15122-15134@/home/alex/dev/Bachelor/bmad-vergleichsstudie/.lizard-tmp-DUgF1d/code/seed-b-frontend/.angular/cache/22.1.3/seed-b-frontend/vite/deps/core-l1vVDnYc.js","/home/alex/dev/Bachelor/bmad-vergleichsstudie/.lizard-tmp-DUgF1d/code/seed-b-frontend/.angular/cache/22.1.3/seed-b-frontend/vite/deps/core-l1vVDnYc.js","ɵɵanimateEnter","ɵɵanimateEnter ( value )",15122,15134
3,1,13,0,3,"(anonymous)@15145-15147@/home/alex/dev/Bachelor/bmad-vergleichsstudie/.lizard-tmp-DUgF1d/code/seed-b-frontend/.angular/cache/22.1.3/seed-b-frontend/vite/deps/core-l1vVDnYc.js","/home/alex/dev/Bachelor/bmad-vergleichsstudie/.lizard-tmp-DUgF1d/code/seed-b-frontend/.angular/cache/22.1.3/seed-b-frontend/vite/deps/core-l1vVDnYc.js","(anonymous)","(anonymous)",15145,15147
5,3,38,1,7,"handleEnterAnimationStart@15142-15148@/home/alex/dev/Bachelor/bmad-vergleichsstudie/.lizard-tmp-DUgF1d/code/seed-b-frontend/.angular/cache/22.1.3/seed-b-frontend/vite/deps/core-l1vVDnYc.js","/home/alex/dev/Bachelor/bmad-vergleichsstudie/.lizard-tmp-DUgF1d/code/seed-b-frontend/.angular/cache/22.1.3/seed-b-frontend/vite/deps/core-l1vVDnYc.js","handleEnterAnimationStart","handleEnterAnimationStart ( event )",15142,15148
5,3,39,1,5,"handleEnterAnimationEnd@15149-15153@/home/alex/dev/Bachelor/bmad-vergleichsstudie/.lizard-tmp-DUgF1d/code/seed-b-frontend/.angular/cache/22.1.3/seed-b-frontend/vite/deps/core-l1vVDnYc.js","/home/alex/dev/Bachelor/bmad-vergleichsstudie/.lizard-tmp-DUgF1d/code/seed-b-frontend/.angular/cache/22.1.3/seed-b-frontend/vite/deps/core-l1vVDnYc.js","handleEnterAnimationEnd","handleEnterAnimationEnd ( event )",15149,15153
4,1,34,0,4,"(anonymous)@15155-15158@/home/alex/dev/Bachelor/bmad-vergleichsstudie/.lizard-tmp-DUgF1d/code/seed-b-frontend/.angular/cache/22.1.3/seed-b-frontend/vite/deps/core-l1vVDnYc.js","/home/alex/dev/Bachelor/bmad-vergleichsstudie/.lizard-tmp-DUgF1d/code/seed-b-frontend/.angular/cache/22.1.3/seed-b-frontend/vite/deps/core-l1vVDnYc.js","(anonymous)","(anonymous)",15155,15158
8,4,50,0,8,"(anonymous)@15162-15169@/home/alex/dev/Bachelor/bmad-vergleichsstudie/.lizard-tmp-DUgF1d/code/seed-b-frontend/.angular/cache/22.1.3/seed-b-frontend/vite/deps/core-l1vVDnYc.js","/home/alex/dev/Bachelor/bmad-vergleichsstudie/.lizard-tmp-DUgF1d/code/seed-b-frontend/.angular/cache/22.1.3/seed-b-frontend/vite/deps/core-l1vVDnYc.js","(anonymous)","(anonymous)",15162,15169
3,1,10,0,10,"(anonymous)@15161-15170@/home/alex/dev/Bachelor/bmad-vergleichsstudie/.lizard-tmp-DUgF1d/code/seed-b-frontend/.angular/cache/22.1.3/seed-b-frontend/vite/deps/core-l1vVDnYc.js","/home/alex/dev/Bachelor/bmad-vergleichsstudie/.lizard-tmp-DUgF1d/code/seed-b-frontend/.angular/cache/22.1.3/seed-b-frontend/vite/deps/core-l1vVDnYc.js","(anonymous)","(anonymous)",15161,15170
16,5,124,4,38,"runEnterAnimation@15135-15172@/home/alex/dev/Bachelor/bmad-vergleichsstudie/.lizard-tmp-DUgF1d/code/seed-b-frontend/.angular/cache/22.1.3/seed-b-frontend/vite/deps/core-l1vVDnYc.js","/home/alex/dev/Bachelor/bmad-vergleichsstudie/.lizard-tmp-DUgF1d/code/seed-b-frontend/.angular/cache/22.1.3/seed-b-frontend/vite/deps/core-l1vVDnYc.js","runEnterAnimation","runEnterAnimation ( lView , tNode , value , ngZone )",15135,15172
9,5,73,3,9,"enterAnimationEnd@15173-15181@/home/alex/dev/Bachelor/bmad-vergleichsstudie/.lizard-tmp-DUgF1d/code/seed-b-frontend/.angular/cache/22.1.3/seed-b-frontend/vite/deps/core-l1vVDnYc.js","/home/alex/dev/Bachelor/bmad-vergleichsstudie/.lizard-tmp-DUgF1d/code/seed-b-frontend/.angular/cache/22.1.3/seed-b-frontend/vite/deps/core-l1vVDnYc.js","enterAnimationEnd","enterAnimationEnd ( event , nativeElement , renderer )",15173,15181
1,1,9,0,1,"(anonymous)@15189-15189@/home/alex/dev/Bachelor/bmad-vergleichsstudie/.lizard-tmp-DUgF1d/code/seed-b-frontend/.angular/cache/22.1.3/seed-b-frontend/vite/deps/core-l1vVDnYc.js","/home/alex/dev/Bachelor/bmad-vergleichsstudie/.lizard-tmp-DUgF1d/code/seed-b-frontend/.angular/cache/22.1.3/seed-b-frontend/vite/deps/core-l1vVDnYc.js","(anonymous)","(anonymous)",15189,15189
12,4,89,1,12,"ɵɵanimateEnterListener@15182-15193@/home/alex/dev/Bachelor/bmad-vergleichsstudie/.lizard-tmp-DUgF1d/code/seed-b-frontend/.angular/cache/22.1.3/seed-b-frontend/vite/deps/core-l1vVDnYc.js","/home/alex/dev/Bachelor/bmad-vergleichsstudie/.lizard-tmp-DUgF1d/code/seed-b-frontend/.angular/cache/22.1.3/seed-b-frontend/vite/deps/core-l1vVDnYc.js","ɵɵanimateEnterListener","ɵɵanimateEnterListener ( value )",15182,15193
8,2,48,3,8,"runEnterAnimationFunction@15194-15201@/home/alex/dev/Bachelor/bmad-vergleichsstudie/.lizard-tmp-DUgF1d/code/seed-b-frontend/.angular/cache/22.1.3/seed-b-frontend/vite/deps/core-l1vVDnYc.js","/home/alex/dev/Bachelor/bmad-vergleichsstudie/.lizard-tmp-DUgF1d/code/seed-b-frontend/.angular/cache/22.1.3/seed-b-frontend/vite/deps/core-l1vVDnYc.js","runEnterAnimationFunction","runEnterAnimationFunction ( lView , tNode , value )",15194,15201
1,1,11,0,1,"(anonymous)@15210-15210@/home/alex/dev/Bachelor/bmad-vergleichsstudie/.lizard-tmp-DUgF1d/code/seed-b-frontend/.angular/cache/22.1.3/seed-b-frontend/vite/deps/core-l1vVDnYc.js","/home/alex/dev/Bachelor/bmad-vergleichsstudie/.lizard-tmp-DUgF1d/code/seed-b-frontend/.angular/cache/22.1.3/seed-b-frontend/vite/deps/core-l1vVDnYc.js","(anonymous)","(anonymous)",15210,15210
12,4,89,1,12,"ɵɵanimateLeave@15202-15213@/home/alex/dev/Bachelor/bmad-vergleichsstudie/.lizard-tmp-DUgF1d/code/seed-b-frontend/.angular/cache/22.1.3/seed-b-frontend/vite/deps/core-l1vVDnYc.js","/home/alex/dev/Bachelor/bmad-vergleichsstudie/.lizard-tmp-DUgF1d/code/seed-b-frontend/.angular/cache/22.1.3/seed-b-frontend/vite/deps/core-l1vVDnYc.js","ɵɵanimateLeave","ɵɵanimateLeave ( value )",15202,15213
15,6,130,4,15,"runLeaveAnimations@15214-15228@/home/alex/dev/Bachelor/bmad-vergleichsstudie/.lizard-tmp-DUgF1d/code/seed-b-frontend/.angular/cache/22.1.3/seed-b-frontend/vite/deps/core-l1vVDnYc.js","/home/alex/dev/Bachelor/bmad-vergleichsstudie/.lizard-tmp-DUgF1d/code/seed-b-frontend/.angular/cache/22.1.3/seed-b-frontend/vite/deps/core-l1vVDnYc.js","runLeaveAnimations","runLeaveAnimations ( lView , tNode , value , ngZone )",15214,15228
13,9,122,1,13,"handleOutAnimationEnd@15235-15247@/home/alex/dev/Bachelor/bmad-vergleichsstudie/.lizard-tmp-DUgF1d/code/seed-b-frontend/.angular/cache/22.1.3/seed-b-frontend/vite/deps/core-l1vVDnYc.js","/home/alex/dev/Bachelor/bmad-vergleichsstudie/.lizard-tmp-DUgF1d/code/seed-b-frontend/.angular/cache/22.1.3/seed-b-frontend/vite/deps/core-l1vVDnYc.js","handleOutAnimationEnd","handleOutAnimationEnd ( event )",15235,15247
4,1,34,0,4,"(anonymous)@15248-15251@/home/alex/dev/Bachelor/bmad-vergleichsstudie/.lizard-tmp-DUgF1d/code/seed-b-frontend/.angular/cache/22.1.3/seed-b-frontend/vite/deps/core-l1vVDnYc.js","/home/alex/dev/Bachelor/bmad-vergleichsstudie/.lizard-tmp-DUgF1d/code/seed-b-frontend/.angular/cache/22.1.3/seed-b-frontend/vite/deps/core-l1vVDnYc.js","(anonymous)","(anonymous)",15248,15251
3,1,11,0,3,"(anonymous)@15264-15266@/home/alex/dev/Bachelor/bmad-vergleichsstudie/.lizard-tmp-DUgF1d/code/seed-b-frontend/.angular/cache/22.1.3/seed-b-frontend/vite/deps/core-l1vVDnYc.js","/home/alex/dev/Bachelor/bmad-vergleichsstudie/.lizard-tmp-DUgF1d/code/seed-b-frontend/.angular/cache/22.1.3/seed-b-frontend/vite/deps/core-l1vVDnYc.js","(anonymous)","(anonymous)",15264,15266
1,1,5,0,1,"(anonymous)@15267-15267@/home/alex/dev/Bachelor/bmad-vergleichsstudie/.lizard-tmp-DUgF1d/code/seed-b-frontend/.angular/cache/22.1.3/seed-b-frontend/vite/deps/core-l1vVDnYc.js","/home/alex/dev/Bachelor/bmad-vergleichsstudie/.lizard-tmp-DUgF1d/code/seed-b-frontend/.angular/cache/22.1.3/seed-b-frontend/vite/deps/core-l1vVDnYc.js","(anonymous)","(anonymous)",15267,15267
13,3,83,0,15,"(anonymous)@15255-15269@/home/alex/dev/Bachelor/bmad-vergleichsstudie/.lizard-tmp-DUgF1d/code/seed-b-frontend/.angular/cache/22.1.3/seed-b-frontend/vite/deps/core-l1vVDnYc.js","/home/alex/dev/Bachelor/bmad-vergleichsstudie/.lizard-tmp-DUgF1d/code/seed-b-frontend/.angular/cache/22.1.3/seed-b-frontend/vite/deps/core-l1vVDnYc.js","(anonymous)","(anonymous)",15255,15269
3,1,10,0,17,"(anonymous)@15254-15270@/home/alex/dev/Bachelor/bmad-vergleichsstudie/.lizard-tmp-DUgF1d/code/seed-b-frontend/.angular/cache/22.1.3/seed-b-frontend/vite/deps/core-l1vVDnYc.js","/home/alex/dev/Bachelor/bmad-vergleichsstudie/.lizard-tmp-DUgF1d/code/seed-b-frontend/.angular/cache/22.1.3/seed-b-frontend/vite/deps/core-l1vVDnYc.js","(anonymous)","(anonymous)",15254,15270
12,3,102,6,43,"animateLeaveClassRunner@15229-15271@/home/alex/dev/Bachelor/bmad-vergleichsstudie/.lizard-tmp-DUgF1d/code/seed-b-frontend/.angular/cache/22.1.3/seed-b-frontend/vite/deps/core-l1vVDnYc.js","/home/alex/dev/Bachelor/bmad-vergleichsstudie/.lizard-tmp-DUgF1d/code/seed-b-frontend/.angular/cache/22.1.3/seed-b-frontend/vite/deps/core-l1vVDnYc.js","animateLeaveClassRunner","animateLeaveClassRunner ( el , tNode , lView , classList , renderer , ngZone )",15229,15271
1,1,13,0,1,"(anonymous)@15281-15281@/home/alex/dev/Bachelor/bmad-vergleichsstudie/.lizard-tmp-DUgF1d/code/seed-b-frontend/.angular/cache/22.1.3/seed-b-frontend/vite/deps/core-l1vVDnYc.js","/home/alex/dev/Bachelor/bmad-vergleichsstudie/.lizard-tmp-DUgF1d/code/seed-b-frontend/.angular/cache/22.1.3/seed-b-frontend/vite/deps/core-l1vVDnYc.js","(anonymous)","(anonymous)",15281,15281
13,3,102,1,13,"ɵɵanimateLeaveListener@15272-15284@/home/alex/dev/Bachelor/bmad-vergleichsstudie/.lizard-tmp-DUgF1d/code/seed-b-frontend/.angular/cache/22.1.3/seed-b-frontend/vite/deps/core-l1vVDnYc.js","/home/alex/dev/Bachelor/bmad-vergleichsstudie/.lizard-tmp-DUgF1d/code/seed-b-frontend/.angular/cache/22.1.3/seed-b-frontend/vite/deps/core-l1vVDnYc.js","ɵɵanimateLeaveListener","ɵɵanimateLeaveListener ( value )",15272,15284
1,1,15,0,1,"(anonymous)@15296-15296@/home/alex/dev/Bachelor/bmad-vergleichsstudie/.lizard-tmp-DUgF1d/code/seed-b-frontend/.angular/cache/22.1.3/seed-b-frontend/vite/deps/core-l1vVDnYc.js","/home/alex/dev/Bachelor/bmad-vergleichsstudie/.lizard-tmp-DUgF1d/code/seed-b-frontend/.angular/cache/22.1.3/seed-b-frontend/vite/deps/core-l1vVDnYc.js","(anonymous)","(anonymous)",15296,15296
4,1,23,0,4,"animationComplete@15299-15302@/home/alex/dev/Bachelor/bmad-vergleichsstudie/.lizard-tmp-DUgF1d/code/seed-b-frontend/.angular/cache/22.1.3/seed-b-frontend/vite/deps/core-l1vVDnYc.js","/home/alex/dev/Bachelor/bmad-vergleichsstudie/.lizard-tmp-DUgF1d/code/seed-b-frontend/.angular/cache/22.1.3/seed-b-frontend/vite/deps/core-l1vVDnYc.js","animationComplete","animationComplete ( )",15299,15302
4,1,20,0,4,"(anonymous)@15306-15309@/home/alex/dev/Bachelor/bmad-vergleichsstudie/.lizard-tmp-DUgF1d/code/seed-b-frontend/.angular/cache/22.1.3/seed-b-frontend/vite/deps/core-l1vVDnYc.js","/home/alex/dev/Bachelor/bmad-vergleichsstudie/.lizard-tmp-DUgF1d/code/seed-b-frontend/.angular/cache/22.1.3/seed-b-frontend/vite/deps/core-l1vVDnYc.js","(anonymous)","(anonymous)",15306,15309
3,1,27,0,6,"(anonymous)@15305-15310@/home/alex/dev/Bachelor/bmad-vergleichsstudie/.lizard-tmp-DUgF1d/code/seed-b-frontend/.angular/cache/22.1.3/seed-b-frontend/vite/deps/core-l1vVDnYc.js","/home/alex/dev/Bachelor/bmad-vergleichsstudie/.lizard-tmp-DUgF1d/code/seed-b-frontend/.angular/cache/22.1.3/seed-b-frontend/vite/deps/core-l1vVDnYc.js","(anonymous)","(anonymous)",15305,15310
25,6,188,5,33,"runLeaveAnimationFunction@15285-15317@/home/alex/dev/Bachelor/bmad-vergleichsstudie/.lizard-tmp-DUgF1d/code/seed-b-frontend/.angular/cache/22.1.3/seed-b-frontend/vite/deps/core-l1vVDnYc.js","/home/alex/dev/Bachelor/bmad-vergleichsstudie/.lizard-tmp-DUgF1d/code/seed-b-frontend/.angular/cache/22.1.3/seed-b-frontend/vite/deps/core-l1vVDnYc.js","runLeaveAnimationFunction","runLeaveAnimationFunction ( lView , tNode , value , ngZone , maxAnimationTimeout )",15285,15317
5,2,29,0,5,"ɵɵcomponentInstance@15318-15322@/home/alex/dev/Bachelor/bmad-vergleichsstudie/.lizard-tmp-DUgF1d/code/seed-b-frontend/.angular/cache/22.1.3/seed-b-frontend/vite/deps/core-l1vVDnYc.js","/home/alex/dev/Bachelor/bmad-vergleichsstudie/.lizard-tmp-DUgF1d/code/seed-b-frontend/.angular/cache/22.1.3/seed-b-frontend/vite/deps/core-l1vVDnYc.js","ɵɵcomponentInstance","ɵɵcomponentInstance ( )",15318,15322
1,1,5,1,1,"destroy@15324-15324@/home/alex/dev/Bachelor/bmad-vergleichsstudie/.lizard-tmp-DUgF1d/code/seed-b-frontend/.angular/cache/22.1.3/seed-b-frontend/vite/deps/core-l1vVDnYc.js","/home/alex/dev/Bachelor/bmad-vergleichsstudie/.lizard-tmp-DUgF1d/code/seed-b-frontend/.angular/cache/22.1.3/seed-b-frontend/vite/deps/core-l1vVDnYc.js","destroy","destroy ( item )",15324,15324
1,1,7,2,1,"updateValue@15325-15325@/home/alex/dev/Bachelor/bmad-vergleichsstudie/.lizard-tmp-DUgF1d/code/seed-b-frontend/.angular/cache/22.1.3/seed-b-frontend/vite/deps/core-l1vVDnYc.js","/home/alex/dev/Bachelor/bmad-vergleichsstudie/.lizard-tmp-DUgF1d/code/seed-b-frontend/.angular/cache/22.1.3/seed-b-frontend/vite/deps/core-l1vVDnYc.js","updateValue","updateValue ( index , value )",15325,15325
10,2,89,2,10,"swap@15326-15335@/home/alex/dev/Bachelor/bmad-vergleichsstudie/.lizard-tmp-DUgF1d/code/seed-b-frontend/.angular/cache/22.1.3/seed-b-frontend/vite/deps/core-l1vVDnYc.js","/home/alex/dev/Bachelor/bmad-vergleichsstudie/.lizard-tmp-DUgF1d/code/seed-b-frontend/.angular/cache/22.1.3/seed-b-frontend/vite/deps/core-l1vVDnYc.js","swap","swap ( index1 , index2 )",15326,15335
3,1,21,2,3,"move@15336-15338@/home/alex/dev/Bachelor/bmad-vergleichsstudie/.lizard-tmp-DUgF1d/code/seed-b-frontend/.angular/cache/22.1.3/seed-b-frontend/vite/deps/core-l1vVDnYc.js","/home/alex/dev/Bachelor/bmad-vergleichsstudie/.lizard-tmp-DUgF1d/code/seed-b-frontend/.angular/cache/22.1.3/seed-b-frontend/vite/deps/core-l1vVDnYc.js","move","move ( prevIndex , newIdx )",15336,15338
5,4,60,5,5,"valuesMatching@15340-15344@/home/alex/dev/Bachelor/bmad-vergleichsstudie/.lizard-tmp-DUgF1d/code/seed-b-frontend/.angular/cache/22.1.3/seed-b-frontend/vite/deps/core-l1vVDnYc.js","/home/alex/dev/Bachelor/bmad-vergleichsstudie/.lizard-tmp-DUgF1d/code/seed-b-frontend/.angular/cache/22.1.3/seed-b-frontend/vite/deps/core-l1vVDnYc.js","valuesMatching","valuesMatching ( liveIdx , liveValue , newIdx , newValue , trackBy )",15340,15344
5,2,49,3,5,"recordDuplicateKeys@15345-15349@/home/alex/dev/Bachelor/bmad-vergleichsstudie/.lizard-tmp-DUgF1d/code/seed-b-frontend/.angular/cache/22.1.3/seed-b-frontend/vite/deps/core-l1vVDnYc.js","/home/alex/dev/Bachelor/bmad-vergleichsstudie/.lizard-tmp-DUgF1d/code/seed-b-frontend/.angular/cache/22.1.3/seed-b-frontend/vite/deps/core-l1vVDnYc.js","recordDuplicateKeys","recordDuplicateKeys ( keyToIdx , key , idx )",15345,15349
3,1,9,0,3,"(anonymous)@15456-15458@/home/alex/dev/Bachelor/bmad-vergleichsstudie/.lizard-tmp-DUgF1d/code/seed-b-frontend/.angular/cache/22.1.3/seed-b-frontend/vite/deps/core-l1vVDnYc.js","/home/alex/dev/Bachelor/bmad-vergleichsstudie/.lizard-tmp-DUgF1d/code/seed-b-frontend/.angular/cache/22.1.3/seed-b-frontend/vite/deps/core-l1vVDnYc.js","(anonymous)","(anonymous)",15456,15458
1,1,4,0,1,"(anonymous)@15462-15462@/home/alex/dev/Bachelor/bmad-vergleichsstudie/.lizard-tmp-DUgF1d/code/seed-b-frontend/.angular/cache/22.1.3/seed-b-frontend/vite/deps/core-l1vVDnYc.js","/home/alex/dev/Bachelor/bmad-vergleichsstudie/.lizard-tmp-DUgF1d/code/seed-b-frontend/.angular/cache/22.1.3/seed-b-frontend/vite/deps/core-l1vVDnYc.js","(anonymous)","(anonymous)",15462,15462
119,39,988,4,121,"reconcile@15350-15470@/home/alex/dev/Bachelor/bmad-vergleichsstudie/.lizard-tmp-DUgF1d/code/seed-b-frontend/.angular/cache/22.1.3/seed-b-frontend/vite/deps/core-l1vVDnYc.js","/home/alex/dev/Bachelor/bmad-vergleichsstudie/.lizard-tmp-DUgF1d/code/seed-b-frontend/.angular/cache/22.1.3/seed-b-frontend/vite/deps/core-l1vVDnYc.js","reconcile","reconcile ( liveCollection , newCollection , trackByFn , reactiveConsumer )",15350,15470
8,3,54,4,8,"attachPreviouslyDetached@15471-15478@/home/alex/dev/Bachelor/bmad-vergleichsstudie/.lizard-tmp-DUgF1d/code/seed-b-frontend/.angular/cache/22.1.3/seed-b-frontend/vite/deps/core-l1vVDnYc.js","/home/alex/dev/Bachelor/bmad-vergleichsstudie/.lizard-tmp-DUgF1d/code/seed-b-frontend/.angular/cache/22.1.3/seed-b-frontend/vite/deps/core-l1vVDnYc.js","attachPreviouslyDetached","attachPreviouslyDetached ( prevCollection , detachedItems , index , key )",15471,15478
6,2,65,5,6,"createOrAttach@15479-15484@/home/alex/dev/Bachelor/bmad-vergleichsstudie/.lizard-tmp-DUgF1d/code/seed-b-frontend/.angular/cache/22.1.3/seed-b-frontend/vite/deps/core-l1vVDnYc.js","/home/alex/dev/Bachelor/bmad-vergleichsstudie/.lizard-tmp-DUgF1d/code/seed-b-frontend/.angular/cache/22.1.3/seed-b-frontend/vite/deps/core-l1vVDnYc.js","createOrAttach","createOrAttach ( liveCollection , detachedItems , trackByFn , index , value )",15479,15484
5,2,53,4,5,"initLiveItemsInTheFuture@15485-15489@/home/alex/dev/Bachelor/bmad-vergleichsstudie/.lizard-tmp-DUgF1d/code/seed-b-frontend/.angular/cache/22.1.3/seed-b-frontend/vite/deps/core-l1vVDnYc.js","/home/alex/dev/Bachelor/bmad-vergleichsstudie/.lizard-tmp-DUgF1d/code/seed-b-frontend/.angular/cache/22.1.3/seed-b-frontend/vite/deps/core-l1vVDnYc.js","initLiveItemsInTheFuture","initLiveItemsInTheFuture ( liveCollection , start , end , trackByFn )",15485,15489
3,1,15,1,3,"has@15493-15495@/home/alex/dev/Bachelor/bmad-vergleichsstudie/.lizard-tmp-DUgF1d/code/seed-b-frontend/.angular/cache/22.1.3/seed-b-frontend/vite/deps/core-l1vVDnYc.js","/home/alex/dev/Bachelor/bmad-vergleichsstudie/.lizard-tmp-DUgF1d/code/seed-b-frontend/.angular/cache/22.1.3/seed-b-frontend/vite/deps/core-l1vVDnYc.js","has","has ( key )",15493,15495
9,4,90,1,9,"delete@15496-15504@/home/alex/dev/Bachelor/bmad-vergleichsstudie/.lizard-tmp-DUgF1d/code/seed-b-frontend/.angular/cache/22.1.3/seed-b-frontend/vite/deps/core-l1vVDnYc.js","/home/alex/dev/Bachelor/bmad-vergleichsstudie/.lizard-tmp-DUgF1d/code/seed-b-frontend/.angular/cache/22.1.3/seed-b-frontend/vite/deps/core-l1vVDnYc.js","delete","delete ( key )",15496,15504
80,18,570,3,462,"ɵɵdeferPrefetchOnViewport@15069-15530@/home/alex/dev/Bachelor/bmad-vergleichsstudie/.lizard-tmp-DUgF1d/code/seed-b-frontend/.angular/cache/22.1.3/seed-b-frontend/vite/deps/core-l1vVDnYc.js","/home/alex/dev/Bachelor/bmad-vergleichsstudie/.lizard-tmp-DUgF1d/code/seed-b-frontend/.angular/cache/22.1.3/seed-b-frontend/vite/deps/core-l1vVDnYc.js","ɵɵdeferPrefetchOnViewport","ɵɵdeferPrefetchOnViewport ( triggerIndex , walkUpTimes , options )",15069,15530
7,1,73,8,7,"ɵɵconditionalCreate@15531-15537@/home/alex/dev/Bachelor/bmad-vergleichsstudie/.lizard-tmp-DUgF1d/code/seed-b-frontend/.angular/cache/22.1.3/seed-b-frontend/vite/deps/core-l1vVDnYc.js","/home/alex/dev/Bachelor/bmad-vergleichsstudie/.lizard-tmp-DUgF1d/code/seed-b-frontend/.angular/cache/22.1.3/seed-b-frontend/vite/deps/core-l1vVDnYc.js","ɵɵconditionalCreate","ɵɵconditionalCreate ( index , templateFn , decls , vars , tagName , attrsIndex , localRefsIndex , localRefExtractor )",15531,15537
7,1,73,8,7,"ɵɵconditionalBranchCreate@15538-15544@/home/alex/dev/Bachelor/bmad-vergleichsstudie/.lizard-tmp-DUgF1d/code/seed-b-frontend/.angular/cache/22.1.3/seed-b-frontend/vite/deps/core-l1vVDnYc.js","/home/alex/dev/Bachelor/bmad-vergleichsstudie/.lizard-tmp-DUgF1d/code/seed-b-frontend/.angular/cache/22.1.3/seed-b-frontend/vite/deps/core-l1vVDnYc.js","ɵɵconditionalBranchCreate","ɵɵconditionalBranchCreate ( index , templateFn , decls , vars , tagName , attrsIndex , localRefsIndex , localRefExtractor )",15538,15544
26,8,224,2,26,"ɵɵconditional@15545-15570@/home/alex/dev/Bachelor/bmad-vergleichsstudie/.lizard-tmp-DUgF1d/code/seed-b-frontend/.angular/cache/22.1.3/seed-b-frontend/vite/deps/core-l1vVDnYc.js","/home/alex/dev/Bachelor/bmad-vergleichsstudie/.lizard-tmp-DUgF1d/code/seed-b-frontend/.angular/cache/22.1.3/seed-b-frontend/vite/deps/core-l1vVDnYc.js","ɵɵconditional","ɵɵconditional ( matchingTemplateIndex , contextValue )",15545,15570
5,1,27,1,5,"constructor@15575-15579@/home/alex/dev/Bachelor/bmad-vergleichsstudie/.lizard-tmp-DUgF1d/code/seed-b-frontend/.angular/cache/22.1.3/seed-b-frontend/vite/deps/core-l1vVDnYc.js","/home/alex/dev/Bachelor/bmad-vergleichsstudie/.lizard-tmp-DUgF1d/code/seed-b-frontend/.angular/cache/22.1.3/seed-b-frontend/vite/deps/core-l1vVDnYc.js","constructor","constructor ( lContainer , , )",15575,15579
3,1,13,0,3,"get $count@15580-15582@/home/alex/dev/Bachelor/bmad-vergleichsstudie/.lizard-tmp-DUgF1d/code/seed-b-frontend/.angular/cache/22.1.3/seed-b-frontend/vite/deps/core-l1vVDnYc.js","/home/alex/dev/Bachelor/bmad-vergleichsstudie/.lizard-tmp-DUgF1d/code/seed-b-frontend/.angular/cache/22.1.3/seed-b-frontend/vite/deps/core-l1vVDnYc.js","get $count","get $count ( )",15580,15582
3,1,8,1,3,"ɵɵrepeaterTrackByIndex@15584-15586@/home/alex/dev/Bachelor/bmad-vergleichsstudie/.lizard-tmp-DUgF1d/code/seed-b-frontend/.angular/cache/22.1.3/seed-b-frontend/vite/deps/core-l1vVDnYc.js","/home/alex/dev/Bachelor/bmad-vergleichsstudie/.lizard-tmp-DUgF1d/code/seed-b-frontend/.angular/cache/22.1.3/seed-b-frontend/vite/deps/core-l1vVDnYc.js","ɵɵrepeaterTrackByIndex","ɵɵrepeaterTrackByIndex ( index )",15584,15586
3,1,10,1,3,"ɵɵrepeaterTrackByIdentity@15587-15589@/home/alex/dev/Bachelor/bmad-vergleichsstudie/.lizard-tmp-DUgF1d/code/seed-b-frontend/.angular/cache/22.1.3/seed-b-frontend/vite/deps/core-l1vVDnYc.js","/home/alex/dev/Bachelor/bmad-vergleichsstudie/.lizard-tmp-DUgF1d/code/seed-b-frontend/.angular/cache/22.1.3/seed-b-frontend/vite/deps/core-l1vVDnYc.js","ɵɵrepeaterTrackByIdentity","ɵɵrepeaterTrackByIdentity ( , value )",15587,15589
5,1,27,3,5,"constructor@15594-15598@/home/alex/dev/Bachelor/bmad-vergleichsstudie/.lizard-tmp-DUgF1d/code/seed-b-frontend/.angular/cache/22.1.3/seed-b-frontend/vite/deps/core-l1vVDnYc.js","/home/alex/dev/Bachelor/bmad-vergleichsstudie/.lizard-tmp-DUgF1d/code/seed-b-frontend/.angular/cache/22.1.3/seed-b-frontend/vite/deps/core-l1vVDnYc.js","constructor","constructor ( hasEmptyBlock , trackByFn , liveCollection )",15594,15598
16,6,197,13,16,"ɵɵrepeaterCreate@15600-15615@/home/alex/dev/Bachelor/bmad-vergleichsstudie/.lizard-tmp-DUgF1d/code/seed-b-frontend/.angular/cache/22.1.3/seed-b-frontend/vite/deps/core-l1vVDnYc.js","/home/alex/dev/Bachelor/bmad-vergleichsstudie/.lizard-tmp-DUgF1d/code/seed-b-frontend/.angular/cache/22.1.3/seed-b-frontend/vite/deps/core-l1vVDnYc.js","ɵɵrepeaterCreate","ɵɵrepeaterCreate ( index , templateFn , decls , vars , tagName , attrsIndex , trackByFn , trackByUsesComponentInstance , emptyTemplateFn , emptyDecls , emptyVars , emptyTagName , emptyAttrsIndex )",15600,15615
3,1,14,1,3,"isViewExpensiveToRecreate@15616-15618@/home/alex/dev/Bachelor/bmad-vergleichsstudie/.lizard-tmp-DUgF1d/code/seed-b-frontend/.angular/cache/22.1.3/seed-b-frontend/vite/deps/core-l1vVDnYc.js","/home/alex/dev/Bachelor/bmad-vergleichsstudie/.lizard-tmp-DUgF1d/code/seed-b-frontend/.angular/cache/22.1.3/seed-b-frontend/vite/deps/core-l1vVDnYc.js","isViewExpensiveToRecreate","isViewExpensiveToRecreate ( lView )",15616,15618
4,1,16,0,4,"reset@15622-15625@/home/alex/dev/Bachelor/bmad-vergleichsstudie/.lizard-tmp-DUgF1d/code/seed-b-frontend/.angular/cache/22.1.3/seed-b-frontend/vite/deps/core-l1vVDnYc.js","/home/alex/dev/Bachelor/bmad-vergleichsstudie/.lizard-tmp-DUgF1d/code/seed-b-frontend/.angular/cache/22.1.3/seed-b-frontend/vite/deps/core-l1vVDnYc.js","reset","reset ( )",15622,15625
3,1,9,0,3,"recordCreate@15626-15628@/home/alex/dev/Bachelor/bmad-vergleichsstudie/.lizard-tmp-DUgF1d/code/seed-b-frontend/.angular/cache/22.1.3/seed-b-frontend/vite/deps/core-l1vVDnYc.js","/home/alex/dev/Bachelor/bmad-vergleichsstudie/.lizard-tmp-DUgF1d/code/seed-b-frontend/.angular/cache/22.1.3/seed-b-frontend/vite/deps/core-l1vVDnYc.js","recordCreate","recordCreate ( )",15626,15628
3,1,9,0,3,"recordDestroy@15629-15631@/home/alex/dev/Bachelor/bmad-vergleichsstudie/.lizard-tmp-DUgF1d/code/seed-b-frontend/.angular/cache/22.1.3/seed-b-frontend/vite/deps/core-l1vVDnYc.js","/home/alex/dev/Bachelor/bmad-vergleichsstudie/.lizard-tmp-DUgF1d/code/seed-b-frontend/.angular/cache/22.1.3/seed-b-frontend/vite/deps/core-l1vVDnYc.js","recordDestroy","recordDestroy ( )",15629,15631
3,3,24,1,3,"wasReCreated@15632-15634@/home/alex/dev/Bachelor/bmad-vergleichsstudie/.lizard-tmp-DUgF1d/code/seed-b-frontend/.angular/cache/22.1.3/seed-b-frontend/vite/deps/core-l1vVDnYc.js","/home/alex/dev/Bachelor/bmad-vergleichsstudie/.lizard-tmp-DUgF1d/code/seed-b-frontend/.angular/cache/22.1.3/seed-b-frontend/vite/deps/core-l1vVDnYc.js","wasReCreated","wasReCreated ( collectionLen )",15632,15634
6,1,31,3,6,"constructor@15642-15647@/home/alex/dev/Bachelor/bmad-vergleichsstudie/.lizard-tmp-DUgF1d/code/seed-b-frontend/.angular/cache/22.1.3/seed-b-frontend/vite/deps/core-l1vVDnYc.js","/home/alex/dev/Bachelor/bmad-vergleichsstudie/.lizard-tmp-DUgF1d/code/seed-b-frontend/.angular/cache/22.1.3/seed-b-frontend/vite/deps/core-l1vVDnYc.js","constructor","constructor ( lContainer , hostLView , templateTNode )",15642,15647
3,1,13,0,3,"get length@15648-15650@/home/alex/dev/Bachelor/bmad-vergleichsstudie/.lizard-tmp-DUgF1d/code/seed-b-frontend/.angular/cache/22.1.3/seed-b-frontend/vite/deps/core-l1vVDnYc.js","/home/alex/dev/Bachelor/bmad-vergleichsstudie/.lizard-tmp-DUgF1d/code/seed-b-frontend/.angular/cache/22.1.3/seed-b-frontend/vite/deps/core-l1vVDnYc.js","get length","get length ( )",15648,15650
3,1,18,1,3,"at@15651-15653@/home/alex/dev/Bachelor/bmad-vergleichsstudie/.lizard-tmp-DUgF1d/code/seed-b-frontend/.angular/cache/22.1.3/seed-b-frontend/vite/deps/core-l1vVDnYc.js","/home/alex/dev/Bachelor/bmad-vergleichsstudie/.lizard-tmp-DUgF1d/code/seed-b-frontend/.angular/cache/22.1.3/seed-b-frontend/vite/deps/core-l1vVDnYc.js","at","at ( index )",15651,15653
6,2,55,2,6,"attach@15654-15659@/home/alex/dev/Bachelor/bmad-vergleichsstudie/.lizard-tmp-DUgF1d/code/seed-b-frontend/.angular/cache/22.1.3/seed-b-frontend/vite/deps/core-l1vVDnYc.js","/home/alex/dev/Bachelor/bmad-vergleichsstudie/.lizard-tmp-DUgF1d/code/seed-b-frontend/.angular/cache/22.1.3/seed-b-frontend/vite/deps/core-l1vVDnYc.js","attach","attach ( index , lView )",15654,15659
5,2,37,1,5,"detach@15660-15664@/home/alex/dev/Bachelor/bmad-vergleichsstudie/.lizard-tmp-DUgF1d/code/seed-b-frontend/.angular/cache/22.1.3/seed-b-frontend/vite/deps/core-l1vVDnYc.js","/home/alex/dev/Bachelor/bmad-vergleichsstudie/.lizard-tmp-DUgF1d/code/seed-b-frontend/.angular/cache/22.1.3/seed-b-frontend/vite/deps/core-l1vVDnYc.js","detach","detach ( index )",15660,15664
6,2,68,2,6,"create@15665-15670@/home/alex/dev/Bachelor/bmad-vergleichsstudie/.lizard-tmp-DUgF1d/code/seed-b-frontend/.angular/cache/22.1.3/seed-b-frontend/vite/deps/core-l1vVDnYc.js","/home/alex/dev/Bachelor/bmad-vergleichsstudie/.lizard-tmp-DUgF1d/code/seed-b-frontend/.angular/cache/22.1.3/seed-b-frontend/vite/deps/core-l1vVDnYc.js","create","create ( index , value )",15665,15670
4,2,25,1,4,"destroy@15671-15674@/home/alex/dev/Bachelor/bmad-vergleichsstudie/.lizard-tmp-DUgF1d/code/seed-b-frontend/.angular/cache/22.1.3/seed-b-frontend/vite/deps/core-l1vVDnYc.js","/home/alex/dev/Bachelor/bmad-vergleichsstudie/.lizard-tmp-DUgF1d/code/seed-b-frontend/.angular/cache/22.1.3/seed-b-frontend/vite/deps/core-l1vVDnYc.js","destroy","destroy ( lView )",15671,15674
3,1,21,2,3,"updateValue@15675-15677@/home/alex/dev/Bachelor/bmad-vergleichsstudie/.lizard-tmp-DUgF1d/code/seed-b-frontend/.angular/cache/22.1.3/seed-b-frontend/vite/deps/core-l1vVDnYc.js","/home/alex/dev/Bachelor/bmad-vergleichsstudie/.lizard-tmp-DUgF1d/code/seed-b-frontend/.angular/cache/22.1.3/seed-b-frontend/vite/deps/core-l1vVDnYc.js","updateValue","updateValue ( index , value )",15675,15677
4,2,20,0,4,"reset@15678-15681@/home/alex/dev/Bachelor/bmad-vergleichsstudie/.lizard-tmp-DUgF1d/code/seed-b-frontend/.angular/cache/22.1.3/seed-b-frontend/vite/deps/core-l1vVDnYc.js","/home/alex/dev/Bachelor/bmad-vergleichsstudie/.lizard-tmp-DUgF1d/code/seed-b-frontend/.angular/cache/22.1.3/seed-b-frontend/vite/deps/core-l1vVDnYc.js","reset","reset ( )",15678,15681
3,3,40,0,3,"updateIndexes@15682-15684@/home/alex/dev/Bachelor/bmad-vergleichsstudie/.lizard-tmp-DUgF1d/code/seed-b-frontend/.angular/cache/22.1.3/seed-b-frontend/vite/deps/core-l1vVDnYc.js","/home/alex/dev/Bachelor/bmad-vergleichsstudie/.lizard-tmp-DUgF1d/code/seed-b-frontend/.angular/cache/22.1.3/seed-b-frontend/vite/deps/core-l1vVDnYc.js","updateIndexes","updateIndexes ( )",15682,15684
3,1,15,1,3,"getLView@15685-15687@/home/alex/dev/Bachelor/bmad-vergleichsstudie/.lizard-tmp-DUgF1d/code/seed-b-frontend/.angular/cache/22.1.3/seed-b-frontend/vite/deps/core-l1vVDnYc.js","/home/alex/dev/Bachelor/bmad-vergleichsstudie/.lizard-tmp-DUgF1d/code/seed-b-frontend/.angular/cache/22.1.3/seed-b-frontend/vite/deps/core-l1vVDnYc.js","getLView","getLView ( index )",15685,15687
38,10,319,1,38,"ɵɵrepeater@15689-15726@/home/alex/dev/Bachelor/bmad-vergleichsstudie/.lizard-tmp-DUgF1d/code/seed-b-frontend/.angular/cache/22.1.3/seed-b-frontend/vite/deps/core-l1vVDnYc.js","/home/alex/dev/Bachelor/bmad-vergleichsstudie/.lizard-tmp-DUgF1d/code/seed-b-frontend/.angular/cache/22.1.3/seed-b-frontend/vite/deps/core-l1vVDnYc.js","ɵɵrepeater","ɵɵrepeater ( collection )",15689,15726
5,2,25,2,5,"getLContainer@15727-15731@/home/alex/dev/Bachelor/bmad-vergleichsstudie/.lizard-tmp-DUgF1d/code/seed-b-frontend/.angular/cache/22.1.3/seed-b-frontend/vite/deps/core-l1vVDnYc.js","/home/alex/dev/Bachelor/bmad-vergleichsstudie/.lizard-tmp-DUgF1d/code/seed-b-frontend/.angular/cache/22.1.3/seed-b-frontend/vite/deps/core-l1vVDnYc.js","getLContainer","getLContainer ( lView , index )",15727,15731
11,7,92,2,11,"clearDetachAnimationList@15732-15742@/home/alex/dev/Bachelor/bmad-vergleichsstudie/.lizard-tmp-DUgF1d/code/seed-b-frontend/.angular/cache/22.1.3/seed-b-frontend/vite/deps/core-l1vVDnYc.js","/home/alex/dev/Bachelor/bmad-vergleichsstudie/.lizard-tmp-DUgF1d/code/seed-b-frontend/.angular/cache/22.1.3/seed-b-frontend/vite/deps/core-l1vVDnYc.js","clearDetachAnimationList","clearDetachAnimationList ( lContainer , index )",15732,15742
6,6,63,2,6,"maybeInitDetachAnimationList@15743-15748@/home/alex/dev/Bachelor/bmad-vergleichsstudie/.lizard-tmp-DUgF1d/code/seed-b-frontend/.angular/cache/22.1.3/seed-b-frontend/vite/deps/core-l1vVDnYc.js","/home/alex/dev/Bachelor/bmad-vergleichsstudie/.lizard-tmp-DUgF1d/code/seed-b-frontend/.angular/cache/22.1.3/seed-b-frontend/vite/deps/core-l1vVDnYc.js","maybeInitDetachAnimationList","maybeInitDetachAnimationList ( lContainer , index )",15743,15748
5,2,27,2,5,"detachExistingView@15749-15753@/home/alex/dev/Bachelor/bmad-vergleichsstudie/.lizard-tmp-DUgF1d/code/seed-b-frontend/.angular/cache/22.1.3/seed-b-frontend/vite/deps/core-l1vVDnYc.js","/home/alex/dev/Bachelor/bmad-vergleichsstudie/.lizard-tmp-DUgF1d/code/seed-b-frontend/.angular/cache/22.1.3/seed-b-frontend/vite/deps/core-l1vVDnYc.js","detachExistingView","detachExistingView ( lContainer , index )",15749,15753
5,2,27,2,5,"getExistingLViewFromLContainer@15754-15758@/home/alex/dev/Bachelor/bmad-vergleichsstudie/.lizard-tmp-DUgF1d/code/seed-b-frontend/.angular/cache/22.1.3/seed-b-frontend/vite/deps/core-l1vVDnYc.js","/home/alex/dev/Bachelor/bmad-vergleichsstudie/.lizard-tmp-DUgF1d/code/seed-b-frontend/.angular/cache/22.1.3/seed-b-frontend/vite/deps/core-l1vVDnYc.js","getExistingLViewFromLContainer","getExistingLViewFromLContainer ( lContainer , index )",15754,15758
5,2,27,2,5,"getExistingTNode@15759-15763@/home/alex/dev/Bachelor/bmad-vergleichsstudie/.lizard-tmp-DUgF1d/code/seed-b-frontend/.angular/cache/22.1.3/seed-b-frontend/vite/deps/core-l1vVDnYc.js","/home/alex/dev/Bachelor/bmad-vergleichsstudie/.lizard-tmp-DUgF1d/code/seed-b-frontend/.angular/cache/22.1.3/seed-b-frontend/vite/deps/core-l1vVDnYc.js","getExistingTNode","getExistingTNode ( tView , index )",15759,15763
11,3,86,3,11,"ɵɵproperty@15764-15774@/home/alex/dev/Bachelor/bmad-vergleichsstudie/.lizard-tmp-DUgF1d/code/seed-b-frontend/.angular/cache/22.1.3/seed-b-frontend/vite/deps/core-l1vVDnYc.js","/home/alex/dev/Bachelor/bmad-vergleichsstudie/.lizard-tmp-DUgF1d/code/seed-b-frontend/.angular/cache/22.1.3/seed-b-frontend/vite/deps/core-l1vVDnYc.js","ɵɵproperty","ɵɵproperty ( propName , value , sanitizer )",15764,15774
3,2,30,5,3,"setDirectiveInputsWhichShadowsStyling@15775-15777@/home/alex/dev/Bachelor/bmad-vergleichsstudie/.lizard-tmp-DUgF1d/code/seed-b-frontend/.angular/cache/22.1.3/seed-b-frontend/vite/deps/core-l1vVDnYc.js","/home/alex/dev/Bachelor/bmad-vergleichsstudie/.lizard-tmp-DUgF1d/code/seed-b-frontend/.angular/cache/22.1.3/seed-b-frontend/vite/deps/core-l1vVDnYc.js","setDirectiveInputsWhichShadowsStyling","setDirectiveInputsWhichShadowsStyling ( tView , tNode , lView , value , isClassBased )",15775,15777
4,1,18,0,4,"(anonymous)@15788-15791@/home/alex/dev/Bachelor/bmad-vergleichsstudie/.lizard-tmp-DUgF1d/code/seed-b-frontend/.angular/cache/22.1.3/seed-b-frontend/vite/deps/core-l1vVDnYc.js","/home/alex/dev/Bachelor/bmad-vergleichsstudie/.lizard-tmp-DUgF1d/code/seed-b-frontend/.angular/cache/22.1.3/seed-b-frontend/vite/deps/core-l1vVDnYc.js","(anonymous)","(anonymous)",15788,15791
16,6,154,4,19,"ɵɵelementStart@15778-15796@/home/alex/dev/Bachelor/bmad-vergleichsstudie/.lizard-tmp-DUgF1d/code/seed-b-frontend/.angular/cache/22.1.3/seed-b-frontend/vite/deps/core-l1vVDnYc.js","/home/alex/dev/Bachelor/bmad-vergleichsstudie/.lizard-tmp-DUgF1d/code/seed-b-frontend/.angular/cache/22.1.3/seed-b-frontend/vite/deps/core-l1vVDnYc.js","ɵɵelementStart","ɵɵelementStart ( index , name , attrsIndex , localRefsIndex )",15778,15796
10,5,92,5,10,"initializeElement@15797-15806@/home/alex/dev/Bachelor/bmad-vergleichsstudie/.lizard-tmp-DUgF1d/code/seed-b-frontend/.angular/cache/22.1.3/seed-b-frontend/vite/deps/core-l1vVDnYc.js","/home/alex/dev/Bachelor/bmad-vergleichsstudie/.lizard-tmp-DUgF1d/code/seed-b-frontend/.angular/cache/22.1.3/seed-b-frontend/vite/deps/core-l1vVDnYc.js","initializeElement","initializeElement ( index , name , lView , tNode , localRefsIndex )",15797,15806
13,9,135,0,13,"ɵɵelementEnd@15807-15819@/home/alex/dev/Bachelor/bmad-vergleichsstudie/.lizard-tmp-DUgF1d/code/seed-b-frontend/.angular/cache/22.1.3/seed-b-frontend/vite/deps/core-l1vVDnYc.js","/home/alex/dev/Bachelor/bmad-vergleichsstudie/.lizard-tmp-DUgF1d/code/seed-b-frontend/.angular/cache/22.1.3/seed-b-frontend/vite/deps/core-l1vVDnYc.js","ɵɵelementEnd","ɵɵelementEnd ( )",15807,15819
5,1,29,4,5,"ɵɵelement@15820-15824@/home/alex/dev/Bachelor/bmad-vergleichsstudie/.lizard-tmp-DUgF1d/code/seed-b-frontend/.angular/cache/22.1.3/seed-b-frontend/vite/deps/core-l1vVDnYc.js","/home/alex/dev/Bachelor/bmad-vergleichsstudie/.lizard-tmp-DUgF1d/code/seed-b-frontend/.angular/cache/22.1.3/seed-b-frontend/vite/deps/core-l1vVDnYc.js","ɵɵelement","ɵɵelement ( index , name , attrsIndex , localRefsIndex )",15820,15824
11,6,118,4,11,"ɵɵdomElementStart@15825-15835@/home/alex/dev/Bachelor/bmad-vergleichsstudie/.lizard-tmp-DUgF1d/code/seed-b-frontend/.angular/cache/22.1.3/seed-b-frontend/vite/deps/core-l1vVDnYc.js","/home/alex/dev/Bachelor/bmad-vergleichsstudie/.lizard-tmp-DUgF1d/code/seed-b-frontend/.angular/cache/22.1.3/seed-b-frontend/vite/deps/core-l1vVDnYc.js","ɵɵdomElementStart","ɵɵdomElementStart ( index , name , attrsIndex , localRefsIndex )",15825,15835
9,4,55,0,9,"ɵɵdomElementEnd@15836-15844@/home/alex/dev/Bachelor/bmad-vergleichsstudie/.lizard-tmp-DUgF1d/code/seed-b-frontend/.angular/cache/22.1.3/seed-b-frontend/vite/deps/core-l1vVDnYc.js","/home/alex/dev/Bachelor/bmad-vergleichsstudie/.lizard-tmp-DUgF1d/code/seed-b-frontend/.angular/cache/22.1.3/seed-b-frontend/vite/deps/core-l1vVDnYc.js","ɵɵdomElementEnd","ɵɵdomElementEnd ( )",15836,15844
5,1,29,4,5,"ɵɵdomElement@15845-15849@/home/alex/dev/Bachelor/bmad-vergleichsstudie/.lizard-tmp-DUgF1d/code/seed-b-frontend/.angular/cache/22.1.3/seed-b-frontend/vite/deps/core-l1vVDnYc.js","/home/alex/dev/Bachelor/bmad-vergleichsstudie/.lizard-tmp-DUgF1d/code/seed-b-frontend/.angular/cache/22.1.3/seed-b-frontend/vite/deps/core-l1vVDnYc.js","ɵɵdomElement","ɵɵdomElement ( index , name , attrsIndex , localRefsIndex )",15845,15849
4,1,34,5,4,"_locateOrCreateElementNode@15850-15853@/home/alex/dev/Bachelor/bmad-vergleichsstudie/.lizard-tmp-DUgF1d/code/seed-b-frontend/.angular/cache/22.1.3/seed-b-frontend/vite/deps/core-l1vVDnYc.js","/home/alex/dev/Bachelor/bmad-vergleichsstudie/.lizard-tmp-DUgF1d/code/seed-b-frontend/.angular/cache/22.1.3/seed-b-frontend/vite/deps/core-l1vVDnYc.js","_locateOrCreateElementNode","_locateOrCreateElementNode ( tView , lView , tNode , name , index )",15850,15853
21,12,187,5,21,"locateOrCreateElementNodeImpl@15854-15874@/home/alex/dev/Bachelor/bmad-vergleichsstudie/.lizard-tmp-DUgF1d/code/seed-b-frontend/.angular/cache/22.1.3/seed-b-frontend/vite/deps/core-l1vVDnYc.js","/home/alex/dev/Bachelor/bmad-vergleichsstudie/.lizard-tmp-DUgF1d/code/seed-b-frontend/.angular/cache/22.1.3/seed-b-frontend/vite/deps/core-l1vVDnYc.js","locateOrCreateElementNodeImpl","locateOrCreateElementNodeImpl ( tView , lView , tNode , name , index )",15854,15874
3,1,8,0,3,"enableLocateOrCreateElementNodeImpl@15875-15877@/home/alex/dev/Bachelor/bmad-vergleichsstudie/.lizard-tmp-DUgF1d/code/seed-b-frontend/.angular/cache/22.1.3/seed-b-frontend/vite/deps/core-l1vVDnYc.js","/home/alex/dev/Bachelor/bmad-vergleichsstudie/.lizard-tmp-DUgF1d/code/seed-b-frontend/.angular/cache/22.1.3/seed-b-frontend/vite/deps/core-l1vVDnYc.js","enableLocateOrCreateElementNodeImpl","enableLocateOrCreateElementNodeImpl ( )",15875,15877
15,5,139,3,15,"ɵɵelementContainerStart@15878-15892@/home/alex/dev/Bachelor/bmad-vergleichsstudie/.lizard-tmp-DUgF1d/code/seed-b-frontend/.angular/cache/22.1.3/seed-b-frontend/vite/deps/core-l1vVDnYc.js","/home/alex/dev/Bachelor/bmad-vergleichsstudie/.lizard-tmp-DUgF1d/code/seed-b-frontend/.angular/cache/22.1.3/seed-b-frontend/vite/deps/core-l1vVDnYc.js","ɵɵelementContainerStart","ɵɵelementContainerStart ( index , attrsIndex , localRefsIndex )",15878,15892
9,4,60,0,9,"ɵɵelementContainerEnd@15893-15901@/home/alex/dev/Bachelor/bmad-vergleichsstudie/.lizard-tmp-DUgF1d/code/seed-b-frontend/.angular/cache/22.1.3/seed-b-frontend/vite/deps/core-l1vVDnYc.js","/home/alex/dev/Bachelor/bmad-vergleichsstudie/.lizard-tmp-DUgF1d/code/seed-b-frontend/.angular/cache/22.1.3/seed-b-frontend/vite/deps/core-l1vVDnYc.js","ɵɵelementContainerEnd","ɵɵelementContainerEnd ( )",15893,15901
5,1,25,3,5,"ɵɵelementContainer@15902-15906@/home/alex/dev/Bachelor/bmad-vergleichsstudie/.lizard-tmp-DUgF1d/code/seed-b-frontend/.angular/cache/22.1.3/seed-b-frontend/vite/deps/core-l1vVDnYc.js","/home/alex/dev/Bachelor/bmad-vergleichsstudie/.lizard-tmp-DUgF1d/code/seed-b-frontend/.angular/cache/22.1.3/seed-b-frontend/vite/deps/core-l1vVDnYc.js","ɵɵelementContainer","ɵɵelementContainer ( index , attrsIndex , localRefsIndex )",15902,15906
10,4,98,3,10,"ɵɵdomElementContainerStart@15907-15916@/home/alex/dev/Bachelor/bmad-vergleichsstudie/.lizard-tmp-DUgF1d/code/seed-b-frontend/.angular/cache/22.1.3/seed-b-frontend/vite/deps/core-l1vVDnYc.js","/home/alex/dev/Bachelor/bmad-vergleichsstudie/.lizard-tmp-DUgF1d/code/seed-b-frontend/.angular/cache/22.1.3/seed-b-frontend/vite/deps/core-l1vVDnYc.js","ɵɵdomElementContainerStart","ɵɵdomElementContainerStart ( index , attrsIndex , localRefsIndex )",15907,15916
7,3,40,0,7,"ɵɵdomElementContainerEnd@15917-15923@/home/alex/dev/Bachelor/bmad-vergleichsstudie/.lizard-tmp-DUgF1d/code/seed-b-frontend/.angular/cache/22.1.3/seed-b-frontend/vite/deps/core-l1vVDnYc.js","/home/alex/dev/Bachelor/bmad-vergleichsstudie/.lizard-tmp-DUgF1d/code/seed-b-frontend/.angular/cache/22.1.3/seed-b-frontend/vite/deps/core-l1vVDnYc.js","ɵɵdomElementContainerEnd","ɵɵdomElementContainerEnd ( )",15917,15923
5,1,25,3,5,"ɵɵdomElementContainer@15924-15928@/home/alex/dev/Bachelor/bmad-vergleichsstudie/.lizard-tmp-DUgF1d/code/seed-b-frontend/.angular/cache/22.1.3/seed-b-frontend/vite/deps/core-l1vVDnYc.js","/home/alex/dev/Bachelor/bmad-vergleichsstudie/.lizard-tmp-DUgF1d/code/seed-b-frontend/.angular/cache/22.1.3/seed-b-frontend/vite/deps/core-l1vVDnYc.js","ɵɵdomElementContainer","ɵɵdomElementContainer ( index , attrsIndex , localRefsIndex )",15924,15928
4,2,34,5,4,"_locateOrCreateElementContainerNode@15929-15932@/home/alex/dev/Bachelor/bmad-vergleichsstudie/.lizard-tmp-DUgF1d/code/seed-b-frontend/.angular/cache/22.1.3/seed-b-frontend/vite/deps/core-l1vVDnYc.js","/home/alex/dev/Bachelor/bmad-vergleichsstudie/.lizard-tmp-DUgF1d/code/seed-b-frontend/.angular/cache/22.1.3/seed-b-frontend/vite/deps/core-l1vVDnYc.js","_locateOrCreateElementContainerNode","_locateOrCreateElementContainerNode ( tView , lView , tNode , commentText , index )",15929,15932
18,6,150,5,18,"locateOrCreateElementContainerNode@15933-15950@/home/alex/dev/Bachelor/bmad-vergleichsstudie/.lizard-tmp-DUgF1d/code/seed-b-frontend/.angular/cache/22.1.3/seed-b-frontend/vite/deps/core-l1vVDnYc.js","/home/alex/dev/Bachelor/bmad-vergleichsstudie/.lizard-tmp-DUgF1d/code/seed-b-frontend/.angular/cache/22.1.3/seed-b-frontend/vite/deps/core-l1vVDnYc.js","locateOrCreateElementContainerNode","locateOrCreateElementContainerNode ( tView , lView , tNode , commentText , index )",15933,15950
3,1,8,0,3,"enableLocateOrCreateElementContainerNodeImpl@15951-15953@/home/alex/dev/Bachelor/bmad-vergleichsstudie/.lizard-tmp-DUgF1d/code/seed-b-frontend/.angular/cache/22.1.3/seed-b-frontend/vite/deps/core-l1vVDnYc.js","/home/alex/dev/Bachelor/bmad-vergleichsstudie/.lizard-tmp-DUgF1d/code/seed-b-frontend/.angular/cache/22.1.3/seed-b-frontend/vite/deps/core-l1vVDnYc.js","enableLocateOrCreateElementContainerNodeImpl","enableLocateOrCreateElementContainerNodeImpl ( )",15951,15953
4,1,24,0,4,"get head@15960-15963@/home/alex/dev/Bachelor/bmad-vergleichsstudie/.lizard-tmp-DUgF1d/code/seed-b-frontend/.angular/cache/22.1.3/seed-b-frontend/vite/deps/core-l1vVDnYc.js","/home/alex/dev/Bachelor/bmad-vergleichsstudie/.lizard-tmp-DUgF1d/code/seed-b-frontend/.angular/cache/22.1.3/seed-b-frontend/vite/deps/core-l1vVDnYc.js","get head","get head ( )",15960,15963
4,1,26,0,4,"get tail@15964-15967@/home/alex/dev/Bachelor/bmad-vergleichsstudie/.lizard-tmp-DUgF1d/code/seed-b-frontend/.angular/cache/22.1.3/seed-b-frontend/vite/deps/core-l1vVDnYc.js","/home/alex/dev/Bachelor/bmad-vergleichsstudie/.lizard-tmp-DUgF1d/code/seed-b-frontend/.angular/cache/22.1.3/seed-b-frontend/vite/deps/core-l1vVDnYc.js","get tail","get tail ( )",15964,15967
25,4,274,2,25,"createForeignView@15969-15993@/home/alex/dev/Bachelor/bmad-vergleichsstudie/.lizard-tmp-DUgF1d/code/seed-b-frontend/.angular/cache/22.1.3/seed-b-frontend/vite/deps/core-l1vVDnYc.js","/home/alex/dev/Bachelor/bmad-vergleichsstudie/.lizard-tmp-DUgF1d/code/seed-b-frontend/.angular/cache/22.1.3/seed-b-frontend/vite/deps/core-l1vVDnYc.js","createForeignView","createForeignView ( lContainer , index )",15969,15993
28,8,265,3,28,"ɵɵforeignComponent@15994-16021@/home/alex/dev/Bachelor/bmad-vergleichsstudie/.lizard-tmp-DUgF1d/code/seed-b-frontend/.angular/cache/22.1.3/seed-b-frontend/vite/deps/core-l1vVDnYc.js","/home/alex/dev/Bachelor/bmad-vergleichsstudie/.lizard-tmp-DUgF1d/code/seed-b-frontend/.angular/cache/22.1.3/seed-b-frontend/vite/deps/core-l1vVDnYc.js","ɵɵforeignComponent","ɵɵforeignComponent ( index , foreignComponentIndex , props )",15994,16021
3,1,11,1,3,"constructor@16024-16026@/home/alex/dev/Bachelor/bmad-vergleichsstudie/.lizard-tmp-DUgF1d/code/seed-b-frontend/.angular/cache/22.1.3/seed-b-frontend/vite/deps/core-l1vVDnYc.js","/home/alex/dev/Bachelor/bmad-vergleichsstudie/.lizard-tmp-DUgF1d/code/seed-b-frontend/.angular/cache/22.1.3/seed-b-frontend/vite/deps/core-l1vVDnYc.js","constructor","constructor ( context )",16024,16026
17,3,92,2,17,"resolveForeignContentContainer@16031-16047@/home/alex/dev/Bachelor/bmad-vergleichsstudie/.lizard-tmp-DUgF1d/code/seed-b-frontend/.angular/cache/22.1.3/seed-b-frontend/vite/deps/core-l1vVDnYc.js","/home/alex/dev/Bachelor/bmad-vergleichsstudie/.lizard-tmp-DUgF1d/code/seed-b-frontend/.angular/cache/22.1.3/seed-b-frontend/vite/deps/core-l1vVDnYc.js","resolveForeignContentContainer","resolveForeignContentContainer ( index , foreignComponentConstIndex )",16031,16047
7,3,45,0,7,"(anonymous)@16057-16063@/home/alex/dev/Bachelor/bmad-vergleichsstudie/.lizard-tmp-DUgF1d/code/seed-b-frontend/.angular/cache/22.1.3/seed-b-frontend/vite/deps/core-l1vVDnYc.js","/home/alex/dev/Bachelor/bmad-vergleichsstudie/.lizard-tmp-DUgF1d/code/seed-b-frontend/.angular/cache/22.1.3/seed-b-frontend/vite/deps/core-l1vVDnYc.js","(anonymous)","(anonymous)",16057,16063
8,2,85,0,14,"producer@16053-16066@/home/alex/dev/Bachelor/bmad-vergleichsstudie/.lizard-tmp-DUgF1d/code/seed-b-frontend/.angular/cache/22.1.3/seed-b-frontend/vite/deps/core-l1vVDnYc.js","/home/alex/dev/Bachelor/bmad-vergleichsstudie/.lizard-tmp-DUgF1d/code/seed-b-frontend/.angular/cache/22.1.3/seed-b-frontend/vite/deps/core-l1vVDnYc.js","producer","producer ( )",16053,16066
8,1,60,2,21,"ɵɵforeignContent@16048-16068@/home/alex/dev/Bachelor/bmad-vergleichsstudie/.lizard-tmp-DUgF1d/code/seed-b-frontend/.angular/cache/22.1.3/seed-b-frontend/vite/deps/core-l1vVDnYc.js","/home/alex/dev/Bachelor/bmad-vergleichsstudie/.lizard-tmp-DUgF1d/code/seed-b-frontend/.angular/cache/22.1.3/seed-b-frontend/vite/deps/core-l1vVDnYc.js","ɵɵforeignContent","ɵɵforeignContent ( index , foreignComponentConstIndex )",16048,16068
7,3,45,0,7,"(anonymous)@16079-16085@/home/alex/dev/Bachelor/bmad-vergleichsstudie/.lizard-tmp-DUgF1d/code/seed-b-frontend/.angular/cache/22.1.3/seed-b-frontend/vite/deps/core-l1vVDnYc.js","/home/alex/dev/Bachelor/bmad-vergleichsstudie/.lizard-tmp-DUgF1d/code/seed-b-frontend/.angular/cache/22.1.3/seed-b-frontend/vite/deps/core-l1vVDnYc.js","(anonymous)","(anonymous)",16079,16085
8,2,85,0,14,"producer@16075-16088@/home/alex/dev/Bachelor/bmad-vergleichsstudie/.lizard-tmp-DUgF1d/code/seed-b-frontend/.angular/cache/22.1.3/seed-b-frontend/vite/deps/core-l1vVDnYc.js","/home/alex/dev/Bachelor/bmad-vergleichsstudie/.lizard-tmp-DUgF1d/code/seed-b-frontend/.angular/cache/22.1.3/seed-b-frontend/vite/deps/core-l1vVDnYc.js","producer","producer ( )",16075,16088
4,1,13,0,17,"(anonymous)@16074-16090@/home/alex/dev/Bachelor/bmad-vergleichsstudie/.lizard-tmp-DUgF1d/code/seed-b-frontend/.angular/cache/22.1.3/seed-b-frontend/vite/deps/core-l1vVDnYc.js","/home/alex/dev/Bachelor/bmad-vergleichsstudie/.lizard-tmp-DUgF1d/code/seed-b-frontend/.angular/cache/22.1.3/seed-b-frontend/vite/deps/core-l1vVDnYc.js","(anonymous)","(anonymous)",16074,16090
7,1,57,2,23,"ɵɵforeignContentFn@16069-16091@/home/alex/dev/Bachelor/bmad-vergleichsstudie/.lizard-tmp-DUgF1d/code/seed-b-frontend/.angular/cache/22.1.3/seed-b-frontend/vite/deps/core-l1vVDnYc.js","/home/alex/dev/Bachelor/bmad-vergleichsstudie/.lizard-tmp-DUgF1d/code/seed-b-frontend/.angular/cache/22.1.3/seed-b-frontend/vite/deps/core-l1vVDnYc.js","ɵɵforeignContentFn","ɵɵforeignContentFn ( index , foreignComponentConstIndex )",16069,16091
3,1,9,0,3,"ɵɵgetCurrentView@16092-16094@/home/alex/dev/Bachelor/bmad-vergleichsstudie/.lizard-tmp-DUgF1d/code/seed-b-frontend/.angular/cache/22.1.3/seed-b-frontend/vite/deps/core-l1vVDnYc.js","/home/alex/dev/Bachelor/bmad-vergleichsstudie/.lizard-tmp-DUgF1d/code/seed-b-frontend/.angular/cache/22.1.3/seed-b-frontend/vite/deps/core-l1vVDnYc.js","ɵɵgetCurrentView","ɵɵgetCurrentView ( )",16092,16094
11,3,86,3,11,"ɵɵdomProperty@16095-16105@/home/alex/dev/Bachelor/bmad-vergleichsstudie/.lizard-tmp-DUgF1d/code/seed-b-frontend/.angular/cache/22.1.3/seed-b-frontend/vite/deps/core-l1vVDnYc.js","/home/alex/dev/Bachelor/bmad-vergleichsstudie/.lizard-tmp-DUgF1d/code/seed-b-frontend/.angular/cache/22.1.3/seed-b-frontend/vite/deps/core-l1vVDnYc.js","ɵɵdomProperty","ɵɵdomProperty ( propName , value , sanitizer )",16095,16105
11,3,95,3,11,"ɵɵsyntheticHostProperty@16106-16116@/home/alex/dev/Bachelor/bmad-vergleichsstudie/.lizard-tmp-DUgF1d/code/seed-b-frontend/.angular/cache/22.1.3/seed-b-frontend/vite/deps/core-l1vVDnYc.js","/home/alex/dev/Bachelor/bmad-vergleichsstudie/.lizard-tmp-DUgF1d/code/seed-b-frontend/.angular/cache/22.1.3/seed-b-frontend/vite/deps/core-l1vVDnYc.js","ɵɵsyntheticHostProperty","ɵɵsyntheticHostProperty ( propName , value , sanitizer )",16106,16116
5,3,52,1,5,"plural@16118-16122@/home/alex/dev/Bachelor/bmad-vergleichsstudie/.lizard-tmp-DUgF1d/code/seed-b-frontend/.angular/cache/22.1.3/seed-b-frontend/vite/deps/core-l1vVDnYc.js","/home/alex/dev/Bachelor/bmad-vergleichsstudie/.lizard-tmp-DUgF1d/code/seed-b-frontend/.angular/cache/22.1.3/seed-b-frontend/vite/deps/core-l1vVDnYc.js","plural","plural ( val )",16118,16122
9,3,68,3,9,"registerLocaleData@16264-16272@/home/alex/dev/Bachelor/bmad-vergleichsstudie/.lizard-tmp-DUgF1d/code/seed-b-frontend/.angular/cache/22.1.3/seed-b-frontend/vite/deps/core-l1vVDnYc.js","/home/alex/dev/Bachelor/bmad-vergleichsstudie/.lizard-tmp-DUgF1d/code/seed-b-frontend/.angular/cache/22.1.3/seed-b-frontend/vite/deps/core-l1vVDnYc.js","registerLocaleData","registerLocaleData ( data , localeId , extraData )",16264,16272
10,5,81,1,10,"findLocaleData@16273-16282@/home/alex/dev/Bachelor/bmad-vergleichsstudie/.lizard-tmp-DUgF1d/code/seed-b-frontend/.angular/cache/22.1.3/seed-b-frontend/vite/deps/core-l1vVDnYc.js","/home/alex/dev/Bachelor/bmad-vergleichsstudie/.lizard-tmp-DUgF1d/code/seed-b-frontend/.angular/cache/22.1.3/seed-b-frontend/vite/deps/core-l1vVDnYc.js","findLocaleData","findLocaleData ( locale )",16273,16282
3,2,18,1,3,"getLocaleCurrencyCode@16283-16285@/home/alex/dev/Bachelor/bmad-vergleichsstudie/.lizard-tmp-DUgF1d/code/seed-b-frontend/.angular/cache/22.1.3/seed-b-frontend/vite/deps/core-l1vVDnYc.js","/home/alex/dev/Bachelor/bmad-vergleichsstudie/.lizard-tmp-DUgF1d/code/seed-b-frontend/.angular/cache/22.1.3/seed-b-frontend/vite/deps/core-l1vVDnYc.js","getLocaleCurrencyCode","getLocaleCurrencyCode ( locale )",16283,16285
3,1,16,1,3,"getLocalePluralCase@16286-16288@/home/alex/dev/Bachelor/bmad-vergleichsstudie/.lizard-tmp-DUgF1d/code/seed-b-frontend/.angular/cache/22.1.3/seed-b-frontend/vite/deps/core-l1vVDnYc.js","/home/alex/dev/Bachelor/bmad-vergleichsstudie/.lizard-tmp-DUgF1d/code/seed-b-frontend/.angular/cache/22.1.3/seed-b-frontend/vite/deps/core-l1vVDnYc.js","getLocalePluralCase","getLocalePluralCase ( locale )",16286,16288
8,6,71,1,8,"getLocaleData@16289-16296@/home/alex/dev/Bachelor/bmad-vergleichsstudie/.lizard-tmp-DUgF1d/code/seed-b-frontend/.angular/cache/22.1.3/seed-b-frontend/vite/deps/core-l1vVDnYc.js","/home/alex/dev/Bachelor/bmad-vergleichsstudie/.lizard-tmp-DUgF1d/code/seed-b-frontend/.angular/cache/22.1.3/seed-b-frontend/vite/deps/core-l1vVDnYc.js","getLocaleData","getLocaleData ( normalizedLocale )",16289,16296
3,1,13,0,3,"unregisterAllLocaleData@16297-16299@/home/alex/dev/Bachelor/bmad-vergleichsstudie/.lizard-tmp-DUgF1d/code/seed-b-frontend/.angular/cache/22.1.3/seed-b-frontend/vite/deps/core-l1vVDnYc.js","/home/alex/dev/Bachelor/bmad-vergleichsstudie/.lizard-tmp-DUgF1d/code/seed-b-frontend/.angular/cache/22.1.3/seed-b-frontend/vite/deps/core-l1vVDnYc.js","unregisterAllLocaleData","unregisterAllLocaleData ( )",16297,16299
3,1,18,1,3,"normalizeLocale@16324-16326@/home/alex/dev/Bachelor/bmad-vergleichsstudie/.lizard-tmp-DUgF1d/code/seed-b-frontend/.angular/cache/22.1.3/seed-b-frontend/vite/deps/core-l1vVDnYc.js","/home/alex/dev/Bachelor/bmad-vergleichsstudie/.lizard-tmp-DUgF1d/code/seed-b-frontend/.angular/cache/22.1.3/seed-b-frontend/vite/deps/core-l1vVDnYc.js","normalizeLocale","normalizeLocale ( locale )",16324,16326
4,2,36,2,4,"getPluralCase@16334-16337@/home/alex/dev/Bachelor/bmad-vergleichsstudie/.lizard-tmp-DUgF1d/code/seed-b-frontend/.angular/cache/22.1.3/seed-b-frontend/vite/deps/core-l1vVDnYc.js","/home/alex/dev/Bachelor/bmad-vergleichsstudie/.lizard-tmp-DUgF1d/code/seed-b-frontend/.angular/cache/22.1.3/seed-b-frontend/vite/deps/core-l1vVDnYc.js","getPluralCase","getPluralCase ( value , locale )",16334,16337
5,1,41,1,5,"(anonymous)@16343-16347@/home/alex/dev/Bachelor/bmad-vergleichsstudie/.lizard-tmp-DUgF1d/code/seed-b-frontend/.angular/cache/22.1.3/seed-b-frontend/vite/deps/core-l1vVDnYc.js","/home/alex/dev/Bachelor/bmad-vergleichsstudie/.lizard-tmp-DUgF1d/code/seed-b-frontend/.angular/cache/22.1.3/seed-b-frontend/vite/deps/core-l1vVDnYc.js","(anonymous)","(anonymous) ( I18nCreateOpCode )",16343,16347
4,3,38,1,4,"setLocaleId@16349-16352@/home/alex/dev/Bachelor/bmad-vergleichsstudie/.lizard-tmp-DUgF1d/code/seed-b-frontend/.angular/cache/22.1.3/seed-b-frontend/vite/deps/core-l1vVDnYc.js","/home/alex/dev/Bachelor/bmad-vergleichsstudie/.lizard-tmp-DUgF1d/code/seed-b-frontend/.angular/cache/22.1.3/seed-b-frontend/vite/deps/core-l1vVDnYc.js","setLocaleId","setLocaleId ( localeId )",16349,16352
3,1,8,0,3,"getLocaleId@16353-16355@/home/alex/dev/Bachelor/bmad-vergleichsstudie/.lizard-tmp-DUgF1d/code/seed-b-frontend/.angular/cache/22.1.3/seed-b-frontend/vite/deps/core-l1vVDnYc.js","/home/alex/dev/Bachelor/bmad-vergleichsstudie/.lizard-tmp-DUgF1d/code/seed-b-frontend/.angular/cache/22.1.3/seed-b-frontend/vite/deps/core-l1vVDnYc.js","getLocaleId","getLocaleId ( )",16353,16355
4,2,28,1,4,"setMaskBit@16358-16361@/home/alex/dev/Bachelor/bmad-vergleichsstudie/.lizard-tmp-DUgF1d/code/seed-b-frontend/.angular/cache/22.1.3/seed-b-frontend/vite/deps/core-l1vVDnYc.js","/home/alex/dev/Bachelor/bmad-vergleichsstudie/.lizard-tmp-DUgF1d/code/seed-b-frontend/.angular/cache/22.1.3/seed-b-frontend/vite/deps/core-l1vVDnYc.js","setMaskBit","setMaskBit ( hasChange )",16358,16361
12,4,82,3,12,"applyI18n@16362-16373@/home/alex/dev/Bachelor/bmad-vergleichsstudie/.lizard-tmp-DUgF1d/code/seed-b-frontend/.angular/cache/22.1.3/seed-b-frontend/vite/deps/core-l1vVDnYc.js","/home/alex/dev/Bachelor/bmad-vergleichsstudie/.lizard-tmp-DUgF1d/code/seed-b-frontend/.angular/cache/22.1.3/seed-b-frontend/vite/deps/core-l1vVDnYc.js","applyI18n","applyI18n ( tView , lView , index )",16362,16373
8,4,64,3,8,"createNodeWithoutHydration@16374-16381@/home/alex/dev/Bachelor/bmad-vergleichsstudie/.lizard-tmp-DUgF1d/code/seed-b-frontend/.angular/cache/22.1.3/seed-b-frontend/vite/deps/core-l1vVDnYc.js","/home/alex/dev/Bachelor/bmad-vergleichsstudie/.lizard-tmp-DUgF1d/code/seed-b-frontend/.angular/cache/22.1.3/seed-b-frontend/vite/deps/core-l1vVDnYc.js","createNodeWithoutHydration","createNodeWithoutHydration ( lView , textOrName , nodeType )",16374,16381
4,1,27,4,4,"_locateOrCreateNode@16382-16385@/home/alex/dev/Bachelor/bmad-vergleichsstudie/.lizard-tmp-DUgF1d/code/seed-b-frontend/.angular/cache/22.1.3/seed-b-frontend/vite/deps/core-l1vVDnYc.js","/home/alex/dev/Bachelor/bmad-vergleichsstudie/.lizard-tmp-DUgF1d/code/seed-b-frontend/.angular/cache/22.1.3/seed-b-frontend/vite/deps/core-l1vVDnYc.js","_locateOrCreateNode","_locateOrCreateNode ( lView , index , textOrName , nodeType )",16382,16385
13,10,138,4,13,"locateOrCreateNodeImpl@16386-16398@/home/alex/dev/Bachelor/bmad-vergleichsstudie/.lizard-tmp-DUgF1d/code/seed-b-frontend/.angular/cache/22.1.3/seed-b-frontend/vite/deps/core-l1vVDnYc.js","/home/alex/dev/Bachelor/bmad-vergleichsstudie/.lizard-tmp-DUgF1d/code/seed-b-frontend/.angular/cache/22.1.3/seed-b-frontend/vite/deps/core-l1vVDnYc.js","locateOrCreateNodeImpl","locateOrCreateNodeImpl ( lView , index , textOrName , nodeType )",16386,16398
3,1,8,0,3,"enableLocateOrCreateI18nNodeImpl@16399-16401@/home/alex/dev/Bachelor/bmad-vergleichsstudie/.lizard-tmp-DUgF1d/code/seed-b-frontend/.angular/cache/22.1.3/seed-b-frontend/vite/deps/core-l1vVDnYc.js","/home/alex/dev/Bachelor/bmad-vergleichsstudie/.lizard-tmp-DUgF1d/code/seed-b-frontend/.angular/cache/22.1.3/seed-b-frontend/vite/deps/core-l1vVDnYc.js","enableLocateOrCreateI18nNodeImpl","enableLocateOrCreateI18nNodeImpl ( )",16399,16401
17,7,157,4,17,"applyCreateOpCodes@16402-16418@/home/alex/dev/Bachelor/bmad-vergleichsstudie/.lizard-tmp-DUgF1d/code/seed-b-frontend/.angular/cache/22.1.3/seed-b-frontend/vite/deps/core-l1vVDnYc.js","/home/alex/dev/Bachelor/bmad-vergleichsstudie/.lizard-tmp-DUgF1d/code/seed-b-frontend/.angular/cache/22.1.3/seed-b-frontend/vite/deps/core-l1vVDnYc.js","applyCreateOpCodes","applyCreateOpCodes ( lView , createOpCodes , parentRNode , insertInFrontOf )",16402,16418
75,29,599,4,75,"applyMutableOpCodes@16419-16493@/home/alex/dev/Bachelor/bmad-vergleichsstudie/.lizard-tmp-DUgF1d/code/seed-b-frontend/.angular/cache/22.1.3/seed-b-frontend/vite/deps/core-l1vVDnYc.js","/home/alex/dev/Bachelor/bmad-vergleichsstudie/.lizard-tmp-DUgF1d/code/seed-b-frontend/.angular/cache/22.1.3/seed-b-frontend/vite/deps/core-l1vVDnYc.js","applyMutableOpCodes","applyMutableOpCodes ( tView , mutableOpCodes , lView , anchorRNode )",16419,16493
52,17,399,5,52,"applyUpdateOpCodes@16494-16545@/home/alex/dev/Bachelor/bmad-vergleichsstudie/.lizard-tmp-DUgF1d/code/seed-b-frontend/.angular/cache/22.1.3/seed-b-frontend/vite/deps/core-l1vVDnYc.js","/home/alex/dev/Bachelor/bmad-vergleichsstudie/.lizard-tmp-DUgF1d/code/seed-b-frontend/.angular/cache/22.1.3/seed-b-frontend/vite/deps/core-l1vVDnYc.js","applyUpdateOpCodes","applyUpdateOpCodes ( tView , lView , updateOpCodes , bindingsStartIndex , changeMask )",16494,16545
12,4,88,4,12,"applyIcuUpdateCase@16546-16557@/home/alex/dev/Bachelor/bmad-vergleichsstudie/.lizard-tmp-DUgF1d/code/seed-b-frontend/.angular/cache/22.1.3/seed-b-frontend/vite/deps/core-l1vVDnYc.js","/home/alex/dev/Bachelor/bmad-vergleichsstudie/.lizard-tmp-DUgF1d/code/seed-b-frontend/.angular/cache/22.1.3/seed-b-frontend/vite/deps/core-l1vVDnYc.js","applyIcuUpdateCase","applyIcuUpdateCase ( tView , tIcu , bindingsStartIndex , lView )",16546,16557
15,6,117,4,15,"applyIcuSwitchCase@16558-16572@/home/alex/dev/Bachelor/bmad-vergleichsstudie/.lizard-tmp-DUgF1d/code/seed-b-frontend/.angular/cache/22.1.3/seed-b-frontend/vite/deps/core-l1vVDnYc.js","/home/alex/dev/Bachelor/bmad-vergleichsstudie/.lizard-tmp-DUgF1d/code/seed-b-frontend/.angular/cache/22.1.3/seed-b-frontend/vite/deps/core-l1vVDnYc.js","applyIcuSwitchCase","applyIcuSwitchCase ( tView , tIcu , lView , value )",16558,16572
13,5,111,3,13,"applyIcuSwitchCaseRemove@16573-16585@/home/alex/dev/Bachelor/bmad-vergleichsstudie/.lizard-tmp-DUgF1d/code/seed-b-frontend/.angular/cache/22.1.3/seed-b-frontend/vite/deps/core-l1vVDnYc.js","/home/alex/dev/Bachelor/bmad-vergleichsstudie/.lizard-tmp-DUgF1d/code/seed-b-frontend/.angular/cache/22.1.3/seed-b-frontend/vite/deps/core-l1vVDnYc.js","applyIcuSwitchCaseRemove","applyIcuSwitchCaseRemove ( tView , tIcu , lView )",16573,16585
15,7,112,2,15,"getCaseIndex@16586-16600@/home/alex/dev/Bachelor/bmad-vergleichsstudie/.lizard-tmp-DUgF1d/code/seed-b-frontend/.angular/cache/22.1.3/seed-b-frontend/vite/deps/core-l1vVDnYc.js","/home/alex/dev/Bachelor/bmad-vergleichsstudie/.lizard-tmp-DUgF1d/code/seed-b-frontend/.angular/cache/22.1.3/seed-b-frontend/vite/deps/core-l1vVDnYc.js","getCaseIndex","getCaseIndex ( icuExpression , bindingValue )",16586,16600
14,5,133,1,14,"i18nCreateOpCodesToString@16601-16614@/home/alex/dev/Bachelor/bmad-vergleichsstudie/.lizard-tmp-DUgF1d/code/seed-b-frontend/.angular/cache/22.1.3/seed-b-frontend/vite/deps/core-l1vVDnYc.js","/home/alex/dev/Bachelor/bmad-vergleichsstudie/.lizard-tmp-DUgF1d/code/seed-b-frontend/.angular/cache/22.1.3/seed-b-frontend/vite/deps/core-l1vVDnYc.js","i18nCreateOpCodesToString","i18nCreateOpCodesToString ( opcodes )",16601,16614
10,5,102,1,10,"consumeOpCode@16618-16627@/home/alex/dev/Bachelor/bmad-vergleichsstudie/.lizard-tmp-DUgF1d/code/seed-b-frontend/.angular/cache/22.1.3/seed-b-frontend/vite/deps/core-l1vVDnYc.js","/home/alex/dev/Bachelor/bmad-vergleichsstudie/.lizard-tmp-DUgF1d/code/seed-b-frontend/.angular/cache/22.1.3/seed-b-frontend/vite/deps/core-l1vVDnYc.js","consumeOpCode","consumeOpCode ( value )",16618,16627
24,7,184,1,33,"i18nUpdateOpCodesToString@16615-16647@/home/alex/dev/Bachelor/bmad-vergleichsstudie/.lizard-tmp-DUgF1d/code/seed-b-frontend/.angular/cache/22.1.3/seed-b-frontend/vite/deps/core-l1vVDnYc.js","/home/alex/dev/Bachelor/bmad-vergleichsstudie/.lizard-tmp-DUgF1d/code/seed-b-frontend/.angular/cache/22.1.3/seed-b-frontend/vite/deps/core-l1vVDnYc.js","i18nUpdateOpCodesToString","i18nUpdateOpCodesToString ( opcodes )",16615,16647
1,1,8,0,1,"inputValueFn.toString@20973-20973@/home/alex/dev/Bachelor/bmad-vergleichsstudie/.lizard-tmp-DUgF1d/code/seed-b-frontend/.angular/cache/22.1.3/seed-b-frontend/vite/deps/core-l1vVDnYc.js","/home/alex/dev/Bachelor/bmad-vergleichsstudie/.lizard-tmp-DUgF1d/code/seed-b-frontend/.angular/cache/22.1.3/seed-b-frontend/vite/deps/core-l1vVDnYc.js","inputValueFn.toString","inputValueFn.toString",20973,20973
5,1,26,1,5,"(anonymous)@20979-20983@/home/alex/dev/Bachelor/bmad-vergleichsstudie/.lizard-tmp-DUgF1d/code/seed-b-frontend/.angular/cache/22.1.3/seed-b-frontend/vite/deps/core-l1vVDnYc.js","/home/alex/dev/Bachelor/bmad-vergleichsstudie/.lizard-tmp-DUgF1d/code/seed-b-frontend/.angular/cache/22.1.3/seed-b-frontend/vite/deps/core-l1vVDnYc.js","(anonymous)","(anonymous) ( Framework )",20979,20983
3,1,11,1,3,"constructor@20986-20988@/home/alex/dev/Bachelor/bmad-vergleichsstudie/.lizard-tmp-DUgF1d/code/seed-b-frontend/.angular/cache/22.1.3/seed-b-frontend/vite/deps/core-l1vVDnYc.js","/home/alex/dev/Bachelor/bmad-vergleichsstudie/.lizard-tmp-DUgF1d/code/seed-b-frontend/.angular/cache/22.1.3/seed-b-frontend/vite/deps/core-l1vVDnYc.js","constructor","constructor ( attributeName )",20986,20988
3,1,12,0,3,"toString@20990-20992@/home/alex/dev/Bachelor/bmad-vergleichsstudie/.lizard-tmp-DUgF1d/code/seed-b-frontend/.angular/cache/22.1.3/seed-b-frontend/vite/deps/core-l1vVDnYc.js","/home/alex/dev/Bachelor/bmad-vergleichsstudie/.lizard-tmp-DUgF1d/code/seed-b-frontend/.angular/cache/22.1.3/seed-b-frontend/vite/deps/core-l1vVDnYc.js","toString","toString ( )",20990,20992
7,6,67,0,7,"HOST_TAG_NAME_TOKEN.__NG_ELEMENT_ID__@20996-21002@/home/alex/dev/Bachelor/bmad-vergleichsstudie/.lizard-tmp-DUgF1d/code/seed-b-frontend/.angular/cache/22.1.3/seed-b-frontend/vite/deps/core-l1vVDnYc.js","/home/alex/dev/Bachelor/bmad-vergleichsstudie/.lizard-tmp-DUgF1d/code/seed-b-frontend/.angular/cache/22.1.3/seed-b-frontend/vite/deps/core-l1vVDnYc.js","HOST_TAG_NAME_TOKEN.__NG_ELEMENT_ID__","HOST_TAG_NAME_TOKEN.__NG_ELEMENT_ID__",20996,21002
5,3,37,0,11,"HOST_TAG_NAME@20994-21004@/home/alex/dev/Bachelor/bmad-vergleichsstudie/.lizard-tmp-DUgF1d/code/seed-b-frontend/.angular/cache/22.1.3/seed-b-frontend/vite/deps/core-l1vVDnYc.js","/home/alex/dev/Bachelor/bmad-vergleichsstudie/.lizard-tmp-DUgF1d/code/seed-b-frontend/.angular/cache/22.1.3/seed-b-frontend/vite/deps/core-l1vVDnYc.js","HOST_TAG_NAME","HOST_TAG_NAME ( ( )",20994,21004
6,4,44,1,6,"getDevModeNodeName@21005-21010@/home/alex/dev/Bachelor/bmad-vergleichsstudie/.lizard-tmp-DUgF1d/code/seed-b-frontend/.angular/cache/22.1.3/seed-b-frontend/vite/deps/core-l1vVDnYc.js","/home/alex/dev/Bachelor/bmad-vergleichsstudie/.lizard-tmp-DUgF1d/code/seed-b-frontend/.angular/cache/22.1.3/seed-b-frontend/vite/deps/core-l1vVDnYc.js","getDevModeNodeName","getDevModeNodeName ( tNode )",21005,21010
3,2,18,1,3,"maybeUnwrapDefaultExport@21011-21013@/home/alex/dev/Bachelor/bmad-vergleichsstudie/.lizard-tmp-DUgF1d/code/seed-b-frontend/.angular/cache/22.1.3/seed-b-frontend/vite/deps/core-l1vVDnYc.js","/home/alex/dev/Bachelor/bmad-vergleichsstudie/.lizard-tmp-DUgF1d/code/seed-b-frontend/.angular/cache/22.1.3/seed-b-frontend/vite/deps/core-l1vVDnYc.js","maybeUnwrapDefaultExport","maybeUnwrapDefaultExport ( input )",21011,21013
3,3,17,1,3,"isWrappedDefaultExport@21014-21016@/home/alex/dev/Bachelor/bmad-vergleichsstudie/.lizard-tmp-DUgF1d/code/seed-b-frontend/.angular/cache/22.1.3/seed-b-frontend/vite/deps/core-l1vVDnYc.js","/home/alex/dev/Bachelor/bmad-vergleichsstudie/.lizard-tmp-DUgF1d/code/seed-b-frontend/.angular/cache/22.1.3/seed-b-frontend/vite/deps/core-l1vVDnYc.js","isWrappedDefaultExport","isWrappedDefaultExport ( value )",21014,21016
4,2,19,0,4,"load@21021-21024@/home/alex/dev/Bachelor/bmad-vergleichsstudie/.lizard-tmp-DUgF1d/code/seed-b-frontend/.angular/cache/22.1.3/seed-b-frontend/vite/deps/core-l1vVDnYc.js","/home/alex/dev/Bachelor/bmad-vergleichsstudie/.lizard-tmp-DUgF1d/code/seed-b-frontend/.angular/cache/22.1.3/seed-b-frontend/vite/deps/core-l1vVDnYc.js","load","load ( )",21021,21024
1,1,4,0,1,"(anonymous)@21025-21025@/home/alex/dev/Bachelor/bmad-vergleichsstudie/.lizard-tmp-DUgF1d/code/seed-b-frontend/.angular/cache/22.1.3/seed-b-frontend/vite/deps/core-l1vVDnYc.js","/home/alex/dev/Bachelor/bmad-vergleichsstudie/.lizard-tmp-DUgF1d/code/seed-b-frontend/.angular/cache/22.1.3/seed-b-frontend/vite/deps/core-l1vVDnYc.js","(anonymous)","(anonymous)",21025,21025
1,1,2,0,1,"(anonymous)@21025-21025@/home/alex/dev/Bachelor/bmad-vergleichsstudie/.lizard-tmp-DUgF1d/code/seed-b-frontend/.angular/cache/22.1.3/seed-b-frontend/vite/deps/core-l1vVDnYc.js","/home/alex/dev/Bachelor/bmad-vergleichsstudie/.lizard-tmp-DUgF1d/code/seed-b-frontend/.angular/cache/22.1.3/seed-b-frontend/vite/deps/core-l1vVDnYc.js","(anonymous)","(anonymous)",21025,21025
1,1,10,0,1,"(anonymous)@21026-21026@/home/alex/dev/Bachelor/bmad-vergleichsstudie/.lizard-tmp-DUgF1d/code/seed-b-frontend/.angular/cache/22.1.3/seed-b-frontend/vite/deps/core-l1vVDnYc.js","/home/alex/dev/Bachelor/bmad-vergleichsstudie/.lizard-tmp-DUgF1d/code/seed-b-frontend/.angular/cache/22.1.3/seed-b-frontend/vite/deps/core-l1vVDnYc.js","(anonymous)","(anonymous)",21026,21026
1,1,12,0,1,"(anonymous)@21026-21026@/home/alex/dev/Bachelor/bmad-vergleichsstudie/.lizard-tmp-DUgF1d/code/seed-b-frontend/.angular/cache/22.1.3/seed-b-frontend/vite/deps/core-l1vVDnYc.js","/home/alex/dev/Bachelor/bmad-vergleichsstudie/.lizard-tmp-DUgF1d/code/seed-b-frontend/.angular/cache/22.1.3/seed-b-frontend/vite/deps/core-l1vVDnYc.js","(anonymous)","(anonymous)",21026,21026
8,4,66,2,11,"injectAsync@21017-21027@/home/alex/dev/Bachelor/bmad-vergleichsstudie/.lizard-tmp-DUgF1d/code/seed-b-frontend/.angular/cache/22.1.3/seed-b-frontend/vite/deps/core-l1vVDnYc.js","/home/alex/dev/Bachelor/bmad-vergleichsstudie/.lizard-tmp-DUgF1d/code/seed-b-frontend/.angular/cache/22.1.3/seed-b-frontend/vite/deps/core-l1vVDnYc.js","injectAsync","injectAsync ( loader , options )",21017,21027
1,1,6,0,1,"(anonymous)@21032-21032@/home/alex/dev/Bachelor/bmad-vergleichsstudie/.lizard-tmp-DUgF1d/code/seed-b-frontend/.angular/cache/22.1.3/seed-b-frontend/vite/deps/core-l1vVDnYc.js","/home/alex/dev/Bachelor/bmad-vergleichsstudie/.lizard-tmp-DUgF1d/code/seed-b-frontend/.angular/cache/22.1.3/seed-b-frontend/vite/deps/core-l1vVDnYc.js","(anonymous)","(anonymous)",21032,21032
7,2,45,1,7,"onIdle@21028-21034@/home/alex/dev/Bachelor/bmad-vergleichsstudie/.lizard-tmp-DUgF1d/code/seed-b-frontend/.angular/cache/22.1.3/seed-b-frontend/vite/deps/core-l1vVDnYc.js","/home/alex/dev/Bachelor/bmad-vergleichsstudie/.lizard-tmp-DUgF1d/code/seed-b-frontend/.angular/cache/22.1.3/seed-b-frontend/vite/deps/core-l1vVDnYc.js","onIdle","onIdle ( options )",21028,21034
8,1,77,1,8,"(anonymous)@21036-21043@/home/alex/dev/Bachelor/bmad-vergleichsstudie/.lizard-tmp-DUgF1d/code/seed-b-frontend/.angular/cache/22.1.3/seed-b-frontend/vite/deps/core-l1vVDnYc.js","/home/alex/dev/Bachelor/bmad-vergleichsstudie/.lizard-tmp-DUgF1d/code/seed-b-frontend/.angular/cache/22.1.3/seed-b-frontend/vite/deps/core-l1vVDnYc.js","(anonymous)","(anonymous) ( FactoryTarget )",21036,21043
5,1,41,1,5,"(anonymous)@21045-21049@/home/alex/dev/Bachelor/bmad-vergleichsstudie/.lizard-tmp-DUgF1d/code/seed-b-frontend/.angular/cache/22.1.3/seed-b-frontend/vite/deps/core-l1vVDnYc.js","/home/alex/dev/Bachelor/bmad-vergleichsstudie/.lizard-tmp-DUgF1d/code/seed-b-frontend/.angular/cache/22.1.3/seed-b-frontend/vite/deps/core-l1vVDnYc.js","(anonymous)","(anonymous) ( R3TemplateDependencyKind )",21045,21049
6,1,53,1,6,"(anonymous)@21051-21056@/home/alex/dev/Bachelor/bmad-vergleichsstudie/.lizard-tmp-DUgF1d/code/seed-b-frontend/.angular/cache/22.1.3/seed-b-frontend/vite/deps/core-l1vVDnYc.js","/home/alex/dev/Bachelor/bmad-vergleichsstudie/.lizard-tmp-DUgF1d/code/seed-b-frontend/.angular/cache/22.1.3/seed-b-frontend/vite/deps/core-l1vVDnYc.js","(anonymous)","(anonymous) ( ViewEncapsulation )",21051,21056
4,2,18,1,4,"output@21057-21060@/home/alex/dev/Bachelor/bmad-vergleichsstudie/.lizard-tmp-DUgF1d/code/seed-b-frontend/.angular/cache/22.1.3/seed-b-frontend/vite/deps/core-l1vVDnYc.js","/home/alex/dev/Bachelor/bmad-vergleichsstudie/.lizard-tmp-DUgF1d/code/seed-b-frontend/.angular/cache/22.1.3/seed-b-frontend/vite/deps/core-l1vVDnYc.js","output","output ( opts )",21057,21060
4,2,22,2,4,"inputFunction@21061-21064@/home/alex/dev/Bachelor/bmad-vergleichsstudie/.lizard-tmp-DUgF1d/code/seed-b-frontend/.angular/cache/22.1.3/seed-b-frontend/vite/deps/core-l1vVDnYc.js","/home/alex/dev/Bachelor/bmad-vergleichsstudie/.lizard-tmp-DUgF1d/code/seed-b-frontend/.angular/cache/22.1.3/seed-b-frontend/vite/deps/core-l1vVDnYc.js","inputFunction","inputFunction ( initialValue , opts )",21061,21064
4,2,20,1,4,"inputRequiredFunction@21065-21068@/home/alex/dev/Bachelor/bmad-vergleichsstudie/.lizard-tmp-DUgF1d/code/seed-b-frontend/.angular/cache/22.1.3/seed-b-frontend/vite/deps/core-l1vVDnYc.js","/home/alex/dev/Bachelor/bmad-vergleichsstudie/.lizard-tmp-DUgF1d/code/seed-b-frontend/.angular/cache/22.1.3/seed-b-frontend/vite/deps/core-l1vVDnYc.js","inputRequiredFunction","inputRequiredFunction ( opts )",21065,21068
4,1,15,0,4,"input@21069-21072@/home/alex/dev/Bachelor/bmad-vergleichsstudie/.lizard-tmp-DUgF1d/code/seed-b-frontend/.angular/cache/22.1.3/seed-b-frontend/vite/deps/core-l1vVDnYc.js","/home/alex/dev/Bachelor/bmad-vergleichsstudie/.lizard-tmp-DUgF1d/code/seed-b-frontend/.angular/cache/22.1.3/seed-b-frontend/vite/deps/core-l1vVDnYc.js","input","input ( ( )",21069,21072
5,1,21,0,5,"getter@21077-21081@/home/alex/dev/Bachelor/bmad-vergleichsstudie/.lizard-tmp-DUgF1d/code/seed-b-frontend/.angular/cache/22.1.3/seed-b-frontend/vite/deps/core-l1vVDnYc.js","/home/alex/dev/Bachelor/bmad-vergleichsstudie/.lizard-tmp-DUgF1d/code/seed-b-frontend/.angular/cache/22.1.3/seed-b-frontend/vite/deps/core-l1vVDnYc.js","getter","getter ( )",21077,21081
6,2,32,0,6,"getter.set@21084-21089@/home/alex/dev/Bachelor/bmad-vergleichsstudie/.lizard-tmp-DUgF1d/code/seed-b-frontend/.angular/cache/22.1.3/seed-b-frontend/vite/deps/core-l1vVDnYc.js","/home/alex/dev/Bachelor/bmad-vergleichsstudie/.lizard-tmp-DUgF1d/code/seed-b-frontend/.angular/cache/22.1.3/seed-b-frontend/vite/deps/core-l1vVDnYc.js","getter.set","getter.set",21084,21089
4,1,21,0,4,"getter.update@21090-21093@/home/alex/dev/Bachelor/bmad-vergleichsstudie/.lizard-tmp-DUgF1d/code/seed-b-frontend/.angular/cache/22.1.3/seed-b-frontend/vite/deps/core-l1vVDnYc.js","/home/alex/dev/Bachelor/bmad-vergleichsstudie/.lizard-tmp-DUgF1d/code/seed-b-frontend/.angular/cache/22.1.3/seed-b-frontend/vite/deps/core-l1vVDnYc.js","getter.update","getter.update",21090,21093
1,1,8,0,1,"getter.toString@21097-21097@/home/alex/dev/Bachelor/bmad-vergleichsstudie/.lizard-tmp-DUgF1d/code/seed-b-frontend/.angular/cache/22.1.3/seed-b-frontend/vite/deps/core-l1vVDnYc.js","/home/alex/dev/Bachelor/bmad-vergleichsstudie/.lizard-tmp-DUgF1d/code/seed-b-frontend/.angular/cache/22.1.3/seed-b-frontend/vite/deps/core-l1vVDnYc.js","getter.toString","getter.toString",21097,21097
17,2,118,2,29,"createModelSignal@21073-21101@/home/alex/dev/Bachelor/bmad-vergleichsstudie/.lizard-tmp-DUgF1d/code/seed-b-frontend/.angular/cache/22.1.3/seed-b-frontend/vite/deps/core-l1vVDnYc.js","/home/alex/dev/Bachelor/bmad-vergleichsstudie/.lizard-tmp-DUgF1d/code/seed-b-frontend/.angular/cache/22.1.3/seed-b-frontend/vite/deps/core-l1vVDnYc.js","createModelSignal","createModelSignal ( initialValue , opts )",21073,21101
3,3,22,1,3,"assertModelSet@21102-21104@/home/alex/dev/Bachelor/bmad-vergleichsstudie/.lizard-tmp-DUgF1d/code/seed-b-frontend/.angular/cache/22.1.3/seed-b-frontend/vite/deps/core-l1vVDnYc.js","/home/alex/dev/Bachelor/bmad-vergleichsstudie/.lizard-tmp-DUgF1d/code/seed-b-frontend/.angular/cache/22.1.3/seed-b-frontend/vite/deps/core-l1vVDnYc.js","assertModelSet","assertModelSet ( value )",21102,21104
4,2,22,2,4,"modelFunction@21105-21108@/home/alex/dev/Bachelor/bmad-vergleichsstudie/.lizard-tmp-DUgF1d/code/seed-b-frontend/.angular/cache/22.1.3/seed-b-frontend/vite/deps/core-l1vVDnYc.js","/home/alex/dev/Bachelor/bmad-vergleichsstudie/.lizard-tmp-DUgF1d/code/seed-b-frontend/.angular/cache/22.1.3/seed-b-frontend/vite/deps/core-l1vVDnYc.js","modelFunction","modelFunction ( initialValue , opts )",21105,21108
4,2,20,1,4,"modelRequiredFunction@21109-21112@/home/alex/dev/Bachelor/bmad-vergleichsstudie/.lizard-tmp-DUgF1d/code/seed-b-frontend/.angular/cache/22.1.3/seed-b-frontend/vite/deps/core-l1vVDnYc.js","/home/alex/dev/Bachelor/bmad-vergleichsstudie/.lizard-tmp-DUgF1d/code/seed-b-frontend/.angular/cache/22.1.3/seed-b-frontend/vite/deps/core-l1vVDnYc.js","modelRequiredFunction","modelRequiredFunction ( opts )",21109,21112
4,1,15,0,4,"model@21113-21116@/home/alex/dev/Bachelor/bmad-vergleichsstudie/.lizard-tmp-DUgF1d/code/seed-b-frontend/.angular/cache/22.1.3/seed-b-frontend/vite/deps/core-l1vVDnYc.js","/home/alex/dev/Bachelor/bmad-vergleichsstudie/.lizard-tmp-DUgF1d/code/seed-b-frontend/.angular/cache/22.1.3/seed-b-frontend/vite/deps/core-l1vVDnYc.js","model","model ( ( )",21113,21116
4,2,20,2,4,"viewChildFn@21117-21120@/home/alex/dev/Bachelor/bmad-vergleichsstudie/.lizard-tmp-DUgF1d/code/seed-b-frontend/.angular/cache/22.1.3/seed-b-frontend/vite/deps/core-l1vVDnYc.js","/home/alex/dev/Bachelor/bmad-vergleichsstudie/.lizard-tmp-DUgF1d/code/seed-b-frontend/.angular/cache/22.1.3/seed-b-frontend/vite/deps/core-l1vVDnYc.js","viewChildFn","viewChildFn ( locator , opts )",21117,21120
4,2,20,2,4,"viewChildRequiredFn@21121-21124@/home/alex/dev/Bachelor/bmad-vergleichsstudie/.lizard-tmp-DUgF1d/code/seed-b-frontend/.angular/cache/22.1.3/seed-b-frontend/vite/deps/core-l1vVDnYc.js","/home/alex/dev/Bachelor/bmad-vergleichsstudie/.lizard-tmp-DUgF1d/code/seed-b-frontend/.angular/cache/22.1.3/seed-b-frontend/vite/deps/core-l1vVDnYc.js","viewChildRequiredFn","viewChildRequiredFn ( locator , opts )",21121,21124
4,1,15,0,4,"viewChild@21125-21128@/home/alex/dev/Bachelor/bmad-vergleichsstudie/.lizard-tmp-DUgF1d/code/seed-b-frontend/.angular/cache/22.1.3/seed-b-frontend/vite/deps/core-l1vVDnYc.js","/home/alex/dev/Bachelor/bmad-vergleichsstudie/.lizard-tmp-DUgF1d/code/seed-b-frontend/.angular/cache/22.1.3/seed-b-frontend/vite/deps/core-l1vVDnYc.js","viewChild","viewChild ( ( )",21125,21128
4,2,20,2,4,"viewChildren@21129-21132@/home/alex/dev/Bachelor/bmad-vergleichsstudie/.lizard-tmp-DUgF1d/code/seed-b-frontend/.angular/cache/22.1.3/seed-b-frontend/vite/deps/core-l1vVDnYc.js","/home/alex/dev/Bachelor/bmad-vergleichsstudie/.lizard-tmp-DUgF1d/code/seed-b-frontend/.angular/cache/22.1.3/seed-b-frontend/vite/deps/core-l1vVDnYc.js","viewChildren","viewChildren ( locator , opts )",21129,21132
4,2,20,2,4,"contentChildFn@21133-21136@/home/alex/dev/Bachelor/bmad-vergleichsstudie/.lizard-tmp-DUgF1d/code/seed-b-frontend/.angular/cache/22.1.3/seed-b-frontend/vite/deps/core-l1vVDnYc.js","/home/alex/dev/Bachelor/bmad-vergleichsstudie/.lizard-tmp-DUgF1d/code/seed-b-frontend/.angular/cache/22.1.3/seed-b-frontend/vite/deps/core-l1vVDnYc.js","contentChildFn","contentChildFn ( locator , opts )",21133,21136
4,2,20,2,4,"contentChildRequiredFn@21137-21140@/home/alex/dev/Bachelor/bmad-vergleichsstudie/.lizard-tmp-DUgF1d/code/seed-b-frontend/.angular/cache/22.1.3/seed-b-frontend/vite/deps/core-l1vVDnYc.js","/home/alex/dev/Bachelor/bmad-vergleichsstudie/.lizard-tmp-DUgF1d/code/seed-b-frontend/.angular/cache/22.1.3/seed-b-frontend/vite/deps/core-l1vVDnYc.js","contentChildRequiredFn","contentChildRequiredFn ( locator , opts )",21137,21140
4,1,15,0,4,"contentChild@21141-21144@/home/alex/dev/Bachelor/bmad-vergleichsstudie/.lizard-tmp-DUgF1d/code/seed-b-frontend/.angular/cache/22.1.3/seed-b-frontend/vite/deps/core-l1vVDnYc.js","/home/alex/dev/Bachelor/bmad-vergleichsstudie/.lizard-tmp-DUgF1d/code/seed-b-frontend/.angular/cache/22.1.3/seed-b-frontend/vite/deps/core-l1vVDnYc.js","contentChild","contentChild ( ( )",21141,21144
3,1,13,2,3,"contentChildren@21145-21147@/home/alex/dev/Bachelor/bmad-vergleichsstudie/.lizard-tmp-DUgF1d/code/seed-b-frontend/.angular/cache/22.1.3/seed-b-frontend/vite/deps/core-l1vVDnYc.js","/home/alex/dev/Bachelor/bmad-vergleichsstudie/.lizard-tmp-DUgF1d/code/seed-b-frontend/.angular/cache/22.1.3/seed-b-frontend/vite/deps/core-l1vVDnYc.js","contentChildren","contentChildren ( locator , opts )",21145,21147
3,1,28,0,3,"(anonymous)@21149-21151@/home/alex/dev/Bachelor/bmad-vergleichsstudie/.lizard-tmp-DUgF1d/code/seed-b-frontend/.angular/cache/22.1.3/seed-b-frontend/vite/deps/core-l1vVDnYc.js","/home/alex/dev/Bachelor/bmad-vergleichsstudie/.lizard-tmp-DUgF1d/code/seed-b-frontend/.angular/cache/22.1.3/seed-b-frontend/vite/deps/core-l1vVDnYc.js","(anonymous)","(anonymous)",21149,21151
3,1,27,1,5,"mergeApplicationConfig@21148-21152@/home/alex/dev/Bachelor/bmad-vergleichsstudie/.lizard-tmp-DUgF1d/code/seed-b-frontend/.angular/cache/22.1.3/seed-b-frontend/vite/deps/core-l1vVDnYc.js","/home/alex/dev/Bachelor/bmad-vergleichsstudie/.lizard-tmp-DUgF1d/code/seed-b-frontend/.angular/cache/22.1.3/seed-b-frontend/vite/deps/core-l1vVDnYc.js","mergeApplicationConfig","mergeApplicationConfig ( configs )",21148,21152
8,1,27,0,8,"(anonymous)@21155-21162@/home/alex/dev/Bachelor/bmad-vergleichsstudie/.lizard-tmp-DUgF1d/code/seed-b-frontend/.angular/cache/22.1.3/seed-b-frontend/vite/deps/core-l1vVDnYc.js","/home/alex/dev/Bachelor/bmad-vergleichsstudie/.lizard-tmp-DUgF1d/code/seed-b-frontend/.angular/cache/22.1.3/seed-b-frontend/vite/deps/core-l1vVDnYc.js","(anonymous)","(anonymous)",21155,21162
7,1,23,0,7,"(anonymous)@21163-21169@/home/alex/dev/Bachelor/bmad-vergleichsstudie/.lizard-tmp-DUgF1d/code/seed-b-frontend/.angular/cache/22.1.3/seed-b-frontend/vite/deps/core-l1vVDnYc.js","/home/alex/dev/Bachelor/bmad-vergleichsstudie/.lizard-tmp-DUgF1d/code/seed-b-frontend/.angular/cache/22.1.3/seed-b-frontend/vite/deps/core-l1vVDnYc.js","(anonymous)","(anonymous)",21163,21169
8,1,27,0,8,"(anonymous)@21170-21177@/home/alex/dev/Bachelor/bmad-vergleichsstudie/.lizard-tmp-DUgF1d/code/seed-b-frontend/.angular/cache/22.1.3/seed-b-frontend/vite/deps/core-l1vVDnYc.js","/home/alex/dev/Bachelor/bmad-vergleichsstudie/.lizard-tmp-DUgF1d/code/seed-b-frontend/.angular/cache/22.1.3/seed-b-frontend/vite/deps/core-l1vVDnYc.js","(anonymous)","(anonymous)",21170,21177
7,1,23,0,7,"(anonymous)@21178-21184@/home/alex/dev/Bachelor/bmad-vergleichsstudie/.lizard-tmp-DUgF1d/code/seed-b-frontend/.angular/cache/22.1.3/seed-b-frontend/vite/deps/core-l1vVDnYc.js","/home/alex/dev/Bachelor/bmad-vergleichsstudie/.lizard-tmp-DUgF1d/code/seed-b-frontend/.angular/cache/22.1.3/seed-b-frontend/vite/deps/core-l1vVDnYc.js","(anonymous)","(anonymous)",21178,21184
1,1,5,1,1,"constructor@21186-21186@/home/alex/dev/Bachelor/bmad-vergleichsstudie/.lizard-tmp-DUgF1d/code/seed-b-frontend/.angular/cache/22.1.3/seed-b-frontend/vite/deps/core-l1vVDnYc.js","/home/alex/dev/Bachelor/bmad-vergleichsstudie/.lizard-tmp-DUgF1d/code/seed-b-frontend/.angular/cache/22.1.3/seed-b-frontend/vite/deps/core-l1vVDnYc.js","constructor","constructor ( appRef )",21186,21186
3,2,19,0,3,"ApplicationModule_Factory@21187-21189@/home/alex/dev/Bachelor/bmad-vergleichsstudie/.lizard-tmp-DUgF1d/code/seed-b-frontend/.angular/cache/22.1.3/seed-b-frontend/vite/deps/core-l1vVDnYc.js","/home/alex/dev/Bachelor/bmad-vergleichsstudie/.lizard-tmp-DUgF1d/code/seed-b-frontend/.angular/cache/22.1.3/seed-b-frontend/vite/deps/core-l1vVDnYc.js","ApplicationModule_Factory","ApplicationModule_Factory ( )",21187,21189
1,1,6,0,1,"(anonymous)@21194-21194@/home/alex/dev/Bachelor/bmad-vergleichsstudie/.lizard-tmp-DUgF1d/code/seed-b-frontend/.angular/cache/22.1.3/seed-b-frontend/vite/deps/core-l1vVDnYc.js","/home/alex/dev/Bachelor/bmad-vergleichsstudie/.lizard-tmp-DUgF1d/code/seed-b-frontend/.angular/cache/22.1.3/seed-b-frontend/vite/deps/core-l1vVDnYc.js","(anonymous)","(anonymous)",21194,21194
3,3,32,0,3,"(anonymous)@21193-21195@/home/alex/dev/Bachelor/bmad-vergleichsstudie/.lizard-tmp-DUgF1d/code/seed-b-frontend/.angular/cache/22.1.3/seed-b-frontend/vite/deps/core-l1vVDnYc.js","/home/alex/dev/Bachelor/bmad-vergleichsstudie/.lizard-tmp-DUgF1d/code/seed-b-frontend/.angular/cache/22.1.3/seed-b-frontend/vite/deps/core-l1vVDnYc.js","(anonymous)","(anonymous)",21193,21195
2,1,5,0,2,"factory@21198-21199@/home/alex/dev/Bachelor/bmad-vergleichsstudie/.lizard-tmp-DUgF1d/code/seed-b-frontend/.angular/cache/22.1.3/seed-b-frontend/vite/deps/core-l1vVDnYc.js","/home/alex/dev/Bachelor/bmad-vergleichsstudie/.lizard-tmp-DUgF1d/code/seed-b-frontend/.angular/cache/22.1.3/seed-b-frontend/vite/deps/core-l1vVDnYc.js","factory","factory ( )",21198,21199
2,1,5,0,2,"factory@21202-21203@/home/alex/dev/Bachelor/bmad-vergleichsstudie/.lizard-tmp-DUgF1d/code/seed-b-frontend/.angular/cache/22.1.3/seed-b-frontend/vite/deps/core-l1vVDnYc.js","/home/alex/dev/Bachelor/bmad-vergleichsstudie/.lizard-tmp-DUgF1d/code/seed-b-frontend/.angular/cache/22.1.3/seed-b-frontend/vite/deps/core-l1vVDnYc.js","factory","factory ( )",21202,21203
2,1,5,0,2,"factory@21206-21207@/home/alex/dev/Bachelor/bmad-vergleichsstudie/.lizard-tmp-DUgF1d/code/seed-b-frontend/.angular/cache/22.1.3/seed-b-frontend/vite/deps/core-l1vVDnYc.js","/home/alex/dev/Bachelor/bmad-vergleichsstudie/.lizard-tmp-DUgF1d/code/seed-b-frontend/.angular/cache/22.1.3/seed-b-frontend/vite/deps/core-l1vVDnYc.js","factory","factory ( )",21206,21207
3,1,15,1,3,"shouldEnableEventReplay@21210-21212@/home/alex/dev/Bachelor/bmad-vergleichsstudie/.lizard-tmp-DUgF1d/code/seed-b-frontend/.angular/cache/22.1.3/seed-b-frontend/vite/deps/core-l1vVDnYc.js","/home/alex/dev/Bachelor/bmad-vergleichsstudie/.lizard-tmp-DUgF1d/code/seed-b-frontend/.angular/cache/22.1.3/seed-b-frontend/vite/deps/core-l1vVDnYc.js","shouldEnableEventReplay","shouldEnableEventReplay ( injector )",21210,21212
9,2,41,0,9,"useFactory@21216-21224@/home/alex/dev/Bachelor/bmad-vergleichsstudie/.lizard-tmp-DUgF1d/code/seed-b-frontend/.angular/cache/22.1.3/seed-b-frontend/vite/deps/core-l1vVDnYc.js","/home/alex/dev/Bachelor/bmad-vergleichsstudie/.lizard-tmp-DUgF1d/code/seed-b-frontend/.angular/cache/22.1.3/seed-b-frontend/vite/deps/core-l1vVDnYc.js","useFactory","useFactory ( )",21216,21224
5,2,30,0,5,"(anonymous)@21235-21239@/home/alex/dev/Bachelor/bmad-vergleichsstudie/.lizard-tmp-DUgF1d/code/seed-b-frontend/.angular/cache/22.1.3/seed-b-frontend/vite/deps/core-l1vVDnYc.js","/home/alex/dev/Bachelor/bmad-vergleichsstudie/.lizard-tmp-DUgF1d/code/seed-b-frontend/.angular/cache/22.1.3/seed-b-frontend/vite/deps/core-l1vVDnYc.js","(anonymous)","(anonymous)",21235,21239
12,3,83,0,16,"useValue@21228-21243@/home/alex/dev/Bachelor/bmad-vergleichsstudie/.lizard-tmp-DUgF1d/code/seed-b-frontend/.angular/cache/22.1.3/seed-b-frontend/vite/deps/core-l1vVDnYc.js","/home/alex/dev/Bachelor/bmad-vergleichsstudie/.lizard-tmp-DUgF1d/code/seed-b-frontend/.angular/cache/22.1.3/seed-b-frontend/vite/deps/core-l1vVDnYc.js","useValue","useValue ( )",21228,21243
4,1,14,0,4,"(anonymous)@21254-21257@/home/alex/dev/Bachelor/bmad-vergleichsstudie/.lizard-tmp-DUgF1d/code/seed-b-frontend/.angular/cache/22.1.3/seed-b-frontend/vite/deps/core-l1vVDnYc.js","/home/alex/dev/Bachelor/bmad-vergleichsstudie/.lizard-tmp-DUgF1d/code/seed-b-frontend/.angular/cache/22.1.3/seed-b-frontend/vite/deps/core-l1vVDnYc.js","(anonymous)","(anonymous)",21254,21257
1,1,6,0,1,"(anonymous)@21266-21266@/home/alex/dev/Bachelor/bmad-vergleichsstudie/.lizard-tmp-DUgF1d/code/seed-b-frontend/.angular/cache/22.1.3/seed-b-frontend/vite/deps/core-l1vVDnYc.js","/home/alex/dev/Bachelor/bmad-vergleichsstudie/.lizard-tmp-DUgF1d/code/seed-b-frontend/.angular/cache/22.1.3/seed-b-frontend/vite/deps/core-l1vVDnYc.js","(anonymous)","(anonymous)",21266,21266
11,4,87,0,11,"(anonymous)@21258-21268@/home/alex/dev/Bachelor/bmad-vergleichsstudie/.lizard-tmp-DUgF1d/code/seed-b-frontend/.angular/cache/22.1.3/seed-b-frontend/vite/deps/core-l1vVDnYc.js","/home/alex/dev/Bachelor/bmad-vergleichsstudie/.lizard-tmp-DUgF1d/code/seed-b-frontend/.angular/cache/22.1.3/seed-b-frontend/vite/deps/core-l1vVDnYc.js","(anonymous)","(anonymous)",21258,21268
7,3,60,0,20,"(anonymous)@21250-21269@/home/alex/dev/Bachelor/bmad-vergleichsstudie/.lizard-tmp-DUgF1d/code/seed-b-frontend/.angular/cache/22.1.3/seed-b-frontend/vite/deps/core-l1vVDnYc.js","/home/alex/dev/Bachelor/bmad-vergleichsstudie/.lizard-tmp-DUgF1d/code/seed-b-frontend/.angular/cache/22.1.3/seed-b-frontend/vite/deps/core-l1vVDnYc.js","(anonymous)","(anonymous)",21250,21269
5,1,26,0,24,"useFactory@21247-21270@/home/alex/dev/Bachelor/bmad-vergleichsstudie/.lizard-tmp-DUgF1d/code/seed-b-frontend/.angular/cache/22.1.3/seed-b-frontend/vite/deps/core-l1vVDnYc.js","/home/alex/dev/Bachelor/bmad-vergleichsstudie/.lizard-tmp-DUgF1d/code/seed-b-frontend/.angular/cache/22.1.3/seed-b-frontend/vite/deps/core-l1vVDnYc.js","useFactory","useFactory ( )",21247,21270
16,1,55,0,62,"withEventReplay@21213-21274@/home/alex/dev/Bachelor/bmad-vergleichsstudie/.lizard-tmp-DUgF1d/code/seed-b-frontend/.angular/cache/22.1.3/seed-b-frontend/vite/deps/core-l1vVDnYc.js","/home/alex/dev/Bachelor/bmad-vergleichsstudie/.lizard-tmp-DUgF1d/code/seed-b-frontend/.angular/cache/22.1.3/seed-b-frontend/vite/deps/core-l1vVDnYc.js","withEventReplay","withEventReplay ( )",21213,21274
3,1,13,0,3,"(anonymous)@21284-21286@/home/alex/dev/Bachelor/bmad-vergleichsstudie/.lizard-tmp-DUgF1d/code/seed-b-frontend/.angular/cache/22.1.3/seed-b-frontend/vite/deps/core-l1vVDnYc.js","/home/alex/dev/Bachelor/bmad-vergleichsstudie/.lizard-tmp-DUgF1d/code/seed-b-frontend/.angular/cache/22.1.3/seed-b-frontend/vite/deps/core-l1vVDnYc.js","(anonymous)","(anonymous)",21284,21286
11,3,115,2,13,"initEventReplay@21275-21287@/home/alex/dev/Bachelor/bmad-vergleichsstudie/.lizard-tmp-DUgF1d/code/seed-b-frontend/.angular/cache/22.1.3/seed-b-frontend/vite/deps/core-l1vVDnYc.js","/home/alex/dev/Bachelor/bmad-vergleichsstudie/.lizard-tmp-DUgF1d/code/seed-b-frontend/.angular/cache/22.1.3/seed-b-frontend/vite/deps/core-l1vVDnYc.js","initEventReplay","initEventReplay ( eventDelegation , injector )",21275,21287
22,10,203,3,22,"collectDomEventsInfo@21288-21309@/home/alex/dev/Bachelor/bmad-vergleichsstudie/.lizard-tmp-DUgF1d/code/seed-b-frontend/.angular/cache/22.1.3/seed-b-frontend/vite/deps/core-l1vVDnYc.js","/home/alex/dev/Bachelor/bmad-vergleichsstudie/.lizard-tmp-DUgF1d/code/seed-b-frontend/.angular/cache/22.1.3/seed-b-frontend/vite/deps/core-l1vVDnYc.js","collectDomEventsInfo","collectDomEventsInfo ( tView , lView , eventTypesToReplay )",21288,21309
2,1,12,3,2,"invokeRegisteredReplayListeners@21310-21311@/home/alex/dev/Bachelor/bmad-vergleichsstudie/.lizard-tmp-DUgF1d/code/seed-b-frontend/.angular/cache/22.1.3/seed-b-frontend/vite/deps/core-l1vVDnYc.js","/home/alex/dev/Bachelor/bmad-vergleichsstudie/.lizard-tmp-DUgF1d/code/seed-b-frontend/.angular/cache/22.1.3/seed-b-frontend/vite/deps/core-l1vVDnYc.js","invokeRegisteredReplayListeners","invokeRegisteredReplayListeners ( injector , event , currentTarget )",21310,21311
8,1,44,4,8,"hydrateAndInvokeBlockListeners@21315-21322@/home/alex/dev/Bachelor/bmad-vergleichsstudie/.lizard-tmp-DUgF1d/code/seed-b-frontend/.angular/cache/22.1.3/seed-b-frontend/vite/deps/core-l1vVDnYc.js","/home/alex/dev/Bachelor/bmad-vergleichsstudie/.lizard-tmp-DUgF1d/code/seed-b-frontend/.angular/cache/22.1.3/seed-b-frontend/vite/deps/core-l1vVDnYc.js","hydrateAndInvokeBlockListeners","hydrateAndInvokeBlockListeners ( blockName , injector , event , currentTarget )",21315,21322
14,3,82,0,14,"(anonymous)@21324-21337@/home/alex/dev/Bachelor/bmad-vergleichsstudie/.lizard-tmp-DUgF1d/code/seed-b-frontend/.angular/cache/22.1.3/seed-b-frontend/vite/deps/core-l1vVDnYc.js","/home/alex/dev/Bachelor/bmad-vergleichsstudie/.lizard-tmp-DUgF1d/code/seed-b-frontend/.angular/cache/22.1.3/seed-b-frontend/vite/deps/core-l1vVDnYc.js","(anonymous)","(anonymous)",21324,21337
3,1,12,1,16,"createReplayQueuedBlockEventsFn@21323-21338@/home/alex/dev/Bachelor/bmad-vergleichsstudie/.lizard-tmp-DUgF1d/code/seed-b-frontend/.angular/cache/22.1.3/seed-b-frontend/vite/deps/core-l1vVDnYc.js","/home/alex/dev/Bachelor/bmad-vergleichsstudie/.lizard-tmp-DUgF1d/code/seed-b-frontend/.angular/cache/22.1.3/seed-b-frontend/vite/deps/core-l1vVDnYc.js","createReplayQueuedBlockEventsFn","createReplayQueuedBlockEventsFn ( queue )",21323,21338
13,2,47,0,13,"enableHydrationRuntimeSupport@21342-21354@/home/alex/dev/Bachelor/bmad-vergleichsstudie/.lizard-tmp-DUgF1d/code/seed-b-frontend/.angular/cache/22.1.3/seed-b-frontend/vite/deps/core-l1vVDnYc.js","/home/alex/dev/Bachelor/bmad-vergleichsstudie/.lizard-tmp-DUgF1d/code/seed-b-frontend/.angular/cache/22.1.3/seed-b-frontend/vite/deps/core-l1vVDnYc.js","enableHydrationRuntimeSupport","enableHydrationRuntimeSupport ( )",21342,21354
8,2,27,0,8,"enableI18nHydrationRuntimeSupport@21355-21362@/home/alex/dev/Bachelor/bmad-vergleichsstudie/.lizard-tmp-DUgF1d/code/seed-b-frontend/.angular/cache/22.1.3/seed-b-frontend/vite/deps/core-l1vVDnYc.js","/home/alex/dev/Bachelor/bmad-vergleichsstudie/.lizard-tmp-DUgF1d/code/seed-b-frontend/.angular/cache/22.1.3/seed-b-frontend/vite/deps/core-l1vVDnYc.js","enableI18nHydrationRuntimeSupport","enableI18nHydrationRuntimeSupport ( )",21355,21362
5,2,65,1,5,"printHydrationStats@21363-21367@/home/alex/dev/Bachelor/bmad-vergleichsstudie/.lizard-tmp-DUgF1d/code/seed-b-frontend/.angular/cache/22.1.3/seed-b-frontend/vite/deps/core-l1vVDnYc.js","/home/alex/dev/Bachelor/bmad-vergleichsstudie/.lizard-tmp-DUgF1d/code/seed-b-frontend/.angular/cache/22.1.3/seed-b-frontend/vite/deps/core-l1vVDnYc.js","printHydrationStats","printHydrationStats ( injector )",21363,21367
1,1,9,0,1,"(anonymous)@21374-21374@/home/alex/dev/Bachelor/bmad-vergleichsstudie/.lizard-tmp-DUgF1d/code/seed-b-frontend/.angular/cache/22.1.3/seed-b-frontend/vite/deps/core-l1vVDnYc.js","/home/alex/dev/Bachelor/bmad-vergleichsstudie/.lizard-tmp-DUgF1d/code/seed-b-frontend/.angular/cache/22.1.3/seed-b-frontend/vite/deps/core-l1vVDnYc.js","(anonymous)","(anonymous)",21374,21374
3,1,10,0,3,"(anonymous)@21373-21375@/home/alex/dev/Bachelor/bmad-vergleichsstudie/.lizard-tmp-DUgF1d/code/seed-b-frontend/.angular/cache/22.1.3/seed-b-frontend/vite/deps/core-l1vVDnYc.js","/home/alex/dev/Bachelor/bmad-vergleichsstudie/.lizard-tmp-DUgF1d/code/seed-b-frontend/.angular/cache/22.1.3/seed-b-frontend/vite/deps/core-l1vVDnYc.js","(anonymous)","(anonymous)",21373,21375
1,1,5,0,1,"(anonymous)@21376-21376@/home/alex/dev/Bachelor/bmad-vergleichsstudie/.lizard-tmp-DUgF1d/code/seed-b-frontend/.angular/cache/22.1.3/seed-b-frontend/vite/deps/core-l1vVDnYc.js","/home/alex/dev/Bachelor/bmad-vergleichsstudie/.lizard-tmp-DUgF1d/code/seed-b-frontend/.angular/cache/22.1.3/seed-b-frontend/vite/deps/core-l1vVDnYc.js","(anonymous)","(anonymous)",21376,21376
10,3,74,1,12,"whenStableWithTimeout@21368-21379@/home/alex/dev/Bachelor/bmad-vergleichsstudie/.lizard-tmp-DUgF1d/code/seed-b-frontend/.angular/cache/22.1.3/seed-b-frontend/vite/deps/core-l1vVDnYc.js","/home/alex/dev/Bachelor/bmad-vergleichsstudie/.lizard-tmp-DUgF1d/code/seed-b-frontend/.angular/cache/22.1.3/seed-b-frontend/vite/deps/core-l1vVDnYc.js","whenStableWithTimeout","whenStableWithTimeout ( appRef )",21368,21379
3,1,15,1,3,"isClientRenderModeEnabled@21381-21383@/home/alex/dev/Bachelor/bmad-vergleichsstudie/.lizard-tmp-DUgF1d/code/seed-b-frontend/.angular/cache/22.1.3/seed-b-frontend/vite/deps/core-l1vVDnYc.js","/home/alex/dev/Bachelor/bmad-vergleichsstudie/.lizard-tmp-DUgF1d/code/seed-b-frontend/.angular/cache/22.1.3/seed-b-frontend/vite/deps/core-l1vVDnYc.js","isClientRenderModeEnabled","isClientRenderModeEnabled ( doc )",21381,21383
6,3,45,0,6,"useFactory@21387-21392@/home/alex/dev/Bachelor/bmad-vergleichsstudie/.lizard-tmp-DUgF1d/code/seed-b-frontend/.angular/cache/22.1.3/seed-b-frontend/vite/deps/core-l1vVDnYc.js","/home/alex/dev/Bachelor/bmad-vergleichsstudie/.lizard-tmp-DUgF1d/code/seed-b-frontend/.angular/cache/22.1.3/seed-b-frontend/vite/deps/core-l1vVDnYc.js","useFactory","useFactory ( )",21387,21392
12,5,81,0,12,"useValue@21395-21406@/home/alex/dev/Bachelor/bmad-vergleichsstudie/.lizard-tmp-DUgF1d/code/seed-b-frontend/.angular/cache/22.1.3/seed-b-frontend/vite/deps/core-l1vVDnYc.js","/home/alex/dev/Bachelor/bmad-vergleichsstudie/.lizard-tmp-DUgF1d/code/seed-b-frontend/.angular/cache/22.1.3/seed-b-frontend/vite/deps/core-l1vVDnYc.js","useValue","useValue ( )",21395,21406
3,1,11,0,3,"useFactory@21411-21413@/home/alex/dev/Bachelor/bmad-vergleichsstudie/.lizard-tmp-DUgF1d/code/seed-b-frontend/.angular/cache/22.1.3/seed-b-frontend/vite/deps/core-l1vVDnYc.js","/home/alex/dev/Bachelor/bmad-vergleichsstudie/.lizard-tmp-DUgF1d/code/seed-b-frontend/.angular/cache/22.1.3/seed-b-frontend/vite/deps/core-l1vVDnYc.js","useFactory","useFactory ( )",21411,21413
9,4,47,0,9,"(anonymous)@21421-21429@/home/alex/dev/Bachelor/bmad-vergleichsstudie/.lizard-tmp-DUgF1d/code/seed-b-frontend/.angular/cache/22.1.3/seed-b-frontend/vite/deps/core-l1vVDnYc.js","/home/alex/dev/Bachelor/bmad-vergleichsstudie/.lizard-tmp-DUgF1d/code/seed-b-frontend/.angular/cache/22.1.3/seed-b-frontend/vite/deps/core-l1vVDnYc.js","(anonymous)","(anonymous)",21421,21429
3,1,15,0,11,"(anonymous)@21420-21430@/home/alex/dev/Bachelor/bmad-vergleichsstudie/.lizard-tmp-DUgF1d/code/seed-b-frontend/.angular/cache/22.1.3/seed-b-frontend/vite/deps/core-l1vVDnYc.js","/home/alex/dev/Bachelor/bmad-vergleichsstudie/.lizard-tmp-DUgF1d/code/seed-b-frontend/.angular/cache/22.1.3/seed-b-frontend/vite/deps/core-l1vVDnYc.js","(anonymous)","(anonymous)",21420,21430
1,1,2,0,1,"(anonymous)@21432-21432@/home/alex/dev/Bachelor/bmad-vergleichsstudie/.lizard-tmp-DUgF1d/code/seed-b-frontend/.angular/cache/22.1.3/seed-b-frontend/vite/deps/core-l1vVDnYc.js","/home/alex/dev/Bachelor/bmad-vergleichsstudie/.lizard-tmp-DUgF1d/code/seed-b-frontend/.angular/cache/22.1.3/seed-b-frontend/vite/deps/core-l1vVDnYc.js","(anonymous)","(anonymous)",21432,21432
8,2,42,0,18,"useFactory@21416-21433@/home/alex/dev/Bachelor/bmad-vergleichsstudie/.lizard-tmp-DUgF1d/code/seed-b-frontend/.angular/cache/22.1.3/seed-b-frontend/vite/deps/core-l1vVDnYc.js","/home/alex/dev/Bachelor/bmad-vergleichsstudie/.lizard-tmp-DUgF1d/code/seed-b-frontend/.angular/cache/22.1.3/seed-b-frontend/vite/deps/core-l1vVDnYc.js","useFactory","useFactory ( )",21416,21433
19,1,68,0,54,"withDomHydration@21384-21437@/home/alex/dev/Bachelor/bmad-vergleichsstudie/.lizard-tmp-DUgF1d/code/seed-b-frontend/.angular/cache/22.1.3/seed-b-frontend/vite/deps/core-l1vVDnYc.js","/home/alex/dev/Bachelor/bmad-vergleichsstudie/.lizard-tmp-DUgF1d/code/seed-b-frontend/.angular/cache/22.1.3/seed-b-frontend/vite/deps/core-l1vVDnYc.js","withDomHydration","withDomHydration ( )",21384,21437
2,1,8,0,2,"useFactory@21441-21442@/home/alex/dev/Bachelor/bmad-vergleichsstudie/.lizard-tmp-DUgF1d/code/seed-b-frontend/.angular/cache/22.1.3/seed-b-frontend/vite/deps/core-l1vVDnYc.js","/home/alex/dev/Bachelor/bmad-vergleichsstudie/.lizard-tmp-DUgF1d/code/seed-b-frontend/.angular/cache/22.1.3/seed-b-frontend/vite/deps/core-l1vVDnYc.js","useFactory","useFactory ( )",21441,21442
7,2,28,0,7,"useValue@21444-21450@/home/alex/dev/Bachelor/bmad-vergleichsstudie/.lizard-tmp-DUgF1d/code/seed-b-frontend/.angular/cache/22.1.3/seed-b-frontend/vite/deps/core-l1vVDnYc.js","/home/alex/dev/Bachelor/bmad-vergleichsstudie/.lizard-tmp-DUgF1d/code/seed-b-frontend/.angular/cache/22.1.3/seed-b-frontend/vite/deps/core-l1vVDnYc.js","useValue","useValue ( )",21444,21450
9,1,30,0,16,"withI18nSupport@21438-21453@/home/alex/dev/Bachelor/bmad-vergleichsstudie/.lizard-tmp-DUgF1d/code/seed-b-frontend/.angular/cache/22.1.3/seed-b-frontend/vite/deps/core-l1vVDnYc.js","/home/alex/dev/Bachelor/bmad-vergleichsstudie/.lizard-tmp-DUgF1d/code/seed-b-frontend/.angular/cache/22.1.3/seed-b-frontend/vite/deps/core-l1vVDnYc.js","withI18nSupport","withI18nSupport ( )",21438,21453
7,1,30,0,7,"useFactory@21468-21474@/home/alex/dev/Bachelor/bmad-vergleichsstudie/.lizard-tmp-DUgF1d/code/seed-b-frontend/.angular/cache/22.1.3/seed-b-frontend/vite/deps/core-l1vVDnYc.js","/home/alex/dev/Bachelor/bmad-vergleichsstudie/.lizard-tmp-DUgF1d/code/seed-b-frontend/.angular/cache/22.1.3/seed-b-frontend/vite/deps/core-l1vVDnYc.js","useFactory","useFactory ( )",21468,21474
6,2,22,0,6,"(anonymous)@21478-21483@/home/alex/dev/Bachelor/bmad-vergleichsstudie/.lizard-tmp-DUgF1d/code/seed-b-frontend/.angular/cache/22.1.3/seed-b-frontend/vite/deps/core-l1vVDnYc.js","/home/alex/dev/Bachelor/bmad-vergleichsstudie/.lizard-tmp-DUgF1d/code/seed-b-frontend/.angular/cache/22.1.3/seed-b-frontend/vite/deps/core-l1vVDnYc.js","(anonymous)","(anonymous)",21478,21483
4,1,19,0,9,"useFactory@21476-21484@/home/alex/dev/Bachelor/bmad-vergleichsstudie/.lizard-tmp-DUgF1d/code/seed-b-frontend/.angular/cache/22.1.3/seed-b-frontend/vite/deps/core-l1vVDnYc.js","/home/alex/dev/Bachelor/bmad-vergleichsstudie/.lizard-tmp-DUgF1d/code/seed-b-frontend/.angular/cache/22.1.3/seed-b-frontend/vite/deps/core-l1vVDnYc.js","useFactory","useFactory ( )",21476,21484
21,1,64,0,35,"withIncrementalHydration@21454-21488@/home/alex/dev/Bachelor/bmad-vergleichsstudie/.lizard-tmp-DUgF1d/code/seed-b-frontend/.angular/cache/22.1.3/seed-b-frontend/vite/deps/core-l1vVDnYc.js","/home/alex/dev/Bachelor/bmad-vergleichsstudie/.lizard-tmp-DUgF1d/code/seed-b-frontend/.angular/cache/22.1.3/seed-b-frontend/vite/deps/core-l1vVDnYc.js","withIncrementalHydration","withIncrementalHydration ( )",21454,21488
4,1,36,2,4,"logWarningOnStableTimedout@21489-21492@/home/alex/dev/Bachelor/bmad-vergleichsstudie/.lizard-tmp-DUgF1d/code/seed-b-frontend/.angular/cache/22.1.3/seed-b-frontend/vite/deps/core-l1vVDnYc.js","/home/alex/dev/Bachelor/bmad-vergleichsstudie/.lizard-tmp-DUgF1d/code/seed-b-frontend/.angular/cache/22.1.3/seed-b-frontend/vite/deps/core-l1vVDnYc.js","logWarningOnStableTimedout","logWarningOnStableTimedout ( time , console )",21489,21492
3,1,20,1,3,"add@21496-21498@/home/alex/dev/Bachelor/bmad-vergleichsstudie/.lizard-tmp-DUgF1d/code/seed-b-frontend/.angular/cache/22.1.3/seed-b-frontend/vite/deps/core-l1vVDnYc.js","/home/alex/dev/Bachelor/bmad-vergleichsstudie/.lizard-tmp-DUgF1d/code/seed-b-frontend/.angular/cache/22.1.3/seed-b-frontend/vite/deps/core-l1vVDnYc.js","add","add ( taskId )",21496,21498
3,1,14,1,3,"remove@21499-21501@/home/alex/dev/Bachelor/bmad-vergleichsstudie/.lizard-tmp-DUgF1d/code/seed-b-frontend/.angular/cache/22.1.3/seed-b-frontend/vite/deps/core-l1vVDnYc.js","/home/alex/dev/Bachelor/bmad-vergleichsstudie/.lizard-tmp-DUgF1d/code/seed-b-frontend/.angular/cache/22.1.3/seed-b-frontend/vite/deps/core-l1vVDnYc.js","remove","remove ( taskId )",21499,21501
3,1,13,0,3,"(anonymous)@21514-21516@/home/alex/dev/Bachelor/bmad-vergleichsstudie/.lizard-tmp-DUgF1d/code/seed-b-frontend/.angular/cache/22.1.3/seed-b-frontend/vite/deps/core-l1vVDnYc.js","/home/alex/dev/Bachelor/bmad-vergleichsstudie/.lizard-tmp-DUgF1d/code/seed-b-frontend/.angular/cache/22.1.3/seed-b-frontend/vite/deps/core-l1vVDnYc.js","(anonymous)","(anonymous)",21514,21516
12,8,112,0,12,"(anonymous)@21518-21529@/home/alex/dev/Bachelor/bmad-vergleichsstudie/.lizard-tmp-DUgF1d/code/seed-b-frontend/.angular/cache/22.1.3/seed-b-frontend/vite/deps/core-l1vVDnYc.js","/home/alex/dev/Bachelor/bmad-vergleichsstudie/.lizard-tmp-DUgF1d/code/seed-b-frontend/.angular/cache/22.1.3/seed-b-frontend/vite/deps/core-l1vVDnYc.js","(anonymous)","(anonymous)",21518,21529
3,1,7,0,3,"(anonymous)@21530-21532@/home/alex/dev/Bachelor/bmad-vergleichsstudie/.lizard-tmp-DUgF1d/code/seed-b-frontend/.angular/cache/22.1.3/seed-b-frontend/vite/deps/core-l1vVDnYc.js","/home/alex/dev/Bachelor/bmad-vergleichsstudie/.lizard-tmp-DUgF1d/code/seed-b-frontend/.angular/cache/22.1.3/seed-b-frontend/vite/deps/core-l1vVDnYc.js","(anonymous)","(anonymous)",21530,21532
4,1,29,0,17,"(anonymous)@21517-21533@/home/alex/dev/Bachelor/bmad-vergleichsstudie/.lizard-tmp-DUgF1d/code/seed-b-frontend/.angular/cache/22.1.3/seed-b-frontend/vite/deps/core-l1vVDnYc.js","/home/alex/dev/Bachelor/bmad-vergleichsstudie/.lizard-tmp-DUgF1d/code/seed-b-frontend/.angular/cache/22.1.3/seed-b-frontend/vite/deps/core-l1vVDnYc.js","(anonymous)","(anonymous)",21517,21533
8,4,67,0,26,"(anonymous)@21509-21534@/home/alex/dev/Bachelor/bmad-vergleichsstudie/.lizard-tmp-DUgF1d/code/seed-b-frontend/.angular/cache/22.1.3/seed-b-frontend/vite/deps/core-l1vVDnYc.js","/home/alex/dev/Bachelor/bmad-vergleichsstudie/.lizard-tmp-DUgF1d/code/seed-b-frontend/.angular/cache/22.1.3/seed-b-frontend/vite/deps/core-l1vVDnYc.js","(anonymous)","(anonymous)",21509,21534
8,1,43,0,33,"provideStabilityDebugging@21503-21535@/home/alex/dev/Bachelor/bmad-vergleichsstudie/.lizard-tmp-DUgF1d/code/seed-b-frontend/.angular/cache/22.1.3/seed-b-frontend/vite/deps/core-l1vVDnYc.js","/home/alex/dev/Bachelor/bmad-vergleichsstudie/.lizard-tmp-DUgF1d/code/seed-b-frontend/.angular/cache/22.1.3/seed-b-frontend/vite/deps/core-l1vVDnYc.js","provideStabilityDebugging","provideStabilityDebugging ( )",21503,21535
3,1,11,1,3,"supports@21537-21539@/home/alex/dev/Bachelor/bmad-vergleichsstudie/.lizard-tmp-DUgF1d/code/seed-b-frontend/.angular/cache/22.1.3/seed-b-frontend/vite/deps/core-l1vVDnYc.js","/home/alex/dev/Bachelor/bmad-vergleichsstudie/.lizard-tmp-DUgF1d/code/seed-b-frontend/.angular/cache/22.1.3/seed-b-frontend/vite/deps/core-l1vVDnYc.js","supports","supports ( obj )",21537,21539
3,1,12,1,3,"create@21540-21542@/home/alex/dev/Bachelor/bmad-vergleichsstudie/.lizard-tmp-DUgF1d/code/seed-b-frontend/.angular/cache/22.1.3/seed-b-frontend/vite/deps/core-l1vVDnYc.js","/home/alex/dev/Bachelor/bmad-vergleichsstudie/.lizard-tmp-DUgF1d/code/seed-b-frontend/.angular/cache/22.1.3/seed-b-frontend/vite/deps/core-l1vVDnYc.js","create","create ( trackByFn )",21540,21542
1,1,8,2,1,"trackByIdentity@21544-21544@/home/alex/dev/Bachelor/bmad-vergleichsstudie/.lizard-tmp-DUgF1d/code/seed-b-frontend/.angular/cache/22.1.3/seed-b-frontend/vite/deps/core-l1vVDnYc.js","/home/alex/dev/Bachelor/bmad-vergleichsstudie/.lizard-tmp-DUgF1d/code/seed-b-frontend/.angular/cache/22.1.3/seed-b-frontend/vite/deps/core-l1vVDnYc.js","trackByIdentity","trackByIdentity ( index , item )",21544,21544
3,2,13,1,3,"constructor@21562-21564@/home/alex/dev/Bachelor/bmad-vergleichsstudie/.lizard-tmp-DUgF1d/code/seed-b-frontend/.angular/cache/22.1.3/seed-b-frontend/vite/deps/core-l1vVDnYc.js","/home/alex/dev/Bachelor/bmad-vergleichsstudie/.lizard-tmp-DUgF1d/code/seed-b-frontend/.angular/cache/22.1.3/seed-b-frontend/vite/deps/core-l1vVDnYc.js","constructor","constructor ( trackByFn )",21562,21564
4,2,31,1,4,"forEachItem@21565-21568@/home/alex/dev/Bachelor/bmad-vergleichsstudie/.lizard-tmp-DUgF1d/code/seed-b-frontend/.angular/cache/22.1.3/seed-b-frontend/vite/deps/core-l1vVDnYc.js","/home/alex/dev/Bachelor/bmad-vergleichsstudie/.lizard-tmp-DUgF1d/code/seed-b-frontend/.angular/cache/22.1.3/seed-b-frontend/vite/deps/core-l1vVDnYc.js","forEachItem","forEachItem ( fn )",21565,21568
33,15,247,1,33,"forEachOperation@21569-21601@/home/alex/dev/Bachelor/bmad-vergleichsstudie/.lizard-tmp-DUgF1d/code/seed-b-frontend/.angular/cache/22.1.3/seed-b-frontend/vite/deps/core-l1vVDnYc.js","/home/alex/dev/Bachelor/bmad-vergleichsstudie/.lizard-tmp-DUgF1d/code/seed-b-frontend/.angular/cache/22.1.3/seed-b-frontend/vite/deps/core-l1vVDnYc.js","forEachOperation","forEachOperation ( fn )",21569,21601
4,2,31,1,4,"forEachPreviousItem@21602-21605@/home/alex/dev/Bachelor/bmad-vergleichsstudie/.lizard-tmp-DUgF1d/code/seed-b-frontend/.angular/cache/22.1.3/seed-b-frontend/vite/deps/core-l1vVDnYc.js","/home/alex/dev/Bachelor/bmad-vergleichsstudie/.lizard-tmp-DUgF1d/code/seed-b-frontend/.angular/cache/22.1.3/seed-b-frontend/vite/deps/core-l1vVDnYc.js","forEachPreviousItem","forEachPreviousItem ( fn )",21602,21605
4,2,31,1,4,"forEachAddedItem@21606-21609@/home/alex/dev/Bachelor/bmad-vergleichsstudie/.lizard-tmp-DUgF1d/code/seed-b-frontend/.angular/cache/22.1.3/seed-b-frontend/vite/deps/core-l1vVDnYc.js","/home/alex/dev/Bachelor/bmad-vergleichsstudie/.lizard-tmp-DUgF1d/code/seed-b-frontend/.angular/cache/22.1.3/seed-b-frontend/vite/deps/core-l1vVDnYc.js","forEachAddedItem","forEachAddedItem ( fn )",21606,21609
4,2,31,1,4,"forEachMovedItem@21610-21613@/home/alex/dev/Bachelor/bmad-vergleichsstudie/.lizard-tmp-DUgF1d/code/seed-b-frontend/.angular/cache/22.1.3/seed-b-frontend/vite/deps/core-l1vVDnYc.js","/home/alex/dev/Bachelor/bmad-vergleichsstudie/.lizard-tmp-DUgF1d/code/seed-b-frontend/.angular/cache/22.1.3/seed-b-frontend/vite/deps/core-l1vVDnYc.js","forEachMovedItem","forEachMovedItem ( fn )",21610,21613
4,2,31,1,4,"forEachRemovedItem@21614-21617@/home/alex/dev/Bachelor/bmad-vergleichsstudie/.lizard-tmp-DUgF1d/code/seed-b-frontend/.angular/cache/22.1.3/seed-b-frontend/vite/deps/core-l1vVDnYc.js","/home/alex/dev/Bachelor/bmad-vergleichsstudie/.lizard-tmp-DUgF1d/code/seed-b-frontend/.angular/cache/22.1.3/seed-b-frontend/vite/deps/core-l1vVDnYc.js","forEachRemovedItem","forEachRemovedItem ( fn )",21614,21617
4,2,31,1,4,"forEachIdentityChange@21618-21621@/home/alex/dev/Bachelor/bmad-vergleichsstudie/.lizard-tmp-DUgF1d/code/seed-b-frontend/.angular/cache/22.1.3/seed-b-frontend/vite/deps/core-l1vVDnYc.js","/home/alex/dev/Bachelor/bmad-vergleichsstudie/.lizard-tmp-DUgF1d/code/seed-b-frontend/.angular/cache/22.1.3/seed-b-frontend/vite/deps/core-l1vVDnYc.js","forEachIdentityChange","forEachIdentityChange ( fn )",21618,21621
6,5,57,1,6,"diff@21622-21627@/home/alex/dev/Bachelor/bmad-vergleichsstudie/.lizard-tmp-DUgF1d/code/seed-b-frontend/.angular/cache/22.1.3/seed-b-frontend/vite/deps/core-l1vVDnYc.js","/home/alex/dev/Bachelor/bmad-vergleichsstudie/.lizard-tmp-DUgF1d/code/seed-b-frontend/.angular/cache/22.1.3/seed-b-frontend/vite/deps/core-l1vVDnYc.js","diff","diff ( collection )",21622,21627
1,1,4,0,1,"onDestroy@21628-21628@/home/alex/dev/Bachelor/bmad-vergleichsstudie/.lizard-tmp-DUgF1d/code/seed-b-frontend/.angular/cache/22.1.3/seed-b-frontend/vite/deps/core-l1vVDnYc.js","/home/alex/dev/Bachelor/bmad-vergleichsstudie/.lizard-tmp-DUgF1d/code/seed-b-frontend/.angular/cache/22.1.3/seed-b-frontend/vite/deps/core-l1vVDnYc.js","onDestroy","onDestroy ( )",21628,21628
12,5,106,0,12,"(anonymous)@21652-21663@/home/alex/dev/Bachelor/bmad-vergleichsstudie/.lizard-tmp-DUgF1d/code/seed-b-frontend/.angular/cache/22.1.3/seed-b-frontend/vite/deps/core-l1vVDnYc.js","/home/alex/dev/Bachelor/bmad-vergleichsstudie/.lizard-tmp-DUgF1d/code/seed-b-frontend/.angular/cache/22.1.3/seed-b-frontend/vite/deps/core-l1vVDnYc.js","(anonymous)","(anonymous)",21652,21663
30,7,219,1,41,"check@21629-21669@/home/alex/dev/Bachelor/bmad-vergleichsstudie/.lizard-tmp-DUgF1d/code/seed-b-frontend/.angular/cache/22.1.3/seed-b-frontend/vite/deps/core-l1vVDnYc.js","/home/alex/dev/Bachelor/bmad-vergleichsstudie/.lizard-tmp-DUgF1d/code/seed-b-frontend/.angular/cache/22.1.3/seed-b-frontend/vite/deps/core-l1vVDnYc.js","check","check ( collection )",21629,21669
3,4,29,0,3,"get isDirty@21670-21672@/home/alex/dev/Bachelor/bmad-vergleichsstudie/.lizard-tmp-DUgF1d/code/seed-b-frontend/.angular/cache/22.1.3/seed-b-frontend/vite/deps/core-l1vVDnYc.js","/home/alex/dev/Bachelor/bmad-vergleichsstudie/.lizard-tmp-DUgF1d/code/seed-b-frontend/.angular/cache/22.1.3/seed-b-frontend/vite/deps/core-l1vVDnYc.js","get isDirty","get isDirty ( )",21670,21672
12,5,137,0,12,"_reset@21673-21684@/home/alex/dev/Bachelor/bmad-vergleichsstudie/.lizard-tmp-DUgF1d/code/seed-b-frontend/.angular/cache/22.1.3/seed-b-frontend/vite/deps/core-l1vVDnYc.js","/home/alex/dev/Bachelor/bmad-vergleichsstudie/.lizard-tmp-DUgF1d/code/seed-b-frontend/.angular/cache/22.1.3/seed-b-frontend/vite/deps/core-l1vVDnYc.js","_reset","_reset ( )",21673,21684
20,8,194,4,20,"_mismatch@21685-21704@/home/alex/dev/Bachelor/bmad-vergleichsstudie/.lizard-tmp-DUgF1d/code/seed-b-frontend/.angular/cache/22.1.3/seed-b-frontend/vite/deps/core-l1vVDnYc.js","/home/alex/dev/Bachelor/bmad-vergleichsstudie/.lizard-tmp-DUgF1d/code/seed-b-frontend/.angular/cache/22.1.3/seed-b-frontend/vite/deps/core-l1vVDnYc.js","_mismatch","_mismatch ( record , item , itemTrackBy , index )",21685,21704
9,4,83,4,9,"_verifyReinsertion@21705-21713@/home/alex/dev/Bachelor/bmad-vergleichsstudie/.lizard-tmp-DUgF1d/code/seed-b-frontend/.angular/cache/22.1.3/seed-b-frontend/vite/deps/core-l1vVDnYc.js","/home/alex/dev/Bachelor/bmad-vergleichsstudie/.lizard-tmp-DUgF1d/code/seed-b-frontend/.angular/cache/22.1.3/seed-b-frontend/vite/deps/core-l1vVDnYc.js","_verifyReinsertion","_verifyReinsertion ( record , item , itemTrackBy , index )",21705,21713
13,8,132,1,13,"_truncate@21714-21726@/home/alex/dev/Bachelor/bmad-vergleichsstudie/.lizard-tmp-DUgF1d/code/seed-b-frontend/.angular/cache/22.1.3/seed-b-frontend/vite/deps/core-l1vVDnYc.js","/home/alex/dev/Bachelor/bmad-vergleichsstudie/.lizard-tmp-DUgF1d/code/seed-b-frontend/.angular/cache/22.1.3/seed-b-frontend/vite/deps/core-l1vVDnYc.js","_truncate","_truncate ( record )",21714,21726
12,4,101,3,12,"_reinsertAfter@21727-21738@/home/alex/dev/Bachelor/bmad-vergleichsstudie/.lizard-tmp-DUgF1d/code/seed-b-frontend/.angular/cache/22.1.3/seed-b-frontend/vite/deps/core-l1vVDnYc.js","/home/alex/dev/Bachelor/bmad-vergleichsstudie/.lizard-tmp-DUgF1d/code/seed-b-frontend/.angular/cache/22.1.3/seed-b-frontend/vite/deps/core-l1vVDnYc.js","_reinsertAfter","_reinsertAfter ( record , prevRecord , index )",21727,21738
6,1,39,3,6,"_moveAfter@21739-21744@/home/alex/dev/Bachelor/bmad-vergleichsstudie/.lizard-tmp-DUgF1d/code/seed-b-frontend/.angular/cache/22.1.3/seed-b-frontend/vite/deps/core-l1vVDnYc.js","/home/alex/dev/Bachelor/bmad-vergleichsstudie/.lizard-tmp-DUgF1d/code/seed-b-frontend/.angular/cache/22.1.3/seed-b-frontend/vite/deps/core-l1vVDnYc.js","_moveAfter","_moveAfter ( record , prevRecord , index )",21739,21744
6,2,54,3,6,"_addAfter@21745-21750@/home/alex/dev/Bachelor/bmad-vergleichsstudie/.lizard-tmp-DUgF1d/code/seed-b-frontend/.angular/cache/22.1.3/seed-b-frontend/vite/deps/core-l1vVDnYc.js","/home/alex/dev/Bachelor/bmad-vergleichsstudie/.lizard-tmp-DUgF1d/code/seed-b-frontend/.angular/cache/22.1.3/seed-b-frontend/vite/deps/core-l1vVDnYc.js","_addAfter","_addAfter ( record , prevRecord , index )",21745,21750
13,5,109,3,13,"_insertAfter@21751-21763@/home/alex/dev/Bachelor/bmad-vergleichsstudie/.lizard-tmp-DUgF1d/code/seed-b-frontend/.angular/cache/22.1.3/seed-b-frontend/vite/deps/core-l1vVDnYc.js","/home/alex/dev/Bachelor/bmad-vergleichsstudie/.lizard-tmp-DUgF1d/code/seed-b-frontend/.angular/cache/22.1.3/seed-b-frontend/vite/deps/core-l1vVDnYc.js","_insertAfter","_insertAfter ( record , prevRecord , index )",21751,21763
3,1,18,1,3,"_remove@21764-21766@/home/alex/dev/Bachelor/bmad-vergleichsstudie/.lizard-tmp-DUgF1d/code/seed-b-frontend/.angular/cache/22.1.3/seed-b-frontend/vite/deps/core-l1vVDnYc.js","/home/alex/dev/Bachelor/bmad-vergleichsstudie/.lizard-tmp-DUgF1d/code/seed-b-frontend/.angular/cache/22.1.3/seed-b-frontend/vite/deps/core-l1vVDnYc.js","_remove","_remove ( record )",21764,21766
10,4,77,1,10,"_unlink@21767-21776@/home/alex/dev/Bachelor/bmad-vergleichsstudie/.lizard-tmp-DUgF1d/code/seed-b-frontend/.angular/cache/22.1.3/seed-b-frontend/vite/deps/core-l1vVDnYc.js","/home/alex/dev/Bachelor/bmad-vergleichsstudie/.lizard-tmp-DUgF1d/code/seed-b-frontend/.angular/cache/22.1.3/seed-b-frontend/vite/deps/core-l1vVDnYc.js","_unlink","_unlink ( record )",21767,21776
6,3,52,2,6,"_addToMoves@21777-21782@/home/alex/dev/Bachelor/bmad-vergleichsstudie/.lizard-tmp-DUgF1d/code/seed-b-frontend/.angular/cache/22.1.3/seed-b-frontend/vite/deps/core-l1vVDnYc.js","/home/alex/dev/Bachelor/bmad-vergleichsstudie/.lizard-tmp-DUgF1d/code/seed-b-frontend/.angular/cache/22.1.3/seed-b-frontend/vite/deps/core-l1vVDnYc.js","_addToMoves","_addToMoves ( record , toIndex )",21777,21782
14,3,95,1,14,"_addToRemovals@21783-21796@/home/alex/dev/Bachelor/bmad-vergleichsstudie/.lizard-tmp-DUgF1d/code/seed-b-frontend/.angular/cache/22.1.3/seed-b-frontend/vite/deps/core-l1vVDnYc.js","/home/alex/dev/Bachelor/bmad-vergleichsstudie/.lizard-tmp-DUgF1d/code/seed-b-frontend/.angular/cache/22.1.3/seed-b-frontend/vite/deps/core-l1vVDnYc.js","_addToRemovals","_addToRemovals ( record )",21783,21796
6,2,47,2,6,"_addIdentityChange@21797-21802@/home/alex/dev/Bachelor/bmad-vergleichsstudie/.lizard-tmp-DUgF1d/code/seed-b-frontend/.angular/cache/22.1.3/seed-b-frontend/vite/deps/core-l1vVDnYc.js","/home/alex/dev/Bachelor/bmad-vergleichsstudie/.lizard-tmp-DUgF1d/code/seed-b-frontend/.angular/cache/22.1.3/seed-b-frontend/vite/deps/core-l1vVDnYc.js","_addIdentityChange","_addIdentityChange ( record , item )",21797,21802
4,1,19,2,4,"constructor@21819-21822@/home/alex/dev/Bachelor/bmad-vergleichsstudie/.lizard-tmp-DUgF1d/code/seed-b-frontend/.angular/cache/22.1.3/seed-b-frontend/vite/deps/core-l1vVDnYc.js","/home/alex/dev/Bachelor/bmad-vergleichsstudie/.lizard-tmp-DUgF1d/code/seed-b-frontend/.angular/cache/22.1.3/seed-b-frontend/vite/deps/core-l1vVDnYc.js","constructor","constructor ( item , trackById )",21819,21822
12,2,68,1,12,"add@21827-21838@/home/alex/dev/Bachelor/bmad-vergleichsstudie/.lizard-tmp-DUgF1d/code/seed-b-frontend/.angular/cache/22.1.3/seed-b-frontend/vite/deps/core-l1vVDnYc.js","/home/alex/dev/Bachelor/bmad-vergleichsstudie/.lizard-tmp-DUgF1d/code/seed-b-frontend/.angular/cache/22.1.3/seed-b-frontend/vite/deps/core-l1vVDnYc.js","add","add ( record )",21827,21838
9,2,56,1,9,"put@21856-21864@/home/alex/dev/Bachelor/bmad-vergleichsstudie/.lizard-tmp-DUgF1d/code/seed-b-frontend/.angular/cache/22.1.3/seed-b-frontend/vite/deps/core-l1vVDnYc.js","/home/alex/dev/Bachelor/bmad-vergleichsstudie/.lizard-tmp-DUgF1d/code/seed-b-frontend/.angular/cache/22.1.3/seed-b-frontend/vite/deps/core-l1vVDnYc.js","put","put ( record )",21856,21864
7,4,54,3,7,"getPreviousIndex@21882-21888@/home/alex/dev/Bachelor/bmad-vergleichsstudie/.lizard-tmp-DUgF1d/code/seed-b-frontend/.angular/cache/22.1.3/seed-b-frontend/vite/deps/core-l1vVDnYc.js","/home/alex/dev/Bachelor/bmad-vergleichsstudie/.lizard-tmp-DUgF1d/code/seed-b-frontend/.angular/cache/22.1.3/seed-b-frontend/vite/deps/core-l1vVDnYc.js","getPreviousIndex","getPreviousIndex ( item , addRemoveOffset , moveOffsets )",21882,21888
3,2,15,1,3,"supports@21890-21892@/home/alex/dev/Bachelor/bmad-vergleichsstudie/.lizard-tmp-DUgF1d/code/seed-b-frontend/.angular/cache/22.1.3/seed-b-frontend/vite/deps/core-l1vVDnYc.js","/home/alex/dev/Bachelor/bmad-vergleichsstudie/.lizard-tmp-DUgF1d/code/seed-b-frontend/.angular/cache/22.1.3/seed-b-frontend/vite/deps/core-l1vVDnYc.js","supports","supports ( obj )",21890,21892
3,1,10,0,3,"create@21893-21895@/home/alex/dev/Bachelor/bmad-vergleichsstudie/.lizard-tmp-DUgF1d/code/seed-b-frontend/.angular/cache/22.1.3/seed-b-frontend/vite/deps/core-l1vVDnYc.js","/home/alex/dev/Bachelor/bmad-vergleichsstudie/.lizard-tmp-DUgF1d/code/seed-b-frontend/.angular/cache/22.1.3/seed-b-frontend/vite/deps/core-l1vVDnYc.js","create","create ( )",21893,21895
3,3,23,0,3,"get isDirty@21907-21909@/home/alex/dev/Bachelor/bmad-vergleichsstudie/.lizard-tmp-DUgF1d/code/seed-b-frontend/.angular/cache/22.1.3/seed-b-frontend/vite/deps/core-l1vVDnYc.js","/home/alex/dev/Bachelor/bmad-vergleichsstudie/.lizard-tmp-DUgF1d/code/seed-b-frontend/.angular/cache/22.1.3/seed-b-frontend/vite/deps/core-l1vVDnYc.js","get isDirty","get isDirty ( )",21907,21909
4,2,31,1,4,"forEachItem@21910-21913@/home/alex/dev/Bachelor/bmad-vergleichsstudie/.lizard-tmp-DUgF1d/code/seed-b-frontend/.angular/cache/22.1.3/seed-b-frontend/vite/deps/core-l1vVDnYc.js","/home/alex/dev/Bachelor/bmad-vergleichsstudie/.lizard-tmp-DUgF1d/code/seed-b-frontend/.angular/cache/22.1.3/seed-b-frontend/vite/deps/core-l1vVDnYc.js","forEachItem","forEachItem ( fn )",21910,21913
4,2,31,1,4,"forEachPreviousItem@21914-21917@/home/alex/dev/Bachelor/bmad-vergleichsstudie/.lizard-tmp-DUgF1d/code/seed-b-frontend/.angular/cache/22.1.3/seed-b-frontend/vite/deps/core-l1vVDnYc.js","/home/alex/dev/Bachelor/bmad-vergleichsstudie/.lizard-tmp-DUgF1d/code/seed-b-frontend/.angular/cache/22.1.3/seed-b-frontend/vite/deps/core-l1vVDnYc.js","forEachPreviousItem","forEachPreviousItem ( fn )",21914,21917
4,2,31,1,4,"forEachChangedItem@21918-21921@/home/alex/dev/Bachelor/bmad-vergleichsstudie/.lizard-tmp-DUgF1d/code/seed-b-frontend/.angular/cache/22.1.3/seed-b-frontend/vite/deps/core-l1vVDnYc.js","/home/alex/dev/Bachelor/bmad-vergleichsstudie/.lizard-tmp-DUgF1d/code/seed-b-frontend/.angular/cache/22.1.3/seed-b-frontend/vite/deps/core-l1vVDnYc.js","forEachChangedItem","forEachChangedItem ( fn )",21918,21921
4,2,31,1,4,"forEachAddedItem@21922-21925@/home/alex/dev/Bachelor/bmad-vergleichsstudie/.lizard-tmp-DUgF1d/code/seed-b-frontend/.angular/cache/22.1.3/seed-b-frontend/vite/deps/core-l1vVDnYc.js","/home/alex/dev/Bachelor/bmad-vergleichsstudie/.lizard-tmp-DUgF1d/code/seed-b-frontend/.angular/cache/22.1.3/seed-b-frontend/vite/deps/core-l1vVDnYc.js","forEachAddedItem","forEachAddedItem ( fn )",21922,21925
4,2,31,1,4,"forEachRemovedItem@21926-21929@/home/alex/dev/Bachelor/bmad-vergleichsstudie/.lizard-tmp-DUgF1d/code/seed-b-frontend/.angular/cache/22.1.3/seed-b-frontend/vite/deps/core-l1vVDnYc.js","/home/alex/dev/Bachelor/bmad-vergleichsstudie/.lizard-tmp-DUgF1d/code/seed-b-frontend/.angular/cache/22.1.3/seed-b-frontend/vite/deps/core-l1vVDnYc.js","forEachRemovedItem","forEachRemovedItem ( fn )",21926,21929
5,6,61,1,5,"diff@21930-21934@/home/alex/dev/Bachelor/bmad-vergleichsstudie/.lizard-tmp-DUgF1d/code/seed-b-frontend/.angular/cache/22.1.3/seed-b-frontend/vite/deps/core-l1vVDnYc.js","/home/alex/dev/Bachelor/bmad-vergleichsstudie/.lizard-tmp-DUgF1d/code/seed-b-frontend/.angular/cache/22.1.3/seed-b-frontend/vite/deps/core-l1vVDnYc.js","diff","diff ( map )",21930,21934
10,3,61,0,10,"(anonymous)@21939-21948@/home/alex/dev/Bachelor/bmad-vergleichsstudie/.lizard-tmp-DUgF1d/code/seed-b-frontend/.angular/cache/22.1.3/seed-b-frontend/vite/deps/core-l1vVDnYc.js","/home/alex/dev/Bachelor/bmad-vergleichsstudie/.lizard-tmp-DUgF1d/code/seed-b-frontend/.angular/cache/22.1.3/seed-b-frontend/vite/deps/core-l1vVDnYc.js","(anonymous)","(anonymous)",21939,21948
22,7,176,1,31,"check@21935-21965@/home/alex/dev/Bachelor/bmad-vergleichsstudie/.lizard-tmp-DUgF1d/code/seed-b-frontend/.angular/cache/22.1.3/seed-b-frontend/vite/deps/core-l1vVDnYc.js","/home/alex/dev/Bachelor/bmad-vergleichsstudie/.lizard-tmp-DUgF1d/code/seed-b-frontend/.angular/cache/22.1.3/seed-b-frontend/vite/deps/core-l1vVDnYc.js","check","check ( map )",21935,21965
18,5,111,2,18,"_insertBeforeOrAppend@21966-21983@/home/alex/dev/Bachelor/bmad-vergleichsstudie/.lizard-tmp-DUgF1d/code/seed-b-frontend/.angular/cache/22.1.3/seed-b-frontend/vite/deps/core-l1vVDnYc.js","/home/alex/dev/Bachelor/bmad-vergleichsstudie/.lizard-tmp-DUgF1d/code/seed-b-frontend/.angular/cache/22.1.3/seed-b-frontend/vite/deps/core-l1vVDnYc.js","_insertBeforeOrAppend","_insertBeforeOrAppend ( before , record )",21966,21983
18,4,126,2,18,"_getOrCreateRecordForKey@21984-22001@/home/alex/dev/Bachelor/bmad-vergleichsstudie/.lizard-tmp-DUgF1d/code/seed-b-frontend/.angular/cache/22.1.3/seed-b-frontend/vite/deps/core-l1vVDnYc.js","/home/alex/dev/Bachelor/bmad-vergleichsstudie/.lizard-tmp-DUgF1d/code/seed-b-frontend/.angular/cache/22.1.3/seed-b-frontend/vite/deps/core-l1vVDnYc.js","_getOrCreateRecordForKey","_getOrCreateRecordForKey ( key , value )",21984,22001
12,5,127,0,12,"_reset@22002-22013@/home/alex/dev/Bachelor/bmad-vergleichsstudie/.lizard-tmp-DUgF1d/code/seed-b-frontend/.angular/cache/22.1.3/seed-b-frontend/vite/deps/core-l1vVDnYc.js","/home/alex/dev/Bachelor/bmad-vergleichsstudie/.lizard-tmp-DUgF1d/code/seed-b-frontend/.angular/cache/22.1.3/seed-b-frontend/vite/deps/core-l1vVDnYc.js","_reset","_reset ( )",22002,22013
7,2,44,2,7,"_maybeAddToChanges@22014-22020@/home/alex/dev/Bachelor/bmad-vergleichsstudie/.lizard-tmp-DUgF1d/code/seed-b-frontend/.angular/cache/22.1.3/seed-b-frontend/vite/deps/core-l1vVDnYc.js","/home/alex/dev/Bachelor/bmad-vergleichsstudie/.lizard-tmp-DUgF1d/code/seed-b-frontend/.angular/cache/22.1.3/seed-b-frontend/vite/deps/core-l1vVDnYc.js","_maybeAddToChanges","_maybeAddToChanges ( record , newValue )",22014,22020
7,2,40,1,7,"_addToAdditions@22021-22027@/home/alex/dev/Bachelor/bmad-vergleichsstudie/.lizard-tmp-DUgF1d/code/seed-b-frontend/.angular/cache/22.1.3/seed-b-frontend/vite/deps/core-l1vVDnYc.js","/home/alex/dev/Bachelor/bmad-vergleichsstudie/.lizard-tmp-DUgF1d/code/seed-b-frontend/.angular/cache/22.1.3/seed-b-frontend/vite/deps/core-l1vVDnYc.js","_addToAdditions","_addToAdditions ( record )",22021,22027
7,2,40,1,7,"_addToChanges@22028-22034@/home/alex/dev/Bachelor/bmad-vergleichsstudie/.lizard-tmp-DUgF1d/code/seed-b-frontend/.angular/cache/22.1.3/seed-b-frontend/vite/deps/core-l1vVDnYc.js","/home/alex/dev/Bachelor/bmad-vergleichsstudie/.lizard-tmp-DUgF1d/code/seed-b-frontend/.angular/cache/22.1.3/seed-b-frontend/vite/deps/core-l1vVDnYc.js","_addToChanges","_addToChanges ( record )",22028,22034
1,1,10,0,1,"(anonymous)@22037-22037@/home/alex/dev/Bachelor/bmad-vergleichsstudie/.lizard-tmp-DUgF1d/code/seed-b-frontend/.angular/cache/22.1.3/seed-b-frontend/vite/deps/core-l1vVDnYc.js","/home/alex/dev/Bachelor/bmad-vergleichsstudie/.lizard-tmp-DUgF1d/code/seed-b-frontend/.angular/cache/22.1.3/seed-b-frontend/vite/deps/core-l1vVDnYc.js","(anonymous)","(anonymous)",22037,22037
4,2,36,2,4,"_forEach@22035-22038@/home/alex/dev/Bachelor/bmad-vergleichsstudie/.lizard-tmp-DUgF1d/code/seed-b-frontend/.angular/cache/22.1.3/seed-b-frontend/vite/deps/core-l1vVDnYc.js","/home/alex/dev/Bachelor/bmad-vergleichsstudie/.lizard-tmp-DUgF1d/code/seed-b-frontend/.angular/cache/22.1.3/seed-b-frontend/vite/deps/core-l1vVDnYc.js","_forEach","_forEach ( obj , fn )",22035,22038
3,1,11,1,3,"constructor@22050-22052@/home/alex/dev/Bachelor/bmad-vergleichsstudie/.lizard-tmp-DUgF1d/code/seed-b-frontend/.angular/cache/22.1.3/seed-b-frontend/vite/deps/core-l1vVDnYc.js","/home/alex/dev/Bachelor/bmad-vergleichsstudie/.lizard-tmp-DUgF1d/code/seed-b-frontend/.angular/cache/22.1.3/seed-b-frontend/vite/deps/core-l1vVDnYc.js","constructor","constructor ( key )",22050,22052
3,1,16,0,3,"defaultIterableDiffersFactory@22054-22056@/home/alex/dev/Bachelor/bmad-vergleichsstudie/.lizard-tmp-DUgF1d/code/seed-b-frontend/.angular/cache/22.1.3/seed-b-frontend/vite/deps/core-l1vVDnYc.js","/home/alex/dev/Bachelor/bmad-vergleichsstudie/.lizard-tmp-DUgF1d/code/seed-b-frontend/.angular/cache/22.1.3/seed-b-frontend/vite/deps/core-l1vVDnYc.js","defaultIterableDiffersFactory","defaultIterableDiffersFactory ( )",22054,22056
3,1,11,1,3,"constructor@22064-22066@/home/alex/dev/Bachelor/bmad-vergleichsstudie/.lizard-tmp-DUgF1d/code/seed-b-frontend/.angular/cache/22.1.3/seed-b-frontend/vite/deps/core-l1vVDnYc.js","/home/alex/dev/Bachelor/bmad-vergleichsstudie/.lizard-tmp-DUgF1d/code/seed-b-frontend/.angular/cache/22.1.3/seed-b-frontend/vite/deps/core-l1vVDnYc.js","constructor","constructor ( factories )",22064,22066
7,2,42,2,7,"create@22067-22073@/home/alex/dev/Bachelor/bmad-vergleichsstudie/.lizard-tmp-DUgF1d/code/seed-b-frontend/.angular/cache/22.1.3/seed-b-frontend/vite/deps/core-l1vVDnYc.js","/home/alex/dev/Bachelor/bmad-vergleichsstudie/.lizard-tmp-DUgF1d/code/seed-b-frontend/.angular/cache/22.1.3/seed-b-frontend/vite/deps/core-l1vVDnYc.js","create","create ( factories , parent )",22067,22073
7,2,37,0,7,"useFactory@22077-22083@/home/alex/dev/Bachelor/bmad-vergleichsstudie/.lizard-tmp-DUgF1d/code/seed-b-frontend/.angular/cache/22.1.3/seed-b-frontend/vite/deps/core-l1vVDnYc.js","/home/alex/dev/Bachelor/bmad-vergleichsstudie/.lizard-tmp-DUgF1d/code/seed-b-frontend/.angular/cache/22.1.3/seed-b-frontend/vite/deps/core-l1vVDnYc.js","useFactory","useFactory ( )",22077,22083
6,1,16,1,12,"extend@22074-22085@/home/alex/dev/Bachelor/bmad-vergleichsstudie/.lizard-tmp-DUgF1d/code/seed-b-frontend/.angular/cache/22.1.3/seed-b-frontend/vite/deps/core-l1vVDnYc.js","/home/alex/dev/Bachelor/bmad-vergleichsstudie/.lizard-tmp-DUgF1d/code/seed-b-frontend/.angular/cache/22.1.3/seed-b-frontend/vite/deps/core-l1vVDnYc.js","extend","extend ( factories )",22074,22085
1,1,7,0,1,"(anonymous)@22087-22087@/home/alex/dev/Bachelor/bmad-vergleichsstudie/.lizard-tmp-DUgF1d/code/seed-b-frontend/.angular/cache/22.1.3/seed-b-frontend/vite/deps/core-l1vVDnYc.js","/home/alex/dev/Bachelor/bmad-vergleichsstudie/.lizard-tmp-DUgF1d/code/seed-b-frontend/.angular/cache/22.1.3/seed-b-frontend/vite/deps/core-l1vVDnYc.js","(anonymous)","(anonymous)",22087,22087
5,3,51,1,5,"find@22086-22090@/home/alex/dev/Bachelor/bmad-vergleichsstudie/.lizard-tmp-DUgF1d/code/seed-b-frontend/.angular/cache/22.1.3/seed-b-frontend/vite/deps/core-l1vVDnYc.js","/home/alex/dev/Bachelor/bmad-vergleichsstudie/.lizard-tmp-DUgF1d/code/seed-b-frontend/.angular/cache/22.1.3/seed-b-frontend/vite/deps/core-l1vVDnYc.js","find","find ( iterable )",22086,22090
3,2,14,1,3,"getTypeNameForDebugging@22092-22094@/home/alex/dev/Bachelor/bmad-vergleichsstudie/.lizard-tmp-DUgF1d/code/seed-b-frontend/.angular/cache/22.1.3/seed-b-frontend/vite/deps/core-l1vVDnYc.js","/home/alex/dev/Bachelor/bmad-vergleichsstudie/.lizard-tmp-DUgF1d/code/seed-b-frontend/.angular/cache/22.1.3/seed-b-frontend/vite/deps/core-l1vVDnYc.js","getTypeNameForDebugging","getTypeNameForDebugging ( type )",22092,22094
3,1,16,0,3,"defaultKeyValueDiffersFactory@22095-22097@/home/alex/dev/Bachelor/bmad-vergleichsstudie/.lizard-tmp-DUgF1d/code/seed-b-frontend/.angular/cache/22.1.3/seed-b-frontend/vite/deps/core-l1vVDnYc.js","/home/alex/dev/Bachelor/bmad-vergleichsstudie/.lizard-tmp-DUgF1d/code/seed-b-frontend/.angular/cache/22.1.3/seed-b-frontend/vite/deps/core-l1vVDnYc.js","defaultKeyValueDiffersFactory","defaultKeyValueDiffersFactory ( )",22095,22097
3,1,11,1,3,"constructor@22105-22107@/home/alex/dev/Bachelor/bmad-vergleichsstudie/.lizard-tmp-DUgF1d/code/seed-b-frontend/.angular/cache/22.1.3/seed-b-frontend/vite/deps/core-l1vVDnYc.js","/home/alex/dev/Bachelor/bmad-vergleichsstudie/.lizard-tmp-DUgF1d/code/seed-b-frontend/.angular/cache/22.1.3/seed-b-frontend/vite/deps/core-l1vVDnYc.js","constructor","constructor ( factories )",22105,22107
7,2,40,2,7,"create@22108-22114@/home/alex/dev/Bachelor/bmad-vergleichsstudie/.lizard-tmp-DUgF1d/code/seed-b-frontend/.angular/cache/22.1.3/seed-b-frontend/vite/deps/core-l1vVDnYc.js","/home/alex/dev/Bachelor/bmad-vergleichsstudie/.lizard-tmp-DUgF1d/code/seed-b-frontend/.angular/cache/22.1.3/seed-b-frontend/vite/deps/core-l1vVDnYc.js","create","create ( factories , parent )",22108,22114
7,2,37,0,7,"useFactory@22118-22124@/home/alex/dev/Bachelor/bmad-vergleichsstudie/.lizard-tmp-DUgF1d/code/seed-b-frontend/.angular/cache/22.1.3/seed-b-frontend/vite/deps/core-l1vVDnYc.js","/home/alex/dev/Bachelor/bmad-vergleichsstudie/.lizard-tmp-DUgF1d/code/seed-b-frontend/.angular/cache/22.1.3/seed-b-frontend/vite/deps/core-l1vVDnYc.js","useFactory","useFactory ( )",22118,22124
6,1,16,1,12,"extend@22115-22126@/home/alex/dev/Bachelor/bmad-vergleichsstudie/.lizard-tmp-DUgF1d/code/seed-b-frontend/.angular/cache/22.1.3/seed-b-frontend/vite/deps/core-l1vVDnYc.js","/home/alex/dev/Bachelor/bmad-vergleichsstudie/.lizard-tmp-DUgF1d/code/seed-b-frontend/.angular/cache/22.1.3/seed-b-frontend/vite/deps/core-l1vVDnYc.js","extend","extend ( factories )",22115,22126
1,1,7,0,1,"(anonymous)@22128-22128@/home/alex/dev/Bachelor/bmad-vergleichsstudie/.lizard-tmp-DUgF1d/code/seed-b-frontend/.angular/cache/22.1.3/seed-b-frontend/vite/deps/core-l1vVDnYc.js","/home/alex/dev/Bachelor/bmad-vergleichsstudie/.lizard-tmp-DUgF1d/code/seed-b-frontend/.angular/cache/22.1.3/seed-b-frontend/vite/deps/core-l1vVDnYc.js","(anonymous)","(anonymous)",22128,22128
5,3,44,1,5,"find@22127-22131@/home/alex/dev/Bachelor/bmad-vergleichsstudie/.lizard-tmp-DUgF1d/code/seed-b-frontend/.angular/cache/22.1.3/seed-b-frontend/vite/deps/core-l1vVDnYc.js","/home/alex/dev/Bachelor/bmad-vergleichsstudie/.lizard-tmp-DUgF1d/code/seed-b-frontend/.angular/cache/22.1.3/seed-b-frontend/vite/deps/core-l1vVDnYc.js","find","find ( kv )",22127,22131
3,1,25,1,3,"injectChangeDetectorRef@22137-22139@/home/alex/dev/Bachelor/bmad-vergleichsstudie/.lizard-tmp-DUgF1d/code/seed-b-frontend/.angular/cache/22.1.3/seed-b-frontend/vite/deps/core-l1vVDnYc.js","/home/alex/dev/Bachelor/bmad-vergleichsstudie/.lizard-tmp-DUgF1d/code/seed-b-frontend/.angular/cache/22.1.3/seed-b-frontend/vite/deps/core-l1vVDnYc.js","injectChangeDetectorRef","injectChangeDetectorRef ( flags )",22137,22139
10,4,75,3,10,"createViewRef@22140-22149@/home/alex/dev/Bachelor/bmad-vergleichsstudie/.lizard-tmp-DUgF1d/code/seed-b-frontend/.angular/cache/22.1.3/seed-b-frontend/vite/deps/core-l1vVDnYc.js","/home/alex/dev/Bachelor/bmad-vergleichsstudie/.lizard-tmp-DUgF1d/code/seed-b-frontend/.angular/cache/22.1.3/seed-b-frontend/vite/deps/core-l1vVDnYc.js","createViewRef","createViewRef ( tNode , lView , isPipe )",22140,22149
13,6,66,0,13,"(anonymous)@22161-22173@/home/alex/dev/Bachelor/bmad-vergleichsstudie/.lizard-tmp-DUgF1d/code/seed-b-frontend/.angular/cache/22.1.3/seed-b-frontend/vite/deps/core-l1vVDnYc.js","/home/alex/dev/Bachelor/bmad-vergleichsstudie/.lizard-tmp-DUgF1d/code/seed-b-frontend/.angular/cache/22.1.3/seed-b-frontend/vite/deps/core-l1vVDnYc.js","(anonymous)","(anonymous)",22161,22173
3,1,12,0,15,"(anonymous)@22160-22174@/home/alex/dev/Bachelor/bmad-vergleichsstudie/.lizard-tmp-DUgF1d/code/seed-b-frontend/.angular/cache/22.1.3/seed-b-frontend/vite/deps/core-l1vVDnYc.js","/home/alex/dev/Bachelor/bmad-vergleichsstudie/.lizard-tmp-DUgF1d/code/seed-b-frontend/.angular/cache/22.1.3/seed-b-frontend/vite/deps/core-l1vVDnYc.js","(anonymous)","(anonymous)",22160,22174
3,1,14,0,17,"scheduleCheckNoChanges@22159-22175@/home/alex/dev/Bachelor/bmad-vergleichsstudie/.lizard-tmp-DUgF1d/code/seed-b-frontend/.angular/cache/22.1.3/seed-b-frontend/vite/deps/core-l1vVDnYc.js","/home/alex/dev/Bachelor/bmad-vergleichsstudie/.lizard-tmp-DUgF1d/code/seed-b-frontend/.angular/cache/22.1.3/seed-b-frontend/vite/deps/core-l1vVDnYc.js","scheduleCheckNoChanges","scheduleCheckNoChanges ( )",22159,22175
8,1,41,0,24,"(anonymous)@22154-22177@/home/alex/dev/Bachelor/bmad-vergleichsstudie/.lizard-tmp-DUgF1d/code/seed-b-frontend/.angular/cache/22.1.3/seed-b-frontend/vite/deps/core-l1vVDnYc.js","/home/alex/dev/Bachelor/bmad-vergleichsstudie/.lizard-tmp-DUgF1d/code/seed-b-frontend/.angular/cache/22.1.3/seed-b-frontend/vite/deps/core-l1vVDnYc.js","(anonymous)","(anonymous)",22154,22177
3,1,14,1,26,"exhaustiveCheckNoChangesInterval@22153-22178@/home/alex/dev/Bachelor/bmad-vergleichsstudie/.lizard-tmp-DUgF1d/code/seed-b-frontend/.angular/cache/22.1.3/seed-b-frontend/vite/deps/core-l1vVDnYc.js","/home/alex/dev/Bachelor/bmad-vergleichsstudie/.lizard-tmp-DUgF1d/code/seed-b-frontend/.angular/cache/22.1.3/seed-b-frontend/vite/deps/core-l1vVDnYc.js","exhaustiveCheckNoChangesInterval","exhaustiveCheckNoChangesInterval ( interval )",22153,22178
6,4,50,1,6,"provideCheckNoChangesConfig@22179-22184@/home/alex/dev/Bachelor/bmad-vergleichsstudie/.lizard-tmp-DUgF1d/code/seed-b-frontend/.angular/cache/22.1.3/seed-b-frontend/vite/deps/core-l1vVDnYc.js","/home/alex/dev/Bachelor/bmad-vergleichsstudie/.lizard-tmp-DUgF1d/code/seed-b-frontend/.angular/cache/22.1.3/seed-b-frontend/vite/deps/core-l1vVDnYc.js","provideCheckNoChangesConfig","provideCheckNoChangesConfig ( options )",22179,22184
8,2,34,0,8,"(anonymous)@22195-22202@/home/alex/dev/Bachelor/bmad-vergleichsstudie/.lizard-tmp-DUgF1d/code/seed-b-frontend/.angular/cache/22.1.3/seed-b-frontend/vite/deps/core-l1vVDnYc.js","/home/alex/dev/Bachelor/bmad-vergleichsstudie/.lizard-tmp-DUgF1d/code/seed-b-frontend/.angular/cache/22.1.3/seed-b-frontend/vite/deps/core-l1vVDnYc.js","(anonymous)","(anonymous)",22195,22202
4,2,27,0,11,"next@22193-22203@/home/alex/dev/Bachelor/bmad-vergleichsstudie/.lizard-tmp-DUgF1d/code/seed-b-frontend/.angular/cache/22.1.3/seed-b-frontend/vite/deps/core-l1vVDnYc.js","/home/alex/dev/Bachelor/bmad-vergleichsstudie/.lizard-tmp-DUgF1d/code/seed-b-frontend/.angular/cache/22.1.3/seed-b-frontend/vite/deps/core-l1vVDnYc.js","next","next ( )",22193,22203
4,2,31,0,14,"initialize@22191-22204@/home/alex/dev/Bachelor/bmad-vergleichsstudie/.lizard-tmp-DUgF1d/code/seed-b-frontend/.angular/cache/22.1.3/seed-b-frontend/vite/deps/core-l1vVDnYc.js","/home/alex/dev/Bachelor/bmad-vergleichsstudie/.lizard-tmp-DUgF1d/code/seed-b-frontend/.angular/cache/22.1.3/seed-b-frontend/vite/deps/core-l1vVDnYc.js","initialize","initialize ( )",22191,22204
3,1,12,0,3,"ngOnDestroy@22205-22207@/home/alex/dev/Bachelor/bmad-vergleichsstudie/.lizard-tmp-DUgF1d/code/seed-b-frontend/.angular/cache/22.1.3/seed-b-frontend/vite/deps/core-l1vVDnYc.js","/home/alex/dev/Bachelor/bmad-vergleichsstudie/.lizard-tmp-DUgF1d/code/seed-b-frontend/.angular/cache/22.1.3/seed-b-frontend/vite/deps/core-l1vVDnYc.js","ngOnDestroy","ngOnDestroy ( )",22205,22207
3,2,15,0,3,"NgZoneChangeDetectionScheduler_Factory@22208-22210@/home/alex/dev/Bachelor/bmad-vergleichsstudie/.lizard-tmp-DUgF1d/code/seed-b-frontend/.angular/cache/22.1.3/seed-b-frontend/vite/deps/core-l1vVDnYc.js","/home/alex/dev/Bachelor/bmad-vergleichsstudie/.lizard-tmp-DUgF1d/code/seed-b-frontend/.angular/cache/22.1.3/seed-b-frontend/vite/deps/core-l1vVDnYc.js","NgZoneChangeDetectionScheduler_Factory","NgZoneChangeDetectionScheduler_Factory ( )",22208,22210
3,3,28,0,3,"(anonymous)@22216-22218@/home/alex/dev/Bachelor/bmad-vergleichsstudie/.lizard-tmp-DUgF1d/code/seed-b-frontend/.angular/cache/22.1.3/seed-b-frontend/vite/deps/core-l1vVDnYc.js","/home/alex/dev/Bachelor/bmad-vergleichsstudie/.lizard-tmp-DUgF1d/code/seed-b-frontend/.angular/cache/22.1.3/seed-b-frontend/vite/deps/core-l1vVDnYc.js","(anonymous)","(anonymous)",22216,22218
1,1,5,0,1,"factory@22219-22219@/home/alex/dev/Bachelor/bmad-vergleichsstudie/.lizard-tmp-DUgF1d/code/seed-b-frontend/.angular/cache/22.1.3/seed-b-frontend/vite/deps/core-l1vVDnYc.js","/home/alex/dev/Bachelor/bmad-vergleichsstudie/.lizard-tmp-DUgF1d/code/seed-b-frontend/.angular/cache/22.1.3/seed-b-frontend/vite/deps/core-l1vVDnYc.js","factory","factory ( )",22219,22219
4,1,11,0,4,"(anonymous)@22221-22224@/home/alex/dev/Bachelor/bmad-vergleichsstudie/.lizard-tmp-DUgF1d/code/seed-b-frontend/.angular/cache/22.1.3/seed-b-frontend/vite/deps/core-l1vVDnYc.js","/home/alex/dev/Bachelor/bmad-vergleichsstudie/.lizard-tmp-DUgF1d/code/seed-b-frontend/.angular/cache/22.1.3/seed-b-frontend/vite/deps/core-l1vVDnYc.js","(anonymous)","(anonymous)",22221,22224
1,1,6,0,1,"(anonymous)@22240-22240@/home/alex/dev/Bachelor/bmad-vergleichsstudie/.lizard-tmp-DUgF1d/code/seed-b-frontend/.angular/cache/22.1.3/seed-b-frontend/vite/deps/core-l1vVDnYc.js","/home/alex/dev/Bachelor/bmad-vergleichsstudie/.lizard-tmp-DUgF1d/code/seed-b-frontend/.angular/cache/22.1.3/seed-b-frontend/vite/deps/core-l1vVDnYc.js","(anonymous)","(anonymous)",22240,22240
5,4,48,0,5,"useFactory@22237-22241@/home/alex/dev/Bachelor/bmad-vergleichsstudie/.lizard-tmp-DUgF1d/code/seed-b-frontend/.angular/cache/22.1.3/seed-b-frontend/vite/deps/core-l1vVDnYc.js","/home/alex/dev/Bachelor/bmad-vergleichsstudie/.lizard-tmp-DUgF1d/code/seed-b-frontend/.angular/cache/22.1.3/seed-b-frontend/vite/deps/core-l1vVDnYc.js","useFactory","useFactory ( )",22237,22241
3,1,8,0,3,"(anonymous)@22248-22250@/home/alex/dev/Bachelor/bmad-vergleichsstudie/.lizard-tmp-DUgF1d/code/seed-b-frontend/.angular/cache/22.1.3/seed-b-frontend/vite/deps/core-l1vVDnYc.js","/home/alex/dev/Bachelor/bmad-vergleichsstudie/.lizard-tmp-DUgF1d/code/seed-b-frontend/.angular/cache/22.1.3/seed-b-frontend/vite/deps/core-l1vVDnYc.js","(anonymous)","(anonymous)",22248,22250
4,1,19,0,6,"useFactory@22246-22251@/home/alex/dev/Bachelor/bmad-vergleichsstudie/.lizard-tmp-DUgF1d/code/seed-b-frontend/.angular/cache/22.1.3/seed-b-frontend/vite/deps/core-l1vVDnYc.js","/home/alex/dev/Bachelor/bmad-vergleichsstudie/.lizard-tmp-DUgF1d/code/seed-b-frontend/.angular/cache/22.1.3/seed-b-frontend/vite/deps/core-l1vVDnYc.js","useFactory","useFactory ( )",22246,22251
27,5,81,2,39,"internalProvideZoneChangeDetection@22220-22258@/home/alex/dev/Bachelor/bmad-vergleichsstudie/.lizard-tmp-DUgF1d/code/seed-b-frontend/.angular/cache/22.1.3/seed-b-frontend/vite/deps/core-l1vVDnYc.js","/home/alex/dev/Bachelor/bmad-vergleichsstudie/.lizard-tmp-DUgF1d/code/seed-b-frontend/.angular/cache/22.1.3/seed-b-frontend/vite/deps/core-l1vVDnYc.js","internalProvideZoneChangeDetection","internalProvideZoneChangeDetection ( ngZoneFactory , scheduleInRootZone )",22220,22258
6,2,37,0,6,"ngZoneFactory@22262-22267@/home/alex/dev/Bachelor/bmad-vergleichsstudie/.lizard-tmp-DUgF1d/code/seed-b-frontend/.angular/cache/22.1.3/seed-b-frontend/vite/deps/core-l1vVDnYc.js","/home/alex/dev/Bachelor/bmad-vergleichsstudie/.lizard-tmp-DUgF1d/code/seed-b-frontend/.angular/cache/22.1.3/seed-b-frontend/vite/deps/core-l1vVDnYc.js","ngZoneFactory","ngZoneFactory ( )",22262,22267
11,1,44,1,16,"provideZoneChangeDetection@22259-22274@/home/alex/dev/Bachelor/bmad-vergleichsstudie/.lizard-tmp-DUgF1d/code/seed-b-frontend/.angular/cache/22.1.3/seed-b-frontend/vite/deps/core-l1vVDnYc.js","/home/alex/dev/Bachelor/bmad-vergleichsstudie/.lizard-tmp-DUgF1d/code/seed-b-frontend/.angular/cache/22.1.3/seed-b-frontend/vite/deps/core-l1vVDnYc.js","provideZoneChangeDetection","provideZoneChangeDetection ( options )",22259,22274
7,6,39,1,7,"getNgZoneOptions@22275-22281@/home/alex/dev/Bachelor/bmad-vergleichsstudie/.lizard-tmp-DUgF1d/code/seed-b-frontend/.angular/cache/22.1.3/seed-b-frontend/vite/deps/core-l1vVDnYc.js","/home/alex/dev/Bachelor/bmad-vergleichsstudie/.lizard-tmp-DUgF1d/code/seed-b-frontend/.angular/cache/22.1.3/seed-b-frontend/vite/deps/core-l1vVDnYc.js","getNgZoneOptions","getNgZoneOptions ( options )",22275,22281
6,4,37,0,6,"(anonymous)@22295-22300@/home/alex/dev/Bachelor/bmad-vergleichsstudie/.lizard-tmp-DUgF1d/code/seed-b-frontend/.angular/cache/22.1.3/seed-b-frontend/vite/deps/core-l1vVDnYc.js","/home/alex/dev/Bachelor/bmad-vergleichsstudie/.lizard-tmp-DUgF1d/code/seed-b-frontend/.angular/cache/22.1.3/seed-b-frontend/vite/deps/core-l1vVDnYc.js","(anonymous)","(anonymous)",22295,22300
4,1,16,0,9,"(anonymous)@22293-22301@/home/alex/dev/Bachelor/bmad-vergleichsstudie/.lizard-tmp-DUgF1d/code/seed-b-frontend/.angular/cache/22.1.3/seed-b-frontend/vite/deps/core-l1vVDnYc.js","/home/alex/dev/Bachelor/bmad-vergleichsstudie/.lizard-tmp-DUgF1d/code/seed-b-frontend/.angular/cache/22.1.3/seed-b-frontend/vite/deps/core-l1vVDnYc.js","(anonymous)","(anonymous)",22293,22301
3,1,23,0,11,"(anonymous)@22292-22302@/home/alex/dev/Bachelor/bmad-vergleichsstudie/.lizard-tmp-DUgF1d/code/seed-b-frontend/.angular/cache/22.1.3/seed-b-frontend/vite/deps/core-l1vVDnYc.js","/home/alex/dev/Bachelor/bmad-vergleichsstudie/.lizard-tmp-DUgF1d/code/seed-b-frontend/.angular/cache/22.1.3/seed-b-frontend/vite/deps/core-l1vVDnYc.js","(anonymous)","(anonymous)",22292,22302
4,3,20,0,4,"(anonymous)@22303-22306@/home/alex/dev/Bachelor/bmad-vergleichsstudie/.lizard-tmp-DUgF1d/code/seed-b-frontend/.angular/cache/22.1.3/seed-b-frontend/vite/deps/core-l1vVDnYc.js","/home/alex/dev/Bachelor/bmad-vergleichsstudie/.lizard-tmp-DUgF1d/code/seed-b-frontend/.angular/cache/22.1.3/seed-b-frontend/vite/deps/core-l1vVDnYc.js","(anonymous)","(anonymous)",22303,22306
8,5,89,0,21,"initialize@22287-22307@/home/alex/dev/Bachelor/bmad-vergleichsstudie/.lizard-tmp-DUgF1d/code/seed-b-frontend/.angular/cache/22.1.3/seed-b-frontend/vite/deps/core-l1vVDnYc.js","/home/alex/dev/Bachelor/bmad-vergleichsstudie/.lizard-tmp-DUgF1d/code/seed-b-frontend/.angular/cache/22.1.3/seed-b-frontend/vite/deps/core-l1vVDnYc.js","initialize","initialize ( )",22287,22307
3,1,12,0,3,"ngOnDestroy@22308-22310@/home/alex/dev/Bachelor/bmad-vergleichsstudie/.lizard-tmp-DUgF1d/code/seed-b-frontend/.angular/cache/22.1.3/seed-b-frontend/vite/deps/core-l1vVDnYc.js","/home/alex/dev/Bachelor/bmad-vergleichsstudie/.lizard-tmp-DUgF1d/code/seed-b-frontend/.angular/cache/22.1.3/seed-b-frontend/vite/deps/core-l1vVDnYc.js","ngOnDestroy","ngOnDestroy ( )",22308,22310
3,2,15,0,3,"ZoneStablePendingTask_Factory@22311-22313@/home/alex/dev/Bachelor/bmad-vergleichsstudie/.lizard-tmp-DUgF1d/code/seed-b-frontend/.angular/cache/22.1.3/seed-b-frontend/vite/deps/core-l1vVDnYc.js","/home/alex/dev/Bachelor/bmad-vergleichsstudie/.lizard-tmp-DUgF1d/code/seed-b-frontend/.angular/cache/22.1.3/seed-b-frontend/vite/deps/core-l1vVDnYc.js","ZoneStablePendingTask_Factory","ZoneStablePendingTask_Factory ( )",22311,22313
3,3,28,0,3,"(anonymous)@22319-22321@/home/alex/dev/Bachelor/bmad-vergleichsstudie/.lizard-tmp-DUgF1d/code/seed-b-frontend/.angular/cache/22.1.3/seed-b-frontend/vite/deps/core-l1vVDnYc.js","/home/alex/dev/Bachelor/bmad-vergleichsstudie/.lizard-tmp-DUgF1d/code/seed-b-frontend/.angular/cache/22.1.3/seed-b-frontend/vite/deps/core-l1vVDnYc.js","(anonymous)","(anonymous)",22319,22321
5,2,33,3,5,"compileNgModuleFactory@22322-22326@/home/alex/dev/Bachelor/bmad-vergleichsstudie/.lizard-tmp-DUgF1d/code/seed-b-frontend/.angular/cache/22.1.3/seed-b-frontend/vite/deps/core-l1vVDnYc.js","/home/alex/dev/Bachelor/bmad-vergleichsstudie/.lizard-tmp-DUgF1d/code/seed-b-frontend/.angular/cache/22.1.3/seed-b-frontend/vite/deps/core-l1vVDnYc.js","compileNgModuleFactory","compileNgModuleFactory ( injector , options , moduleType )",22322,22326
3,1,19,0,3,"waitToScan@22341-22343@/home/alex/dev/Bachelor/bmad-vergleichsstudie/.lizard-tmp-DUgF1d/code/seed-b-frontend/.angular/cache/22.1.3/seed-b-frontend/vite/deps/core-l1vVDnYc.js","/home/alex/dev/Bachelor/bmad-vergleichsstudie/.lizard-tmp-DUgF1d/code/seed-b-frontend/.angular/cache/22.1.3/seed-b-frontend/vite/deps/core-l1vVDnYc.js","waitToScan","waitToScan ( )",22341,22343
4,2,35,0,4,"setup@22344-22347@/home/alex/dev/Bachelor/bmad-vergleichsstudie/.lizard-tmp-DUgF1d/code/seed-b-frontend/.angular/cache/22.1.3/seed-b-frontend/vite/deps/core-l1vVDnYc.js","/home/alex/dev/Bachelor/bmad-vergleichsstudie/.lizard-tmp-DUgF1d/code/seed-b-frontend/.angular/cache/22.1.3/seed-b-frontend/vite/deps/core-l1vVDnYc.js","setup","setup ( )",22344,22347
1,1,4,0,1,"(anonymous)@22348-22348@/home/alex/dev/Bachelor/bmad-vergleichsstudie/.lizard-tmp-DUgF1d/code/seed-b-frontend/.angular/cache/22.1.3/seed-b-frontend/vite/deps/core-l1vVDnYc.js","/home/alex/dev/Bachelor/bmad-vergleichsstudie/.lizard-tmp-DUgF1d/code/seed-b-frontend/.angular/cache/22.1.3/seed-b-frontend/vite/deps/core-l1vVDnYc.js","(anonymous)","(anonymous)",22348,22348
13,6,94,0,18,"start@22334-22351@/home/alex/dev/Bachelor/bmad-vergleichsstudie/.lizard-tmp-DUgF1d/code/seed-b-frontend/.angular/cache/22.1.3/seed-b-frontend/vite/deps/core-l1vVDnYc.js","/home/alex/dev/Bachelor/bmad-vergleichsstudie/.lizard-tmp-DUgF1d/code/seed-b-frontend/.angular/cache/22.1.3/seed-b-frontend/vite/deps/core-l1vVDnYc.js","start","start ( )",22334,22351
3,1,12,0,3,"ngOnDestroy@22352-22354@/home/alex/dev/Bachelor/bmad-vergleichsstudie/.lizard-tmp-DUgF1d/code/seed-b-frontend/.angular/cache/22.1.3/seed-b-frontend/vite/deps/core-l1vVDnYc.js","/home/alex/dev/Bachelor/bmad-vergleichsstudie/.lizard-tmp-DUgF1d/code/seed-b-frontend/.angular/cache/22.1.3/seed-b-frontend/vite/deps/core-l1vVDnYc.js","ngOnDestroy","ngOnDestroy ( )",22352,22354
7,6,64,0,7,"(anonymous)@22357-22363@/home/alex/dev/Bachelor/bmad-vergleichsstudie/.lizard-tmp-DUgF1d/code/seed-b-frontend/.angular/cache/22.1.3/seed-b-frontend/vite/deps/core-l1vVDnYc.js","/home/alex/dev/Bachelor/bmad-vergleichsstudie/.lizard-tmp-DUgF1d/code/seed-b-frontend/.angular/cache/22.1.3/seed-b-frontend/vite/deps/core-l1vVDnYc.js","(anonymous)","(anonymous)",22357,22363
9,2,45,0,15,"initPerformanceObserver@22355-22369@/home/alex/dev/Bachelor/bmad-vergleichsstudie/.lizard-tmp-DUgF1d/code/seed-b-frontend/.angular/cache/22.1.3/seed-b-frontend/vite/deps/core-l1vVDnYc.js","/home/alex/dev/Bachelor/bmad-vergleichsstudie/.lizard-tmp-DUgF1d/code/seed-b-frontend/.angular/cache/22.1.3/seed-b-frontend/vite/deps/core-l1vVDnYc.js","initPerformanceObserver","initPerformanceObserver ( )",22355,22369
18,15,166,0,18,"scanImages@22370-22387@/home/alex/dev/Bachelor/bmad-vergleichsstudie/.lizard-tmp-DUgF1d/code/seed-b-frontend/.angular/cache/22.1.3/seed-b-frontend/vite/deps/core-l1vVDnYc.js","/home/alex/dev/Bachelor/bmad-vergleichsstudie/.lizard-tmp-DUgF1d/code/seed-b-frontend/.angular/cache/22.1.3/seed-b-frontend/vite/deps/core-l1vVDnYc.js","scanImages","scanImages ( )",22370,22387
1,1,7,0,1,"(anonymous)@22392-22392@/home/alex/dev/Bachelor/bmad-vergleichsstudie/.lizard-tmp-DUgF1d/code/seed-b-frontend/.angular/cache/22.1.3/seed-b-frontend/vite/deps/core-l1vVDnYc.js","/home/alex/dev/Bachelor/bmad-vergleichsstudie/.lizard-tmp-DUgF1d/code/seed-b-frontend/.angular/cache/22.1.3/seed-b-frontend/vite/deps/core-l1vVDnYc.js","(anonymous)","(anonymous)",22392,22392
26,6,240,1,26,"isOversized@22388-22413@/home/alex/dev/Bachelor/bmad-vergleichsstudie/.lizard-tmp-DUgF1d/code/seed-b-frontend/.angular/cache/22.1.3/seed-b-frontend/vite/deps/core-l1vVDnYc.js","/home/alex/dev/Bachelor/bmad-vergleichsstudie/.lizard-tmp-DUgF1d/code/seed-b-frontend/.angular/cache/22.1.3/seed-b-frontend/vite/deps/core-l1vVDnYc.js","isOversized","isOversized ( image )",22388,22413
3,2,15,0,3,"ImagePerformanceWarning_Factory@22414-22416@/home/alex/dev/Bachelor/bmad-vergleichsstudie/.lizard-tmp-DUgF1d/code/seed-b-frontend/.angular/cache/22.1.3/seed-b-frontend/vite/deps/core-l1vVDnYc.js","/home/alex/dev/Bachelor/bmad-vergleichsstudie/.lizard-tmp-DUgF1d/code/seed-b-frontend/.angular/cache/22.1.3/seed-b-frontend/vite/deps/core-l1vVDnYc.js","ImagePerformanceWarning_Factory","ImagePerformanceWarning_Factory ( )",22414,22416
3,3,28,0,3,"(anonymous)@22422-22424@/home/alex/dev/Bachelor/bmad-vergleichsstudie/.lizard-tmp-DUgF1d/code/seed-b-frontend/.angular/cache/22.1.3/seed-b-frontend/vite/deps/core-l1vVDnYc.js","/home/alex/dev/Bachelor/bmad-vergleichsstudie/.lizard-tmp-DUgF1d/code/seed-b-frontend/.angular/cache/22.1.3/seed-b-frontend/vite/deps/core-l1vVDnYc.js","(anonymous)","(anonymous)",22422,22424
3,1,28,1,3,"logLazyLCPWarning@22425-22427@/home/alex/dev/Bachelor/bmad-vergleichsstudie/.lizard-tmp-DUgF1d/code/seed-b-frontend/.angular/cache/22.1.3/seed-b-frontend/vite/deps/core-l1vVDnYc.js","/home/alex/dev/Bachelor/bmad-vergleichsstudie/.lizard-tmp-DUgF1d/code/seed-b-frontend/.angular/cache/22.1.3/seed-b-frontend/vite/deps/core-l1vVDnYc.js","logLazyLCPWarning","logLazyLCPWarning ( src )",22425,22427
3,1,28,1,3,"logOversizedImageWarning@22428-22430@/home/alex/dev/Bachelor/bmad-vergleichsstudie/.lizard-tmp-DUgF1d/code/seed-b-frontend/.angular/cache/22.1.3/seed-b-frontend/vite/deps/core-l1vVDnYc.js","/home/alex/dev/Bachelor/bmad-vergleichsstudie/.lizard-tmp-DUgF1d/code/seed-b-frontend/.angular/cache/22.1.3/seed-b-frontend/vite/deps/core-l1vVDnYc.js","logOversizedImageWarning","logOversizedImageWarning ( src )",22428,22430
3,1,11,1,3,"isApplicationBootstrapConfig@22433-22435@/home/alex/dev/Bachelor/bmad-vergleichsstudie/.lizard-tmp-DUgF1d/code/seed-b-frontend/.angular/cache/22.1.3/seed-b-frontend/vite/deps/core-l1vVDnYc.js","/home/alex/dev/Bachelor/bmad-vergleichsstudie/.lizard-tmp-DUgF1d/code/seed-b-frontend/.angular/cache/22.1.3/seed-b-frontend/vite/deps/core-l1vVDnYc.js","isApplicationBootstrapConfig","isApplicationBootstrapConfig ( config )",22433,22435
3,1,17,0,3,"(anonymous)@22447-22449@/home/alex/dev/Bachelor/bmad-vergleichsstudie/.lizard-tmp-DUgF1d/code/seed-b-frontend/.angular/cache/22.1.3/seed-b-frontend/vite/deps/core-l1vVDnYc.js","/home/alex/dev/Bachelor/bmad-vergleichsstudie/.lizard-tmp-DUgF1d/code/seed-b-frontend/.angular/cache/22.1.3/seed-b-frontend/vite/deps/core-l1vVDnYc.js","(anonymous)","(anonymous)",22447,22449
1,1,9,0,1,"destroyListener@22451-22451@/home/alex/dev/Bachelor/bmad-vergleichsstudie/.lizard-tmp-DUgF1d/code/seed-b-frontend/.angular/cache/22.1.3/seed-b-frontend/vite/deps/core-l1vVDnYc.js","/home/alex/dev/Bachelor/bmad-vergleichsstudie/.lizard-tmp-DUgF1d/code/seed-b-frontend/.angular/cache/22.1.3/seed-b-frontend/vite/deps/core-l1vVDnYc.js","destroyListener","destroyListener ( )",22451,22451
4,1,15,0,4,"(anonymous)@22454-22457@/home/alex/dev/Bachelor/bmad-vergleichsstudie/.lizard-tmp-DUgF1d/code/seed-b-frontend/.angular/cache/22.1.3/seed-b-frontend/vite/deps/core-l1vVDnYc.js","/home/alex/dev/Bachelor/bmad-vergleichsstudie/.lizard-tmp-DUgF1d/code/seed-b-frontend/.angular/cache/22.1.3/seed-b-frontend/vite/deps/core-l1vVDnYc.js","(anonymous)","(anonymous)",22454,22457
1,1,11,0,1,"destroyListener@22459-22459@/home/alex/dev/Bachelor/bmad-vergleichsstudie/.lizard-tmp-DUgF1d/code/seed-b-frontend/.angular/cache/22.1.3/seed-b-frontend/vite/deps/core-l1vVDnYc.js","/home/alex/dev/Bachelor/bmad-vergleichsstudie/.lizard-tmp-DUgF1d/code/seed-b-frontend/.angular/cache/22.1.3/seed-b-frontend/vite/deps/core-l1vVDnYc.js","destroyListener","destroyListener ( )",22459,22459
5,1,26,0,5,"(anonymous)@22462-22466@/home/alex/dev/Bachelor/bmad-vergleichsstudie/.lizard-tmp-DUgF1d/code/seed-b-frontend/.angular/cache/22.1.3/seed-b-frontend/vite/deps/core-l1vVDnYc.js","/home/alex/dev/Bachelor/bmad-vergleichsstudie/.lizard-tmp-DUgF1d/code/seed-b-frontend/.angular/cache/22.1.3/seed-b-frontend/vite/deps/core-l1vVDnYc.js","(anonymous)","(anonymous)",22462,22466
16,8,140,0,16,"(anonymous)@22473-22488@/home/alex/dev/Bachelor/bmad-vergleichsstudie/.lizard-tmp-DUgF1d/code/seed-b-frontend/.angular/cache/22.1.3/seed-b-frontend/vite/deps/core-l1vVDnYc.js","/home/alex/dev/Bachelor/bmad-vergleichsstudie/.lizard-tmp-DUgF1d/code/seed-b-frontend/.angular/cache/22.1.3/seed-b-frontend/vite/deps/core-l1vVDnYc.js","(anonymous)","(anonymous)",22473,22488
7,1,49,0,22,"(anonymous)@22468-22489@/home/alex/dev/Bachelor/bmad-vergleichsstudie/.lizard-tmp-DUgF1d/code/seed-b-frontend/.angular/cache/22.1.3/seed-b-frontend/vite/deps/core-l1vVDnYc.js","/home/alex/dev/Bachelor/bmad-vergleichsstudie/.lizard-tmp-DUgF1d/code/seed-b-frontend/.angular/cache/22.1.3/seed-b-frontend/vite/deps/core-l1vVDnYc.js","(anonymous)","(anonymous)",22468,22489
1,1,8,0,1,"(anonymous)@22489-22489@/home/alex/dev/Bachelor/bmad-vergleichsstudie/.lizard-tmp-DUgF1d/code/seed-b-frontend/.angular/cache/22.1.3/seed-b-frontend/vite/deps/core-l1vVDnYc.js","/home/alex/dev/Bachelor/bmad-vergleichsstudie/.lizard-tmp-DUgF1d/code/seed-b-frontend/.angular/cache/22.1.3/seed-b-frontend/vite/deps/core-l1vVDnYc.js","(anonymous)","(anonymous)",22489,22489
22,7,188,0,52,"(anonymous)@22439-22490@/home/alex/dev/Bachelor/bmad-vergleichsstudie/.lizard-tmp-DUgF1d/code/seed-b-frontend/.angular/cache/22.1.3/seed-b-frontend/vite/deps/core-l1vVDnYc.js","/home/alex/dev/Bachelor/bmad-vergleichsstudie/.lizard-tmp-DUgF1d/code/seed-b-frontend/.angular/cache/22.1.3/seed-b-frontend/vite/deps/core-l1vVDnYc.js","(anonymous)","(anonymous)",22439,22490
5,2,44,1,56,"bootstrap@22436-22491@/home/alex/dev/Bachelor/bmad-vergleichsstudie/.lizard-tmp-DUgF1d/code/seed-b-frontend/.angular/cache/22.1.3/seed-b-frontend/vite/deps/core-l1vVDnYc.js","/home/alex/dev/Bachelor/bmad-vergleichsstudie/.lizard-tmp-DUgF1d/code/seed-b-frontend/.angular/cache/22.1.3/seed-b-frontend/vite/deps/core-l1vVDnYc.js","bootstrap","bootstrap ( config )",22436,22491
3,1,8,0,3,"setModuleBootstrapImpl@22494-22496@/home/alex/dev/Bachelor/bmad-vergleichsstudie/.lizard-tmp-DUgF1d/code/seed-b-frontend/.angular/cache/22.1.3/seed-b-frontend/vite/deps/core-l1vVDnYc.js","/home/alex/dev/Bachelor/bmad-vergleichsstudie/.lizard-tmp-DUgF1d/code/seed-b-frontend/.angular/cache/22.1.3/seed-b-frontend/vite/deps/core-l1vVDnYc.js","setModuleBootstrapImpl","setModuleBootstrapImpl ( )",22494,22496
1,1,7,0,1,"(anonymous)@22499-22499@/home/alex/dev/Bachelor/bmad-vergleichsstudie/.lizard-tmp-DUgF1d/code/seed-b-frontend/.angular/cache/22.1.3/seed-b-frontend/vite/deps/core-l1vVDnYc.js","/home/alex/dev/Bachelor/bmad-vergleichsstudie/.lizard-tmp-DUgF1d/code/seed-b-frontend/.angular/cache/22.1.3/seed-b-frontend/vite/deps/core-l1vVDnYc.js","(anonymous)","(anonymous)",22499,22499
7,4,85,2,7,"_moduleDoBootstrap@22497-22503@/home/alex/dev/Bachelor/bmad-vergleichsstudie/.lizard-tmp-DUgF1d/code/seed-b-frontend/.angular/cache/22.1.3/seed-b-frontend/vite/deps/core-l1vVDnYc.js","/home/alex/dev/Bachelor/bmad-vergleichsstudie/.lizard-tmp-DUgF1d/code/seed-b-frontend/.angular/cache/22.1.3/seed-b-frontend/vite/deps/core-l1vVDnYc.js","_moduleDoBootstrap","_moduleDoBootstrap ( moduleRef , allPlatformModules )",22497,22503
1,1,5,0,1,"(anonymous)@22508-22508@/home/alex/dev/Bachelor/bmad-vergleichsstudie/.lizard-tmp-DUgF1d/code/seed-b-frontend/.angular/cache/22.1.3/seed-b-frontend/vite/deps/core-l1vVDnYc.js","/home/alex/dev/Bachelor/bmad-vergleichsstudie/.lizard-tmp-DUgF1d/code/seed-b-frontend/.angular/cache/22.1.3/seed-b-frontend/vite/deps/core-l1vVDnYc.js","(anonymous)","(anonymous)",22508,22508
4,1,14,0,4,"(anonymous)@22507-22510@/home/alex/dev/Bachelor/bmad-vergleichsstudie/.lizard-tmp-DUgF1d/code/seed-b-frontend/.angular/cache/22.1.3/seed-b-frontend/vite/deps/core-l1vVDnYc.js","/home/alex/dev/Bachelor/bmad-vergleichsstudie/.lizard-tmp-DUgF1d/code/seed-b-frontend/.angular/cache/22.1.3/seed-b-frontend/vite/deps/core-l1vVDnYc.js","(anonymous)","(anonymous)",22507,22510
1,1,5,0,1,"(anonymous)@22513-22513@/home/alex/dev/Bachelor/bmad-vergleichsstudie/.lizard-tmp-DUgF1d/code/seed-b-frontend/.angular/cache/22.1.3/seed-b-frontend/vite/deps/core-l1vVDnYc.js","/home/alex/dev/Bachelor/bmad-vergleichsstudie/.lizard-tmp-DUgF1d/code/seed-b-frontend/.angular/cache/22.1.3/seed-b-frontend/vite/deps/core-l1vVDnYc.js","(anonymous)","(anonymous)",22513,22513
10,4,59,3,13,"_callAndReportToErrorHandler@22504-22516@/home/alex/dev/Bachelor/bmad-vergleichsstudie/.lizard-tmp-DUgF1d/code/seed-b-frontend/.angular/cache/22.1.3/seed-b-frontend/vite/deps/core-l1vVDnYc.js","/home/alex/dev/Bachelor/bmad-vergleichsstudie/.lizard-tmp-DUgF1d/code/seed-b-frontend/.angular/cache/22.1.3/seed-b-frontend/vite/deps/core-l1vVDnYc.js","_callAndReportToErrorHandler","_callAndReportToErrorHandler ( errorHandler , ngZone , callback )",22504,22516
3,1,11,0,3,"constructor@22522-22524@/home/alex/dev/Bachelor/bmad-vergleichsstudie/.lizard-tmp-DUgF1d/code/seed-b-frontend/.angular/cache/22.1.3/seed-b-frontend/vite/deps/core-l1vVDnYc.js","/home/alex/dev/Bachelor/bmad-vergleichsstudie/.lizard-tmp-DUgF1d/code/seed-b-frontend/.angular/cache/22.1.3/seed-b-frontend/vite/deps/core-l1vVDnYc.js","constructor","constructor ( )",22522,22524
15,4,77,2,15,"bootstrapModuleFactory@22525-22539@/home/alex/dev/Bachelor/bmad-vergleichsstudie/.lizard-tmp-DUgF1d/code/seed-b-frontend/.angular/cache/22.1.3/seed-b-frontend/vite/deps/core-l1vVDnYc.js","/home/alex/dev/Bachelor/bmad-vergleichsstudie/.lizard-tmp-DUgF1d/code/seed-b-frontend/.angular/cache/22.1.3/seed-b-frontend/vite/deps/core-l1vVDnYc.js","bootstrapModuleFactory","bootstrapModuleFactory ( moduleFactory , options )",22525,22539
1,1,9,0,1,"(anonymous)@22543-22543@/home/alex/dev/Bachelor/bmad-vergleichsstudie/.lizard-tmp-DUgF1d/code/seed-b-frontend/.angular/cache/22.1.3/seed-b-frontend/vite/deps/core-l1vVDnYc.js","/home/alex/dev/Bachelor/bmad-vergleichsstudie/.lizard-tmp-DUgF1d/code/seed-b-frontend/.angular/cache/22.1.3/seed-b-frontend/vite/deps/core-l1vVDnYc.js","(anonymous)","(anonymous)",22543,22543
5,1,45,2,5,"bootstrapModule@22540-22544@/home/alex/dev/Bachelor/bmad-vergleichsstudie/.lizard-tmp-DUgF1d/code/seed-b-frontend/.angular/cache/22.1.3/seed-b-frontend/vite/deps/core-l1vVDnYc.js","/home/alex/dev/Bachelor/bmad-vergleichsstudie/.lizard-tmp-DUgF1d/code/seed-b-frontend/.angular/cache/22.1.3/seed-b-frontend/vite/deps/core-l1vVDnYc.js","bootstrapModule","bootstrapModule ( moduleType , compilerOptions )",22540,22544
3,1,14,1,3,"onDestroy@22545-22547@/home/alex/dev/Bachelor/bmad-vergleichsstudie/.lizard-tmp-DUgF1d/code/seed-b-frontend/.angular/cache/22.1.3/seed-b-frontend/vite/deps/core-l1vVDnYc.js","/home/alex/dev/Bachelor/bmad-vergleichsstudie/.lizard-tmp-DUgF1d/code/seed-b-frontend/.angular/cache/22.1.3/seed-b-frontend/vite/deps/core-l1vVDnYc.js","onDestroy","onDestroy ( callback )",22545,22547
3,1,9,0,3,"get injector@22548-22550@/home/alex/dev/Bachelor/bmad-vergleichsstudie/.lizard-tmp-DUgF1d/code/seed-b-frontend/.angular/cache/22.1.3/seed-b-frontend/vite/deps/core-l1vVDnYc.js","/home/alex/dev/Bachelor/bmad-vergleichsstudie/.lizard-tmp-DUgF1d/code/seed-b-frontend/.angular/cache/22.1.3/seed-b-frontend/vite/deps/core-l1vVDnYc.js","get injector","get injector ( )",22548,22550
1,1,6,0,1,"(anonymous)@22553-22553@/home/alex/dev/Bachelor/bmad-vergleichsstudie/.lizard-tmp-DUgF1d/code/seed-b-frontend/.angular/cache/22.1.3/seed-b-frontend/vite/deps/core-l1vVDnYc.js","/home/alex/dev/Bachelor/bmad-vergleichsstudie/.lizard-tmp-DUgF1d/code/seed-b-frontend/.angular/cache/22.1.3/seed-b-frontend/vite/deps/core-l1vVDnYc.js","(anonymous)","(anonymous)",22553,22553
1,1,4,0,1,"(anonymous)@22554-22554@/home/alex/dev/Bachelor/bmad-vergleichsstudie/.lizard-tmp-DUgF1d/code/seed-b-frontend/.angular/cache/22.1.3/seed-b-frontend/vite/deps/core-l1vVDnYc.js","/home/alex/dev/Bachelor/bmad-vergleichsstudie/.lizard-tmp-DUgF1d/code/seed-b-frontend/.angular/cache/22.1.3/seed-b-frontend/vite/deps/core-l1vVDnYc.js","(anonymous)","(anonymous)",22554,22554
1,1,4,0,1,"(anonymous)@22557-22557@/home/alex/dev/Bachelor/bmad-vergleichsstudie/.lizard-tmp-DUgF1d/code/seed-b-frontend/.angular/cache/22.1.3/seed-b-frontend/vite/deps/core-l1vVDnYc.js","/home/alex/dev/Bachelor/bmad-vergleichsstudie/.lizard-tmp-DUgF1d/code/seed-b-frontend/.angular/cache/22.1.3/seed-b-frontend/vite/deps/core-l1vVDnYc.js","(anonymous)","(anonymous)",22557,22557
11,4,91,0,11,"destroy@22551-22561@/home/alex/dev/Bachelor/bmad-vergleichsstudie/.lizard-tmp-DUgF1d/code/seed-b-frontend/.angular/cache/22.1.3/seed-b-frontend/vite/deps/core-l1vVDnYc.js","/home/alex/dev/Bachelor/bmad-vergleichsstudie/.lizard-tmp-DUgF1d/code/seed-b-frontend/.angular/cache/22.1.3/seed-b-frontend/vite/deps/core-l1vVDnYc.js","destroy","destroy ( )",22551,22561
3,1,9,0,3,"get destroyed@22562-22564@/home/alex/dev/Bachelor/bmad-vergleichsstudie/.lizard-tmp-DUgF1d/code/seed-b-frontend/.angular/cache/22.1.3/seed-b-frontend/vite/deps/core-l1vVDnYc.js","/home/alex/dev/Bachelor/bmad-vergleichsstudie/.lizard-tmp-DUgF1d/code/seed-b-frontend/.angular/cache/22.1.3/seed-b-frontend/vite/deps/core-l1vVDnYc.js","get destroyed","get destroyed ( )",22562,22564
3,2,19,0,3,"PlatformRef_Factory@22565-22567@/home/alex/dev/Bachelor/bmad-vergleichsstudie/.lizard-tmp-DUgF1d/code/seed-b-frontend/.angular/cache/22.1.3/seed-b-frontend/vite/deps/core-l1vVDnYc.js","/home/alex/dev/Bachelor/bmad-vergleichsstudie/.lizard-tmp-DUgF1d/code/seed-b-frontend/.angular/cache/22.1.3/seed-b-frontend/vite/deps/core-l1vVDnYc.js","PlatformRef_Factory","PlatformRef_Factory ( )",22565,22567
1,1,6,0,1,"(anonymous)@22578-22578@/home/alex/dev/Bachelor/bmad-vergleichsstudie/.lizard-tmp-DUgF1d/code/seed-b-frontend/.angular/cache/22.1.3/seed-b-frontend/vite/deps/core-l1vVDnYc.js","/home/alex/dev/Bachelor/bmad-vergleichsstudie/.lizard-tmp-DUgF1d/code/seed-b-frontend/.angular/cache/22.1.3/seed-b-frontend/vite/deps/core-l1vVDnYc.js","(anonymous)","(anonymous)",22578,22578
6,3,42,0,6,"(anonymous)@22574-22579@/home/alex/dev/Bachelor/bmad-vergleichsstudie/.lizard-tmp-DUgF1d/code/seed-b-frontend/.angular/cache/22.1.3/seed-b-frontend/vite/deps/core-l1vVDnYc.js","/home/alex/dev/Bachelor/bmad-vergleichsstudie/.lizard-tmp-DUgF1d/code/seed-b-frontend/.angular/cache/22.1.3/seed-b-frontend/vite/deps/core-l1vVDnYc.js","(anonymous)","(anonymous)",22574,22579
9,1,34,0,9,"(anonymous)@22589-22597@/home/alex/dev/Bachelor/bmad-vergleichsstudie/.lizard-tmp-DUgF1d/code/seed-b-frontend/.angular/cache/22.1.3/seed-b-frontend/vite/deps/core-l1vVDnYc.js","/home/alex/dev/Bachelor/bmad-vergleichsstudie/.lizard-tmp-DUgF1d/code/seed-b-frontend/.angular/cache/22.1.3/seed-b-frontend/vite/deps/core-l1vVDnYc.js","(anonymous)","(anonymous)",22589,22597
31,10,196,1,39,"serializeInjector@22580-22618@/home/alex/dev/Bachelor/bmad-vergleichsstudie/.lizard-tmp-DUgF1d/code/seed-b-frontend/.angular/cache/22.1.3/seed-b-frontend/vite/deps/core-l1vVDnYc.js","/home/alex/dev/Bachelor/bmad-vergleichsstudie/.lizard-tmp-DUgF1d/code/seed-b-frontend/.angular/cache/22.1.3/seed-b-frontend/vite/deps/core-l1vVDnYc.js","serializeInjector","serializeInjector ( injector )",22580,22618
5,2,41,0,5,"execute@22651-22655@/home/alex/dev/Bachelor/bmad-vergleichsstudie/.lizard-tmp-DUgF1d/code/seed-b-frontend/.angular/cache/22.1.3/seed-b-frontend/vite/deps/core-l1vVDnYc.js","/home/alex/dev/Bachelor/bmad-vergleichsstudie/.lizard-tmp-DUgF1d/code/seed-b-frontend/.angular/cache/22.1.3/seed-b-frontend/vite/deps/core-l1vVDnYc.js","execute","execute ( )",22651,22655
5,2,52,0,5,"(anonymous)@22658-22662@/home/alex/dev/Bachelor/bmad-vergleichsstudie/.lizard-tmp-DUgF1d/code/seed-b-frontend/.angular/cache/22.1.3/seed-b-frontend/vite/deps/core-l1vVDnYc.js","/home/alex/dev/Bachelor/bmad-vergleichsstudie/.lizard-tmp-DUgF1d/code/seed-b-frontend/.angular/cache/22.1.3/seed-b-frontend/vite/deps/core-l1vVDnYc.js","(anonymous)","(anonymous)",22658,22662
1,1,5,0,1,"(anonymous)@22664-22664@/home/alex/dev/Bachelor/bmad-vergleichsstudie/.lizard-tmp-DUgF1d/code/seed-b-frontend/.angular/cache/22.1.3/seed-b-frontend/vite/deps/core-l1vVDnYc.js","/home/alex/dev/Bachelor/bmad-vergleichsstudie/.lizard-tmp-DUgF1d/code/seed-b-frontend/.angular/cache/22.1.3/seed-b-frontend/vite/deps/core-l1vVDnYc.js","(anonymous)","(anonymous)",22664,22664
7,1,41,1,11,"discoverDiGraph@22657-22667@/home/alex/dev/Bachelor/bmad-vergleichsstudie/.lizard-tmp-DUgF1d/code/seed-b-frontend/.angular/cache/22.1.3/seed-b-frontend/vite/deps/core-l1vVDnYc.js","/home/alex/dev/Bachelor/bmad-vergleichsstudie/.lizard-tmp-DUgF1d/code/seed-b-frontend/.angular/cache/22.1.3/seed-b-frontend/vite/deps/core-l1vVDnYc.js","discoverDiGraph","discoverDiGraph ( roots )",22657,22667
24,7,200,1,24,"walkElementInjectors@22668-22691@/home/alex/dev/Bachelor/bmad-vergleichsstudie/.lizard-tmp-DUgF1d/code/seed-b-frontend/.angular/cache/22.1.3/seed-b-frontend/vite/deps/core-l1vVDnYc.js","/home/alex/dev/Bachelor/bmad-vergleichsstudie/.lizard-tmp-DUgF1d/code/seed-b-frontend/.angular/cache/22.1.3/seed-b-frontend/vite/deps/core-l1vVDnYc.js","walkElementInjectors","walkElementInjectors ( rootLView )",22668,22691
14,5,104,1,14,"serializeAncestors@22695-22708@/home/alex/dev/Bachelor/bmad-vergleichsstudie/.lizard-tmp-DUgF1d/code/seed-b-frontend/.angular/cache/22.1.3/seed-b-frontend/vite/deps/core-l1vVDnYc.js","/home/alex/dev/Bachelor/bmad-vergleichsstudie/.lizard-tmp-DUgF1d/code/seed-b-frontend/.angular/cache/22.1.3/seed-b-frontend/vite/deps/core-l1vVDnYc.js","serializeAncestors","serializeAncestors ( injector )",22695,22708
8,4,59,1,21,"collectEnvInjectors@22692-22712@/home/alex/dev/Bachelor/bmad-vergleichsstudie/.lizard-tmp-DUgF1d/code/seed-b-frontend/.angular/cache/22.1.3/seed-b-frontend/vite/deps/core-l1vVDnYc.js","/home/alex/dev/Bachelor/bmad-vergleichsstudie/.lizard-tmp-DUgF1d/code/seed-b-frontend/.angular/cache/22.1.3/seed-b-frontend/vite/deps/core-l1vVDnYc.js","collectEnvInjectors","collectEnvInjectors ( rootLViews )",22692,22712
8,3,36,2,8,"isTNodeDescendant@22713-22720@/home/alex/dev/Bachelor/bmad-vergleichsstudie/.lizard-tmp-DUgF1d/code/seed-b-frontend/.angular/cache/22.1.3/seed-b-frontend/vite/deps/core-l1vVDnYc.js","/home/alex/dev/Bachelor/bmad-vergleichsstudie/.lizard-tmp-DUgF1d/code/seed-b-frontend/.angular/cache/22.1.3/seed-b-frontend/vite/deps/core-l1vVDnYc.js","isTNodeDescendant","isTNodeDescendant ( node , ancestor )",22713,22720
9,5,59,3,9,"isLViewDescendantOfTNode@22721-22729@/home/alex/dev/Bachelor/bmad-vergleichsstudie/.lizard-tmp-DUgF1d/code/seed-b-frontend/.angular/cache/22.1.3/seed-b-frontend/vite/deps/core-l1vVDnYc.js","/home/alex/dev/Bachelor/bmad-vergleichsstudie/.lizard-tmp-DUgF1d/code/seed-b-frontend/.angular/cache/22.1.3/seed-b-frontend/vite/deps/core-l1vVDnYc.js","isLViewDescendantOfTNode","isLViewDescendantOfTNode ( lView , parentLView , parentTNode )",22721,22729
6,4,51,1,6,"getParentEnvInjector@22730-22735@/home/alex/dev/Bachelor/bmad-vergleichsstudie/.lizard-tmp-DUgF1d/code/seed-b-frontend/.angular/cache/22.1.3/seed-b-frontend/vite/deps/core-l1vVDnYc.js","/home/alex/dev/Bachelor/bmad-vergleichsstudie/.lizard-tmp-DUgF1d/code/seed-b-frontend/.angular/cache/22.1.3/seed-b-frontend/vite/deps/core-l1vVDnYc.js","getParentEnvInjector","getParentEnvInjector ( injector )",22730,22735
1,1,2,0,1,"(anonymous)@22781-22781@/home/alex/dev/Bachelor/bmad-vergleichsstudie/.lizard-tmp-DUgF1d/code/seed-b-frontend/.angular/cache/22.1.3/seed-b-frontend/vite/deps/core-l1vVDnYc.js","/home/alex/dev/Bachelor/bmad-vergleichsstudie/.lizard-tmp-DUgF1d/code/seed-b-frontend/.angular/cache/22.1.3/seed-b-frontend/vite/deps/core-l1vVDnYc.js","(anonymous)","(anonymous)",22781,22781
10,3,83,1,10,"execute@22775-22784@/home/alex/dev/Bachelor/bmad-vergleichsstudie/.lizard-tmp-DUgF1d/code/seed-b-frontend/.angular/cache/22.1.3/seed-b-frontend/vite/deps/core-l1vVDnYc.js","/home/alex/dev/Bachelor/bmad-vergleichsstudie/.lizard-tmp-DUgF1d/code/seed-b-frontend/.angular/cache/22.1.3/seed-b-frontend/vite/deps/core-l1vVDnYc.js","execute","execute ( target )",22775,22784
1,1,2,0,1,"(anonymous)@22787-22787@/home/alex/dev/Bachelor/bmad-vergleichsstudie/.lizard-tmp-DUgF1d/code/seed-b-frontend/.angular/cache/22.1.3/seed-b-frontend/vite/deps/core-l1vVDnYc.js","/home/alex/dev/Bachelor/bmad-vergleichsstudie/.lizard-tmp-DUgF1d/code/seed-b-frontend/.angular/cache/22.1.3/seed-b-frontend/vite/deps/core-l1vVDnYc.js","(anonymous)","(anonymous)",22787,22787
6,1,24,1,6,"listener@22788-22793@/home/alex/dev/Bachelor/bmad-vergleichsstudie/.lizard-tmp-DUgF1d/code/seed-b-frontend/.angular/cache/22.1.3/seed-b-frontend/vite/deps/core-l1vVDnYc.js","/home/alex/dev/Bachelor/bmad-vergleichsstudie/.lizard-tmp-DUgF1d/code/seed-b-frontend/.angular/cache/22.1.3/seed-b-frontend/vite/deps/core-l1vVDnYc.js","listener","listener ( inputEvent )",22788,22793
3,1,11,0,3,"(anonymous)@22795-22797@/home/alex/dev/Bachelor/bmad-vergleichsstudie/.lizard-tmp-DUgF1d/code/seed-b-frontend/.angular/cache/22.1.3/seed-b-frontend/vite/deps/core-l1vVDnYc.js","/home/alex/dev/Bachelor/bmad-vergleichsstudie/.lizard-tmp-DUgF1d/code/seed-b-frontend/.angular/cache/22.1.3/seed-b-frontend/vite/deps/core-l1vVDnYc.js","(anonymous)","(anonymous)",22795,22797
6,3,40,0,13,"registerAiTools@22786-22798@/home/alex/dev/Bachelor/bmad-vergleichsstudie/.lizard-tmp-DUgF1d/code/seed-b-frontend/.angular/cache/22.1.3/seed-b-frontend/vite/deps/core-l1vVDnYc.js","/home/alex/dev/Bachelor/bmad-vergleichsstudie/.lizard-tmp-DUgF1d/code/seed-b-frontend/.angular/cache/22.1.3/seed-b-frontend/vite/deps/core-l1vVDnYc.js","registerAiTools","registerAiTools ( )",22786,22798
10,5,67,1,10,"createPlatform@22801-22810@/home/alex/dev/Bachelor/bmad-vergleichsstudie/.lizard-tmp-DUgF1d/code/seed-b-frontend/.angular/cache/22.1.3/seed-b-frontend/vite/deps/core-l1vVDnYc.js","/home/alex/dev/Bachelor/bmad-vergleichsstudie/.lizard-tmp-DUgF1d/code/seed-b-frontend/.angular/cache/22.1.3/seed-b-frontend/vite/deps/core-l1vVDnYc.js","createPlatform","createPlatform ( injector )",22801,22810
13,4,55,0,13,"(anonymous)@22814-22826@/home/alex/dev/Bachelor/bmad-vergleichsstudie/.lizard-tmp-DUgF1d/code/seed-b-frontend/.angular/cache/22.1.3/seed-b-frontend/vite/deps/core-l1vVDnYc.js","/home/alex/dev/Bachelor/bmad-vergleichsstudie/.lizard-tmp-DUgF1d/code/seed-b-frontend/.angular/cache/22.1.3/seed-b-frontend/vite/deps/core-l1vVDnYc.js","(anonymous)","(anonymous)",22814,22826
6,1,46,3,18,"createPlatformFactory@22811-22828@/home/alex/dev/Bachelor/bmad-vergleichsstudie/.lizard-tmp-DUgF1d/code/seed-b-frontend/.angular/cache/22.1.3/seed-b-frontend/vite/deps/core-l1vVDnYc.js","/home/alex/dev/Bachelor/bmad-vergleichsstudie/.lizard-tmp-DUgF1d/code/seed-b-frontend/.angular/cache/22.1.3/seed-b-frontend/vite/deps/core-l1vVDnYc.js","createPlatformFactory","createPlatformFactory ( parentPlatformFactory , name , providers )",22811,22828
15,1,55,2,15,"createPlatformInjector@22830-22844@/home/alex/dev/Bachelor/bmad-vergleichsstudie/.lizard-tmp-DUgF1d/code/seed-b-frontend/.angular/cache/22.1.3/seed-b-frontend/vite/deps/core-l1vVDnYc.js","/home/alex/dev/Bachelor/bmad-vergleichsstudie/.lizard-tmp-DUgF1d/code/seed-b-frontend/.angular/cache/22.1.3/seed-b-frontend/vite/deps/core-l1vVDnYc.js","createPlatformInjector","createPlatformInjector ( providers , name )",22830,22844
6,6,64,1,6,"assertPlatform@22846-22851@/home/alex/dev/Bachelor/bmad-vergleichsstudie/.lizard-tmp-DUgF1d/code/seed-b-frontend/.angular/cache/22.1.3/seed-b-frontend/vite/deps/core-l1vVDnYc.js","/home/alex/dev/Bachelor/bmad-vergleichsstudie/.lizard-tmp-DUgF1d/code/seed-b-frontend/.angular/cache/22.1.3/seed-b-frontend/vite/deps/core-l1vVDnYc.js","assertPlatform","assertPlatform ( requiredToken )",22846,22851
3,3,15,0,3,"getPlatform@22852-22854@/home/alex/dev/Bachelor/bmad-vergleichsstudie/.lizard-tmp-DUgF1d/code/seed-b-frontend/.angular/cache/22.1.3/seed-b-frontend/vite/deps/core-l1vVDnYc.js","/home/alex/dev/Bachelor/bmad-vergleichsstudie/.lizard-tmp-DUgF1d/code/seed-b-frontend/.angular/cache/22.1.3/seed-b-frontend/vite/deps/core-l1vVDnYc.js","getPlatform","getPlatform ( )",22852,22854
5,3,23,0,5,"destroyPlatform@22855-22859@/home/alex/dev/Bachelor/bmad-vergleichsstudie/.lizard-tmp-DUgF1d/code/seed-b-frontend/.angular/cache/22.1.3/seed-b-frontend/vite/deps/core-l1vVDnYc.js","/home/alex/dev/Bachelor/bmad-vergleichsstudie/.lizard-tmp-DUgF1d/code/seed-b-frontend/.angular/cache/22.1.3/seed-b-frontend/vite/deps/core-l1vVDnYc.js","destroyPlatform","destroyPlatform ( )",22855,22859
10,4,58,1,10,"createOrReusePlatformInjector@22862-22871@/home/alex/dev/Bachelor/bmad-vergleichsstudie/.lizard-tmp-DUgF1d/code/seed-b-frontend/.angular/cache/22.1.3/seed-b-frontend/vite/deps/core-l1vVDnYc.js","/home/alex/dev/Bachelor/bmad-vergleichsstudie/.lizard-tmp-DUgF1d/code/seed-b-frontend/.angular/cache/22.1.3/seed-b-frontend/vite/deps/core-l1vVDnYc.js","createOrReusePlatformInjector","createOrReusePlatformInjector ( providers )",22862,22871
7,1,20,1,7,"providePlatformInitializer@22872-22878@/home/alex/dev/Bachelor/bmad-vergleichsstudie/.lizard-tmp-DUgF1d/code/seed-b-frontend/.angular/cache/22.1.3/seed-b-frontend/vite/deps/core-l1vVDnYc.js","/home/alex/dev/Bachelor/bmad-vergleichsstudie/.lizard-tmp-DUgF1d/code/seed-b-frontend/.angular/cache/22.1.3/seed-b-frontend/vite/deps/core-l1vVDnYc.js","providePlatformInitializer","providePlatformInitializer ( initializerFn )",22872,22878
1,1,4,0,1,"(anonymous)@22882-22882@/home/alex/dev/Bachelor/bmad-vergleichsstudie/.lizard-tmp-DUgF1d/code/seed-b-frontend/.angular/cache/22.1.3/seed-b-frontend/vite/deps/core-l1vVDnYc.js","/home/alex/dev/Bachelor/bmad-vergleichsstudie/.lizard-tmp-DUgF1d/code/seed-b-frontend/.angular/cache/22.1.3/seed-b-frontend/vite/deps/core-l1vVDnYc.js","(anonymous)","(anonymous)",22882,22882
3,1,12,0,3,"(anonymous)@22881-22883@/home/alex/dev/Bachelor/bmad-vergleichsstudie/.lizard-tmp-DUgF1d/code/seed-b-frontend/.angular/cache/22.1.3/seed-b-frontend/vite/deps/core-l1vVDnYc.js","/home/alex/dev/Bachelor/bmad-vergleichsstudie/.lizard-tmp-DUgF1d/code/seed-b-frontend/.angular/cache/22.1.3/seed-b-frontend/vite/deps/core-l1vVDnYc.js","(anonymous)","(anonymous)",22881,22883
4,1,27,1,6,"runPlatformInitializers@22879-22884@/home/alex/dev/Bachelor/bmad-vergleichsstudie/.lizard-tmp-DUgF1d/code/seed-b-frontend/.angular/cache/22.1.3/seed-b-frontend/vite/deps/core-l1vVDnYc.js","/home/alex/dev/Bachelor/bmad-vergleichsstudie/.lizard-tmp-DUgF1d/code/seed-b-frontend/.angular/cache/22.1.3/seed-b-frontend/vite/deps/core-l1vVDnYc.js","runPlatformInitializers","runPlatformInitializers ( injector )",22879,22884
27,11,148,1,27,"internalCreateApplication@22885-22911@/home/alex/dev/Bachelor/bmad-vergleichsstudie/.lizard-tmp-DUgF1d/code/seed-b-frontend/.angular/cache/22.1.3/seed-b-frontend/vite/deps/core-l1vVDnYc.js","/home/alex/dev/Bachelor/bmad-vergleichsstudie/.lizard-tmp-DUgF1d/code/seed-b-frontend/.angular/cache/22.1.3/seed-b-frontend/vite/deps/core-l1vVDnYc.js","internalCreateApplication","internalCreateApplication ( config )",22885,22911
10,2,71,1,10,"add@22915-22924@/home/alex/dev/Bachelor/bmad-vergleichsstudie/.lizard-tmp-DUgF1d/code/seed-b-frontend/.angular/cache/22.1.3/seed-b-frontend/vite/deps/core-l1vVDnYc.js","/home/alex/dev/Bachelor/bmad-vergleichsstudie/.lizard-tmp-DUgF1d/code/seed-b-frontend/.angular/cache/22.1.3/seed-b-frontend/vite/deps/core-l1vVDnYc.js","add","add ( serializedView )",22915,22924
3,1,9,0,3,"getAll@22925-22927@/home/alex/dev/Bachelor/bmad-vergleichsstudie/.lizard-tmp-DUgF1d/code/seed-b-frontend/.angular/cache/22.1.3/seed-b-frontend/vite/deps/core-l1vVDnYc.js","/home/alex/dev/Bachelor/bmad-vergleichsstudie/.lizard-tmp-DUgF1d/code/seed-b-frontend/.angular/cache/22.1.3/seed-b-frontend/vite/deps/core-l1vVDnYc.js","getAll","getAll ( )",22925,22927
4,2,28,1,4,"getSsrId@22930-22933@/home/alex/dev/Bachelor/bmad-vergleichsstudie/.lizard-tmp-DUgF1d/code/seed-b-frontend/.angular/cache/22.1.3/seed-b-frontend/vite/deps/core-l1vVDnYc.js","/home/alex/dev/Bachelor/bmad-vergleichsstudie/.lizard-tmp-DUgF1d/code/seed-b-frontend/.angular/cache/22.1.3/seed-b-frontend/vite/deps/core-l1vVDnYc.js","getSsrId","getSsrId ( tView )",22930,22933
5,1,31,3,5,"calcNumRootNodes@22934-22938@/home/alex/dev/Bachelor/bmad-vergleichsstudie/.lizard-tmp-DUgF1d/code/seed-b-frontend/.angular/cache/22.1.3/seed-b-frontend/vite/deps/core-l1vVDnYc.js","/home/alex/dev/Bachelor/bmad-vergleichsstudie/.lizard-tmp-DUgF1d/code/seed-b-frontend/.angular/cache/22.1.3/seed-b-frontend/vite/deps/core-l1vVDnYc.js","calcNumRootNodes","calcNumRootNodes ( tView , lView , tNode )",22934,22938
5,1,23,1,5,"calcNumRootNodesInLContainer@22939-22943@/home/alex/dev/Bachelor/bmad-vergleichsstudie/.lizard-tmp-DUgF1d/code/seed-b-frontend/.angular/cache/22.1.3/seed-b-frontend/vite/deps/core-l1vVDnYc.js","/home/alex/dev/Bachelor/bmad-vergleichsstudie/.lizard-tmp-DUgF1d/code/seed-b-frontend/.angular/cache/22.1.3/seed-b-frontend/vite/deps/core-l1vVDnYc.js","calcNumRootNodesInLContainer","calcNumRootNodesInLContainer ( lContainer )",22939,22943
5,3,42,2,5,"annotateComponentLViewForHydration@22944-22948@/home/alex/dev/Bachelor/bmad-vergleichsstudie/.lizard-tmp-DUgF1d/code/seed-b-frontend/.angular/cache/22.1.3/seed-b-frontend/vite/deps/core-l1vVDnYc.js","/home/alex/dev/Bachelor/bmad-vergleichsstudie/.lizard-tmp-DUgF1d/code/seed-b-frontend/.angular/cache/22.1.3/seed-b-frontend/vite/deps/core-l1vVDnYc.js","annotateComponentLViewForHydration","annotateComponentLViewForHydration ( lView , context )",22944,22948
11,2,101,2,11,"annotateLContainerForHydration@22949-22959@/home/alex/dev/Bachelor/bmad-vergleichsstudie/.lizard-tmp-DUgF1d/code/seed-b-frontend/.angular/cache/22.1.3/seed-b-frontend/vite/deps/core-l1vVDnYc.js","/home/alex/dev/Bachelor/bmad-vergleichsstudie/.lizard-tmp-DUgF1d/code/seed-b-frontend/.angular/cache/22.1.3/seed-b-frontend/vite/deps/core-l1vVDnYc.js","annotateLContainerForHydration","annotateLContainerForHydration ( lContainer , context )",22949,22959
42,6,263,2,42,"annotateForHydration@22960-23001@/home/alex/dev/Bachelor/bmad-vergleichsstudie/.lizard-tmp-DUgF1d/code/seed-b-frontend/.angular/cache/22.1.3/seed-b-frontend/vite/deps/core-l1vVDnYc.js","/home/alex/dev/Bachelor/bmad-vergleichsstudie/.lizard-tmp-DUgF1d/code/seed-b-frontend/.angular/cache/22.1.3/seed-b-frontend/vite/deps/core-l1vVDnYc.js","annotateForHydration","annotateForHydration ( appRef , doc )",22960,23001
81,25,610,5,81,"serializeLContainer@23002-23082@/home/alex/dev/Bachelor/bmad-vergleichsstudie/.lizard-tmp-DUgF1d/code/seed-b-frontend/.angular/cache/22.1.3/seed-b-frontend/vite/deps/core-l1vVDnYc.js","/home/alex/dev/Bachelor/bmad-vergleichsstudie/.lizard-tmp-DUgF1d/code/seed-b-frontend/.angular/cache/22.1.3/seed-b-frontend/vite/deps/core-l1vVDnYc.js","serializeLContainer","serializeLContainer ( lContainer , tNode , lView , parentDeferBlockId , context )",23002,23082
19,5,104,1,19,"serializeHydrateTriggers@23083-23101@/home/alex/dev/Bachelor/bmad-vergleichsstudie/.lizard-tmp-DUgF1d/code/seed-b-frontend/.angular/cache/22.1.3/seed-b-frontend/vite/deps/core-l1vVDnYc.js","/home/alex/dev/Bachelor/bmad-vergleichsstudie/.lizard-tmp-DUgF1d/code/seed-b-frontend/.angular/cache/22.1.3/seed-b-frontend/vite/deps/core-l1vVDnYc.js","serializeHydrateTriggers","serializeHydrateTriggers ( triggerMap )",23083,23101
5,5,49,4,5,"appendSerializedNodePath@23102-23106@/home/alex/dev/Bachelor/bmad-vergleichsstudie/.lizard-tmp-DUgF1d/code/seed-b-frontend/.angular/cache/22.1.3/seed-b-frontend/vite/deps/core-l1vVDnYc.js","/home/alex/dev/Bachelor/bmad-vergleichsstudie/.lizard-tmp-DUgF1d/code/seed-b-frontend/.angular/cache/22.1.3/seed-b-frontend/vite/deps/core-l1vVDnYc.js","appendSerializedNodePath","appendSerializedNodePath ( ngh , tNode , lView , excludedParentNodes )",23102,23106
5,5,56,2,5,"appendDisconnectedNodeIndex@23107-23111@/home/alex/dev/Bachelor/bmad-vergleichsstudie/.lizard-tmp-DUgF1d/code/seed-b-frontend/.angular/cache/22.1.3/seed-b-frontend/vite/deps/core-l1vVDnYc.js","/home/alex/dev/Bachelor/bmad-vergleichsstudie/.lizard-tmp-DUgF1d/code/seed-b-frontend/.angular/cache/22.1.3/seed-b-frontend/vite/deps/core-l1vVDnYc.js","appendDisconnectedNodeIndex","appendDisconnectedNodeIndex ( ngh , tNodeOrNoOffsetIndex )",23107,23111
64,44,705,3,64,"serializeLView@23112-23175@/home/alex/dev/Bachelor/bmad-vergleichsstudie/.lizard-tmp-DUgF1d/code/seed-b-frontend/.angular/cache/22.1.3/seed-b-frontend/vite/deps/core-l1vVDnYc.js","/home/alex/dev/Bachelor/bmad-vergleichsstudie/.lizard-tmp-DUgF1d/code/seed-b-frontend/.angular/cache/22.1.3/seed-b-frontend/vite/deps/core-l1vVDnYc.js","serializeLView","serializeLView ( lView , parentDeferBlockId null , context )",23112,23175
5,9,97,4,5,"conditionallyAnnotateNodePath@23176-23180@/home/alex/dev/Bachelor/bmad-vergleichsstudie/.lizard-tmp-DUgF1d/code/seed-b-frontend/.angular/cache/22.1.3/seed-b-frontend/vite/deps/core-l1vVDnYc.js","/home/alex/dev/Bachelor/bmad-vergleichsstudie/.lizard-tmp-DUgF1d/code/seed-b-frontend/.angular/cache/22.1.3/seed-b-frontend/vite/deps/core-l1vVDnYc.js","conditionallyAnnotateNodePath","conditionallyAnnotateNodePath ( ngh , tNode , lView , excludedParentNodes )",23176,23180
6,3,52,1,6,"componentUsesShadowDomEncapsulation@23181-23186@/home/alex/dev/Bachelor/bmad-vergleichsstudie/.lizard-tmp-DUgF1d/code/seed-b-frontend/.angular/cache/22.1.3/seed-b-frontend/vite/deps/core-l1vVDnYc.js","/home/alex/dev/Bachelor/bmad-vergleichsstudie/.lizard-tmp-DUgF1d/code/seed-b-frontend/.angular/cache/22.1.3/seed-b-frontend/vite/deps/core-l1vVDnYc.js","componentUsesShadowDomEncapsulation","componentUsesShadowDomEncapsulation ( lView )",23181,23186
12,4,97,4,12,"annotateHostElementForHydration@23187-23198@/home/alex/dev/Bachelor/bmad-vergleichsstudie/.lizard-tmp-DUgF1d/code/seed-b-frontend/.angular/cache/22.1.3/seed-b-frontend/vite/deps/core-l1vVDnYc.js","/home/alex/dev/Bachelor/bmad-vergleichsstudie/.lizard-tmp-DUgF1d/code/seed-b-frontend/.angular/cache/22.1.3/seed-b-frontend/vite/deps/core-l1vVDnYc.js","annotateHostElementForHydration","annotateHostElementForHydration ( element , lView , parentDeferBlockId , context )",23187,23198
3,1,18,2,3,"annotateDeferBlockAnchorForHydration@23199-23201@/home/alex/dev/Bachelor/bmad-vergleichsstudie/.lizard-tmp-DUgF1d/code/seed-b-frontend/.angular/cache/22.1.3/seed-b-frontend/vite/deps/core-l1vVDnYc.js","/home/alex/dev/Bachelor/bmad-vergleichsstudie/.lizard-tmp-DUgF1d/code/seed-b-frontend/.angular/cache/22.1.3/seed-b-frontend/vite/deps/core-l1vVDnYc.js","annotateDeferBlockAnchorForHydration","annotateDeferBlockAnchorForHydration ( comment , deferBlockId )",23199,23201
3,2,30,2,3,"insertCorruptedTextNodeMarkers@23202-23204@/home/alex/dev/Bachelor/bmad-vergleichsstudie/.lizard-tmp-DUgF1d/code/seed-b-frontend/.angular/cache/22.1.3/seed-b-frontend/vite/deps/core-l1vVDnYc.js","/home/alex/dev/Bachelor/bmad-vergleichsstudie/.lizard-tmp-DUgF1d/code/seed-b-frontend/.angular/cache/22.1.3/seed-b-frontend/vite/deps/core-l1vVDnYc.js","insertCorruptedTextNodeMarkers","insertCorruptedTextNodeMarkers ( corruptedTextNodes , doc )",23202,23204
8,3,37,1,8,"isContentProjectedNode@23205-23212@/home/alex/dev/Bachelor/bmad-vergleichsstudie/.lizard-tmp-DUgF1d/code/seed-b-frontend/.angular/cache/22.1.3/seed-b-frontend/vite/deps/core-l1vVDnYc.js","/home/alex/dev/Bachelor/bmad-vergleichsstudie/.lizard-tmp-DUgF1d/code/seed-b-frontend/.angular/cache/22.1.3/seed-b-frontend/vite/deps/core-l1vVDnYc.js","isContentProjectedNode","isContentProjectedNode ( tNode )",23205,23212
1,1,8,0,1,"(anonymous)@23217-23217@/home/alex/dev/Bachelor/bmad-vergleichsstudie/.lizard-tmp-DUgF1d/code/seed-b-frontend/.angular/cache/22.1.3/seed-b-frontend/vite/deps/core-l1vVDnYc.js","/home/alex/dev/Bachelor/bmad-vergleichsstudie/.lizard-tmp-DUgF1d/code/seed-b-frontend/.angular/cache/22.1.3/seed-b-frontend/vite/deps/core-l1vVDnYc.js","(anonymous)","(anonymous)",23217,23217
8,4,78,4,8,"annotateDeferBlockRootNodesWithJsAction@23213-23220@/home/alex/dev/Bachelor/bmad-vergleichsstudie/.lizard-tmp-DUgF1d/code/seed-b-frontend/.angular/cache/22.1.3/seed-b-frontend/vite/deps/core-l1vVDnYc.js","/home/alex/dev/Bachelor/bmad-vergleichsstudie/.lizard-tmp-DUgF1d/code/seed-b-frontend/.angular/cache/22.1.3/seed-b-frontend/vite/deps/core-l1vVDnYc.js","annotateDeferBlockRootNodesWithJsAction","annotateDeferBlockRootNodesWithJsAction ( tDetails , rootNodes , parentDeferBlockId , context )",23213,23220
9,5,63,1,9,"getCurrentClosestComponentInstance@23221-23229@/home/alex/dev/Bachelor/bmad-vergleichsstudie/.lizard-tmp-DUgF1d/code/seed-b-frontend/.angular/cache/22.1.3/seed-b-frontend/vite/deps/core-l1vVDnYc.js","/home/alex/dev/Bachelor/bmad-vergleichsstudie/.lizard-tmp-DUgF1d/code/seed-b-frontend/.angular/cache/22.1.3/seed-b-frontend/vite/deps/core-l1vVDnYc.js","getCurrentClosestComponentInstance","getCurrentClosestComponentInstance ( predicate )",23221,23229
5,2,29,1,5,"startMeasuring@23232-23236@/home/alex/dev/Bachelor/bmad-vergleichsstudie/.lizard-tmp-DUgF1d/code/seed-b-frontend/.angular/cache/22.1.3/seed-b-frontend/vite/deps/core-l1vVDnYc.js","/home/alex/dev/Bachelor/bmad-vergleichsstudie/.lizard-tmp-DUgF1d/code/seed-b-frontend/.angular/cache/22.1.3/seed-b-frontend/vite/deps/core-l1vVDnYc.js","startMeasuring","startMeasuring ( label )",23232,23236
8,2,58,1,8,"stopMeasuring@23237-23244@/home/alex/dev/Bachelor/bmad-vergleichsstudie/.lizard-tmp-DUgF1d/code/seed-b-frontend/.angular/cache/22.1.3/seed-b-frontend/vite/deps/core-l1vVDnYc.js","/home/alex/dev/Bachelor/bmad-vergleichsstudie/.lizard-tmp-DUgF1d/code/seed-b-frontend/.angular/cache/22.1.3/seed-b-frontend/vite/deps/core-l1vVDnYc.js","stopMeasuring","stopMeasuring ( label )",23237,23244
8,1,41,1,8,"labels@23245-23252@/home/alex/dev/Bachelor/bmad-vergleichsstudie/.lizard-tmp-DUgF1d/code/seed-b-frontend/.angular/cache/22.1.3/seed-b-frontend/vite/deps/core-l1vVDnYc.js","/home/alex/dev/Bachelor/bmad-vergleichsstudie/.lizard-tmp-DUgF1d/code/seed-b-frontend/.angular/cache/22.1.3/seed-b-frontend/vite/deps/core-l1vVDnYc.js","labels","labels ( label )",23245,23252
8,5,45,0,8,"enableProfiling@23254-23261@/home/alex/dev/Bachelor/bmad-vergleichsstudie/.lizard-tmp-DUgF1d/code/seed-b-frontend/.angular/cache/22.1.3/seed-b-frontend/vite/deps/core-l1vVDnYc.js","/home/alex/dev/Bachelor/bmad-vergleichsstudie/.lizard-tmp-DUgF1d/code/seed-b-frontend/.angular/cache/22.1.3/seed-b-frontend/vite/deps/core-l1vVDnYc.js","enableProfiling","enableProfiling ( )",23254,23261
3,1,8,0,3,"disableProfiling@23262-23264@/home/alex/dev/Bachelor/bmad-vergleichsstudie/.lizard-tmp-DUgF1d/code/seed-b-frontend/.angular/cache/22.1.3/seed-b-frontend/vite/deps/core-l1vVDnYc.js","/home/alex/dev/Bachelor/bmad-vergleichsstudie/.lizard-tmp-DUgF1d/code/seed-b-frontend/.angular/cache/22.1.3/seed-b-frontend/vite/deps/core-l1vVDnYc.js","disableProfiling","disableProfiling ( )",23262,23264
1,1,5,1,1,"ɵassertType@23265-23265@/home/alex/dev/Bachelor/bmad-vergleichsstudie/.lizard-tmp-DUgF1d/code/seed-b-frontend/.angular/cache/22.1.3/seed-b-frontend/vite/deps/core-l1vVDnYc.js","/home/alex/dev/Bachelor/bmad-vergleichsstudie/.lizard-tmp-DUgF1d/code/seed-b-frontend/.angular/cache/22.1.3/seed-b-frontend/vite/deps/core-l1vVDnYc.js","ɵassertType","ɵassertType ( value )",23265,23265
3,3,21,1,3,"booleanAttribute@23266-23268@/home/alex/dev/Bachelor/bmad-vergleichsstudie/.lizard-tmp-DUgF1d/code/seed-b-frontend/.angular/cache/22.1.3/seed-b-frontend/vite/deps/core-l1vVDnYc.js","/home/alex/dev/Bachelor/bmad-vergleichsstudie/.lizard-tmp-DUgF1d/code/seed-b-frontend/.angular/cache/22.1.3/seed-b-frontend/vite/deps/core-l1vVDnYc.js","booleanAttribute","booleanAttribute ( value )",23266,23268
3,3,35,2,3,"numberAttribute@23269-23271@/home/alex/dev/Bachelor/bmad-vergleichsstudie/.lizard-tmp-DUgF1d/code/seed-b-frontend/.angular/cache/22.1.3/seed-b-frontend/vite/deps/core-l1vVDnYc.js","/home/alex/dev/Bachelor/bmad-vergleichsstudie/.lizard-tmp-DUgF1d/code/seed-b-frontend/.angular/cache/22.1.3/seed-b-frontend/vite/deps/core-l1vVDnYc.js","numberAttribute","numberAttribute ( value , fallbackValue NaN )",23269,23271
7,4,57,0,7,"consumerMarkedDirty@23281-23287@/home/alex/dev/Bachelor/bmad-vergleichsstudie/.lizard-tmp-DUgF1d/code/seed-b-frontend/.angular/cache/22.1.3/seed-b-frontend/vite/deps/core-l1vVDnYc.js","/home/alex/dev/Bachelor/bmad-vergleichsstudie/.lizard-tmp-DUgF1d/code/seed-b-frontend/.angular/cache/22.1.3/seed-b-frontend/vite/deps/core-l1vVDnYc.js","consumerMarkedDirty","consumerMarkedDirty ( )",23281,23287
26,10,181,1,26,"phaseFn@23288-23313@/home/alex/dev/Bachelor/bmad-vergleichsstudie/.lizard-tmp-DUgF1d/code/seed-b-frontend/.angular/cache/22.1.3/seed-b-frontend/vite/deps/core-l1vVDnYc.js","/home/alex/dev/Bachelor/bmad-vergleichsstudie/.lizard-tmp-DUgF1d/code/seed-b-frontend/.angular/cache/22.1.3/seed-b-frontend/vite/deps/core-l1vVDnYc.js","phaseFn","phaseFn ( previousValue )",23288,23313
10,1,37,0,41,"AFTER_RENDER_PHASE_EFFECT_NODE@23274-23314@/home/alex/dev/Bachelor/bmad-vergleichsstudie/.lizard-tmp-DUgF1d/code/seed-b-frontend/.angular/cache/22.1.3/seed-b-frontend/vite/deps/core-l1vVDnYc.js","/home/alex/dev/Bachelor/bmad-vergleichsstudie/.lizard-tmp-DUgF1d/code/seed-b-frontend/.angular/cache/22.1.3/seed-b-frontend/vite/deps/core-l1vVDnYc.js","AFTER_RENDER_PHASE_EFFECT_NODE","AFTER_RENDER_PHASE_EFFECT_NODE ( ( )",23274,23314
4,1,12,0,4,"node.signal@23341-23344@/home/alex/dev/Bachelor/bmad-vergleichsstudie/.lizard-tmp-DUgF1d/code/seed-b-frontend/.angular/cache/22.1.3/seed-b-frontend/vite/deps/core-l1vVDnYc.js","/home/alex/dev/Bachelor/bmad-vergleichsstudie/.lizard-tmp-DUgF1d/code/seed-b-frontend/.angular/cache/22.1.3/seed-b-frontend/vite/deps/core-l1vVDnYc.js","node.signal","node.signal",23341,23344
1,3,18,0,1,"node.registerCleanupFn@23346-23346@/home/alex/dev/Bachelor/bmad-vergleichsstudie/.lizard-tmp-DUgF1d/code/seed-b-frontend/.angular/cache/22.1.3/seed-b-frontend/vite/deps/core-l1vVDnYc.js","/home/alex/dev/Bachelor/bmad-vergleichsstudie/.lizard-tmp-DUgF1d/code/seed-b-frontend/.angular/cache/22.1.3/seed-b-frontend/vite/deps/core-l1vVDnYc.js","node.registerCleanupFn","node.registerCleanupFn",23346,23346
1,1,7,0,1,"(anonymous)@23348-23348@/home/alex/dev/Bachelor/bmad-vergleichsstudie/.lizard-tmp-DUgF1d/code/seed-b-frontend/.angular/cache/22.1.3/seed-b-frontend/vite/deps/core-l1vVDnYc.js","/home/alex/dev/Bachelor/bmad-vergleichsstudie/.lizard-tmp-DUgF1d/code/seed-b-frontend/.angular/cache/22.1.3/seed-b-frontend/vite/deps/core-l1vVDnYc.js","(anonymous)","(anonymous)",23348,23348
24,4,174,6,27,"constructor@23325-23351@/home/alex/dev/Bachelor/bmad-vergleichsstudie/.lizard-tmp-DUgF1d/code/seed-b-frontend/.angular/cache/22.1.3/seed-b-frontend/vite/deps/core-l1vVDnYc.js","/home/alex/dev/Bachelor/bmad-vergleichsstudie/.lizard-tmp-DUgF1d/code/seed-b-frontend/.angular/cache/22.1.3/seed-b-frontend/vite/deps/core-l1vVDnYc.js","constructor","constructor ( impl , effectHooks , view , scheduler , injector , snapshot null )",23325,23351
4,1,16,0,4,"afterRun@23352-23355@/home/alex/dev/Bachelor/bmad-vergleichsstudie/.lizard-tmp-DUgF1d/code/seed-b-frontend/.angular/cache/22.1.3/seed-b-frontend/vite/deps/core-l1vVDnYc.js","/home/alex/dev/Bachelor/bmad-vergleichsstudie/.lizard-tmp-DUgF1d/code/seed-b-frontend/.angular/cache/22.1.3/seed-b-frontend/vite/deps/core-l1vVDnYc.js","afterRun","afterRun ( )",23352,23355
9,8,68,0,9,"destroy@23356-23364@/home/alex/dev/Bachelor/bmad-vergleichsstudie/.lizard-tmp-DUgF1d/code/seed-b-frontend/.angular/cache/22.1.3/seed-b-frontend/vite/deps/core-l1vVDnYc.js","/home/alex/dev/Bachelor/bmad-vergleichsstudie/.lizard-tmp-DUgF1d/code/seed-b-frontend/.angular/cache/22.1.3/seed-b-frontend/vite/deps/core-l1vVDnYc.js","destroy","destroy ( )",23356,23364
20,9,188,2,20,"afterRenderEffect@23366-23385@/home/alex/dev/Bachelor/bmad-vergleichsstudie/.lizard-tmp-DUgF1d/code/seed-b-frontend/.angular/cache/22.1.3/seed-b-frontend/vite/deps/core-l1vVDnYc.js","/home/alex/dev/Bachelor/bmad-vergleichsstudie/.lizard-tmp-DUgF1d/code/seed-b-frontend/.angular/cache/22.1.3/seed-b-frontend/vite/deps/core-l1vVDnYc.js","afterRenderEffect","afterRenderEffect ( callbackOrSpec , options )",23366,23385
12,1,46,2,12,"setupDebugInfo@23386-23397@/home/alex/dev/Bachelor/bmad-vergleichsstudie/.lizard-tmp-DUgF1d/code/seed-b-frontend/.angular/cache/22.1.3/seed-b-frontend/vite/deps/core-l1vVDnYc.js","/home/alex/dev/Bachelor/bmad-vergleichsstudie/.lizard-tmp-DUgF1d/code/seed-b-frontend/.angular/cache/22.1.3/seed-b-frontend/vite/deps/core-l1vVDnYc.js","setupDebugInfo","setupDebugInfo ( node , injector )",23386,23397
8,5,35,1,8,"phaseDebugName@23398-23405@/home/alex/dev/Bachelor/bmad-vergleichsstudie/.lizard-tmp-DUgF1d/code/seed-b-frontend/.angular/cache/22.1.3/seed-b-frontend/vite/deps/core-l1vVDnYc.js","/home/alex/dev/Bachelor/bmad-vergleichsstudie/.lizard-tmp-DUgF1d/code/seed-b-frontend/.angular/cache/22.1.3/seed-b-frontend/vite/deps/core-l1vVDnYc.js","phaseDebugName","phaseDebugName ( phase )",23398,23405
7,1,40,1,7,"ɵɵngDeclareDirective@23406-23412@/home/alex/dev/Bachelor/bmad-vergleichsstudie/.lizard-tmp-DUgF1d/code/seed-b-frontend/.angular/cache/22.1.3/seed-b-frontend/vite/deps/core-l1vVDnYc.js","/home/alex/dev/Bachelor/bmad-vergleichsstudie/.lizard-tmp-DUgF1d/code/seed-b-frontend/.angular/cache/22.1.3/seed-b-frontend/vite/deps/core-l1vVDnYc.js","ɵɵngDeclareDirective","ɵɵngDeclareDirective ( decl )",23406,23412
3,5,30,1,3,"ɵɵngDeclareClassMetadata@23413-23415@/home/alex/dev/Bachelor/bmad-vergleichsstudie/.lizard-tmp-DUgF1d/code/seed-b-frontend/.angular/cache/22.1.3/seed-b-frontend/vite/deps/core-l1vVDnYc.js","/home/alex/dev/Bachelor/bmad-vergleichsstudie/.lizard-tmp-DUgF1d/code/seed-b-frontend/.angular/cache/22.1.3/seed-b-frontend/vite/deps/core-l1vVDnYc.js","ɵɵngDeclareClassMetadata","ɵɵngDeclareClassMetadata ( decl )",23413,23415
4,1,32,0,4,"(anonymous)@23417-23420@/home/alex/dev/Bachelor/bmad-vergleichsstudie/.lizard-tmp-DUgF1d/code/seed-b-frontend/.angular/cache/22.1.3/seed-b-frontend/vite/deps/core-l1vVDnYc.js","/home/alex/dev/Bachelor/bmad-vergleichsstudie/.lizard-tmp-DUgF1d/code/seed-b-frontend/.angular/cache/22.1.3/seed-b-frontend/vite/deps/core-l1vVDnYc.js","(anonymous)","(anonymous)",23417,23420
3,1,23,1,6,"ɵɵngDeclareClassMetadataAsync@23416-23421@/home/alex/dev/Bachelor/bmad-vergleichsstudie/.lizard-tmp-DUgF1d/code/seed-b-frontend/.angular/cache/22.1.3/seed-b-frontend/vite/deps/core-l1vVDnYc.js","/home/alex/dev/Bachelor/bmad-vergleichsstudie/.lizard-tmp-DUgF1d/code/seed-b-frontend/.angular/cache/22.1.3/seed-b-frontend/vite/deps/core-l1vVDnYc.js","ɵɵngDeclareClassMetadataAsync","ɵɵngDeclareClassMetadataAsync ( decl )",23416,23421
7,1,40,1,7,"ɵɵngDeclareComponent@23422-23428@/home/alex/dev/Bachelor/bmad-vergleichsstudie/.lizard-tmp-DUgF1d/code/seed-b-frontend/.angular/cache/22.1.3/seed-b-frontend/vite/deps/core-l1vVDnYc.js","/home/alex/dev/Bachelor/bmad-vergleichsstudie/.lizard-tmp-DUgF1d/code/seed-b-frontend/.angular/cache/22.1.3/seed-b-frontend/vite/deps/core-l1vVDnYc.js","ɵɵngDeclareComponent","ɵɵngDeclareComponent ( decl )",23422,23428
7,1,45,1,7,"ɵɵngDeclareFactory@23429-23435@/home/alex/dev/Bachelor/bmad-vergleichsstudie/.lizard-tmp-DUgF1d/code/seed-b-frontend/.angular/cache/22.1.3/seed-b-frontend/vite/deps/core-l1vVDnYc.js","/home/alex/dev/Bachelor/bmad-vergleichsstudie/.lizard-tmp-DUgF1d/code/seed-b-frontend/.angular/cache/22.1.3/seed-b-frontend/vite/deps/core-l1vVDnYc.js","ɵɵngDeclareFactory","ɵɵngDeclareFactory ( decl )",23429,23435
10,7,59,1,10,"getFactoryKind@23436-23445@/home/alex/dev/Bachelor/bmad-vergleichsstudie/.lizard-tmp-DUgF1d/code/seed-b-frontend/.angular/cache/22.1.3/seed-b-frontend/vite/deps/core-l1vVDnYc.js","/home/alex/dev/Bachelor/bmad-vergleichsstudie/.lizard-tmp-DUgF1d/code/seed-b-frontend/.angular/cache/22.1.3/seed-b-frontend/vite/deps/core-l1vVDnYc.js","getFactoryKind","getFactoryKind ( target )",23436,23445
7,1,40,1,7,"ɵɵngDeclareInjectable@23446-23452@/home/alex/dev/Bachelor/bmad-vergleichsstudie/.lizard-tmp-DUgF1d/code/seed-b-frontend/.angular/cache/22.1.3/seed-b-frontend/vite/deps/core-l1vVDnYc.js","/home/alex/dev/Bachelor/bmad-vergleichsstudie/.lizard-tmp-DUgF1d/code/seed-b-frontend/.angular/cache/22.1.3/seed-b-frontend/vite/deps/core-l1vVDnYc.js","ɵɵngDeclareInjectable","ɵɵngDeclareInjectable ( decl )",23446,23452
7,1,40,1,7,"ɵɵngDeclareInjector@23453-23459@/home/alex/dev/Bachelor/bmad-vergleichsstudie/.lizard-tmp-DUgF1d/code/seed-b-frontend/.angular/cache/22.1.3/seed-b-frontend/vite/deps/core-l1vVDnYc.js","/home/alex/dev/Bachelor/bmad-vergleichsstudie/.lizard-tmp-DUgF1d/code/seed-b-frontend/.angular/cache/22.1.3/seed-b-frontend/vite/deps/core-l1vVDnYc.js","ɵɵngDeclareInjector","ɵɵngDeclareInjector ( decl )",23453,23459
7,1,40,1,7,"ɵɵngDeclareNgModule@23460-23466@/home/alex/dev/Bachelor/bmad-vergleichsstudie/.lizard-tmp-DUgF1d/code/seed-b-frontend/.angular/cache/22.1.3/seed-b-frontend/vite/deps/core-l1vVDnYc.js","/home/alex/dev/Bachelor/bmad-vergleichsstudie/.lizard-tmp-DUgF1d/code/seed-b-frontend/.angular/cache/22.1.3/seed-b-frontend/vite/deps/core-l1vVDnYc.js","ɵɵngDeclareNgModule","ɵɵngDeclareNgModule ( decl )",23460,23466
7,1,40,1,7,"ɵɵngDeclarePipe@23467-23473@/home/alex/dev/Bachelor/bmad-vergleichsstudie/.lizard-tmp-DUgF1d/code/seed-b-frontend/.angular/cache/22.1.3/seed-b-frontend/vite/deps/core-l1vVDnYc.js","/home/alex/dev/Bachelor/bmad-vergleichsstudie/.lizard-tmp-DUgF1d/code/seed-b-frontend/.angular/cache/22.1.3/seed-b-frontend/vite/deps/core-l1vVDnYc.js","ɵɵngDeclarePipe","ɵɵngDeclarePipe ( decl )",23467,23473
7,1,40,1,7,"ɵɵngDeclareService@23474-23480@/home/alex/dev/Bachelor/bmad-vergleichsstudie/.lizard-tmp-DUgF1d/code/seed-b-frontend/.angular/cache/22.1.3/seed-b-frontend/vite/deps/core-l1vVDnYc.js","/home/alex/dev/Bachelor/bmad-vergleichsstudie/.lizard-tmp-DUgF1d/code/seed-b-frontend/.angular/cache/22.1.3/seed-b-frontend/vite/deps/core-l1vVDnYc.js","ɵɵngDeclareService","ɵɵngDeclareService ( decl )",23474,23480
5,2,31,1,5,"getModuleFactory@23481-23485@/home/alex/dev/Bachelor/bmad-vergleichsstudie/.lizard-tmp-DUgF1d/code/seed-b-frontend/.angular/cache/22.1.3/seed-b-frontend/vite/deps/core-l1vVDnYc.js","/home/alex/dev/Bachelor/bmad-vergleichsstudie/.lizard-tmp-DUgF1d/code/seed-b-frontend/.angular/cache/22.1.3/seed-b-frontend/vite/deps/core-l1vVDnYc.js","getModuleFactory","getModuleFactory ( id )",23481,23485
5,2,27,1,5,"getNgModuleById@23486-23490@/home/alex/dev/Bachelor/bmad-vergleichsstudie/.lizard-tmp-DUgF1d/code/seed-b-frontend/.angular/cache/22.1.3/seed-b-frontend/vite/deps/core-l1vVDnYc.js","/home/alex/dev/Bachelor/bmad-vergleichsstudie/.lizard-tmp-DUgF1d/code/seed-b-frontend/.angular/cache/22.1.3/seed-b-frontend/vite/deps/core-l1vVDnYc.js","getNgModuleById","getNgModuleById ( id )",23486,23490
3,2,22,1,3,"noModuleError@23491-23493@/home/alex/dev/Bachelor/bmad-vergleichsstudie/.lizard-tmp-DUgF1d/code/seed-b-frontend/.angular/cache/22.1.3/seed-b-frontend/vite/deps/core-l1vVDnYc.js","/home/alex/dev/Bachelor/bmad-vergleichsstudie/.lizard-tmp-DUgF1d/code/seed-b-frontend/.angular/cache/22.1.3/seed-b-frontend/vite/deps/core-l1vVDnYc.js","noModuleError","noModuleError ( id )",23491,23493
6,3,65,2,6,"createComponent@23497-23502@/home/alex/dev/Bachelor/bmad-vergleichsstudie/.lizard-tmp-DUgF1d/code/seed-b-frontend/.angular/cache/22.1.3/seed-b-frontend/vite/deps/core-l1vVDnYc.js","/home/alex/dev/Bachelor/bmad-vergleichsstudie/.lizard-tmp-DUgF1d/code/seed-b-frontend/.angular/cache/22.1.3/seed-b-frontend/vite/deps/core-l1vVDnYc.js","createComponent","createComponent ( component , options )",23497,23502
3,1,9,0,3,"get selector@23508-23510@/home/alex/dev/Bachelor/bmad-vergleichsstudie/.lizard-tmp-DUgF1d/code/seed-b-frontend/.angular/cache/22.1.3/seed-b-frontend/vite/deps/core-l1vVDnYc.js","/home/alex/dev/Bachelor/bmad-vergleichsstudie/.lizard-tmp-DUgF1d/code/seed-b-frontend/.angular/cache/22.1.3/seed-b-frontend/vite/deps/core-l1vVDnYc.js","get selector","get selector ( )",23508,23510
3,1,9,0,3,"get type@23511-23513@/home/alex/dev/Bachelor/bmad-vergleichsstudie/.lizard-tmp-DUgF1d/code/seed-b-frontend/.angular/cache/22.1.3/seed-b-frontend/vite/deps/core-l1vVDnYc.js","/home/alex/dev/Bachelor/bmad-vergleichsstudie/.lizard-tmp-DUgF1d/code/seed-b-frontend/.angular/cache/22.1.3/seed-b-frontend/vite/deps/core-l1vVDnYc.js","get type","get type ( )",23511,23513
3,1,9,0,3,"get inputs@23514-23516@/home/alex/dev/Bachelor/bmad-vergleichsstudie/.lizard-tmp-DUgF1d/code/seed-b-frontend/.angular/cache/22.1.3/seed-b-frontend/vite/deps/core-l1vVDnYc.js","/home/alex/dev/Bachelor/bmad-vergleichsstudie/.lizard-tmp-DUgF1d/code/seed-b-frontend/.angular/cache/22.1.3/seed-b-frontend/vite/deps/core-l1vVDnYc.js","get inputs","get inputs ( )",23514,23516
3,1,9,0,3,"get outputs@23517-23519@/home/alex/dev/Bachelor/bmad-vergleichsstudie/.lizard-tmp-DUgF1d/code/seed-b-frontend/.angular/cache/22.1.3/seed-b-frontend/vite/deps/core-l1vVDnYc.js","/home/alex/dev/Bachelor/bmad-vergleichsstudie/.lizard-tmp-DUgF1d/code/seed-b-frontend/.angular/cache/22.1.3/seed-b-frontend/vite/deps/core-l1vVDnYc.js","get outputs","get outputs ( )",23517,23519
3,1,9,0,3,"get ngContentSelectors@23520-23522@/home/alex/dev/Bachelor/bmad-vergleichsstudie/.lizard-tmp-DUgF1d/code/seed-b-frontend/.angular/cache/22.1.3/seed-b-frontend/vite/deps/core-l1vVDnYc.js","/home/alex/dev/Bachelor/bmad-vergleichsstudie/.lizard-tmp-DUgF1d/code/seed-b-frontend/.angular/cache/22.1.3/seed-b-frontend/vite/deps/core-l1vVDnYc.js","get ngContentSelectors","get ngContentSelectors ( )",23520,23522
3,1,9,0,3,"get isStandalone@23523-23525@/home/alex/dev/Bachelor/bmad-vergleichsstudie/.lizard-tmp-DUgF1d/code/seed-b-frontend/.angular/cache/22.1.3/seed-b-frontend/vite/deps/core-l1vVDnYc.js","/home/alex/dev/Bachelor/bmad-vergleichsstudie/.lizard-tmp-DUgF1d/code/seed-b-frontend/.angular/cache/22.1.3/seed-b-frontend/vite/deps/core-l1vVDnYc.js","get isStandalone","get isStandalone ( )",23523,23525
3,1,9,0,3,"get isSignal@23526-23528@/home/alex/dev/Bachelor/bmad-vergleichsstudie/.lizard-tmp-DUgF1d/code/seed-b-frontend/.angular/cache/22.1.3/seed-b-frontend/vite/deps/core-l1vVDnYc.js","/home/alex/dev/Bachelor/bmad-vergleichsstudie/.lizard-tmp-DUgF1d/code/seed-b-frontend/.angular/cache/22.1.3/seed-b-frontend/vite/deps/core-l1vVDnYc.js","get isSignal","get isSignal ( )",23526,23528
14,2,61,1,28,"reflectComponentType@23503-23530@/home/alex/dev/Bachelor/bmad-vergleichsstudie/.lizard-tmp-DUgF1d/code/seed-b-frontend/.angular/cache/22.1.3/seed-b-frontend/vite/deps/core-l1vVDnYc.js","/home/alex/dev/Bachelor/bmad-vergleichsstudie/.lizard-tmp-DUgF1d/code/seed-b-frontend/.angular/cache/22.1.3/seed-b-frontend/vite/deps/core-l1vVDnYc.js","reflectComponentType","reflectComponentType ( component )",23503,23530
3,2,22,1,3,"resourceFromSnapshots@23531-23533@/home/alex/dev/Bachelor/bmad-vergleichsstudie/.lizard-tmp-DUgF1d/code/seed-b-frontend/.angular/cache/22.1.3/seed-b-frontend/vite/deps/core-l1vVDnYc.js","/home/alex/dev/Bachelor/bmad-vergleichsstudie/.lizard-tmp-DUgF1d/code/seed-b-frontend/.angular/cache/22.1.3/seed-b-frontend/vite/deps/core-l1vVDnYc.js","resourceFromSnapshots","resourceFromSnapshots ( source )",23531,23533
3,1,11,1,3,"constructor@23536-23538@/home/alex/dev/Bachelor/bmad-vergleichsstudie/.lizard-tmp-DUgF1d/code/seed-b-frontend/.angular/cache/22.1.3/seed-b-frontend/vite/deps/core-l1vVDnYc.js","/home/alex/dev/Bachelor/bmad-vergleichsstudie/.lizard-tmp-DUgF1d/code/seed-b-frontend/.angular/cache/22.1.3/seed-b-frontend/vite/deps/core-l1vVDnYc.js","constructor","constructor ( snapshot )",23536,23538
3,1,11,0,3,"get state@23539-23541@/home/alex/dev/Bachelor/bmad-vergleichsstudie/.lizard-tmp-DUgF1d/code/seed-b-frontend/.angular/cache/22.1.3/seed-b-frontend/vite/deps/core-l1vVDnYc.js","/home/alex/dev/Bachelor/bmad-vergleichsstudie/.lizard-tmp-DUgF1d/code/seed-b-frontend/.angular/cache/22.1.3/seed-b-frontend/vite/deps/core-l1vVDnYc.js","get state","get state ( )",23539,23541
4,2,34,0,4,"computed@23542-23545@/home/alex/dev/Bachelor/bmad-vergleichsstudie/.lizard-tmp-DUgF1d/code/seed-b-frontend/.angular/cache/22.1.3/seed-b-frontend/vite/deps/core-l1vVDnYc.js","/home/alex/dev/Bachelor/bmad-vergleichsstudie/.lizard-tmp-DUgF1d/code/seed-b-frontend/.angular/cache/22.1.3/seed-b-frontend/vite/deps/core-l1vVDnYc.js","computed","computed ( ( )",23542,23545
1,1,6,0,1,"(anonymous)@23546-23546@/home/alex/dev/Bachelor/bmad-vergleichsstudie/.lizard-tmp-DUgF1d/code/seed-b-frontend/.angular/cache/22.1.3/seed-b-frontend/vite/deps/core-l1vVDnYc.js","/home/alex/dev/Bachelor/bmad-vergleichsstudie/.lizard-tmp-DUgF1d/code/seed-b-frontend/.angular/cache/22.1.3/seed-b-frontend/vite/deps/core-l1vVDnYc.js","(anonymous)","(anonymous)",23546,23546
1,2,17,0,1,"(anonymous)@23547-23547@/home/alex/dev/Bachelor/bmad-vergleichsstudie/.lizard-tmp-DUgF1d/code/seed-b-frontend/.angular/cache/22.1.3/seed-b-frontend/vite/deps/core-l1vVDnYc.js","/home/alex/dev/Bachelor/bmad-vergleichsstudie/.lizard-tmp-DUgF1d/code/seed-b-frontend/.angular/cache/22.1.3/seed-b-frontend/vite/deps/core-l1vVDnYc.js","(anonymous)","(anonymous)",23547,23547
1,2,16,0,1,"(anonymous)@23548-23548@/home/alex/dev/Bachelor/bmad-vergleichsstudie/.lizard-tmp-DUgF1d/code/seed-b-frontend/.angular/cache/22.1.3/seed-b-frontend/vite/deps/core-l1vVDnYc.js","/home/alex/dev/Bachelor/bmad-vergleichsstudie/.lizard-tmp-DUgF1d/code/seed-b-frontend/.angular/cache/22.1.3/seed-b-frontend/vite/deps/core-l1vVDnYc.js","(anonymous)","(anonymous)",23548,23548
1,2,17,0,1,"(anonymous)@23549-23549@/home/alex/dev/Bachelor/bmad-vergleichsstudie/.lizard-tmp-DUgF1d/code/seed-b-frontend/.angular/cache/22.1.3/seed-b-frontend/vite/deps/core-l1vVDnYc.js","/home/alex/dev/Bachelor/bmad-vergleichsstudie/.lizard-tmp-DUgF1d/code/seed-b-frontend/.angular/cache/22.1.3/seed-b-frontend/vite/deps/core-l1vVDnYc.js","(anonymous)","(anonymous)",23549,23549
3,1,7,0,3,"(anonymous)@23560-23562@/home/alex/dev/Bachelor/bmad-vergleichsstudie/.lizard-tmp-DUgF1d/code/seed-b-frontend/.angular/cache/22.1.3/seed-b-frontend/vite/deps/core-l1vVDnYc.js","/home/alex/dev/Bachelor/bmad-vergleichsstudie/.lizard-tmp-DUgF1d/code/seed-b-frontend/.angular/cache/22.1.3/seed-b-frontend/vite/deps/core-l1vVDnYc.js","(anonymous)","(anonymous)",23560,23562
17,2,53,0,17,"source@23564-23580@/home/alex/dev/Bachelor/bmad-vergleichsstudie/.lizard-tmp-DUgF1d/code/seed-b-frontend/.angular/cache/22.1.3/seed-b-frontend/vite/deps/core-l1vVDnYc.js","/home/alex/dev/Bachelor/bmad-vergleichsstudie/.lizard-tmp-DUgF1d/code/seed-b-frontend/.angular/cache/22.1.3/seed-b-frontend/vite/deps/core-l1vVDnYc.js","source","source ( )",23564,23580
11,3,52,2,11,"computation@23581-23591@/home/alex/dev/Bachelor/bmad-vergleichsstudie/.lizard-tmp-DUgF1d/code/seed-b-frontend/.angular/cache/22.1.3/seed-b-frontend/vite/deps/core-l1vVDnYc.js","/home/alex/dev/Bachelor/bmad-vergleichsstudie/.lizard-tmp-DUgF1d/code/seed-b-frontend/.angular/cache/22.1.3/seed-b-frontend/vite/deps/core-l1vVDnYc.js","computation","computation ( res , previous )",23581,23591
1,1,7,0,1,"(anonymous)@23616-23616@/home/alex/dev/Bachelor/bmad-vergleichsstudie/.lizard-tmp-DUgF1d/code/seed-b-frontend/.angular/cache/22.1.3/seed-b-frontend/vite/deps/core-l1vVDnYc.js","/home/alex/dev/Bachelor/bmad-vergleichsstudie/.lizard-tmp-DUgF1d/code/seed-b-frontend/.angular/cache/22.1.3/seed-b-frontend/vite/deps/core-l1vVDnYc.js","(anonymous)","(anonymous)",23616,23616
1,2,20,1,1,"result@23616-23616@/home/alex/dev/Bachelor/bmad-vergleichsstudie/.lizard-tmp-DUgF1d/code/seed-b-frontend/.angular/cache/22.1.3/seed-b-frontend/vite/deps/core-l1vVDnYc.js","/home/alex/dev/Bachelor/bmad-vergleichsstudie/.lizard-tmp-DUgF1d/code/seed-b-frontend/.angular/cache/22.1.3/seed-b-frontend/vite/deps/core-l1vVDnYc.js","result","result ( typeof wait ( )",23616,23616
24,9,133,0,24,"(anonymous)@23593-23616@/home/alex/dev/Bachelor/bmad-vergleichsstudie/.lizard-tmp-DUgF1d/code/seed-b-frontend/.angular/cache/22.1.3/seed-b-frontend/vite/deps/core-l1vVDnYc.js","/home/alex/dev/Bachelor/bmad-vergleichsstudie/.lizard-tmp-DUgF1d/code/seed-b-frontend/.angular/cache/22.1.3/seed-b-frontend/vite/deps/core-l1vVDnYc.js","(anonymous)","(anonymous)",23593,23616
9,2,30,0,9,"(anonymous)@23630-23638@/home/alex/dev/Bachelor/bmad-vergleichsstudie/.lizard-tmp-DUgF1d/code/seed-b-frontend/.angular/cache/22.1.3/seed-b-frontend/vite/deps/core-l1vVDnYc.js","/home/alex/dev/Bachelor/bmad-vergleichsstudie/.lizard-tmp-DUgF1d/code/seed-b-frontend/.angular/cache/22.1.3/seed-b-frontend/vite/deps/core-l1vVDnYc.js","(anonymous)","(anonymous)",23630,23638
28,9,182,3,87,"debounced@23554-23640@/home/alex/dev/Bachelor/bmad-vergleichsstudie/.lizard-tmp-DUgF1d/code/seed-b-frontend/.angular/cache/22.1.3/seed-b-frontend/vite/deps/core-l1vVDnYc.js","/home/alex/dev/Bachelor/bmad-vergleichsstudie/.lizard-tmp-DUgF1d/code/seed-b-frontend/.angular/cache/22.1.3/seed-b-frontend/vite/deps/core-l1vVDnYc.js","debounced","debounced ( source , wait , options )",23554,23640
3,2,14,0,3,"isDevMode@23643-23645@/home/alex/dev/Bachelor/bmad-vergleichsstudie/.lizard-tmp-DUgF1d/code/seed-b-frontend/.angular/cache/22.1.3/seed-b-frontend/vite/deps/core-l1vVDnYc.js","/home/alex/dev/Bachelor/bmad-vergleichsstudie/.lizard-tmp-DUgF1d/code/seed-b-frontend/.angular/cache/22.1.3/seed-b-frontend/vite/deps/core-l1vVDnYc.js","isDevMode","isDevMode ( )",23643,23645
3,3,20,0,3,"enableProdMode@23646-23648@/home/alex/dev/Bachelor/bmad-vergleichsstudie/.lizard-tmp-DUgF1d/code/seed-b-frontend/.angular/cache/22.1.3/seed-b-frontend/vite/deps/core-l1vVDnYc.js","/home/alex/dev/Bachelor/bmad-vergleichsstudie/.lizard-tmp-DUgF1d/code/seed-b-frontend/.angular/cache/22.1.3/seed-b-frontend/vite/deps/core-l1vVDnYc.js","enableProdMode","enableProdMode ( )",23646,23648
4,1,18,0,4,"(anonymous)@23660-23663@/home/alex/dev/Bachelor/bmad-vergleichsstudie/.lizard-tmp-DUgF1d/code/seed-b-frontend/.angular/cache/22.1.3/seed-b-frontend/vite/deps/core-l1vVDnYc.js","/home/alex/dev/Bachelor/bmad-vergleichsstudie/.lizard-tmp-DUgF1d/code/seed-b-frontend/.angular/cache/22.1.3/seed-b-frontend/vite/deps/core-l1vVDnYc.js","(anonymous)","(anonymous)",23660,23663
2,1,15,2,5,"execute@23660-23664@/home/alex/dev/Bachelor/bmad-vergleichsstudie/.lizard-tmp-DUgF1d/code/seed-b-frontend/.angular/cache/22.1.3/seed-b-frontend/vite/deps/core-l1vVDnYc.js","/home/alex/dev/Bachelor/bmad-vergleichsstudie/.lizard-tmp-DUgF1d/code/seed-b-frontend/.angular/cache/22.1.3/seed-b-frontend/vite/deps/core-l1vVDnYc.js","execute","execute ( args , client )",23660,23664
1,1,7,0,1,"(anonymous)@23665-23665@/home/alex/dev/Bachelor/bmad-vergleichsstudie/.lizard-tmp-DUgF1d/code/seed-b-frontend/.angular/cache/22.1.3/seed-b-frontend/vite/deps/core-l1vVDnYc.js","/home/alex/dev/Bachelor/bmad-vergleichsstudie/.lizard-tmp-DUgF1d/code/seed-b-frontend/.angular/cache/22.1.3/seed-b-frontend/vite/deps/core-l1vVDnYc.js","(anonymous)","(anonymous)",23665,23665
15,10,123,2,19,"declareExperimentalWebMcpTool@23649-23667@/home/alex/dev/Bachelor/bmad-vergleichsstudie/.lizard-tmp-DUgF1d/code/seed-b-frontend/.angular/cache/22.1.3/seed-b-frontend/vite/deps/core-l1vVDnYc.js","/home/alex/dev/Bachelor/bmad-vergleichsstudie/.lizard-tmp-DUgF1d/code/seed-b-frontend/.angular/cache/22.1.3/seed-b-frontend/vite/deps/core-l1vVDnYc.js","declareExperimentalWebMcpTool","declareExperimentalWebMcpTool ( tool , injector )",23649,23667
3,2,14,0,3,"(anonymous)@23669-23671@/home/alex/dev/Bachelor/bmad-vergleichsstudie/.lizard-tmp-DUgF1d/code/seed-b-frontend/.angular/cache/22.1.3/seed-b-frontend/vite/deps/core-l1vVDnYc.js","/home/alex/dev/Bachelor/bmad-vergleichsstudie/.lizard-tmp-DUgF1d/code/seed-b-frontend/.angular/cache/22.1.3/seed-b-frontend/vite/deps/core-l1vVDnYc.js","(anonymous)","(anonymous)",23669,23671
3,1,19,1,5,"provideExperimentalWebMcpTools@23668-23672@/home/alex/dev/Bachelor/bmad-vergleichsstudie/.lizard-tmp-DUgF1d/code/seed-b-frontend/.angular/cache/22.1.3/seed-b-frontend/vite/deps/core-l1vVDnYc.js","/home/alex/dev/Bachelor/bmad-vergleichsstudie/.lizard-tmp-DUgF1d/code/seed-b-frontend/.angular/cache/22.1.3/seed-b-frontend/vite/deps/core-l1vVDnYc.js","provideExperimentalWebMcpTools","provideExperimentalWebMcpTools ( tools )",23668,23672
3,2,38,2,3,"callOrApply@4-6@/home/alex/dev/Bachelor/bmad-vergleichsstudie/.lizard-tmp-DUgF1d/code/seed-b-frontend/.angular/cache/22.1.3/seed-b-frontend/vite/deps/createObject-xNJSvDGq.js","/home/alex/dev/Bachelor/bmad-vergleichsstudie/.lizard-tmp-DUgF1d/code/seed-b-frontend/.angular/cache/22.1.3/seed-b-frontend/vite/deps/createObject-xNJSvDGq.js","callOrApply","callOrApply ( fn , args )",4,6
3,1,13,1,3,"(anonymous)@8-10@/home/alex/dev/Bachelor/bmad-vergleichsstudie/.lizard-tmp-DUgF1d/code/seed-b-frontend/.angular/cache/22.1.3/seed-b-frontend/vite/deps/createObject-xNJSvDGq.js","/home/alex/dev/Bachelor/bmad-vergleichsstudie/.lizard-tmp-DUgF1d/code/seed-b-frontend/.angular/cache/22.1.3/seed-b-frontend/vite/deps/createObject-xNJSvDGq.js","(anonymous)","(anonymous) ( args )",8,10
3,1,12,1,5,"mapOneOrManyArgs@7-11@/home/alex/dev/Bachelor/bmad-vergleichsstudie/.lizard-tmp-DUgF1d/code/seed-b-frontend/.angular/cache/22.1.3/seed-b-frontend/vite/deps/createObject-xNJSvDGq.js","/home/alex/dev/Bachelor/bmad-vergleichsstudie/.lizard-tmp-DUgF1d/code/seed-b-frontend/.angular/cache/22.1.3/seed-b-frontend/vite/deps/createObject-xNJSvDGq.js","mapOneOrManyArgs","mapOneOrManyArgs ( fn )",7,11
3,1,11,1,3,"(anonymous)@28-30@/home/alex/dev/Bachelor/bmad-vergleichsstudie/.lizard-tmp-DUgF1d/code/seed-b-frontend/.angular/cache/22.1.3/seed-b-frontend/vite/deps/createObject-xNJSvDGq.js","/home/alex/dev/Bachelor/bmad-vergleichsstudie/.lizard-tmp-DUgF1d/code/seed-b-frontend/.angular/cache/22.1.3/seed-b-frontend/vite/deps/createObject-xNJSvDGq.js","(anonymous)","(anonymous) ( key )",28,30
20,4,82,1,22,"argsArgArrayOrObject@18-39@/home/alex/dev/Bachelor/bmad-vergleichsstudie/.lizard-tmp-DUgF1d/code/seed-b-frontend/.angular/cache/22.1.3/seed-b-frontend/vite/deps/createObject-xNJSvDGq.js","/home/alex/dev/Bachelor/bmad-vergleichsstudie/.lizard-tmp-DUgF1d/code/seed-b-frontend/.angular/cache/22.1.3/seed-b-frontend/vite/deps/createObject-xNJSvDGq.js","argsArgArrayOrObject","argsArgArrayOrObject ( args )",18,39
3,3,20,1,3,"isPOJO@40-42@/home/alex/dev/Bachelor/bmad-vergleichsstudie/.lizard-tmp-DUgF1d/code/seed-b-frontend/.angular/cache/22.1.3/seed-b-frontend/vite/deps/createObject-xNJSvDGq.js","/home/alex/dev/Bachelor/bmad-vergleichsstudie/.lizard-tmp-DUgF1d/code/seed-b-frontend/.angular/cache/22.1.3/seed-b-frontend/vite/deps/createObject-xNJSvDGq.js","isPOJO","isPOJO ( obj )",40,42
3,1,22,3,3,"(anonymous)@46-48@/home/alex/dev/Bachelor/bmad-vergleichsstudie/.lizard-tmp-DUgF1d/code/seed-b-frontend/.angular/cache/22.1.3/seed-b-frontend/vite/deps/createObject-xNJSvDGq.js","/home/alex/dev/Bachelor/bmad-vergleichsstudie/.lizard-tmp-DUgF1d/code/seed-b-frontend/.angular/cache/22.1.3/seed-b-frontend/vite/deps/createObject-xNJSvDGq.js","(anonymous)","(anonymous) ( result , key , i )",46,48
3,1,19,2,5,"createObject@45-49@/home/alex/dev/Bachelor/bmad-vergleichsstudie/.lizard-tmp-DUgF1d/code/seed-b-frontend/.angular/cache/22.1.3/seed-b-frontend/vite/deps/createObject-xNJSvDGq.js","/home/alex/dev/Bachelor/bmad-vergleichsstudie/.lizard-tmp-DUgF1d/code/seed-b-frontend/.angular/cache/22.1.3/seed-b-frontend/vite/deps/createObject-xNJSvDGq.js","createObject","createObject ( keys , values )",45,49
3,2,15,1,3,"isScheduler@3-5@/home/alex/dev/Bachelor/bmad-vergleichsstudie/.lizard-tmp-DUgF1d/code/seed-b-frontend/.angular/cache/22.1.3/seed-b-frontend/vite/deps/from-B6Xl7DlO.js","/home/alex/dev/Bachelor/bmad-vergleichsstudie/.lizard-tmp-DUgF1d/code/seed-b-frontend/.angular/cache/22.1.3/seed-b-frontend/vite/deps/from-B6Xl7DlO.js","isScheduler","isScheduler ( value )",3,5
3,1,15,1,3,"last@8-10@/home/alex/dev/Bachelor/bmad-vergleichsstudie/.lizard-tmp-DUgF1d/code/seed-b-frontend/.angular/cache/22.1.3/seed-b-frontend/vite/deps/from-B6Xl7DlO.js","/home/alex/dev/Bachelor/bmad-vergleichsstudie/.lizard-tmp-DUgF1d/code/seed-b-frontend/.angular/cache/22.1.3/seed-b-frontend/vite/deps/from-B6Xl7DlO.js","last","last ( arr )",8,10
3,2,23,1,3,"popResultSelector@11-13@/home/alex/dev/Bachelor/bmad-vergleichsstudie/.lizard-tmp-DUgF1d/code/seed-b-frontend/.angular/cache/22.1.3/seed-b-frontend/vite/deps/from-B6Xl7DlO.js","/home/alex/dev/Bachelor/bmad-vergleichsstudie/.lizard-tmp-DUgF1d/code/seed-b-frontend/.angular/cache/22.1.3/seed-b-frontend/vite/deps/from-B6Xl7DlO.js","popResultSelector","popResultSelector ( args )",11,13
3,2,23,1,3,"popScheduler@14-16@/home/alex/dev/Bachelor/bmad-vergleichsstudie/.lizard-tmp-DUgF1d/code/seed-b-frontend/.angular/cache/22.1.3/seed-b-frontend/vite/deps/from-B6Xl7DlO.js","/home/alex/dev/Bachelor/bmad-vergleichsstudie/.lizard-tmp-DUgF1d/code/seed-b-frontend/.angular/cache/22.1.3/seed-b-frontend/vite/deps/from-B6Xl7DlO.js","popScheduler","popScheduler ( args )",14,16
3,3,22,1,3,"isArrayLike@19-21@/home/alex/dev/Bachelor/bmad-vergleichsstudie/.lizard-tmp-DUgF1d/code/seed-b-frontend/.angular/cache/22.1.3/seed-b-frontend/vite/deps/from-B6Xl7DlO.js","/home/alex/dev/Bachelor/bmad-vergleichsstudie/.lizard-tmp-DUgF1d/code/seed-b-frontend/.angular/cache/22.1.3/seed-b-frontend/vite/deps/from-B6Xl7DlO.js","isArrayLike","isArrayLike ( function ( x )",19,21
3,3,25,1,3,"isPromise@24-26@/home/alex/dev/Bachelor/bmad-vergleichsstudie/.lizard-tmp-DUgF1d/code/seed-b-frontend/.angular/cache/22.1.3/seed-b-frontend/vite/deps/from-B6Xl7DlO.js","/home/alex/dev/Bachelor/bmad-vergleichsstudie/.lizard-tmp-DUgF1d/code/seed-b-frontend/.angular/cache/22.1.3/seed-b-frontend/vite/deps/from-B6Xl7DlO.js","isPromise","isPromise ( value )",24,26
3,1,14,1,3,"isInteropObservable@29-31@/home/alex/dev/Bachelor/bmad-vergleichsstudie/.lizard-tmp-DUgF1d/code/seed-b-frontend/.angular/cache/22.1.3/seed-b-frontend/vite/deps/from-B6Xl7DlO.js","/home/alex/dev/Bachelor/bmad-vergleichsstudie/.lizard-tmp-DUgF1d/code/seed-b-frontend/.angular/cache/22.1.3/seed-b-frontend/vite/deps/from-B6Xl7DlO.js","isInteropObservable","isInteropObservable ( input )",29,31
3,4,32,1,3,"isAsyncIterable@34-36@/home/alex/dev/Bachelor/bmad-vergleichsstudie/.lizard-tmp-DUgF1d/code/seed-b-frontend/.angular/cache/22.1.3/seed-b-frontend/vite/deps/from-B6Xl7DlO.js","/home/alex/dev/Bachelor/bmad-vergleichsstudie/.lizard-tmp-DUgF1d/code/seed-b-frontend/.angular/cache/22.1.3/seed-b-frontend/vite/deps/from-B6Xl7DlO.js","isAsyncIterable","isAsyncIterable ( obj )",34,36
3,3,33,1,3,"createInvalidObservableTypeError@39-41@/home/alex/dev/Bachelor/bmad-vergleichsstudie/.lizard-tmp-DUgF1d/code/seed-b-frontend/.angular/cache/22.1.3/seed-b-frontend/vite/deps/from-B6Xl7DlO.js","/home/alex/dev/Bachelor/bmad-vergleichsstudie/.lizard-tmp-DUgF1d/code/seed-b-frontend/.angular/cache/22.1.3/seed-b-frontend/vite/deps/from-B6Xl7DlO.js","createInvalidObservableTypeError","createInvalidObservableTypeError ( input )",39,41
4,3,24,0,4,"getSymbolIterator@44-47@/home/alex/dev/Bachelor/bmad-vergleichsstudie/.lizard-tmp-DUgF1d/code/seed-b-frontend/.angular/cache/22.1.3/seed-b-frontend/vite/deps/from-B6Xl7DlO.js","/home/alex/dev/Bachelor/bmad-vergleichsstudie/.lizard-tmp-DUgF1d/code/seed-b-frontend/.angular/cache/22.1.3/seed-b-frontend/vite/deps/from-B6Xl7DlO.js","getSymbolIterator","getSymbolIterator ( )",44,47
3,3,26,1,3,"isIterable@51-53@/home/alex/dev/Bachelor/bmad-vergleichsstudie/.lizard-tmp-DUgF1d/code/seed-b-frontend/.angular/cache/22.1.3/seed-b-frontend/vite/deps/from-B6Xl7DlO.js","/home/alex/dev/Bachelor/bmad-vergleichsstudie/.lizard-tmp-DUgF1d/code/seed-b-frontend/.angular/cache/22.1.3/seed-b-frontend/vite/deps/from-B6Xl7DlO.js","isIterable","isIterable ( input )",51,53
31,13,207,0,31,"(anonymous)@59-89@/home/alex/dev/Bachelor/bmad-vergleichsstudie/.lizard-tmp-DUgF1d/code/seed-b-frontend/.angular/cache/22.1.3/seed-b-frontend/vite/deps/from-B6Xl7DlO.js","/home/alex/dev/Bachelor/bmad-vergleichsstudie/.lizard-tmp-DUgF1d/code/seed-b-frontend/.angular/cache/22.1.3/seed-b-frontend/vite/deps/from-B6Xl7DlO.js","(anonymous)","(anonymous) ( )",59,89
4,1,22,0,34,"readableStreamLikeToAsyncGenerator_1@57-90@/home/alex/dev/Bachelor/bmad-vergleichsstudie/.lizard-tmp-DUgF1d/code/seed-b-frontend/.angular/cache/22.1.3/seed-b-frontend/vite/deps/from-B6Xl7DlO.js","/home/alex/dev/Bachelor/bmad-vergleichsstudie/.lizard-tmp-DUgF1d/code/seed-b-frontend/.angular/cache/22.1.3/seed-b-frontend/vite/deps/from-B6Xl7DlO.js","readableStreamLikeToAsyncGenerator_1","readableStreamLikeToAsyncGenerator_1 ( )",57,90
3,1,17,1,36,"readableStreamLikeToAsyncGenerator@56-91@/home/alex/dev/Bachelor/bmad-vergleichsstudie/.lizard-tmp-DUgF1d/code/seed-b-frontend/.angular/cache/22.1.3/seed-b-frontend/vite/deps/from-B6Xl7DlO.js","/home/alex/dev/Bachelor/bmad-vergleichsstudie/.lizard-tmp-DUgF1d/code/seed-b-frontend/.angular/cache/22.1.3/seed-b-frontend/vite/deps/from-B6Xl7DlO.js","readableStreamLikeToAsyncGenerator","readableStreamLikeToAsyncGenerator ( readableStream )",56,91
3,3,25,1,3,"isReadableStreamLike@92-94@/home/alex/dev/Bachelor/bmad-vergleichsstudie/.lizard-tmp-DUgF1d/code/seed-b-frontend/.angular/cache/22.1.3/seed-b-frontend/vite/deps/from-B6Xl7DlO.js","/home/alex/dev/Bachelor/bmad-vergleichsstudie/.lizard-tmp-DUgF1d/code/seed-b-frontend/.angular/cache/22.1.3/seed-b-frontend/vite/deps/from-B6Xl7DlO.js","isReadableStreamLike","isReadableStreamLike ( obj )",92,94
12,9,106,1,12,"innerFrom@97-108@/home/alex/dev/Bachelor/bmad-vergleichsstudie/.lizard-tmp-DUgF1d/code/seed-b-frontend/.angular/cache/22.1.3/seed-b-frontend/vite/deps/from-B6Xl7DlO.js","/home/alex/dev/Bachelor/bmad-vergleichsstudie/.lizard-tmp-DUgF1d/code/seed-b-frontend/.angular/cache/22.1.3/seed-b-frontend/vite/deps/from-B6Xl7DlO.js","innerFrom","innerFrom ( input )",97,108
5,2,39,1,5,"(anonymous)@110-114@/home/alex/dev/Bachelor/bmad-vergleichsstudie/.lizard-tmp-DUgF1d/code/seed-b-frontend/.angular/cache/22.1.3/seed-b-frontend/vite/deps/from-B6Xl7DlO.js","/home/alex/dev/Bachelor/bmad-vergleichsstudie/.lizard-tmp-DUgF1d/code/seed-b-frontend/.angular/cache/22.1.3/seed-b-frontend/vite/deps/from-B6Xl7DlO.js","(anonymous)","(anonymous) ( subscriber )",110,114
3,1,13,1,7,"fromInteropObservable@109-115@/home/alex/dev/Bachelor/bmad-vergleichsstudie/.lizard-tmp-DUgF1d/code/seed-b-frontend/.angular/cache/22.1.3/seed-b-frontend/vite/deps/from-B6Xl7DlO.js","/home/alex/dev/Bachelor/bmad-vergleichsstudie/.lizard-tmp-DUgF1d/code/seed-b-frontend/.angular/cache/22.1.3/seed-b-frontend/vite/deps/from-B6Xl7DlO.js","fromInteropObservable","fromInteropObservable ( obj )",109,115
4,3,42,1,4,"(anonymous)@117-120@/home/alex/dev/Bachelor/bmad-vergleichsstudie/.lizard-tmp-DUgF1d/code/seed-b-frontend/.angular/cache/22.1.3/seed-b-frontend/vite/deps/from-B6Xl7DlO.js","/home/alex/dev/Bachelor/bmad-vergleichsstudie/.lizard-tmp-DUgF1d/code/seed-b-frontend/.angular/cache/22.1.3/seed-b-frontend/vite/deps/from-B6Xl7DlO.js","(anonymous)","(anonymous) ( subscriber )",117,120
3,1,13,1,6,"fromArrayLike@116-121@/home/alex/dev/Bachelor/bmad-vergleichsstudie/.lizard-tmp-DUgF1d/code/seed-b-frontend/.angular/cache/22.1.3/seed-b-frontend/vite/deps/from-B6Xl7DlO.js","/home/alex/dev/Bachelor/bmad-vergleichsstudie/.lizard-tmp-DUgF1d/code/seed-b-frontend/.angular/cache/22.1.3/seed-b-frontend/vite/deps/from-B6Xl7DlO.js","fromArrayLike","fromArrayLike ( array )",116,121
6,2,27,1,6,"(anonymous)@124-129@/home/alex/dev/Bachelor/bmad-vergleichsstudie/.lizard-tmp-DUgF1d/code/seed-b-frontend/.angular/cache/22.1.3/seed-b-frontend/vite/deps/from-B6Xl7DlO.js","/home/alex/dev/Bachelor/bmad-vergleichsstudie/.lizard-tmp-DUgF1d/code/seed-b-frontend/.angular/cache/22.1.3/seed-b-frontend/vite/deps/from-B6Xl7DlO.js","(anonymous)","(anonymous) ( value )",124,129
3,1,13,1,3,"(anonymous)@129-131@/home/alex/dev/Bachelor/bmad-vergleichsstudie/.lizard-tmp-DUgF1d/code/seed-b-frontend/.angular/cache/22.1.3/seed-b-frontend/vite/deps/from-B6Xl7DlO.js","/home/alex/dev/Bachelor/bmad-vergleichsstudie/.lizard-tmp-DUgF1d/code/seed-b-frontend/.angular/cache/22.1.3/seed-b-frontend/vite/deps/from-B6Xl7DlO.js","(anonymous)","(anonymous) ( err )",129,131
3,1,23,1,10,"(anonymous)@123-132@/home/alex/dev/Bachelor/bmad-vergleichsstudie/.lizard-tmp-DUgF1d/code/seed-b-frontend/.angular/cache/22.1.3/seed-b-frontend/vite/deps/from-B6Xl7DlO.js","/home/alex/dev/Bachelor/bmad-vergleichsstudie/.lizard-tmp-DUgF1d/code/seed-b-frontend/.angular/cache/22.1.3/seed-b-frontend/vite/deps/from-B6Xl7DlO.js","(anonymous)","(anonymous) ( subscriber )",123,132
3,1,13,1,12,"fromPromise@122-133@/home/alex/dev/Bachelor/bmad-vergleichsstudie/.lizard-tmp-DUgF1d/code/seed-b-frontend/.angular/cache/22.1.3/seed-b-frontend/vite/deps/from-B6Xl7DlO.js","/home/alex/dev/Bachelor/bmad-vergleichsstudie/.lizard-tmp-DUgF1d/code/seed-b-frontend/.angular/cache/22.1.3/seed-b-frontend/vite/deps/from-B6Xl7DlO.js","fromPromise","fromPromise ( promise )",122,133
19,8,130,1,19,"(anonymous)@135-153@/home/alex/dev/Bachelor/bmad-vergleichsstudie/.lizard-tmp-DUgF1d/code/seed-b-frontend/.angular/cache/22.1.3/seed-b-frontend/vite/deps/from-B6Xl7DlO.js","/home/alex/dev/Bachelor/bmad-vergleichsstudie/.lizard-tmp-DUgF1d/code/seed-b-frontend/.angular/cache/22.1.3/seed-b-frontend/vite/deps/from-B6Xl7DlO.js","(anonymous)","(anonymous) ( subscriber )",135,153
3,1,13,1,21,"fromIterable@134-154@/home/alex/dev/Bachelor/bmad-vergleichsstudie/.lizard-tmp-DUgF1d/code/seed-b-frontend/.angular/cache/22.1.3/seed-b-frontend/vite/deps/from-B6Xl7DlO.js","/home/alex/dev/Bachelor/bmad-vergleichsstudie/.lizard-tmp-DUgF1d/code/seed-b-frontend/.angular/cache/22.1.3/seed-b-frontend/vite/deps/from-B6Xl7DlO.js","fromIterable","fromIterable ( iterable )",134,154
3,1,13,1,3,"(anonymous)@157-159@/home/alex/dev/Bachelor/bmad-vergleichsstudie/.lizard-tmp-DUgF1d/code/seed-b-frontend/.angular/cache/22.1.3/seed-b-frontend/vite/deps/from-B6Xl7DlO.js","/home/alex/dev/Bachelor/bmad-vergleichsstudie/.lizard-tmp-DUgF1d/code/seed-b-frontend/.angular/cache/22.1.3/seed-b-frontend/vite/deps/from-B6Xl7DlO.js","(anonymous)","(anonymous) ( err )",157,159
3,2,18,1,5,"(anonymous)@156-160@/home/alex/dev/Bachelor/bmad-vergleichsstudie/.lizard-tmp-DUgF1d/code/seed-b-frontend/.angular/cache/22.1.3/seed-b-frontend/vite/deps/from-B6Xl7DlO.js","/home/alex/dev/Bachelor/bmad-vergleichsstudie/.lizard-tmp-DUgF1d/code/seed-b-frontend/.angular/cache/22.1.3/seed-b-frontend/vite/deps/from-B6Xl7DlO.js","(anonymous)","(anonymous) ( subscriber )",156,160
3,1,13,1,7,"fromAsyncIterable@155-161@/home/alex/dev/Bachelor/bmad-vergleichsstudie/.lizard-tmp-DUgF1d/code/seed-b-frontend/.angular/cache/22.1.3/seed-b-frontend/vite/deps/from-B6Xl7DlO.js","/home/alex/dev/Bachelor/bmad-vergleichsstudie/.lizard-tmp-DUgF1d/code/seed-b-frontend/.angular/cache/22.1.3/seed-b-frontend/vite/deps/from-B6Xl7DlO.js","fromAsyncIterable","fromAsyncIterable ( asyncIterable )",155,161
3,1,14,1,3,"fromReadableStreamLike@162-164@/home/alex/dev/Bachelor/bmad-vergleichsstudie/.lizard-tmp-DUgF1d/code/seed-b-frontend/.angular/cache/22.1.3/seed-b-frontend/vite/deps/from-B6Xl7DlO.js","/home/alex/dev/Bachelor/bmad-vergleichsstudie/.lizard-tmp-DUgF1d/code/seed-b-frontend/.angular/cache/22.1.3/seed-b-frontend/vite/deps/from-B6Xl7DlO.js","fromReadableStreamLike","fromReadableStreamLike ( readableStream )",162,164
46,19,286,0,46,"(anonymous)@170-215@/home/alex/dev/Bachelor/bmad-vergleichsstudie/.lizard-tmp-DUgF1d/code/seed-b-frontend/.angular/cache/22.1.3/seed-b-frontend/vite/deps/from-B6Xl7DlO.js","/home/alex/dev/Bachelor/bmad-vergleichsstudie/.lizard-tmp-DUgF1d/code/seed-b-frontend/.angular/cache/22.1.3/seed-b-frontend/vite/deps/from-B6Xl7DlO.js","(anonymous)","(anonymous) ( )",170,215
4,1,18,0,49,"(anonymous)@168-216@/home/alex/dev/Bachelor/bmad-vergleichsstudie/.lizard-tmp-DUgF1d/code/seed-b-frontend/.angular/cache/22.1.3/seed-b-frontend/vite/deps/from-B6Xl7DlO.js","/home/alex/dev/Bachelor/bmad-vergleichsstudie/.lizard-tmp-DUgF1d/code/seed-b-frontend/.angular/cache/22.1.3/seed-b-frontend/vite/deps/from-B6Xl7DlO.js","(anonymous)","(anonymous) ( )",168,216
5,1,32,2,53,"process@165-217@/home/alex/dev/Bachelor/bmad-vergleichsstudie/.lizard-tmp-DUgF1d/code/seed-b-frontend/.angular/cache/22.1.3/seed-b-frontend/vite/deps/from-B6Xl7DlO.js","/home/alex/dev/Bachelor/bmad-vergleichsstudie/.lizard-tmp-DUgF1d/code/seed-b-frontend/.angular/cache/22.1.3/seed-b-frontend/vite/deps/from-B6Xl7DlO.js","process","process ( asyncIterable , subscriber )",165,217
5,2,33,0,5,"(anonymous)@223-227@/home/alex/dev/Bachelor/bmad-vergleichsstudie/.lizard-tmp-DUgF1d/code/seed-b-frontend/.angular/cache/22.1.3/seed-b-frontend/vite/deps/from-B6Xl7DlO.js","/home/alex/dev/Bachelor/bmad-vergleichsstudie/.lizard-tmp-DUgF1d/code/seed-b-frontend/.angular/cache/22.1.3/seed-b-frontend/vite/deps/from-B6Xl7DlO.js","(anonymous)","(anonymous) ( )",223,227
7,4,63,5,11,"executeSchedule@220-230@/home/alex/dev/Bachelor/bmad-vergleichsstudie/.lizard-tmp-DUgF1d/code/seed-b-frontend/.angular/cache/22.1.3/seed-b-frontend/vite/deps/from-B6Xl7DlO.js","/home/alex/dev/Bachelor/bmad-vergleichsstudie/.lizard-tmp-DUgF1d/code/seed-b-frontend/.angular/cache/22.1.3/seed-b-frontend/vite/deps/from-B6Xl7DlO.js","executeSchedule","executeSchedule ( parentSubscription , scheduler , work , delay , repeat )",220,230
3,1,12,0,3,"(anonymous)@237-239@/home/alex/dev/Bachelor/bmad-vergleichsstudie/.lizard-tmp-DUgF1d/code/seed-b-frontend/.angular/cache/22.1.3/seed-b-frontend/vite/deps/from-B6Xl7DlO.js","/home/alex/dev/Bachelor/bmad-vergleichsstudie/.lizard-tmp-DUgF1d/code/seed-b-frontend/.angular/cache/22.1.3/seed-b-frontend/vite/deps/from-B6Xl7DlO.js","(anonymous)","(anonymous) ( )",237,239
3,1,18,1,5,"(anonymous)@236-240@/home/alex/dev/Bachelor/bmad-vergleichsstudie/.lizard-tmp-DUgF1d/code/seed-b-frontend/.angular/cache/22.1.3/seed-b-frontend/vite/deps/from-B6Xl7DlO.js","/home/alex/dev/Bachelor/bmad-vergleichsstudie/.lizard-tmp-DUgF1d/code/seed-b-frontend/.angular/cache/22.1.3/seed-b-frontend/vite/deps/from-B6Xl7DlO.js","(anonymous)","(anonymous) ( value )",236,240
3,1,11,0,3,"(anonymous)@241-243@/home/alex/dev/Bachelor/bmad-vergleichsstudie/.lizard-tmp-DUgF1d/code/seed-b-frontend/.angular/cache/22.1.3/seed-b-frontend/vite/deps/from-B6Xl7DlO.js","/home/alex/dev/Bachelor/bmad-vergleichsstudie/.lizard-tmp-DUgF1d/code/seed-b-frontend/.angular/cache/22.1.3/seed-b-frontend/vite/deps/from-B6Xl7DlO.js","(anonymous)","(anonymous) ( )",241,243
3,1,17,0,5,"(anonymous)@240-244@/home/alex/dev/Bachelor/bmad-vergleichsstudie/.lizard-tmp-DUgF1d/code/seed-b-frontend/.angular/cache/22.1.3/seed-b-frontend/vite/deps/from-B6Xl7DlO.js","/home/alex/dev/Bachelor/bmad-vergleichsstudie/.lizard-tmp-DUgF1d/code/seed-b-frontend/.angular/cache/22.1.3/seed-b-frontend/vite/deps/from-B6Xl7DlO.js","(anonymous)","(anonymous) ( )",240,244
3,1,12,0,3,"(anonymous)@245-247@/home/alex/dev/Bachelor/bmad-vergleichsstudie/.lizard-tmp-DUgF1d/code/seed-b-frontend/.angular/cache/22.1.3/seed-b-frontend/vite/deps/from-B6Xl7DlO.js","/home/alex/dev/Bachelor/bmad-vergleichsstudie/.lizard-tmp-DUgF1d/code/seed-b-frontend/.angular/cache/22.1.3/seed-b-frontend/vite/deps/from-B6Xl7DlO.js","(anonymous)","(anonymous) ( )",245,247
3,1,18,1,5,"(anonymous)@244-248@/home/alex/dev/Bachelor/bmad-vergleichsstudie/.lizard-tmp-DUgF1d/code/seed-b-frontend/.angular/cache/22.1.3/seed-b-frontend/vite/deps/from-B6Xl7DlO.js","/home/alex/dev/Bachelor/bmad-vergleichsstudie/.lizard-tmp-DUgF1d/code/seed-b-frontend/.angular/cache/22.1.3/seed-b-frontend/vite/deps/from-B6Xl7DlO.js","(anonymous)","(anonymous) ( err )",244,248
3,1,26,2,15,"(anonymous)@235-249@/home/alex/dev/Bachelor/bmad-vergleichsstudie/.lizard-tmp-DUgF1d/code/seed-b-frontend/.angular/cache/22.1.3/seed-b-frontend/vite/deps/from-B6Xl7DlO.js","/home/alex/dev/Bachelor/bmad-vergleichsstudie/.lizard-tmp-DUgF1d/code/seed-b-frontend/.angular/cache/22.1.3/seed-b-frontend/vite/deps/from-B6Xl7DlO.js","(anonymous)","(anonymous) ( source , subscriber )",235,249
4,2,25,2,18,"observeOn@233-250@/home/alex/dev/Bachelor/bmad-vergleichsstudie/.lizard-tmp-DUgF1d/code/seed-b-frontend/.angular/cache/22.1.3/seed-b-frontend/vite/deps/from-B6Xl7DlO.js","/home/alex/dev/Bachelor/bmad-vergleichsstudie/.lizard-tmp-DUgF1d/code/seed-b-frontend/.angular/cache/22.1.3/seed-b-frontend/vite/deps/from-B6Xl7DlO.js","observeOn","observeOn ( scheduler , delay )",233,250
3,1,12,0,3,"(anonymous)@256-258@/home/alex/dev/Bachelor/bmad-vergleichsstudie/.lizard-tmp-DUgF1d/code/seed-b-frontend/.angular/cache/22.1.3/seed-b-frontend/vite/deps/from-B6Xl7DlO.js","/home/alex/dev/Bachelor/bmad-vergleichsstudie/.lizard-tmp-DUgF1d/code/seed-b-frontend/.angular/cache/22.1.3/seed-b-frontend/vite/deps/from-B6Xl7DlO.js","(anonymous)","(anonymous) ( )",256,258
3,1,22,2,5,"(anonymous)@255-259@/home/alex/dev/Bachelor/bmad-vergleichsstudie/.lizard-tmp-DUgF1d/code/seed-b-frontend/.angular/cache/22.1.3/seed-b-frontend/vite/deps/from-B6Xl7DlO.js","/home/alex/dev/Bachelor/bmad-vergleichsstudie/.lizard-tmp-DUgF1d/code/seed-b-frontend/.angular/cache/22.1.3/seed-b-frontend/vite/deps/from-B6Xl7DlO.js","(anonymous)","(anonymous) ( source , subscriber )",255,259
4,2,25,2,8,"subscribeOn@253-260@/home/alex/dev/Bachelor/bmad-vergleichsstudie/.lizard-tmp-DUgF1d/code/seed-b-frontend/.angular/cache/22.1.3/seed-b-frontend/vite/deps/from-B6Xl7DlO.js","/home/alex/dev/Bachelor/bmad-vergleichsstudie/.lizard-tmp-DUgF1d/code/seed-b-frontend/.angular/cache/22.1.3/seed-b-frontend/vite/deps/from-B6Xl7DlO.js","subscribeOn","subscribeOn ( scheduler , delay )",253,260
3,1,26,2,3,"scheduleObservable@263-265@/home/alex/dev/Bachelor/bmad-vergleichsstudie/.lizard-tmp-DUgF1d/code/seed-b-frontend/.angular/cache/22.1.3/seed-b-frontend/vite/deps/from-B6Xl7DlO.js","/home/alex/dev/Bachelor/bmad-vergleichsstudie/.lizard-tmp-DUgF1d/code/seed-b-frontend/.angular/cache/22.1.3/seed-b-frontend/vite/deps/from-B6Xl7DlO.js","scheduleObservable","scheduleObservable ( input , scheduler )",263,265
3,1,26,2,3,"schedulePromise@268-270@/home/alex/dev/Bachelor/bmad-vergleichsstudie/.lizard-tmp-DUgF1d/code/seed-b-frontend/.angular/cache/22.1.3/seed-b-frontend/vite/deps/from-B6Xl7DlO.js","/home/alex/dev/Bachelor/bmad-vergleichsstudie/.lizard-tmp-DUgF1d/code/seed-b-frontend/.angular/cache/22.1.3/seed-b-frontend/vite/deps/from-B6Xl7DlO.js","schedulePromise","schedulePromise ( input , scheduler )",268,270
7,3,45,0,7,"(anonymous)@276-282@/home/alex/dev/Bachelor/bmad-vergleichsstudie/.lizard-tmp-DUgF1d/code/seed-b-frontend/.angular/cache/22.1.3/seed-b-frontend/vite/deps/from-B6Xl7DlO.js","/home/alex/dev/Bachelor/bmad-vergleichsstudie/.lizard-tmp-DUgF1d/code/seed-b-frontend/.angular/cache/22.1.3/seed-b-frontend/vite/deps/from-B6Xl7DlO.js","(anonymous)","(anonymous) ( )",276,282
4,1,19,1,10,"(anonymous)@274-283@/home/alex/dev/Bachelor/bmad-vergleichsstudie/.lizard-tmp-DUgF1d/code/seed-b-frontend/.angular/cache/22.1.3/seed-b-frontend/vite/deps/from-B6Xl7DlO.js","/home/alex/dev/Bachelor/bmad-vergleichsstudie/.lizard-tmp-DUgF1d/code/seed-b-frontend/.angular/cache/22.1.3/seed-b-frontend/vite/deps/from-B6Xl7DlO.js","(anonymous)","(anonymous) ( subscriber )",274,283
3,1,15,2,12,"scheduleArray@273-284@/home/alex/dev/Bachelor/bmad-vergleichsstudie/.lizard-tmp-DUgF1d/code/seed-b-frontend/.angular/cache/22.1.3/seed-b-frontend/vite/deps/from-B6Xl7DlO.js","/home/alex/dev/Bachelor/bmad-vergleichsstudie/.lizard-tmp-DUgF1d/code/seed-b-frontend/.angular/cache/22.1.3/seed-b-frontend/vite/deps/from-B6Xl7DlO.js","scheduleArray","scheduleArray ( input , scheduler )",273,284
13,3,70,0,13,"(anonymous)@292-304@/home/alex/dev/Bachelor/bmad-vergleichsstudie/.lizard-tmp-DUgF1d/code/seed-b-frontend/.angular/cache/22.1.3/seed-b-frontend/vite/deps/from-B6Xl7DlO.js","/home/alex/dev/Bachelor/bmad-vergleichsstudie/.lizard-tmp-DUgF1d/code/seed-b-frontend/.angular/cache/22.1.3/seed-b-frontend/vite/deps/from-B6Xl7DlO.js","(anonymous)","(anonymous) ( )",292,304
4,1,28,0,16,"(anonymous)@290-305@/home/alex/dev/Bachelor/bmad-vergleichsstudie/.lizard-tmp-DUgF1d/code/seed-b-frontend/.angular/cache/22.1.3/seed-b-frontend/vite/deps/from-B6Xl7DlO.js","/home/alex/dev/Bachelor/bmad-vergleichsstudie/.lizard-tmp-DUgF1d/code/seed-b-frontend/.angular/cache/22.1.3/seed-b-frontend/vite/deps/from-B6Xl7DlO.js","(anonymous)","(anonymous) ( )",290,305
3,4,34,0,3,"(anonymous)@306-308@/home/alex/dev/Bachelor/bmad-vergleichsstudie/.lizard-tmp-DUgF1d/code/seed-b-frontend/.angular/cache/22.1.3/seed-b-frontend/vite/deps/from-B6Xl7DlO.js","/home/alex/dev/Bachelor/bmad-vergleichsstudie/.lizard-tmp-DUgF1d/code/seed-b-frontend/.angular/cache/22.1.3/seed-b-frontend/vite/deps/from-B6Xl7DlO.js","(anonymous)","(anonymous) ( )",306,308
5,1,23,1,22,"(anonymous)@288-309@/home/alex/dev/Bachelor/bmad-vergleichsstudie/.lizard-tmp-DUgF1d/code/seed-b-frontend/.angular/cache/22.1.3/seed-b-frontend/vite/deps/from-B6Xl7DlO.js","/home/alex/dev/Bachelor/bmad-vergleichsstudie/.lizard-tmp-DUgF1d/code/seed-b-frontend/.angular/cache/22.1.3/seed-b-frontend/vite/deps/from-B6Xl7DlO.js","(anonymous)","(anonymous) ( subscriber )",288,309
3,1,15,2,24,"scheduleIterable@287-310@/home/alex/dev/Bachelor/bmad-vergleichsstudie/.lizard-tmp-DUgF1d/code/seed-b-frontend/.angular/cache/22.1.3/seed-b-frontend/vite/deps/from-B6Xl7DlO.js","/home/alex/dev/Bachelor/bmad-vergleichsstudie/.lizard-tmp-DUgF1d/code/seed-b-frontend/.angular/cache/22.1.3/seed-b-frontend/vite/deps/from-B6Xl7DlO.js","scheduleIterable","scheduleIterable ( input , scheduler )",287,310
4,2,27,1,4,"(anonymous)@319-322@/home/alex/dev/Bachelor/bmad-vergleichsstudie/.lizard-tmp-DUgF1d/code/seed-b-frontend/.angular/cache/22.1.3/seed-b-frontend/vite/deps/from-B6Xl7DlO.js","/home/alex/dev/Bachelor/bmad-vergleichsstudie/.lizard-tmp-DUgF1d/code/seed-b-frontend/.angular/cache/22.1.3/seed-b-frontend/vite/deps/from-B6Xl7DlO.js","(anonymous)","(anonymous) ( result )",319,322
3,1,16,0,6,"(anonymous)@318-323@/home/alex/dev/Bachelor/bmad-vergleichsstudie/.lizard-tmp-DUgF1d/code/seed-b-frontend/.angular/cache/22.1.3/seed-b-frontend/vite/deps/from-B6Xl7DlO.js","/home/alex/dev/Bachelor/bmad-vergleichsstudie/.lizard-tmp-DUgF1d/code/seed-b-frontend/.angular/cache/22.1.3/seed-b-frontend/vite/deps/from-B6Xl7DlO.js","(anonymous)","(anonymous) ( )",318,323
4,1,30,0,9,"(anonymous)@316-324@/home/alex/dev/Bachelor/bmad-vergleichsstudie/.lizard-tmp-DUgF1d/code/seed-b-frontend/.angular/cache/22.1.3/seed-b-frontend/vite/deps/from-B6Xl7DlO.js","/home/alex/dev/Bachelor/bmad-vergleichsstudie/.lizard-tmp-DUgF1d/code/seed-b-frontend/.angular/cache/22.1.3/seed-b-frontend/vite/deps/from-B6Xl7DlO.js","(anonymous)","(anonymous) ( )",316,324
3,1,15,1,11,"(anonymous)@315-325@/home/alex/dev/Bachelor/bmad-vergleichsstudie/.lizard-tmp-DUgF1d/code/seed-b-frontend/.angular/cache/22.1.3/seed-b-frontend/vite/deps/from-B6Xl7DlO.js","/home/alex/dev/Bachelor/bmad-vergleichsstudie/.lizard-tmp-DUgF1d/code/seed-b-frontend/.angular/cache/22.1.3/seed-b-frontend/vite/deps/from-B6Xl7DlO.js","(anonymous)","(anonymous) ( subscriber )",315,325
4,2,27,2,14,"scheduleAsyncIterable@313-326@/home/alex/dev/Bachelor/bmad-vergleichsstudie/.lizard-tmp-DUgF1d/code/seed-b-frontend/.angular/cache/22.1.3/seed-b-frontend/vite/deps/from-B6Xl7DlO.js","/home/alex/dev/Bachelor/bmad-vergleichsstudie/.lizard-tmp-DUgF1d/code/seed-b-frontend/.angular/cache/22.1.3/seed-b-frontend/vite/deps/from-B6Xl7DlO.js","scheduleAsyncIterable","scheduleAsyncIterable ( input , scheduler )",313,326
3,1,18,2,3,"scheduleReadableStreamLike@329-331@/home/alex/dev/Bachelor/bmad-vergleichsstudie/.lizard-tmp-DUgF1d/code/seed-b-frontend/.angular/cache/22.1.3/seed-b-frontend/vite/deps/from-B6Xl7DlO.js","/home/alex/dev/Bachelor/bmad-vergleichsstudie/.lizard-tmp-DUgF1d/code/seed-b-frontend/.angular/cache/22.1.3/seed-b-frontend/vite/deps/from-B6Xl7DlO.js","scheduleReadableStreamLike","scheduleReadableStreamLike ( input , scheduler )",329,331
11,8,111,2,11,"scheduled@334-344@/home/alex/dev/Bachelor/bmad-vergleichsstudie/.lizard-tmp-DUgF1d/code/seed-b-frontend/.angular/cache/22.1.3/seed-b-frontend/vite/deps/from-B6Xl7DlO.js","/home/alex/dev/Bachelor/bmad-vergleichsstudie/.lizard-tmp-DUgF1d/code/seed-b-frontend/.angular/cache/22.1.3/seed-b-frontend/vite/deps/from-B6Xl7DlO.js","scheduled","scheduled ( input , scheduler )",334,344
3,2,22,2,3,"from@347-349@/home/alex/dev/Bachelor/bmad-vergleichsstudie/.lizard-tmp-DUgF1d/code/seed-b-frontend/.angular/cache/22.1.3/seed-b-frontend/vite/deps/from-B6Xl7DlO.js","/home/alex/dev/Bachelor/bmad-vergleichsstudie/.lizard-tmp-DUgF1d/code/seed-b-frontend/.angular/cache/22.1.3/seed-b-frontend/vite/deps/from-B6Xl7DlO.js","from","from ( input , scheduler )",347,349
5,2,47,0,5,"of@5-9@/home/alex/dev/Bachelor/bmad-vergleichsstudie/.lizard-tmp-DUgF1d/code/seed-b-frontend/.angular/cache/22.1.3/seed-b-frontend/vite/deps/http-CBuFW9w9.js","/home/alex/dev/Bachelor/bmad-vergleichsstudie/.lizard-tmp-DUgF1d/code/seed-b-frontend/.angular/cache/22.1.3/seed-b-frontend/vite/deps/http-CBuFW9w9.js","of","of ( )",5,9
3,4,22,0,3,"checkComplete@17-19@/home/alex/dev/Bachelor/bmad-vergleichsstudie/.lizard-tmp-DUgF1d/code/seed-b-frontend/.angular/cache/22.1.3/seed-b-frontend/vite/deps/http-CBuFW9w9.js","/home/alex/dev/Bachelor/bmad-vergleichsstudie/.lizard-tmp-DUgF1d/code/seed-b-frontend/.angular/cache/22.1.3/seed-b-frontend/vite/deps/http-CBuFW9w9.js","checkComplete","checkComplete ( )",17,19
3,2,22,1,3,"outerNext@20-22@/home/alex/dev/Bachelor/bmad-vergleichsstudie/.lizard-tmp-DUgF1d/code/seed-b-frontend/.angular/cache/22.1.3/seed-b-frontend/vite/deps/http-CBuFW9w9.js","/home/alex/dev/Bachelor/bmad-vergleichsstudie/.lizard-tmp-DUgF1d/code/seed-b-frontend/.angular/cache/22.1.3/seed-b-frontend/vite/deps/http-CBuFW9w9.js","outerNext","outerNext ( value )",20,22
5,4,36,1,5,"(anonymous)@27-31@/home/alex/dev/Bachelor/bmad-vergleichsstudie/.lizard-tmp-DUgF1d/code/seed-b-frontend/.angular/cache/22.1.3/seed-b-frontend/vite/deps/http-CBuFW9w9.js","/home/alex/dev/Bachelor/bmad-vergleichsstudie/.lizard-tmp-DUgF1d/code/seed-b-frontend/.angular/cache/22.1.3/seed-b-frontend/vite/deps/http-CBuFW9w9.js","(anonymous)","(anonymous) ( innerValue )",27,31
3,1,8,0,3,"(anonymous)@31-33@/home/alex/dev/Bachelor/bmad-vergleichsstudie/.lizard-tmp-DUgF1d/code/seed-b-frontend/.angular/cache/22.1.3/seed-b-frontend/vite/deps/http-CBuFW9w9.js","/home/alex/dev/Bachelor/bmad-vergleichsstudie/.lizard-tmp-DUgF1d/code/seed-b-frontend/.angular/cache/22.1.3/seed-b-frontend/vite/deps/http-CBuFW9w9.js","(anonymous)","(anonymous) ( )",31,33
3,1,10,0,3,"(anonymous)@38-40@/home/alex/dev/Bachelor/bmad-vergleichsstudie/.lizard-tmp-DUgF1d/code/seed-b-frontend/.angular/cache/22.1.3/seed-b-frontend/vite/deps/http-CBuFW9w9.js","/home/alex/dev/Bachelor/bmad-vergleichsstudie/.lizard-tmp-DUgF1d/code/seed-b-frontend/.angular/cache/22.1.3/seed-b-frontend/vite/deps/http-CBuFW9w9.js","(anonymous)","(anonymous) ( )",38,40
5,2,33,0,7,"_loop_1@36-42@/home/alex/dev/Bachelor/bmad-vergleichsstudie/.lizard-tmp-DUgF1d/code/seed-b-frontend/.angular/cache/22.1.3/seed-b-frontend/vite/deps/http-CBuFW9w9.js","/home/alex/dev/Bachelor/bmad-vergleichsstudie/.lizard-tmp-DUgF1d/code/seed-b-frontend/.angular/cache/22.1.3/seed-b-frontend/vite/deps/http-CBuFW9w9.js","_loop_1","_loop_1 ( )",36,42
10,5,51,0,16,"(anonymous)@33-48@/home/alex/dev/Bachelor/bmad-vergleichsstudie/.lizard-tmp-DUgF1d/code/seed-b-frontend/.angular/cache/22.1.3/seed-b-frontend/vite/deps/http-CBuFW9w9.js","/home/alex/dev/Bachelor/bmad-vergleichsstudie/.lizard-tmp-DUgF1d/code/seed-b-frontend/.angular/cache/22.1.3/seed-b-frontend/vite/deps/http-CBuFW9w9.js","(anonymous)","(anonymous) ( )",33,48
6,2,53,1,27,"doInnerSub@23-49@/home/alex/dev/Bachelor/bmad-vergleichsstudie/.lizard-tmp-DUgF1d/code/seed-b-frontend/.angular/cache/22.1.3/seed-b-frontend/vite/deps/http-CBuFW9w9.js","/home/alex/dev/Bachelor/bmad-vergleichsstudie/.lizard-tmp-DUgF1d/code/seed-b-frontend/.angular/cache/22.1.3/seed-b-frontend/vite/deps/http-CBuFW9w9.js","doInnerSub","doInnerSub ( value )",23,49
4,1,12,0,4,"(anonymous)@50-53@/home/alex/dev/Bachelor/bmad-vergleichsstudie/.lizard-tmp-DUgF1d/code/seed-b-frontend/.angular/cache/22.1.3/seed-b-frontend/vite/deps/http-CBuFW9w9.js","/home/alex/dev/Bachelor/bmad-vergleichsstudie/.lizard-tmp-DUgF1d/code/seed-b-frontend/.angular/cache/22.1.3/seed-b-frontend/vite/deps/http-CBuFW9w9.js","(anonymous)","(anonymous) ( )",50,53
3,3,17,0,3,"(anonymous)@54-56@/home/alex/dev/Bachelor/bmad-vergleichsstudie/.lizard-tmp-DUgF1d/code/seed-b-frontend/.angular/cache/22.1.3/seed-b-frontend/vite/deps/http-CBuFW9w9.js","/home/alex/dev/Bachelor/bmad-vergleichsstudie/.lizard-tmp-DUgF1d/code/seed-b-frontend/.angular/cache/22.1.3/seed-b-frontend/vite/deps/http-CBuFW9w9.js","(anonymous)","(anonymous) ( )",54,56
11,1,77,8,46,"mergeInternals@12-57@/home/alex/dev/Bachelor/bmad-vergleichsstudie/.lizard-tmp-DUgF1d/code/seed-b-frontend/.angular/cache/22.1.3/seed-b-frontend/vite/deps/http-CBuFW9w9.js","/home/alex/dev/Bachelor/bmad-vergleichsstudie/.lizard-tmp-DUgF1d/code/seed-b-frontend/.angular/cache/22.1.3/seed-b-frontend/vite/deps/http-CBuFW9w9.js","mergeInternals","mergeInternals ( source , subscriber , project , concurrent , onBeforeNext , expand , innerSubScheduler , additionalFinalizer )",12,57
3,1,19,2,3,"(anonymous)@63-65@/home/alex/dev/Bachelor/bmad-vergleichsstudie/.lizard-tmp-DUgF1d/code/seed-b-frontend/.angular/cache/22.1.3/seed-b-frontend/vite/deps/http-CBuFW9w9.js","/home/alex/dev/Bachelor/bmad-vergleichsstudie/.lizard-tmp-DUgF1d/code/seed-b-frontend/.angular/cache/22.1.3/seed-b-frontend/vite/deps/http-CBuFW9w9.js","(anonymous)","(anonymous) ( b , ii )",63,65
3,1,25,2,5,"(anonymous)@62-66@/home/alex/dev/Bachelor/bmad-vergleichsstudie/.lizard-tmp-DUgF1d/code/seed-b-frontend/.angular/cache/22.1.3/seed-b-frontend/vite/deps/http-CBuFW9w9.js","/home/alex/dev/Bachelor/bmad-vergleichsstudie/.lizard-tmp-DUgF1d/code/seed-b-frontend/.angular/cache/22.1.3/seed-b-frontend/vite/deps/http-CBuFW9w9.js","(anonymous)","(anonymous) ( a , i )",62,66
3,1,19,2,3,"(anonymous)@68-70@/home/alex/dev/Bachelor/bmad-vergleichsstudie/.lizard-tmp-DUgF1d/code/seed-b-frontend/.angular/cache/22.1.3/seed-b-frontend/vite/deps/http-CBuFW9w9.js","/home/alex/dev/Bachelor/bmad-vergleichsstudie/.lizard-tmp-DUgF1d/code/seed-b-frontend/.angular/cache/22.1.3/seed-b-frontend/vite/deps/http-CBuFW9w9.js","(anonymous)","(anonymous) ( source , subscriber )",68,70
6,4,55,3,12,"mergeMap@60-71@/home/alex/dev/Bachelor/bmad-vergleichsstudie/.lizard-tmp-DUgF1d/code/seed-b-frontend/.angular/cache/22.1.3/seed-b-frontend/vite/deps/http-CBuFW9w9.js","/home/alex/dev/Bachelor/bmad-vergleichsstudie/.lizard-tmp-DUgF1d/code/seed-b-frontend/.angular/cache/22.1.3/seed-b-frontend/vite/deps/http-CBuFW9w9.js","mergeMap","mergeMap ( project , resultSelector , concurrent )",60,71
3,2,25,1,3,"(anonymous)@77-79@/home/alex/dev/Bachelor/bmad-vergleichsstudie/.lizard-tmp-DUgF1d/code/seed-b-frontend/.angular/cache/22.1.3/seed-b-frontend/vite/deps/http-CBuFW9w9.js","/home/alex/dev/Bachelor/bmad-vergleichsstudie/.lizard-tmp-DUgF1d/code/seed-b-frontend/.angular/cache/22.1.3/seed-b-frontend/vite/deps/http-CBuFW9w9.js","(anonymous)","(anonymous) ( value )",77,79
4,1,25,2,6,"(anonymous)@75-80@/home/alex/dev/Bachelor/bmad-vergleichsstudie/.lizard-tmp-DUgF1d/code/seed-b-frontend/.angular/cache/22.1.3/seed-b-frontend/vite/deps/http-CBuFW9w9.js","/home/alex/dev/Bachelor/bmad-vergleichsstudie/.lizard-tmp-DUgF1d/code/seed-b-frontend/.angular/cache/22.1.3/seed-b-frontend/vite/deps/http-CBuFW9w9.js","(anonymous)","(anonymous) ( source , subscriber )",75,80
3,1,14,2,8,"filter@74-81@/home/alex/dev/Bachelor/bmad-vergleichsstudie/.lizard-tmp-DUgF1d/code/seed-b-frontend/.angular/cache/22.1.3/seed-b-frontend/vite/deps/http-CBuFW9w9.js","/home/alex/dev/Bachelor/bmad-vergleichsstudie/.lizard-tmp-DUgF1d/code/seed-b-frontend/.angular/cache/22.1.3/seed-b-frontend/vite/deps/http-CBuFW9w9.js","filter","filter ( predicate , thisArg )",74,81
3,2,29,2,3,"concatMap@84-86@/home/alex/dev/Bachelor/bmad-vergleichsstudie/.lizard-tmp-DUgF1d/code/seed-b-frontend/.angular/cache/22.1.3/seed-b-frontend/vite/deps/http-CBuFW9w9.js","/home/alex/dev/Bachelor/bmad-vergleichsstudie/.lizard-tmp-DUgF1d/code/seed-b-frontend/.angular/cache/22.1.3/seed-b-frontend/vite/deps/http-CBuFW9w9.js","concatMap","concatMap ( project , resultSelector )",84,86
7,1,27,2,7,"(anonymous)@90-96@/home/alex/dev/Bachelor/bmad-vergleichsstudie/.lizard-tmp-DUgF1d/code/seed-b-frontend/.angular/cache/22.1.3/seed-b-frontend/vite/deps/http-CBuFW9w9.js","/home/alex/dev/Bachelor/bmad-vergleichsstudie/.lizard-tmp-DUgF1d/code/seed-b-frontend/.angular/cache/22.1.3/seed-b-frontend/vite/deps/http-CBuFW9w9.js","(anonymous)","(anonymous) ( source , subscriber )",90,96
3,1,12,1,9,"finalize@89-97@/home/alex/dev/Bachelor/bmad-vergleichsstudie/.lizard-tmp-DUgF1d/code/seed-b-frontend/.angular/cache/22.1.3/seed-b-frontend/vite/deps/http-CBuFW9w9.js","/home/alex/dev/Bachelor/bmad-vergleichsstudie/.lizard-tmp-DUgF1d/code/seed-b-frontend/.angular/cache/22.1.3/seed-b-frontend/vite/deps/http-CBuFW9w9.js","finalize","finalize ( callback )",89,97
3,3,16,0,3,"checkComplete@105-107@/home/alex/dev/Bachelor/bmad-vergleichsstudie/.lizard-tmp-DUgF1d/code/seed-b-frontend/.angular/cache/22.1.3/seed-b-frontend/vite/deps/http-CBuFW9w9.js","/home/alex/dev/Bachelor/bmad-vergleichsstudie/.lizard-tmp-DUgF1d/code/seed-b-frontend/.angular/cache/22.1.3/seed-b-frontend/vite/deps/http-CBuFW9w9.js","checkComplete","checkComplete ( )",105,107
3,2,27,1,3,"(anonymous)@112-114@/home/alex/dev/Bachelor/bmad-vergleichsstudie/.lizard-tmp-DUgF1d/code/seed-b-frontend/.angular/cache/22.1.3/seed-b-frontend/vite/deps/http-CBuFW9w9.js","/home/alex/dev/Bachelor/bmad-vergleichsstudie/.lizard-tmp-DUgF1d/code/seed-b-frontend/.angular/cache/22.1.3/seed-b-frontend/vite/deps/http-CBuFW9w9.js","(anonymous)","(anonymous) ( innerValue )",112,114
4,1,12,0,4,"(anonymous)@114-117@/home/alex/dev/Bachelor/bmad-vergleichsstudie/.lizard-tmp-DUgF1d/code/seed-b-frontend/.angular/cache/22.1.3/seed-b-frontend/vite/deps/http-CBuFW9w9.js","/home/alex/dev/Bachelor/bmad-vergleichsstudie/.lizard-tmp-DUgF1d/code/seed-b-frontend/.angular/cache/22.1.3/seed-b-frontend/vite/deps/http-CBuFW9w9.js","(anonymous)","(anonymous) ( )",114,117
6,3,57,1,11,"(anonymous)@108-118@/home/alex/dev/Bachelor/bmad-vergleichsstudie/.lizard-tmp-DUgF1d/code/seed-b-frontend/.angular/cache/22.1.3/seed-b-frontend/vite/deps/http-CBuFW9w9.js","/home/alex/dev/Bachelor/bmad-vergleichsstudie/.lizard-tmp-DUgF1d/code/seed-b-frontend/.angular/cache/22.1.3/seed-b-frontend/vite/deps/http-CBuFW9w9.js","(anonymous)","(anonymous) ( value )",108,118
4,1,12,0,4,"(anonymous)@118-121@/home/alex/dev/Bachelor/bmad-vergleichsstudie/.lizard-tmp-DUgF1d/code/seed-b-frontend/.angular/cache/22.1.3/seed-b-frontend/vite/deps/http-CBuFW9w9.js","/home/alex/dev/Bachelor/bmad-vergleichsstudie/.lizard-tmp-DUgF1d/code/seed-b-frontend/.angular/cache/22.1.3/seed-b-frontend/vite/deps/http-CBuFW9w9.js","(anonymous)","(anonymous) ( )",118,121
7,1,44,2,22,"(anonymous)@101-122@/home/alex/dev/Bachelor/bmad-vergleichsstudie/.lizard-tmp-DUgF1d/code/seed-b-frontend/.angular/cache/22.1.3/seed-b-frontend/vite/deps/http-CBuFW9w9.js","/home/alex/dev/Bachelor/bmad-vergleichsstudie/.lizard-tmp-DUgF1d/code/seed-b-frontend/.angular/cache/22.1.3/seed-b-frontend/vite/deps/http-CBuFW9w9.js","(anonymous)","(anonymous) ( source , subscriber )",101,122
3,1,14,2,24,"switchMap@100-123@/home/alex/dev/Bachelor/bmad-vergleichsstudie/.lizard-tmp-DUgF1d/code/seed-b-frontend/.angular/cache/22.1.3/seed-b-frontend/vite/deps/http-CBuFW9w9.js","/home/alex/dev/Bachelor/bmad-vergleichsstudie/.lizard-tmp-DUgF1d/code/seed-b-frontend/.angular/cache/22.1.3/seed-b-frontend/vite/deps/http-CBuFW9w9.js","switchMap","switchMap ( project , resultSelector )",100,123
8,2,57,0,8,"(anonymous)@140-147@/home/alex/dev/Bachelor/bmad-vergleichsstudie/.lizard-tmp-DUgF1d/code/seed-b-frontend/.angular/cache/22.1.3/seed-b-frontend/vite/deps/http-CBuFW9w9.js","/home/alex/dev/Bachelor/bmad-vergleichsstudie/.lizard-tmp-DUgF1d/code/seed-b-frontend/.angular/cache/22.1.3/seed-b-frontend/vite/deps/http-CBuFW9w9.js","(anonymous)","(anonymous)",140,147
4,1,27,0,11,"this.lazyInit@138-148@/home/alex/dev/Bachelor/bmad-vergleichsstudie/.lizard-tmp-DUgF1d/code/seed-b-frontend/.angular/cache/22.1.3/seed-b-frontend/vite/deps/http-CBuFW9w9.js","/home/alex/dev/Bachelor/bmad-vergleichsstudie/.lizard-tmp-DUgF1d/code/seed-b-frontend/.angular/cache/22.1.3/seed-b-frontend/vite/deps/http-CBuFW9w9.js","this.lazyInit","this.lazyInit",138,148
3,1,11,0,3,"(anonymous)@151-153@/home/alex/dev/Bachelor/bmad-vergleichsstudie/.lizard-tmp-DUgF1d/code/seed-b-frontend/.angular/cache/22.1.3/seed-b-frontend/vite/deps/http-CBuFW9w9.js","/home/alex/dev/Bachelor/bmad-vergleichsstudie/.lizard-tmp-DUgF1d/code/seed-b-frontend/.angular/cache/22.1.3/seed-b-frontend/vite/deps/http-CBuFW9w9.js","(anonymous)","(anonymous)",151,153
3,1,11,0,3,"(anonymous)@157-159@/home/alex/dev/Bachelor/bmad-vergleichsstudie/.lizard-tmp-DUgF1d/code/seed-b-frontend/.angular/cache/22.1.3/seed-b-frontend/vite/deps/http-CBuFW9w9.js","/home/alex/dev/Bachelor/bmad-vergleichsstudie/.lizard-tmp-DUgF1d/code/seed-b-frontend/.angular/cache/22.1.3/seed-b-frontend/vite/deps/http-CBuFW9w9.js","(anonymous)","(anonymous)",157,159
5,3,45,0,7,"this.lazyInit@154-160@/home/alex/dev/Bachelor/bmad-vergleichsstudie/.lizard-tmp-DUgF1d/code/seed-b-frontend/.angular/cache/22.1.3/seed-b-frontend/vite/deps/http-CBuFW9w9.js","/home/alex/dev/Bachelor/bmad-vergleichsstudie/.lizard-tmp-DUgF1d/code/seed-b-frontend/.angular/cache/22.1.3/seed-b-frontend/vite/deps/http-CBuFW9w9.js","this.lazyInit","this.lazyInit",154,160
8,5,82,1,26,"constructor@136-161@/home/alex/dev/Bachelor/bmad-vergleichsstudie/.lizard-tmp-DUgF1d/code/seed-b-frontend/.angular/cache/22.1.3/seed-b-frontend/vite/deps/http-CBuFW9w9.js","/home/alex/dev/Bachelor/bmad-vergleichsstudie/.lizard-tmp-DUgF1d/code/seed-b-frontend/.angular/cache/22.1.3/seed-b-frontend/vite/deps/http-CBuFW9w9.js","constructor","constructor ( headers )",136,161
4,1,25,1,4,"has@162-165@/home/alex/dev/Bachelor/bmad-vergleichsstudie/.lizard-tmp-DUgF1d/code/seed-b-frontend/.angular/cache/22.1.3/seed-b-frontend/vite/deps/http-CBuFW9w9.js","/home/alex/dev/Bachelor/bmad-vergleichsstudie/.lizard-tmp-DUgF1d/code/seed-b-frontend/.angular/cache/22.1.3/seed-b-frontend/vite/deps/http-CBuFW9w9.js","has","has ( name )",162,165
1,1,7,0,1,"(anonymous)@209-209@/home/alex/dev/Bachelor/bmad-vergleichsstudie/.lizard-tmp-DUgF1d/code/seed-b-frontend/.angular/cache/22.1.3/seed-b-frontend/vite/deps/http-CBuFW9w9.js","/home/alex/dev/Bachelor/bmad-vergleichsstudie/.lizard-tmp-DUgF1d/code/seed-b-frontend/.angular/cache/22.1.3/seed-b-frontend/vite/deps/http-CBuFW9w9.js","(anonymous)","(anonymous)",209,209
1,1,10,0,1,"(anonymous)@249-249@/home/alex/dev/Bachelor/bmad-vergleichsstudie/.lizard-tmp-DUgF1d/code/seed-b-frontend/.angular/cache/22.1.3/seed-b-frontend/vite/deps/http-CBuFW9w9.js","/home/alex/dev/Bachelor/bmad-vergleichsstudie/.lizard-tmp-DUgF1d/code/seed-b-frontend/.angular/cache/22.1.3/seed-b-frontend/vite/deps/http-CBuFW9w9.js","(anonymous)","(anonymous)",249,249
1,1,6,0,1,"(anonymous)@265-265@/home/alex/dev/Bachelor/bmad-vergleichsstudie/.lizard-tmp-DUgF1d/code/seed-b-frontend/.angular/cache/22.1.3/seed-b-frontend/vite/deps/http-CBuFW9w9.js","/home/alex/dev/Bachelor/bmad-vergleichsstudie/.lizard-tmp-DUgF1d/code/seed-b-frontend/.angular/cache/22.1.3/seed-b-frontend/vite/deps/http-CBuFW9w9.js","(anonymous)","(anonymous)",265,265
1,1,21,0,1,"(anonymous)@272-272@/home/alex/dev/Bachelor/bmad-vergleichsstudie/.lizard-tmp-DUgF1d/code/seed-b-frontend/.angular/cache/22.1.3/seed-b-frontend/vite/deps/http-CBuFW9w9.js","/home/alex/dev/Bachelor/bmad-vergleichsstudie/.lizard-tmp-DUgF1d/code/seed-b-frontend/.angular/cache/22.1.3/seed-b-frontend/vite/deps/http-CBuFW9w9.js","(anonymous)","(anonymous)",272,272
3,5,69,1,3,"assertValidHeaders@275-277@/home/alex/dev/Bachelor/bmad-vergleichsstudie/.lizard-tmp-DUgF1d/code/seed-b-frontend/.angular/cache/22.1.3/seed-b-frontend/vite/deps/http-CBuFW9w9.js","/home/alex/dev/Bachelor/bmad-vergleichsstudie/.lizard-tmp-DUgF1d/code/seed-b-frontend/.angular/cache/22.1.3/seed-b-frontend/vite/deps/http-CBuFW9w9.js","assertValidHeaders","assertValidHeaders ( headers )",275,277
3,1,11,1,3,"constructor@280-282@/home/alex/dev/Bachelor/bmad-vergleichsstudie/.lizard-tmp-DUgF1d/code/seed-b-frontend/.angular/cache/22.1.3/seed-b-frontend/vite/deps/http-CBuFW9w9.js","/home/alex/dev/Bachelor/bmad-vergleichsstudie/.lizard-tmp-DUgF1d/code/seed-b-frontend/.angular/cache/22.1.3/seed-b-frontend/vite/deps/http-CBuFW9w9.js","constructor","constructor ( defaultValue )",280,282
3,1,11,1,3,"encodeKey@306-308@/home/alex/dev/Bachelor/bmad-vergleichsstudie/.lizard-tmp-DUgF1d/code/seed-b-frontend/.angular/cache/22.1.3/seed-b-frontend/vite/deps/http-CBuFW9w9.js","/home/alex/dev/Bachelor/bmad-vergleichsstudie/.lizard-tmp-DUgF1d/code/seed-b-frontend/.angular/cache/22.1.3/seed-b-frontend/vite/deps/http-CBuFW9w9.js","encodeKey","encodeKey ( key )",306,308
3,1,11,1,3,"encodeValue@309-311@/home/alex/dev/Bachelor/bmad-vergleichsstudie/.lizard-tmp-DUgF1d/code/seed-b-frontend/.angular/cache/22.1.3/seed-b-frontend/vite/deps/http-CBuFW9w9.js","/home/alex/dev/Bachelor/bmad-vergleichsstudie/.lizard-tmp-DUgF1d/code/seed-b-frontend/.angular/cache/22.1.3/seed-b-frontend/vite/deps/http-CBuFW9w9.js","encodeValue","encodeValue ( value )",309,311
3,1,11,1,3,"decodeKey@312-314@/home/alex/dev/Bachelor/bmad-vergleichsstudie/.lizard-tmp-DUgF1d/code/seed-b-frontend/.angular/cache/22.1.3/seed-b-frontend/vite/deps/http-CBuFW9w9.js","/home/alex/dev/Bachelor/bmad-vergleichsstudie/.lizard-tmp-DUgF1d/code/seed-b-frontend/.angular/cache/22.1.3/seed-b-frontend/vite/deps/http-CBuFW9w9.js","decodeKey","decodeKey ( key )",312,314
3,1,11,1,3,"decodeValue@315-317@/home/alex/dev/Bachelor/bmad-vergleichsstudie/.lizard-tmp-DUgF1d/code/seed-b-frontend/.angular/cache/22.1.3/seed-b-frontend/vite/deps/http-CBuFW9w9.js","/home/alex/dev/Bachelor/bmad-vergleichsstudie/.lizard-tmp-DUgF1d/code/seed-b-frontend/.angular/cache/22.1.3/seed-b-frontend/vite/deps/http-CBuFW9w9.js","decodeValue","decodeValue ( value )",315,317
7,3,94,0,7,"(anonymous)@321-327@/home/alex/dev/Bachelor/bmad-vergleichsstudie/.lizard-tmp-DUgF1d/code/seed-b-frontend/.angular/cache/22.1.3/seed-b-frontend/vite/deps/http-CBuFW9w9.js","/home/alex/dev/Bachelor/bmad-vergleichsstudie/.lizard-tmp-DUgF1d/code/seed-b-frontend/.angular/cache/22.1.3/seed-b-frontend/vite/deps/http-CBuFW9w9.js","(anonymous)","(anonymous)",321,327
5,2,48,2,11,"paramParser@319-329@/home/alex/dev/Bachelor/bmad-vergleichsstudie/.lizard-tmp-DUgF1d/code/seed-b-frontend/.angular/cache/22.1.3/seed-b-frontend/vite/deps/http-CBuFW9w9.js","/home/alex/dev/Bachelor/bmad-vergleichsstudie/.lizard-tmp-DUgF1d/code/seed-b-frontend/.angular/cache/22.1.3/seed-b-frontend/vite/deps/http-CBuFW9w9.js","paramParser","paramParser ( rawParams , codec )",319,329
1,3,8,0,1,"(anonymous)@342-342@/home/alex/dev/Bachelor/bmad-vergleichsstudie/.lizard-tmp-DUgF1d/code/seed-b-frontend/.angular/cache/22.1.3/seed-b-frontend/vite/deps/http-CBuFW9w9.js","/home/alex/dev/Bachelor/bmad-vergleichsstudie/.lizard-tmp-DUgF1d/code/seed-b-frontend/.angular/cache/22.1.3/seed-b-frontend/vite/deps/http-CBuFW9w9.js","(anonymous)","(anonymous)",342,342
3,1,23,1,3,"standardEncoding@341-343@/home/alex/dev/Bachelor/bmad-vergleichsstudie/.lizard-tmp-DUgF1d/code/seed-b-frontend/.angular/cache/22.1.3/seed-b-frontend/vite/deps/http-CBuFW9w9.js","/home/alex/dev/Bachelor/bmad-vergleichsstudie/.lizard-tmp-DUgF1d/code/seed-b-frontend/.angular/cache/22.1.3/seed-b-frontend/vite/deps/http-CBuFW9w9.js","standardEncoding","standardEncoding ( v )",341,343
3,1,12,1,3,"valueToString@344-346@/home/alex/dev/Bachelor/bmad-vergleichsstudie/.lizard-tmp-DUgF1d/code/seed-b-frontend/.angular/cache/22.1.3/seed-b-frontend/vite/deps/http-CBuFW9w9.js","/home/alex/dev/Bachelor/bmad-vergleichsstudie/.lizard-tmp-DUgF1d/code/seed-b-frontend/.angular/cache/22.1.3/seed-b-frontend/vite/deps/http-CBuFW9w9.js","valueToString","valueToString ( value )",344,346
5,2,47,0,5,"(anonymous)@359-363@/home/alex/dev/Bachelor/bmad-vergleichsstudie/.lizard-tmp-DUgF1d/code/seed-b-frontend/.angular/cache/22.1.3/seed-b-frontend/vite/deps/http-CBuFW9w9.js","/home/alex/dev/Bachelor/bmad-vergleichsstudie/.lizard-tmp-DUgF1d/code/seed-b-frontend/.angular/cache/22.1.3/seed-b-frontend/vite/deps/http-CBuFW9w9.js","(anonymous)","(anonymous)",359,363
10,6,106,1,14,"constructor@352-365@/home/alex/dev/Bachelor/bmad-vergleichsstudie/.lizard-tmp-DUgF1d/code/seed-b-frontend/.angular/cache/22.1.3/seed-b-frontend/vite/deps/http-CBuFW9w9.js","/home/alex/dev/Bachelor/bmad-vergleichsstudie/.lizard-tmp-DUgF1d/code/seed-b-frontend/.angular/cache/22.1.3/seed-b-frontend/vite/deps/http-CBuFW9w9.js","constructor","constructor ( options )",352,365
4,1,21,1,4,"has@366-369@/home/alex/dev/Bachelor/bmad-vergleichsstudie/.lizard-tmp-DUgF1d/code/seed-b-frontend/.angular/cache/22.1.3/seed-b-frontend/vite/deps/http-CBuFW9w9.js","/home/alex/dev/Bachelor/bmad-vergleichsstudie/.lizard-tmp-DUgF1d/code/seed-b-frontend/.angular/cache/22.1.3/seed-b-frontend/vite/deps/http-CBuFW9w9.js","has","has ( param )",366,369
7,1,19,0,7,"(anonymous)@394-400@/home/alex/dev/Bachelor/bmad-vergleichsstudie/.lizard-tmp-DUgF1d/code/seed-b-frontend/.angular/cache/22.1.3/seed-b-frontend/vite/deps/http-CBuFW9w9.js","/home/alex/dev/Bachelor/bmad-vergleichsstudie/.lizard-tmp-DUgF1d/code/seed-b-frontend/.angular/cache/22.1.3/seed-b-frontend/vite/deps/http-CBuFW9w9.js","(anonymous)","(anonymous)",394,400
9,2,46,0,15,"(anonymous)@392-406@/home/alex/dev/Bachelor/bmad-vergleichsstudie/.lizard-tmp-DUgF1d/code/seed-b-frontend/.angular/cache/22.1.3/seed-b-frontend/vite/deps/http-CBuFW9w9.js","/home/alex/dev/Bachelor/bmad-vergleichsstudie/.lizard-tmp-DUgF1d/code/seed-b-frontend/.angular/cache/22.1.3/seed-b-frontend/vite/deps/http-CBuFW9w9.js","(anonymous)","(anonymous)",392,406
1,1,13,0,1,"(anonymous)@427-427@/home/alex/dev/Bachelor/bmad-vergleichsstudie/.lizard-tmp-DUgF1d/code/seed-b-frontend/.angular/cache/22.1.3/seed-b-frontend/vite/deps/http-CBuFW9w9.js","/home/alex/dev/Bachelor/bmad-vergleichsstudie/.lizard-tmp-DUgF1d/code/seed-b-frontend/.angular/cache/22.1.3/seed-b-frontend/vite/deps/http-CBuFW9w9.js","(anonymous)","(anonymous)",427,427
4,1,37,0,4,"(anonymous)@425-428@/home/alex/dev/Bachelor/bmad-vergleichsstudie/.lizard-tmp-DUgF1d/code/seed-b-frontend/.angular/cache/22.1.3/seed-b-frontend/vite/deps/http-CBuFW9w9.js","/home/alex/dev/Bachelor/bmad-vergleichsstudie/.lizard-tmp-DUgF1d/code/seed-b-frontend/.angular/cache/22.1.3/seed-b-frontend/vite/deps/http-CBuFW9w9.js","(anonymous)","(anonymous)",425,428
1,1,4,0,1,"(anonymous)@428-428@/home/alex/dev/Bachelor/bmad-vergleichsstudie/.lizard-tmp-DUgF1d/code/seed-b-frontend/.angular/cache/22.1.3/seed-b-frontend/vite/deps/http-CBuFW9w9.js","/home/alex/dev/Bachelor/bmad-vergleichsstudie/.lizard-tmp-DUgF1d/code/seed-b-frontend/.angular/cache/22.1.3/seed-b-frontend/vite/deps/http-CBuFW9w9.js","(anonymous)","(anonymous)",428,428
19,9,180,0,19,"(anonymous)@441-459@/home/alex/dev/Bachelor/bmad-vergleichsstudie/.lizard-tmp-DUgF1d/code/seed-b-frontend/.angular/cache/22.1.3/seed-b-frontend/vite/deps/http-CBuFW9w9.js","/home/alex/dev/Bachelor/bmad-vergleichsstudie/.lizard-tmp-DUgF1d/code/seed-b-frontend/.angular/cache/22.1.3/seed-b-frontend/vite/deps/http-CBuFW9w9.js","(anonymous)","(anonymous)",441,459
10,6,34,1,10,"mightHaveBody@465-474@/home/alex/dev/Bachelor/bmad-vergleichsstudie/.lizard-tmp-DUgF1d/code/seed-b-frontend/.angular/cache/22.1.3/seed-b-frontend/vite/deps/http-CBuFW9w9.js","/home/alex/dev/Bachelor/bmad-vergleichsstudie/.lizard-tmp-DUgF1d/code/seed-b-frontend/.angular/cache/22.1.3/seed-b-frontend/vite/deps/http-CBuFW9w9.js","mightHaveBody","mightHaveBody ( method )",465,474
3,2,15,1,3,"isArrayBuffer@475-477@/home/alex/dev/Bachelor/bmad-vergleichsstudie/.lizard-tmp-DUgF1d/code/seed-b-frontend/.angular/cache/22.1.3/seed-b-frontend/vite/deps/http-CBuFW9w9.js","/home/alex/dev/Bachelor/bmad-vergleichsstudie/.lizard-tmp-DUgF1d/code/seed-b-frontend/.angular/cache/22.1.3/seed-b-frontend/vite/deps/http-CBuFW9w9.js","isArrayBuffer","isArrayBuffer ( value )",475,477
3,2,15,1,3,"isBlob@478-480@/home/alex/dev/Bachelor/bmad-vergleichsstudie/.lizard-tmp-DUgF1d/code/seed-b-frontend/.angular/cache/22.1.3/seed-b-frontend/vite/deps/http-CBuFW9w9.js","/home/alex/dev/Bachelor/bmad-vergleichsstudie/.lizard-tmp-DUgF1d/code/seed-b-frontend/.angular/cache/22.1.3/seed-b-frontend/vite/deps/http-CBuFW9w9.js","isBlob","isBlob ( value )",478,480
3,2,15,1,3,"isFormData@481-483@/home/alex/dev/Bachelor/bmad-vergleichsstudie/.lizard-tmp-DUgF1d/code/seed-b-frontend/.angular/cache/22.1.3/seed-b-frontend/vite/deps/http-CBuFW9w9.js","/home/alex/dev/Bachelor/bmad-vergleichsstudie/.lizard-tmp-DUgF1d/code/seed-b-frontend/.angular/cache/22.1.3/seed-b-frontend/vite/deps/http-CBuFW9w9.js","isFormData","isFormData ( value )",481,483
3,2,15,1,3,"isUrlSearchParams@484-486@/home/alex/dev/Bachelor/bmad-vergleichsstudie/.lizard-tmp-DUgF1d/code/seed-b-frontend/.angular/cache/22.1.3/seed-b-frontend/vite/deps/http-CBuFW9w9.js","/home/alex/dev/Bachelor/bmad-vergleichsstudie/.lizard-tmp-DUgF1d/code/seed-b-frontend/.angular/cache/22.1.3/seed-b-frontend/vite/deps/http-CBuFW9w9.js","isUrlSearchParams","isUrlSearchParams ( value )",484,486
1627,244,7001,4,1634,"constructor@516-2149@/home/alex/dev/Bachelor/bmad-vergleichsstudie/.lizard-tmp-DUgF1d/code/seed-b-frontend/.angular/cache/22.1.3/seed-b-frontend/vite/deps/http-CBuFW9w9.js","/home/alex/dev/Bachelor/bmad-vergleichsstudie/.lizard-tmp-DUgF1d/code/seed-b-frontend/.angular/cache/22.1.3/seed-b-frontend/vite/deps/http-CBuFW9w9.js","constructor","constructor ( method , url , third , fourth )",516,2149
1,1,14,0,1,"(anonymous)@2177-2177@/home/alex/dev/Bachelor/bmad-vergleichsstudie/.lizard-tmp-DUgF1d/code/seed-b-frontend/.angular/cache/22.1.3/seed-b-frontend/vite/deps/http-CBuFW9w9.js","/home/alex/dev/Bachelor/bmad-vergleichsstudie/.lizard-tmp-DUgF1d/code/seed-b-frontend/.angular/cache/22.1.3/seed-b-frontend/vite/deps/http-CBuFW9w9.js","(anonymous)","(anonymous)",2177,2177
7,1,44,0,7,"httpResource@2179-2185@/home/alex/dev/Bachelor/bmad-vergleichsstudie/.lizard-tmp-DUgF1d/code/seed-b-frontend/.angular/cache/22.1.3/seed-b-frontend/vite/deps/http-CBuFW9w9.js","/home/alex/dev/Bachelor/bmad-vergleichsstudie/.lizard-tmp-DUgF1d/code/seed-b-frontend/.angular/cache/22.1.3/seed-b-frontend/vite/deps/http-CBuFW9w9.js","httpResource","httpResource ( ( )",2179,2185
11,9,101,1,11,"getInitialStream@2193-2203@/home/alex/dev/Bachelor/bmad-vergleichsstudie/.lizard-tmp-DUgF1d/code/seed-b-frontend/.angular/cache/22.1.3/seed-b-frontend/vite/deps/http-CBuFW9w9.js","/home/alex/dev/Bachelor/bmad-vergleichsstudie/.lizard-tmp-DUgF1d/code/seed-b-frontend/.angular/cache/22.1.3/seed-b-frontend/vite/deps/http-CBuFW9w9.js","getInitialStream","getInitialStream ( req )",2193,2203
1,1,27,0,1,"(anonymous)@2204-2204@/home/alex/dev/Bachelor/bmad-vergleichsstudie/.lizard-tmp-DUgF1d/code/seed-b-frontend/.angular/cache/22.1.3/seed-b-frontend/vite/deps/http-CBuFW9w9.js","/home/alex/dev/Bachelor/bmad-vergleichsstudie/.lizard-tmp-DUgF1d/code/seed-b-frontend/.angular/cache/22.1.3/seed-b-frontend/vite/deps/http-CBuFW9w9.js","(anonymous)","(anonymous)",2204,2204
9,5,105,2,19,"httpResource@2187-2205@/home/alex/dev/Bachelor/bmad-vergleichsstudie/.lizard-tmp-DUgF1d/code/seed-b-frontend/.angular/cache/22.1.3/seed-b-frontend/vite/deps/http-CBuFW9w9.js","/home/alex/dev/Bachelor/bmad-vergleichsstudie/.lizard-tmp-DUgF1d/code/seed-b-frontend/.angular/cache/22.1.3/seed-b-frontend/vite/deps/http-CBuFW9w9.js","httpResource","httpResource ( request , options )",2187,2205
3,1,10,1,21,"makeHttpResourceFn@2186-2206@/home/alex/dev/Bachelor/bmad-vergleichsstudie/.lizard-tmp-DUgF1d/code/seed-b-frontend/.angular/cache/22.1.3/seed-b-frontend/vite/deps/http-CBuFW9w9.js","/home/alex/dev/Bachelor/bmad-vergleichsstudie/.lizard-tmp-DUgF1d/code/seed-b-frontend/.angular/cache/22.1.3/seed-b-frontend/vite/deps/http-CBuFW9w9.js","makeHttpResourceFn","makeHttpResourceFn ( responseType )",2186,2206
26,10,210,3,26,"normalizeRequest@2207-2232@/home/alex/dev/Bachelor/bmad-vergleichsstudie/.lizard-tmp-DUgF1d/code/seed-b-frontend/.angular/cache/22.1.3/seed-b-frontend/vite/deps/http-CBuFW9w9.js","/home/alex/dev/Bachelor/bmad-vergleichsstudie/.lizard-tmp-DUgF1d/code/seed-b-frontend/.angular/cache/22.1.3/seed-b-frontend/vite/deps/http-CBuFW9w9.js","normalizeRequest","normalizeRequest ( ctx , request , responseType )",2207,2232
5,2,28,3,5,"linkedSignal@2235-2239@/home/alex/dev/Bachelor/bmad-vergleichsstudie/.lizard-tmp-DUgF1d/code/seed-b-frontend/.angular/cache/22.1.3/seed-b-frontend/vite/deps/http-CBuFW9w9.js","/home/alex/dev/Bachelor/bmad-vergleichsstudie/.lizard-tmp-DUgF1d/code/seed-b-frontend/.angular/cache/22.1.3/seed-b-frontend/vite/deps/http-CBuFW9w9.js","linkedSignal","linkedSignal ( ngDevMode debugName , source this extRequest , computation ( )",2235,2239
2,1,6,0,2,"computation@2243-2244@/home/alex/dev/Bachelor/bmad-vergleichsstudie/.lizard-tmp-DUgF1d/code/seed-b-frontend/.angular/cache/22.1.3/seed-b-frontend/vite/deps/http-CBuFW9w9.js","/home/alex/dev/Bachelor/bmad-vergleichsstudie/.lizard-tmp-DUgF1d/code/seed-b-frontend/.angular/cache/22.1.3/seed-b-frontend/vite/deps/http-CBuFW9w9.js","computation","computation ( )",2243,2244
2,1,6,0,2,"computation@2248-2249@/home/alex/dev/Bachelor/bmad-vergleichsstudie/.lizard-tmp-DUgF1d/code/seed-b-frontend/.angular/cache/22.1.3/seed-b-frontend/vite/deps/http-CBuFW9w9.js","/home/alex/dev/Bachelor/bmad-vergleichsstudie/.lizard-tmp-DUgF1d/code/seed-b-frontend/.angular/cache/22.1.3/seed-b-frontend/vite/deps/http-CBuFW9w9.js","computation","computation ( )",2248,2249
1,4,40,0,1,"(anonymous)@2250-2250@/home/alex/dev/Bachelor/bmad-vergleichsstudie/.lizard-tmp-DUgF1d/code/seed-b-frontend/.angular/cache/22.1.3/seed-b-frontend/vite/deps/http-CBuFW9w9.js","/home/alex/dev/Bachelor/bmad-vergleichsstudie/.lizard-tmp-DUgF1d/code/seed-b-frontend/.angular/cache/22.1.3/seed-b-frontend/vite/deps/http-CBuFW9w9.js","(anonymous)","(anonymous)",2250,2250
4,1,15,0,4,"onAbort@2257-2260@/home/alex/dev/Bachelor/bmad-vergleichsstudie/.lizard-tmp-DUgF1d/code/seed-b-frontend/.angular/cache/22.1.3/seed-b-frontend/vite/deps/http-CBuFW9w9.js","/home/alex/dev/Bachelor/bmad-vergleichsstudie/.lizard-tmp-DUgF1d/code/seed-b-frontend/.angular/cache/22.1.3/seed-b-frontend/vite/deps/http-CBuFW9w9.js","onAbort","onAbort ( )",2257,2260
1,1,4,0,1,"(anonymous)@2264-2264@/home/alex/dev/Bachelor/bmad-vergleichsstudie/.lizard-tmp-DUgF1d/code/seed-b-frontend/.angular/cache/22.1.3/seed-b-frontend/vite/deps/http-CBuFW9w9.js","/home/alex/dev/Bachelor/bmad-vergleichsstudie/.lizard-tmp-DUgF1d/code/seed-b-frontend/.angular/cache/22.1.3/seed-b-frontend/vite/deps/http-CBuFW9w9.js","(anonymous)","(anonymous)",2264,2264
3,1,17,1,3,"send@2265-2267@/home/alex/dev/Bachelor/bmad-vergleichsstudie/.lizard-tmp-DUgF1d/code/seed-b-frontend/.angular/cache/22.1.3/seed-b-frontend/vite/deps/http-CBuFW9w9.js","/home/alex/dev/Bachelor/bmad-vergleichsstudie/.lizard-tmp-DUgF1d/code/seed-b-frontend/.angular/cache/22.1.3/seed-b-frontend/vite/deps/http-CBuFW9w9.js","send","send ( value )",2265,2267
11,2,89,3,16,"super@2254-2269@/home/alex/dev/Bachelor/bmad-vergleichsstudie/.lizard-tmp-DUgF1d/code/seed-b-frontend/.angular/cache/22.1.3/seed-b-frontend/vite/deps/http-CBuFW9w9.js","/home/alex/dev/Bachelor/bmad-vergleichsstudie/.lizard-tmp-DUgF1d/code/seed-b-frontend/.angular/cache/22.1.3/seed-b-frontend/vite/deps/http-CBuFW9w9.js","super","super ( request , ( params request , abortSignal )",2254,2269
16,5,100,1,16,"next@2271-2286@/home/alex/dev/Bachelor/bmad-vergleichsstudie/.lizard-tmp-DUgF1d/code/seed-b-frontend/.angular/cache/22.1.3/seed-b-frontend/vite/deps/http-CBuFW9w9.js","/home/alex/dev/Bachelor/bmad-vergleichsstudie/.lizard-tmp-DUgF1d/code/seed-b-frontend/.angular/cache/22.1.3/seed-b-frontend/vite/deps/http-CBuFW9w9.js","next","next ( event )",2271,2286
8,2,52,1,8,"error@2287-2294@/home/alex/dev/Bachelor/bmad-vergleichsstudie/.lizard-tmp-DUgF1d/code/seed-b-frontend/.angular/cache/22.1.3/seed-b-frontend/vite/deps/http-CBuFW9w9.js","/home/alex/dev/Bachelor/bmad-vergleichsstudie/.lizard-tmp-DUgF1d/code/seed-b-frontend/.angular/cache/22.1.3/seed-b-frontend/vite/deps/http-CBuFW9w9.js","error","error ( error )",2287,2294
4,3,35,0,4,"complete@2295-2298@/home/alex/dev/Bachelor/bmad-vergleichsstudie/.lizard-tmp-DUgF1d/code/seed-b-frontend/.angular/cache/22.1.3/seed-b-frontend/vite/deps/http-CBuFW9w9.js","/home/alex/dev/Bachelor/bmad-vergleichsstudie/.lizard-tmp-DUgF1d/code/seed-b-frontend/.angular/cache/22.1.3/seed-b-frontend/vite/deps/http-CBuFW9w9.js","complete","complete ( )",2295,2298
3,1,11,0,3,"constructor@13-15@/home/alex/dev/Bachelor/bmad-vergleichsstudie/.lizard-tmp-DUgF1d/code/seed-b-frontend/.angular/cache/22.1.3/seed-b-frontend/vite/deps/platform-browser-9blx1D8r.js","/home/alex/dev/Bachelor/bmad-vergleichsstudie/.lizard-tmp-DUgF1d/code/seed-b-frontend/.angular/cache/22.1.3/seed-b-frontend/vite/deps/platform-browser-9blx1D8r.js","constructor","constructor ( )",13,15
3,1,10,1,3,"constructor@19-21@/home/alex/dev/Bachelor/bmad-vergleichsstudie/.lizard-tmp-DUgF1d/code/seed-b-frontend/.angular/cache/22.1.3/seed-b-frontend/vite/deps/platform-browser-9blx1D8r.js","/home/alex/dev/Bachelor/bmad-vergleichsstudie/.lizard-tmp-DUgF1d/code/seed-b-frontend/.angular/cache/22.1.3/seed-b-frontend/vite/deps/platform-browser-9blx1D8r.js","constructor","constructor ( doc )",19,21
3,1,8,1,3,"supports@22-24@/home/alex/dev/Bachelor/bmad-vergleichsstudie/.lizard-tmp-DUgF1d/code/seed-b-frontend/.angular/cache/22.1.3/seed-b-frontend/vite/deps/platform-browser-9blx1D8r.js","/home/alex/dev/Bachelor/bmad-vergleichsstudie/.lizard-tmp-DUgF1d/code/seed-b-frontend/.angular/cache/22.1.3/seed-b-frontend/vite/deps/platform-browser-9blx1D8r.js","supports","supports ( eventName )",22,24
1,1,13,0,1,"(anonymous)@27-27@/home/alex/dev/Bachelor/bmad-vergleichsstudie/.lizard-tmp-DUgF1d/code/seed-b-frontend/.angular/cache/22.1.3/seed-b-frontend/vite/deps/platform-browser-9blx1D8r.js","/home/alex/dev/Bachelor/bmad-vergleichsstudie/.lizard-tmp-DUgF1d/code/seed-b-frontend/.angular/cache/22.1.3/seed-b-frontend/vite/deps/platform-browser-9blx1D8r.js","(anonymous)","(anonymous)",27,27
4,1,27,4,4,"addEventListener@25-28@/home/alex/dev/Bachelor/bmad-vergleichsstudie/.lizard-tmp-DUgF1d/code/seed-b-frontend/.angular/cache/22.1.3/seed-b-frontend/vite/deps/platform-browser-9blx1D8r.js","/home/alex/dev/Bachelor/bmad-vergleichsstudie/.lizard-tmp-DUgF1d/code/seed-b-frontend/.angular/cache/22.1.3/seed-b-frontend/vite/deps/platform-browser-9blx1D8r.js","addEventListener","addEventListener ( element , eventName , handler , options )",25,28
3,1,23,4,3,"removeEventListener@29-31@/home/alex/dev/Bachelor/bmad-vergleichsstudie/.lizard-tmp-DUgF1d/code/seed-b-frontend/.angular/cache/22.1.3/seed-b-frontend/vite/deps/platform-browser-9blx1D8r.js","/home/alex/dev/Bachelor/bmad-vergleichsstudie/.lizard-tmp-DUgF1d/code/seed-b-frontend/.angular/cache/22.1.3/seed-b-frontend/vite/deps/platform-browser-9blx1D8r.js","removeEventListener","removeEventListener ( target , eventName , callback , options )",29,31
3,2,19,0,3,"DomEventsPlugin_Factory@32-34@/home/alex/dev/Bachelor/bmad-vergleichsstudie/.lizard-tmp-DUgF1d/code/seed-b-frontend/.angular/cache/22.1.3/seed-b-frontend/vite/deps/platform-browser-9blx1D8r.js","/home/alex/dev/Bachelor/bmad-vergleichsstudie/.lizard-tmp-DUgF1d/code/seed-b-frontend/.angular/cache/22.1.3/seed-b-frontend/vite/deps/platform-browser-9blx1D8r.js","DomEventsPlugin_Factory","DomEventsPlugin_Factory ( )",32,34
7,1,23,0,7,"(anonymous)@41-47@/home/alex/dev/Bachelor/bmad-vergleichsstudie/.lizard-tmp-DUgF1d/code/seed-b-frontend/.angular/cache/22.1.3/seed-b-frontend/vite/deps/platform-browser-9blx1D8r.js","/home/alex/dev/Bachelor/bmad-vergleichsstudie/.lizard-tmp-DUgF1d/code/seed-b-frontend/.angular/cache/22.1.3/seed-b-frontend/vite/deps/platform-browser-9blx1D8r.js","(anonymous)","(anonymous)",41,47
3,3,32,0,9,"(anonymous)@40-48@/home/alex/dev/Bachelor/bmad-vergleichsstudie/.lizard-tmp-DUgF1d/code/seed-b-frontend/.angular/cache/22.1.3/seed-b-frontend/vite/deps/platform-browser-9blx1D8r.js","/home/alex/dev/Bachelor/bmad-vergleichsstudie/.lizard-tmp-DUgF1d/code/seed-b-frontend/.angular/cache/22.1.3/seed-b-frontend/vite/deps/platform-browser-9blx1D8r.js","(anonymous)","(anonymous)",40,48
3,1,8,0,3,"(anonymous)@56-58@/home/alex/dev/Bachelor/bmad-vergleichsstudie/.lizard-tmp-DUgF1d/code/seed-b-frontend/.angular/cache/22.1.3/seed-b-frontend/vite/deps/platform-browser-9blx1D8r.js","/home/alex/dev/Bachelor/bmad-vergleichsstudie/.lizard-tmp-DUgF1d/code/seed-b-frontend/.angular/cache/22.1.3/seed-b-frontend/vite/deps/platform-browser-9blx1D8r.js","(anonymous)","(anonymous)",56,58
1,1,7,0,1,"(anonymous)@59-59@/home/alex/dev/Bachelor/bmad-vergleichsstudie/.lizard-tmp-DUgF1d/code/seed-b-frontend/.angular/cache/22.1.3/seed-b-frontend/vite/deps/platform-browser-9blx1D8r.js","/home/alex/dev/Bachelor/bmad-vergleichsstudie/.lizard-tmp-DUgF1d/code/seed-b-frontend/.angular/cache/22.1.3/seed-b-frontend/vite/deps/platform-browser-9blx1D8r.js","(anonymous)","(anonymous)",59,59
1,1,4,0,1,"(anonymous)@61-61@/home/alex/dev/Bachelor/bmad-vergleichsstudie/.lizard-tmp-DUgF1d/code/seed-b-frontend/.angular/cache/22.1.3/seed-b-frontend/vite/deps/platform-browser-9blx1D8r.js","/home/alex/dev/Bachelor/bmad-vergleichsstudie/.lizard-tmp-DUgF1d/code/seed-b-frontend/.angular/cache/22.1.3/seed-b-frontend/vite/deps/platform-browser-9blx1D8r.js","(anonymous)","(anonymous)",61,61
8,2,77,1,10,"constructor@54-63@/home/alex/dev/Bachelor/bmad-vergleichsstudie/.lizard-tmp-DUgF1d/code/seed-b-frontend/.angular/cache/22.1.3/seed-b-frontend/vite/deps/platform-browser-9blx1D8r.js","/home/alex/dev/Bachelor/bmad-vergleichsstudie/.lizard-tmp-DUgF1d/code/seed-b-frontend/.angular/cache/22.1.3/seed-b-frontend/vite/deps/platform-browser-9blx1D8r.js","constructor","constructor ( plugins , )",54,63
3,1,30,4,3,"addEventListener@64-66@/home/alex/dev/Bachelor/bmad-vergleichsstudie/.lizard-tmp-DUgF1d/code/seed-b-frontend/.angular/cache/22.1.3/seed-b-frontend/vite/deps/platform-browser-9blx1D8r.js","/home/alex/dev/Bachelor/bmad-vergleichsstudie/.lizard-tmp-DUgF1d/code/seed-b-frontend/.angular/cache/22.1.3/seed-b-frontend/vite/deps/platform-browser-9blx1D8r.js","addEventListener","addEventListener ( element , eventName , handler , options )",64,66
3,1,9,0,3,"getZone@67-69@/home/alex/dev/Bachelor/bmad-vergleichsstudie/.lizard-tmp-DUgF1d/code/seed-b-frontend/.angular/cache/22.1.3/seed-b-frontend/vite/deps/platform-browser-9blx1D8r.js","/home/alex/dev/Bachelor/bmad-vergleichsstudie/.lizard-tmp-DUgF1d/code/seed-b-frontend/.angular/cache/22.1.3/seed-b-frontend/vite/deps/platform-browser-9blx1D8r.js","getZone","getZone ( )",67,69
1,1,7,0,1,"(anonymous)@73-73@/home/alex/dev/Bachelor/bmad-vergleichsstudie/.lizard-tmp-DUgF1d/code/seed-b-frontend/.angular/cache/22.1.3/seed-b-frontend/vite/deps/platform-browser-9blx1D8r.js","/home/alex/dev/Bachelor/bmad-vergleichsstudie/.lizard-tmp-DUgF1d/code/seed-b-frontend/.angular/cache/22.1.3/seed-b-frontend/vite/deps/platform-browser-9blx1D8r.js","(anonymous)","(anonymous)",73,73
8,5,81,1,8,"_findPluginFor@70-77@/home/alex/dev/Bachelor/bmad-vergleichsstudie/.lizard-tmp-DUgF1d/code/seed-b-frontend/.angular/cache/22.1.3/seed-b-frontend/vite/deps/platform-browser-9blx1D8r.js","/home/alex/dev/Bachelor/bmad-vergleichsstudie/.lizard-tmp-DUgF1d/code/seed-b-frontend/.angular/cache/22.1.3/seed-b-frontend/vite/deps/platform-browser-9blx1D8r.js","_findPluginFor","_findPluginFor ( eventName )",70,77
3,2,24,0,3,"EventManager_Factory@78-80@/home/alex/dev/Bachelor/bmad-vergleichsstudie/.lizard-tmp-DUgF1d/code/seed-b-frontend/.angular/cache/22.1.3/seed-b-frontend/vite/deps/platform-browser-9blx1D8r.js","/home/alex/dev/Bachelor/bmad-vergleichsstudie/.lizard-tmp-DUgF1d/code/seed-b-frontend/.angular/cache/22.1.3/seed-b-frontend/vite/deps/platform-browser-9blx1D8r.js","EventManager_Factory","EventManager_Factory ( )",78,80
7,1,23,0,7,"(anonymous)@87-93@/home/alex/dev/Bachelor/bmad-vergleichsstudie/.lizard-tmp-DUgF1d/code/seed-b-frontend/.angular/cache/22.1.3/seed-b-frontend/vite/deps/platform-browser-9blx1D8r.js","/home/alex/dev/Bachelor/bmad-vergleichsstudie/.lizard-tmp-DUgF1d/code/seed-b-frontend/.angular/cache/22.1.3/seed-b-frontend/vite/deps/platform-browser-9blx1D8r.js","(anonymous)","(anonymous)",87,93
3,3,38,0,9,"(anonymous)@86-94@/home/alex/dev/Bachelor/bmad-vergleichsstudie/.lizard-tmp-DUgF1d/code/seed-b-frontend/.angular/cache/22.1.3/seed-b-frontend/vite/deps/platform-browser-9blx1D8r.js","/home/alex/dev/Bachelor/bmad-vergleichsstudie/.lizard-tmp-DUgF1d/code/seed-b-frontend/.angular/cache/22.1.3/seed-b-frontend/vite/deps/platform-browser-9blx1D8r.js","(anonymous)","(anonymous)",86,94
3,2,18,1,3,"removeElements@96-98@/home/alex/dev/Bachelor/bmad-vergleichsstudie/.lizard-tmp-DUgF1d/code/seed-b-frontend/.angular/cache/22.1.3/seed-b-frontend/vite/deps/platform-browser-9blx1D8r.js","/home/alex/dev/Bachelor/bmad-vergleichsstudie/.lizard-tmp-DUgF1d/code/seed-b-frontend/.angular/cache/22.1.3/seed-b-frontend/vite/deps/platform-browser-9blx1D8r.js","removeElements","removeElements ( elements )",96,98
5,1,26,2,5,"createStyleElement@99-103@/home/alex/dev/Bachelor/bmad-vergleichsstudie/.lizard-tmp-DUgF1d/code/seed-b-frontend/.angular/cache/22.1.3/seed-b-frontend/vite/deps/platform-browser-9blx1D8r.js","/home/alex/dev/Bachelor/bmad-vergleichsstudie/.lizard-tmp-DUgF1d/code/seed-b-frontend/.angular/cache/22.1.3/seed-b-frontend/vite/deps/platform-browser-9blx1D8r.js","createStyleElement","createStyleElement ( style , doc )",99,103
16,6,143,4,16,"addServerStyles@104-119@/home/alex/dev/Bachelor/bmad-vergleichsstudie/.lizard-tmp-DUgF1d/code/seed-b-frontend/.angular/cache/22.1.3/seed-b-frontend/vite/deps/platform-browser-9blx1D8r.js","/home/alex/dev/Bachelor/bmad-vergleichsstudie/.lizard-tmp-DUgF1d/code/seed-b-frontend/.angular/cache/22.1.3/seed-b-frontend/vite/deps/platform-browser-9blx1D8r.js","addServerStyles","addServerStyles ( doc , appId , inline , external )",104,119
6,1,38,2,6,"createLinkElement@120-125@/home/alex/dev/Bachelor/bmad-vergleichsstudie/.lizard-tmp-DUgF1d/code/seed-b-frontend/.angular/cache/22.1.3/seed-b-frontend/vite/deps/platform-browser-9blx1D8r.js","/home/alex/dev/Bachelor/bmad-vergleichsstudie/.lizard-tmp-DUgF1d/code/seed-b-frontend/.angular/cache/22.1.3/seed-b-frontend/vite/deps/platform-browser-9blx1D8r.js","createLinkElement","createLinkElement ( url , doc )",120,125
6,2,60,4,6,"constructor@133-138@/home/alex/dev/Bachelor/bmad-vergleichsstudie/.lizard-tmp-DUgF1d/code/seed-b-frontend/.angular/cache/22.1.3/seed-b-frontend/vite/deps/platform-browser-9blx1D8r.js","/home/alex/dev/Bachelor/bmad-vergleichsstudie/.lizard-tmp-DUgF1d/code/seed-b-frontend/.angular/cache/22.1.3/seed-b-frontend/vite/deps/platform-browser-9blx1D8r.js","constructor","constructor ( doc , appId , nonce , platformId )",133,138
1,1,13,0,1,"(anonymous)@141-141@/home/alex/dev/Bachelor/bmad-vergleichsstudie/.lizard-tmp-DUgF1d/code/seed-b-frontend/.angular/cache/22.1.3/seed-b-frontend/vite/deps/platform-browser-9blx1D8r.js","/home/alex/dev/Bachelor/bmad-vergleichsstudie/.lizard-tmp-DUgF1d/code/seed-b-frontend/.angular/cache/22.1.3/seed-b-frontend/vite/deps/platform-browser-9blx1D8r.js","(anonymous)","(anonymous)",141,141
4,2,37,2,4,"addStyles@139-142@/home/alex/dev/Bachelor/bmad-vergleichsstudie/.lizard-tmp-DUgF1d/code/seed-b-frontend/.angular/cache/22.1.3/seed-b-frontend/vite/deps/platform-browser-9blx1D8r.js","/home/alex/dev/Bachelor/bmad-vergleichsstudie/.lizard-tmp-DUgF1d/code/seed-b-frontend/.angular/cache/22.1.3/seed-b-frontend/vite/deps/platform-browser-9blx1D8r.js","addStyles","addStyles ( styles , urls )",139,142
1,1,11,0,1,"(anonymous)@145-145@/home/alex/dev/Bachelor/bmad-vergleichsstudie/.lizard-tmp-DUgF1d/code/seed-b-frontend/.angular/cache/22.1.3/seed-b-frontend/vite/deps/platform-browser-9blx1D8r.js","/home/alex/dev/Bachelor/bmad-vergleichsstudie/.lizard-tmp-DUgF1d/code/seed-b-frontend/.angular/cache/22.1.3/seed-b-frontend/vite/deps/platform-browser-9blx1D8r.js","(anonymous)","(anonymous)",145,145
4,2,35,2,4,"removeStyles@143-146@/home/alex/dev/Bachelor/bmad-vergleichsstudie/.lizard-tmp-DUgF1d/code/seed-b-frontend/.angular/cache/22.1.3/seed-b-frontend/vite/deps/platform-browser-9blx1D8r.js","/home/alex/dev/Bachelor/bmad-vergleichsstudie/.lizard-tmp-DUgF1d/code/seed-b-frontend/.angular/cache/22.1.3/seed-b-frontend/vite/deps/platform-browser-9blx1D8r.js","removeStyles","removeStyles ( styles , urls )",143,146
1,1,9,0,1,"(anonymous)@150-150@/home/alex/dev/Bachelor/bmad-vergleichsstudie/.lizard-tmp-DUgF1d/code/seed-b-frontend/.angular/cache/22.1.3/seed-b-frontend/vite/deps/platform-browser-9blx1D8r.js","/home/alex/dev/Bachelor/bmad-vergleichsstudie/.lizard-tmp-DUgF1d/code/seed-b-frontend/.angular/cache/22.1.3/seed-b-frontend/vite/deps/platform-browser-9blx1D8r.js","(anonymous)","(anonymous)",150,150
1,1,16,0,1,"(anonymous)@154-154@/home/alex/dev/Bachelor/bmad-vergleichsstudie/.lizard-tmp-DUgF1d/code/seed-b-frontend/.angular/cache/22.1.3/seed-b-frontend/vite/deps/platform-browser-9blx1D8r.js","/home/alex/dev/Bachelor/bmad-vergleichsstudie/.lizard-tmp-DUgF1d/code/seed-b-frontend/.angular/cache/22.1.3/seed-b-frontend/vite/deps/platform-browser-9blx1D8r.js","(anonymous)","(anonymous)",154,154
10,5,90,3,10,"addUsage@147-156@/home/alex/dev/Bachelor/bmad-vergleichsstudie/.lizard-tmp-DUgF1d/code/seed-b-frontend/.angular/cache/22.1.3/seed-b-frontend/vite/deps/platform-browser-9blx1D8r.js","/home/alex/dev/Bachelor/bmad-vergleichsstudie/.lizard-tmp-DUgF1d/code/seed-b-frontend/.angular/cache/22.1.3/seed-b-frontend/vite/deps/platform-browser-9blx1D8r.js","addUsage","addUsage ( value , usages , creator )",147,156
10,3,52,2,10,"removeUsage@157-166@/home/alex/dev/Bachelor/bmad-vergleichsstudie/.lizard-tmp-DUgF1d/code/seed-b-frontend/.angular/cache/22.1.3/seed-b-frontend/vite/deps/platform-browser-9blx1D8r.js","/home/alex/dev/Bachelor/bmad-vergleichsstudie/.lizard-tmp-DUgF1d/code/seed-b-frontend/.angular/cache/22.1.3/seed-b-frontend/vite/deps/platform-browser-9blx1D8r.js","removeUsage","removeUsage ( value , usages )",157,166
4,2,39,0,4,"ngOnDestroy@167-170@/home/alex/dev/Bachelor/bmad-vergleichsstudie/.lizard-tmp-DUgF1d/code/seed-b-frontend/.angular/cache/22.1.3/seed-b-frontend/vite/deps/platform-browser-9blx1D8r.js","/home/alex/dev/Bachelor/bmad-vergleichsstudie/.lizard-tmp-DUgF1d/code/seed-b-frontend/.angular/cache/22.1.3/seed-b-frontend/vite/deps/platform-browser-9blx1D8r.js","ngOnDestroy","ngOnDestroy ( )",167,170
6,4,99,1,6,"addHost@171-176@/home/alex/dev/Bachelor/bmad-vergleichsstudie/.lizard-tmp-DUgF1d/code/seed-b-frontend/.angular/cache/22.1.3/seed-b-frontend/vite/deps/platform-browser-9blx1D8r.js","/home/alex/dev/Bachelor/bmad-vergleichsstudie/.lizard-tmp-DUgF1d/code/seed-b-frontend/.angular/cache/22.1.3/seed-b-frontend/vite/deps/platform-browser-9blx1D8r.js","addHost","addHost ( hostNode )",171,176
9,4,84,1,9,"removeHost@177-185@/home/alex/dev/Bachelor/bmad-vergleichsstudie/.lizard-tmp-DUgF1d/code/seed-b-frontend/.angular/cache/22.1.3/seed-b-frontend/vite/deps/platform-browser-9blx1D8r.js","/home/alex/dev/Bachelor/bmad-vergleichsstudie/.lizard-tmp-DUgF1d/code/seed-b-frontend/.angular/cache/22.1.3/seed-b-frontend/vite/deps/platform-browser-9blx1D8r.js","removeHost","removeHost ( hostNode )",177,185
4,2,32,2,4,"addElement@186-189@/home/alex/dev/Bachelor/bmad-vergleichsstudie/.lizard-tmp-DUgF1d/code/seed-b-frontend/.angular/cache/22.1.3/seed-b-frontend/vite/deps/platform-browser-9blx1D8r.js","/home/alex/dev/Bachelor/bmad-vergleichsstudie/.lizard-tmp-DUgF1d/code/seed-b-frontend/.angular/cache/22.1.3/seed-b-frontend/vite/deps/platform-browser-9blx1D8r.js","addElement","addElement ( host , element )",186,189
3,2,36,0,3,"SharedStylesHost_Factory@190-192@/home/alex/dev/Bachelor/bmad-vergleichsstudie/.lizard-tmp-DUgF1d/code/seed-b-frontend/.angular/cache/22.1.3/seed-b-frontend/vite/deps/platform-browser-9blx1D8r.js","/home/alex/dev/Bachelor/bmad-vergleichsstudie/.lizard-tmp-DUgF1d/code/seed-b-frontend/.angular/cache/22.1.3/seed-b-frontend/vite/deps/platform-browser-9blx1D8r.js","SharedStylesHost_Factory","SharedStylesHost_Factory ( )",190,192
8,1,22,0,8,"(anonymous)@199-206@/home/alex/dev/Bachelor/bmad-vergleichsstudie/.lizard-tmp-DUgF1d/code/seed-b-frontend/.angular/cache/22.1.3/seed-b-frontend/vite/deps/platform-browser-9blx1D8r.js","/home/alex/dev/Bachelor/bmad-vergleichsstudie/.lizard-tmp-DUgF1d/code/seed-b-frontend/.angular/cache/22.1.3/seed-b-frontend/vite/deps/platform-browser-9blx1D8r.js","(anonymous)","(anonymous)",199,206
16,3,78,0,23,"(anonymous)@198-220@/home/alex/dev/Bachelor/bmad-vergleichsstudie/.lizard-tmp-DUgF1d/code/seed-b-frontend/.angular/cache/22.1.3/seed-b-frontend/vite/deps/platform-browser-9blx1D8r.js","/home/alex/dev/Bachelor/bmad-vergleichsstudie/.lizard-tmp-DUgF1d/code/seed-b-frontend/.angular/cache/22.1.3/seed-b-frontend/vite/deps/platform-browser-9blx1D8r.js","(anonymous)","(anonymous)",198,220
1,1,5,0,1,"factory@245-245@/home/alex/dev/Bachelor/bmad-vergleichsstudie/.lizard-tmp-DUgF1d/code/seed-b-frontend/.angular/cache/22.1.3/seed-b-frontend/vite/deps/platform-browser-9blx1D8r.js","/home/alex/dev/Bachelor/bmad-vergleichsstudie/.lizard-tmp-DUgF1d/code/seed-b-frontend/.angular/cache/22.1.3/seed-b-frontend/vite/deps/platform-browser-9blx1D8r.js","factory","factory ( )",245,245
2,1,12,1,2,"useFactory@250-251@/home/alex/dev/Bachelor/bmad-vergleichsstudie/.lizard-tmp-DUgF1d/code/seed-b-frontend/.angular/cache/22.1.3/seed-b-frontend/vite/deps/platform-browser-9blx1D8r.js","/home/alex/dev/Bachelor/bmad-vergleichsstudie/.lizard-tmp-DUgF1d/code/seed-b-frontend/.angular/cache/22.1.3/seed-b-frontend/vite/deps/platform-browser-9blx1D8r.js","useFactory","useFactory ( appId )",250,251
6,1,25,1,7,"provideCssVarNamespacing@247-253@/home/alex/dev/Bachelor/bmad-vergleichsstudie/.lizard-tmp-DUgF1d/code/seed-b-frontend/.angular/cache/22.1.3/seed-b-frontend/vite/deps/platform-browser-9blx1D8r.js","/home/alex/dev/Bachelor/bmad-vergleichsstudie/.lizard-tmp-DUgF1d/code/seed-b-frontend/.angular/cache/22.1.3/seed-b-frontend/vite/deps/platform-browser-9blx1D8r.js","provideCssVarNamespacing","provideCssVarNamespacing ( namespace )",247,253
3,1,15,1,3,"shimContentAttribute@254-256@/home/alex/dev/Bachelor/bmad-vergleichsstudie/.lizard-tmp-DUgF1d/code/seed-b-frontend/.angular/cache/22.1.3/seed-b-frontend/vite/deps/platform-browser-9blx1D8r.js","/home/alex/dev/Bachelor/bmad-vergleichsstudie/.lizard-tmp-DUgF1d/code/seed-b-frontend/.angular/cache/22.1.3/seed-b-frontend/vite/deps/platform-browser-9blx1D8r.js","shimContentAttribute","shimContentAttribute ( componentShortId )",254,256
3,1,15,1,3,"shimHostAttribute@257-259@/home/alex/dev/Bachelor/bmad-vergleichsstudie/.lizard-tmp-DUgF1d/code/seed-b-frontend/.angular/cache/22.1.3/seed-b-frontend/vite/deps/platform-browser-9blx1D8r.js","/home/alex/dev/Bachelor/bmad-vergleichsstudie/.lizard-tmp-DUgF1d/code/seed-b-frontend/.angular/cache/22.1.3/seed-b-frontend/vite/deps/platform-browser-9blx1D8r.js","shimHostAttribute","shimHostAttribute ( componentShortId )",257,259
1,1,9,0,1,"(anonymous)@261-261@/home/alex/dev/Bachelor/bmad-vergleichsstudie/.lizard-tmp-DUgF1d/code/seed-b-frontend/.angular/cache/22.1.3/seed-b-frontend/vite/deps/platform-browser-9blx1D8r.js","/home/alex/dev/Bachelor/bmad-vergleichsstudie/.lizard-tmp-DUgF1d/code/seed-b-frontend/.angular/cache/22.1.3/seed-b-frontend/vite/deps/platform-browser-9blx1D8r.js","(anonymous)","(anonymous)",261,261
3,1,18,2,3,"shimStylesContent@260-262@/home/alex/dev/Bachelor/bmad-vergleichsstudie/.lizard-tmp-DUgF1d/code/seed-b-frontend/.angular/cache/22.1.3/seed-b-frontend/vite/deps/platform-browser-9blx1D8r.js","/home/alex/dev/Bachelor/bmad-vergleichsstudie/.lizard-tmp-DUgF1d/code/seed-b-frontend/.angular/cache/22.1.3/seed-b-frontend/vite/deps/platform-browser-9blx1D8r.js","shimStylesContent","shimStylesContent ( compId , styles )",260,262
5,4,58,0,5,"(anonymous)@268-272@/home/alex/dev/Bachelor/bmad-vergleichsstudie/.lizard-tmp-DUgF1d/code/seed-b-frontend/.angular/cache/22.1.3/seed-b-frontend/vite/deps/platform-browser-9blx1D8r.js","/home/alex/dev/Bachelor/bmad-vergleichsstudie/.lizard-tmp-DUgF1d/code/seed-b-frontend/.angular/cache/22.1.3/seed-b-frontend/vite/deps/platform-browser-9blx1D8r.js","(anonymous)","(anonymous)",268,272
4,2,31,0,8,"(anonymous)@266-273@/home/alex/dev/Bachelor/bmad-vergleichsstudie/.lizard-tmp-DUgF1d/code/seed-b-frontend/.angular/cache/22.1.3/seed-b-frontend/vite/deps/platform-browser-9blx1D8r.js","/home/alex/dev/Bachelor/bmad-vergleichsstudie/.lizard-tmp-DUgF1d/code/seed-b-frontend/.angular/cache/22.1.3/seed-b-frontend/vite/deps/platform-browser-9blx1D8r.js","(anonymous)","(anonymous)",266,273
5,2,38,2,12,"addBaseHrefToCssSourceMap@263-274@/home/alex/dev/Bachelor/bmad-vergleichsstudie/.lizard-tmp-DUgF1d/code/seed-b-frontend/.angular/cache/22.1.3/seed-b-frontend/vite/deps/platform-browser-9blx1D8r.js","/home/alex/dev/Bachelor/bmad-vergleichsstudie/.lizard-tmp-DUgF1d/code/seed-b-frontend/.angular/cache/22.1.3/seed-b-frontend/vite/deps/platform-browser-9blx1D8r.js","addBaseHrefToCssSourceMap","addBaseHrefToCssSourceMap ( baseHref , styles )",263,274
12,3,106,9,12,"constructor@287-298@/home/alex/dev/Bachelor/bmad-vergleichsstudie/.lizard-tmp-DUgF1d/code/seed-b-frontend/.angular/cache/22.1.3/seed-b-frontend/vite/deps/platform-browser-9blx1D8r.js","/home/alex/dev/Bachelor/bmad-vergleichsstudie/.lizard-tmp-DUgF1d/code/seed-b-frontend/.angular/cache/22.1.3/seed-b-frontend/vite/deps/platform-browser-9blx1D8r.js","constructor","constructor ( eventManager , sharedStylesHost , appId , removeStylesOnCompDestroy , doc , ngZone , nonce null , tracingService null , cssVarNamespace null )",287,298
7,5,61,2,7,"createRenderer@299-305@/home/alex/dev/Bachelor/bmad-vergleichsstudie/.lizard-tmp-DUgF1d/code/seed-b-frontend/.angular/cache/22.1.3/seed-b-frontend/vite/deps/platform-browser-9blx1D8r.js","/home/alex/dev/Bachelor/bmad-vergleichsstudie/.lizard-tmp-DUgF1d/code/seed-b-frontend/.angular/cache/22.1.3/seed-b-frontend/vite/deps/platform-browser-9blx1D8r.js","createRenderer","createRenderer ( element , type )",299,305
24,5,222,2,24,"getOrCreateRenderer@306-329@/home/alex/dev/Bachelor/bmad-vergleichsstudie/.lizard-tmp-DUgF1d/code/seed-b-frontend/.angular/cache/22.1.3/seed-b-frontend/vite/deps/platform-browser-9blx1D8r.js","/home/alex/dev/Bachelor/bmad-vergleichsstudie/.lizard-tmp-DUgF1d/code/seed-b-frontend/.angular/cache/22.1.3/seed-b-frontend/vite/deps/platform-browser-9blx1D8r.js","getOrCreateRenderer","getOrCreateRenderer ( element , type )",306,329
3,1,12,0,3,"ngOnDestroy@330-332@/home/alex/dev/Bachelor/bmad-vergleichsstudie/.lizard-tmp-DUgF1d/code/seed-b-frontend/.angular/cache/22.1.3/seed-b-frontend/vite/deps/platform-browser-9blx1D8r.js","/home/alex/dev/Bachelor/bmad-vergleichsstudie/.lizard-tmp-DUgF1d/code/seed-b-frontend/.angular/cache/22.1.3/seed-b-frontend/vite/deps/platform-browser-9blx1D8r.js","ngOnDestroy","ngOnDestroy ( )",330,332
3,1,14,1,3,"componentReplaced@333-335@/home/alex/dev/Bachelor/bmad-vergleichsstudie/.lizard-tmp-DUgF1d/code/seed-b-frontend/.angular/cache/22.1.3/seed-b-frontend/vite/deps/platform-browser-9blx1D8r.js","/home/alex/dev/Bachelor/bmad-vergleichsstudie/.lizard-tmp-DUgF1d/code/seed-b-frontend/.angular/cache/22.1.3/seed-b-frontend/vite/deps/platform-browser-9blx1D8r.js","componentReplaced","componentReplaced ( componentId )",333,335
3,2,63,0,3,"DomRendererFactory2_Factory@336-338@/home/alex/dev/Bachelor/bmad-vergleichsstudie/.lizard-tmp-DUgF1d/code/seed-b-frontend/.angular/cache/22.1.3/seed-b-frontend/vite/deps/platform-browser-9blx1D8r.js","/home/alex/dev/Bachelor/bmad-vergleichsstudie/.lizard-tmp-DUgF1d/code/seed-b-frontend/.angular/cache/22.1.3/seed-b-frontend/vite/deps/platform-browser-9blx1D8r.js","DomRendererFactory2_Factory","DomRendererFactory2_Factory ( )",336,338
2,1,6,0,2,"(anonymous)@345-346@/home/alex/dev/Bachelor/bmad-vergleichsstudie/.lizard-tmp-DUgF1d/code/seed-b-frontend/.angular/cache/22.1.3/seed-b-frontend/vite/deps/platform-browser-9blx1D8r.js","/home/alex/dev/Bachelor/bmad-vergleichsstudie/.lizard-tmp-DUgF1d/code/seed-b-frontend/.angular/cache/22.1.3/seed-b-frontend/vite/deps/platform-browser-9blx1D8r.js","(anonymous)","(anonymous)",345,346
16,3,71,0,17,"(anonymous)@344-360@/home/alex/dev/Bachelor/bmad-vergleichsstudie/.lizard-tmp-DUgF1d/code/seed-b-frontend/.angular/cache/22.1.3/seed-b-frontend/vite/deps/platform-browser-9blx1D8r.js","/home/alex/dev/Bachelor/bmad-vergleichsstudie/.lizard-tmp-DUgF1d/code/seed-b-frontend/.angular/cache/22.1.3/seed-b-frontend/vite/deps/platform-browser-9blx1D8r.js","(anonymous)","(anonymous)",344,360
7,1,45,5,7,"constructor@407-413@/home/alex/dev/Bachelor/bmad-vergleichsstudie/.lizard-tmp-DUgF1d/code/seed-b-frontend/.angular/cache/22.1.3/seed-b-frontend/vite/deps/platform-browser-9blx1D8r.js","/home/alex/dev/Bachelor/bmad-vergleichsstudie/.lizard-tmp-DUgF1d/code/seed-b-frontend/.angular/cache/22.1.3/seed-b-frontend/vite/deps/platform-browser-9blx1D8r.js","constructor","constructor ( eventManager , doc , ngZone , tracingService , cssVarNamespace )",407,413
1,1,4,0,1,"destroy@414-414@/home/alex/dev/Bachelor/bmad-vergleichsstudie/.lizard-tmp-DUgF1d/code/seed-b-frontend/.angular/cache/22.1.3/seed-b-frontend/vite/deps/platform-browser-9blx1D8r.js","/home/alex/dev/Bachelor/bmad-vergleichsstudie/.lizard-tmp-DUgF1d/code/seed-b-frontend/.angular/cache/22.1.3/seed-b-frontend/vite/deps/platform-browser-9blx1D8r.js","destroy","destroy ( )",414,414
4,3,38,2,4,"createElement@416-419@/home/alex/dev/Bachelor/bmad-vergleichsstudie/.lizard-tmp-DUgF1d/code/seed-b-frontend/.angular/cache/22.1.3/seed-b-frontend/vite/deps/platform-browser-9blx1D8r.js","/home/alex/dev/Bachelor/bmad-vergleichsstudie/.lizard-tmp-DUgF1d/code/seed-b-frontend/.angular/cache/22.1.3/seed-b-frontend/vite/deps/platform-browser-9blx1D8r.js","createElement","createElement ( name , namespace )",416,419
3,1,15,1,3,"createComment@420-422@/home/alex/dev/Bachelor/bmad-vergleichsstudie/.lizard-tmp-DUgF1d/code/seed-b-frontend/.angular/cache/22.1.3/seed-b-frontend/vite/deps/platform-browser-9blx1D8r.js","/home/alex/dev/Bachelor/bmad-vergleichsstudie/.lizard-tmp-DUgF1d/code/seed-b-frontend/.angular/cache/22.1.3/seed-b-frontend/vite/deps/platform-browser-9blx1D8r.js","createComment","createComment ( value )",420,422
3,1,15,1,3,"createText@423-425@/home/alex/dev/Bachelor/bmad-vergleichsstudie/.lizard-tmp-DUgF1d/code/seed-b-frontend/.angular/cache/22.1.3/seed-b-frontend/vite/deps/platform-browser-9blx1D8r.js","/home/alex/dev/Bachelor/bmad-vergleichsstudie/.lizard-tmp-DUgF1d/code/seed-b-frontend/.angular/cache/22.1.3/seed-b-frontend/vite/deps/platform-browser-9blx1D8r.js","createText","createText ( value )",423,425
3,2,25,2,3,"appendChild@426-428@/home/alex/dev/Bachelor/bmad-vergleichsstudie/.lizard-tmp-DUgF1d/code/seed-b-frontend/.angular/cache/22.1.3/seed-b-frontend/vite/deps/platform-browser-9blx1D8r.js","/home/alex/dev/Bachelor/bmad-vergleichsstudie/.lizard-tmp-DUgF1d/code/seed-b-frontend/.angular/cache/22.1.3/seed-b-frontend/vite/deps/platform-browser-9blx1D8r.js","appendChild","appendChild ( parent , newChild )",426,428
3,3,33,3,3,"insertBefore@429-431@/home/alex/dev/Bachelor/bmad-vergleichsstudie/.lizard-tmp-DUgF1d/code/seed-b-frontend/.angular/cache/22.1.3/seed-b-frontend/vite/deps/platform-browser-9blx1D8r.js","/home/alex/dev/Bachelor/bmad-vergleichsstudie/.lizard-tmp-DUgF1d/code/seed-b-frontend/.angular/cache/22.1.3/seed-b-frontend/vite/deps/platform-browser-9blx1D8r.js","insertBefore","insertBefore ( parent , newChild , refChild )",429,431
3,1,13,1,3,"removeChild@432-434@/home/alex/dev/Bachelor/bmad-vergleichsstudie/.lizard-tmp-DUgF1d/code/seed-b-frontend/.angular/cache/22.1.3/seed-b-frontend/vite/deps/platform-browser-9blx1D8r.js","/home/alex/dev/Bachelor/bmad-vergleichsstudie/.lizard-tmp-DUgF1d/code/seed-b-frontend/.angular/cache/22.1.3/seed-b-frontend/vite/deps/platform-browser-9blx1D8r.js","removeChild","removeChild ( , oldChild )",432,434
6,6,70,2,6,"selectRootElement@435-440@/home/alex/dev/Bachelor/bmad-vergleichsstudie/.lizard-tmp-DUgF1d/code/seed-b-frontend/.angular/cache/22.1.3/seed-b-frontend/vite/deps/platform-browser-9blx1D8r.js","/home/alex/dev/Bachelor/bmad-vergleichsstudie/.lizard-tmp-DUgF1d/code/seed-b-frontend/.angular/cache/22.1.3/seed-b-frontend/vite/deps/platform-browser-9blx1D8r.js","selectRootElement","selectRootElement ( selectorOrNode , preserveContent )",435,440
3,1,10,1,3,"parentNode@441-443@/home/alex/dev/Bachelor/bmad-vergleichsstudie/.lizard-tmp-DUgF1d/code/seed-b-frontend/.angular/cache/22.1.3/seed-b-frontend/vite/deps/platform-browser-9blx1D8r.js","/home/alex/dev/Bachelor/bmad-vergleichsstudie/.lizard-tmp-DUgF1d/code/seed-b-frontend/.angular/cache/22.1.3/seed-b-frontend/vite/deps/platform-browser-9blx1D8r.js","parentNode","parentNode ( node )",441,443
3,1,10,1,3,"nextSibling@444-446@/home/alex/dev/Bachelor/bmad-vergleichsstudie/.lizard-tmp-DUgF1d/code/seed-b-frontend/.angular/cache/22.1.3/seed-b-frontend/vite/deps/platform-browser-9blx1D8r.js","/home/alex/dev/Bachelor/bmad-vergleichsstudie/.lizard-tmp-DUgF1d/code/seed-b-frontend/.angular/cache/22.1.3/seed-b-frontend/vite/deps/platform-browser-9blx1D8r.js","nextSibling","nextSibling ( node )",444,446
8,3,68,4,8,"setAttribute@447-454@/home/alex/dev/Bachelor/bmad-vergleichsstudie/.lizard-tmp-DUgF1d/code/seed-b-frontend/.angular/cache/22.1.3/seed-b-frontend/vite/deps/platform-browser-9blx1D8r.js","/home/alex/dev/Bachelor/bmad-vergleichsstudie/.lizard-tmp-DUgF1d/code/seed-b-frontend/.angular/cache/22.1.3/seed-b-frontend/vite/deps/platform-browser-9blx1D8r.js","setAttribute","setAttribute ( el , name , value , namespace )",447,454
7,3,60,3,7,"removeAttribute@455-461@/home/alex/dev/Bachelor/bmad-vergleichsstudie/.lizard-tmp-DUgF1d/code/seed-b-frontend/.angular/cache/22.1.3/seed-b-frontend/vite/deps/platform-browser-9blx1D8r.js","/home/alex/dev/Bachelor/bmad-vergleichsstudie/.lizard-tmp-DUgF1d/code/seed-b-frontend/.angular/cache/22.1.3/seed-b-frontend/vite/deps/platform-browser-9blx1D8r.js","removeAttribute","removeAttribute ( el , name , namespace )",455,461
3,1,16,2,3,"addClass@462-464@/home/alex/dev/Bachelor/bmad-vergleichsstudie/.lizard-tmp-DUgF1d/code/seed-b-frontend/.angular/cache/22.1.3/seed-b-frontend/vite/deps/platform-browser-9blx1D8r.js","/home/alex/dev/Bachelor/bmad-vergleichsstudie/.lizard-tmp-DUgF1d/code/seed-b-frontend/.angular/cache/22.1.3/seed-b-frontend/vite/deps/platform-browser-9blx1D8r.js","addClass","addClass ( el , name )",462,464
3,1,16,2,3,"removeClass@465-467@/home/alex/dev/Bachelor/bmad-vergleichsstudie/.lizard-tmp-DUgF1d/code/seed-b-frontend/.angular/cache/22.1.3/seed-b-frontend/vite/deps/platform-browser-9blx1D8r.js","/home/alex/dev/Bachelor/bmad-vergleichsstudie/.lizard-tmp-DUgF1d/code/seed-b-frontend/.angular/cache/22.1.3/seed-b-frontend/vite/deps/platform-browser-9blx1D8r.js","removeClass","removeClass ( el , name )",465,467
6,5,85,4,6,"setStyle@468-473@/home/alex/dev/Bachelor/bmad-vergleichsstudie/.lizard-tmp-DUgF1d/code/seed-b-frontend/.angular/cache/22.1.3/seed-b-frontend/vite/deps/platform-browser-9blx1D8r.js","/home/alex/dev/Bachelor/bmad-vergleichsstudie/.lizard-tmp-DUgF1d/code/seed-b-frontend/.angular/cache/22.1.3/seed-b-frontend/vite/deps/platform-browser-9blx1D8r.js","setStyle","setStyle ( el , style , value , flags )",468,473
6,4,65,3,6,"removeStyle@474-479@/home/alex/dev/Bachelor/bmad-vergleichsstudie/.lizard-tmp-DUgF1d/code/seed-b-frontend/.angular/cache/22.1.3/seed-b-frontend/vite/deps/platform-browser-9blx1D8r.js","/home/alex/dev/Bachelor/bmad-vergleichsstudie/.lizard-tmp-DUgF1d/code/seed-b-frontend/.angular/cache/22.1.3/seed-b-frontend/vite/deps/platform-browser-9blx1D8r.js","removeStyle","removeStyle ( el , style , flags )",474,479
5,5,44,3,5,"setProperty@480-484@/home/alex/dev/Bachelor/bmad-vergleichsstudie/.lizard-tmp-DUgF1d/code/seed-b-frontend/.angular/cache/22.1.3/seed-b-frontend/vite/deps/platform-browser-9blx1D8r.js","/home/alex/dev/Bachelor/bmad-vergleichsstudie/.lizard-tmp-DUgF1d/code/seed-b-frontend/.angular/cache/22.1.3/seed-b-frontend/vite/deps/platform-browser-9blx1D8r.js","setProperty","setProperty ( el , name , value )",480,484
3,1,13,2,3,"setValue@485-487@/home/alex/dev/Bachelor/bmad-vergleichsstudie/.lizard-tmp-DUgF1d/code/seed-b-frontend/.angular/cache/22.1.3/seed-b-frontend/vite/deps/platform-browser-9blx1D8r.js","/home/alex/dev/Bachelor/bmad-vergleichsstudie/.lizard-tmp-DUgF1d/code/seed-b-frontend/.angular/cache/22.1.3/seed-b-frontend/vite/deps/platform-browser-9blx1D8r.js","setValue","setValue ( node , value )",485,487
10,9,137,4,10,"listen@488-497@/home/alex/dev/Bachelor/bmad-vergleichsstudie/.lizard-tmp-DUgF1d/code/seed-b-frontend/.angular/cache/22.1.3/seed-b-frontend/vite/deps/platform-browser-9blx1D8r.js","/home/alex/dev/Bachelor/bmad-vergleichsstudie/.lizard-tmp-DUgF1d/code/seed-b-frontend/.angular/cache/22.1.3/seed-b-frontend/vite/deps/platform-browser-9blx1D8r.js","listen","listen ( target , event , callback , options )",488,497
4,3,26,0,4,"(anonymous)@499-502@/home/alex/dev/Bachelor/bmad-vergleichsstudie/.lizard-tmp-DUgF1d/code/seed-b-frontend/.angular/cache/22.1.3/seed-b-frontend/vite/deps/platform-browser-9blx1D8r.js","/home/alex/dev/Bachelor/bmad-vergleichsstudie/.lizard-tmp-DUgF1d/code/seed-b-frontend/.angular/cache/22.1.3/seed-b-frontend/vite/deps/platform-browser-9blx1D8r.js","(anonymous)","(anonymous)",499,502
3,1,12,1,6,"decoratePreventDefault@498-503@/home/alex/dev/Bachelor/bmad-vergleichsstudie/.lizard-tmp-DUgF1d/code/seed-b-frontend/.angular/cache/22.1.3/seed-b-frontend/vite/deps/platform-browser-9blx1D8r.js","/home/alex/dev/Bachelor/bmad-vergleichsstudie/.lizard-tmp-DUgF1d/code/seed-b-frontend/.angular/cache/22.1.3/seed-b-frontend/vite/deps/platform-browser-9blx1D8r.js","decoratePreventDefault","decoratePreventDefault ( eventHandler )",498,503
1,1,11,0,1,"AT_CHARCODE@505-505@/home/alex/dev/Bachelor/bmad-vergleichsstudie/.lizard-tmp-DUgF1d/code/seed-b-frontend/.angular/cache/22.1.3/seed-b-frontend/vite/deps/platform-browser-9blx1D8r.js","/home/alex/dev/Bachelor/bmad-vergleichsstudie/.lizard-tmp-DUgF1d/code/seed-b-frontend/.angular/cache/22.1.3/seed-b-frontend/vite/deps/platform-browser-9blx1D8r.js","AT_CHARCODE","AT_CHARCODE ( ( )",505,505
5,2,77,2,5,"checkNoSyntheticProp@506-510@/home/alex/dev/Bachelor/bmad-vergleichsstudie/.lizard-tmp-DUgF1d/code/seed-b-frontend/.angular/cache/22.1.3/seed-b-frontend/vite/deps/platform-browser-9blx1D8r.js","/home/alex/dev/Bachelor/bmad-vergleichsstudie/.lizard-tmp-DUgF1d/code/seed-b-frontend/.angular/cache/22.1.3/seed-b-frontend/vite/deps/platform-browser-9blx1D8r.js","checkNoSyntheticProp","checkNoSyntheticProp ( name , nameKind )",506,510
3,2,19,1,3,"isTemplateNode@511-513@/home/alex/dev/Bachelor/bmad-vergleichsstudie/.lizard-tmp-DUgF1d/code/seed-b-frontend/.angular/cache/22.1.3/seed-b-frontend/vite/deps/platform-browser-9blx1D8r.js","/home/alex/dev/Bachelor/bmad-vergleichsstudie/.lizard-tmp-DUgF1d/code/seed-b-frontend/.angular/cache/22.1.3/seed-b-frontend/vite/deps/platform-browser-9blx1D8r.js","isTemplateNode","isTemplateNode ( node )",511,513
1,1,8,0,1,"(anonymous)@526-526@/home/alex/dev/Bachelor/bmad-vergleichsstudie/.lizard-tmp-DUgF1d/code/seed-b-frontend/.angular/cache/22.1.3/seed-b-frontend/vite/deps/platform-browser-9blx1D8r.js","/home/alex/dev/Bachelor/bmad-vergleichsstudie/.lizard-tmp-DUgF1d/code/seed-b-frontend/.angular/cache/22.1.3/seed-b-frontend/vite/deps/platform-browser-9blx1D8r.js","(anonymous)","(anonymous)",526,526
16,7,182,9,16,"constructor@518-533@/home/alex/dev/Bachelor/bmad-vergleichsstudie/.lizard-tmp-DUgF1d/code/seed-b-frontend/.angular/cache/22.1.3/seed-b-frontend/vite/deps/platform-browser-9blx1D8r.js","/home/alex/dev/Bachelor/bmad-vergleichsstudie/.lizard-tmp-DUgF1d/code/seed-b-frontend/.angular/cache/22.1.3/seed-b-frontend/vite/deps/platform-browser-9blx1D8r.js","constructor","constructor ( eventManager , hostEl , component , doc , ngZone , nonce , tracingService , cssVarNamespace , sharedStylesHost )",518,533
1,1,8,0,1,"(anonymous)@571-571@/home/alex/dev/Bachelor/bmad-vergleichsstudie/.lizard-tmp-DUgF1d/code/seed-b-frontend/.angular/cache/22.1.3/seed-b-frontend/vite/deps/platform-browser-9blx1D8r.js","/home/alex/dev/Bachelor/bmad-vergleichsstudie/.lizard-tmp-DUgF1d/code/seed-b-frontend/.angular/cache/22.1.3/seed-b-frontend/vite/deps/platform-browser-9blx1D8r.js","(anonymous)","(anonymous)",571,571
9,5,114,9,9,"constructor@564-572@/home/alex/dev/Bachelor/bmad-vergleichsstudie/.lizard-tmp-DUgF1d/code/seed-b-frontend/.angular/cache/22.1.3/seed-b-frontend/vite/deps/platform-browser-9blx1D8r.js","/home/alex/dev/Bachelor/bmad-vergleichsstudie/.lizard-tmp-DUgF1d/code/seed-b-frontend/.angular/cache/22.1.3/seed-b-frontend/vite/deps/platform-browser-9blx1D8r.js","constructor","constructor ( eventManager , sharedStylesHost , component , removeStylesOnCompDestroy , doc , ngZone , tracingService , cssVarNamespace , compId )",564,572
6,1,71,9,6,"constructor@585-590@/home/alex/dev/Bachelor/bmad-vergleichsstudie/.lizard-tmp-DUgF1d/code/seed-b-frontend/.angular/cache/22.1.3/seed-b-frontend/vite/deps/platform-browser-9blx1D8r.js","/home/alex/dev/Bachelor/bmad-vergleichsstudie/.lizard-tmp-DUgF1d/code/seed-b-frontend/.angular/cache/22.1.3/seed-b-frontend/vite/deps/platform-browser-9blx1D8r.js","constructor","constructor ( eventManager , sharedStylesHost , component , appId , removeStylesOnCompDestroy , doc , ngZone , tracingService , cssVarNamespace )",585,590
4,1,24,1,4,"applyToHost@591-594@/home/alex/dev/Bachelor/bmad-vergleichsstudie/.lizard-tmp-DUgF1d/code/seed-b-frontend/.angular/cache/22.1.3/seed-b-frontend/vite/deps/platform-browser-9blx1D8r.js","/home/alex/dev/Bachelor/bmad-vergleichsstudie/.lizard-tmp-DUgF1d/code/seed-b-frontend/.angular/cache/22.1.3/seed-b-frontend/vite/deps/platform-browser-9blx1D8r.js","applyToHost","applyToHost ( element )",591,594
5,1,35,2,5,"createElement@595-599@/home/alex/dev/Bachelor/bmad-vergleichsstudie/.lizard-tmp-DUgF1d/code/seed-b-frontend/.angular/cache/22.1.3/seed-b-frontend/vite/deps/platform-browser-9blx1D8r.js","/home/alex/dev/Bachelor/bmad-vergleichsstudie/.lizard-tmp-DUgF1d/code/seed-b-frontend/.angular/cache/22.1.3/seed-b-frontend/vite/deps/platform-browser-9blx1D8r.js","createElement","createElement ( parent , name )",595,599
3,1,12,0,3,"makeCurrent@610-612@/home/alex/dev/Bachelor/bmad-vergleichsstudie/.lizard-tmp-DUgF1d/code/seed-b-frontend/.angular/cache/22.1.3/seed-b-frontend/vite/deps/platform-browser-9blx1D8r.js","/home/alex/dev/Bachelor/bmad-vergleichsstudie/.lizard-tmp-DUgF1d/code/seed-b-frontend/.angular/cache/22.1.3/seed-b-frontend/vite/deps/platform-browser-9blx1D8r.js","makeCurrent","makeCurrent ( )",610,612
3,1,13,0,3,"(anonymous)@615-617@/home/alex/dev/Bachelor/bmad-vergleichsstudie/.lizard-tmp-DUgF1d/code/seed-b-frontend/.angular/cache/22.1.3/seed-b-frontend/vite/deps/platform-browser-9blx1D8r.js","/home/alex/dev/Bachelor/bmad-vergleichsstudie/.lizard-tmp-DUgF1d/code/seed-b-frontend/.angular/cache/22.1.3/seed-b-frontend/vite/deps/platform-browser-9blx1D8r.js","(anonymous)","(anonymous)",615,617
4,1,28,4,6,"onAndCancel@613-618@/home/alex/dev/Bachelor/bmad-vergleichsstudie/.lizard-tmp-DUgF1d/code/seed-b-frontend/.angular/cache/22.1.3/seed-b-frontend/vite/deps/platform-browser-9blx1D8r.js","/home/alex/dev/Bachelor/bmad-vergleichsstudie/.lizard-tmp-DUgF1d/code/seed-b-frontend/.angular/cache/22.1.3/seed-b-frontend/vite/deps/platform-browser-9blx1D8r.js","onAndCancel","onAndCancel ( el , evt , listener , options )",613,618
3,1,14,2,3,"dispatchEvent@619-621@/home/alex/dev/Bachelor/bmad-vergleichsstudie/.lizard-tmp-DUgF1d/code/seed-b-frontend/.angular/cache/22.1.3/seed-b-frontend/vite/deps/platform-browser-9blx1D8r.js","/home/alex/dev/Bachelor/bmad-vergleichsstudie/.lizard-tmp-DUgF1d/code/seed-b-frontend/.angular/cache/22.1.3/seed-b-frontend/vite/deps/platform-browser-9blx1D8r.js","dispatchEvent","dispatchEvent ( el , evt )",619,621
3,1,11,1,3,"remove@622-624@/home/alex/dev/Bachelor/bmad-vergleichsstudie/.lizard-tmp-DUgF1d/code/seed-b-frontend/.angular/cache/22.1.3/seed-b-frontend/vite/deps/platform-browser-9blx1D8r.js","/home/alex/dev/Bachelor/bmad-vergleichsstudie/.lizard-tmp-DUgF1d/code/seed-b-frontend/.angular/cache/22.1.3/seed-b-frontend/vite/deps/platform-browser-9blx1D8r.js","remove","remove ( node )",622,624
4,2,25,2,4,"createElement@625-628@/home/alex/dev/Bachelor/bmad-vergleichsstudie/.lizard-tmp-DUgF1d/code/seed-b-frontend/.angular/cache/22.1.3/seed-b-frontend/vite/deps/platform-browser-9blx1D8r.js","/home/alex/dev/Bachelor/bmad-vergleichsstudie/.lizard-tmp-DUgF1d/code/seed-b-frontend/.angular/cache/22.1.3/seed-b-frontend/vite/deps/platform-browser-9blx1D8r.js","createElement","createElement ( tagName , doc )",625,628
3,1,14,0,3,"createHtmlDocument@629-631@/home/alex/dev/Bachelor/bmad-vergleichsstudie/.lizard-tmp-DUgF1d/code/seed-b-frontend/.angular/cache/22.1.3/seed-b-frontend/vite/deps/platform-browser-9blx1D8r.js","/home/alex/dev/Bachelor/bmad-vergleichsstudie/.lizard-tmp-DUgF1d/code/seed-b-frontend/.angular/cache/22.1.3/seed-b-frontend/vite/deps/platform-browser-9blx1D8r.js","createHtmlDocument","createHtmlDocument ( )",629,631
3,1,7,0,3,"getDefaultDocument@632-634@/home/alex/dev/Bachelor/bmad-vergleichsstudie/.lizard-tmp-DUgF1d/code/seed-b-frontend/.angular/cache/22.1.3/seed-b-frontend/vite/deps/platform-browser-9blx1D8r.js","/home/alex/dev/Bachelor/bmad-vergleichsstudie/.lizard-tmp-DUgF1d/code/seed-b-frontend/.angular/cache/22.1.3/seed-b-frontend/vite/deps/platform-browser-9blx1D8r.js","getDefaultDocument","getDefaultDocument ( )",632,634
3,1,14,1,3,"isElementNode@635-637@/home/alex/dev/Bachelor/bmad-vergleichsstudie/.lizard-tmp-DUgF1d/code/seed-b-frontend/.angular/cache/22.1.3/seed-b-frontend/vite/deps/platform-browser-9blx1D8r.js","/home/alex/dev/Bachelor/bmad-vergleichsstudie/.lizard-tmp-DUgF1d/code/seed-b-frontend/.angular/cache/22.1.3/seed-b-frontend/vite/deps/platform-browser-9blx1D8r.js","isElementNode","isElementNode ( node )",635,637
3,1,10,1,3,"isShadowRoot@638-640@/home/alex/dev/Bachelor/bmad-vergleichsstudie/.lizard-tmp-DUgF1d/code/seed-b-frontend/.angular/cache/22.1.3/seed-b-frontend/vite/deps/platform-browser-9blx1D8r.js","/home/alex/dev/Bachelor/bmad-vergleichsstudie/.lizard-tmp-DUgF1d/code/seed-b-frontend/.angular/cache/22.1.3/seed-b-frontend/vite/deps/platform-browser-9blx1D8r.js","isShadowRoot","isShadowRoot ( node )",638,640
6,4,39,2,6,"getGlobalEventTarget@641-646@/home/alex/dev/Bachelor/bmad-vergleichsstudie/.lizard-tmp-DUgF1d/code/seed-b-frontend/.angular/cache/22.1.3/seed-b-frontend/vite/deps/platform-browser-9blx1D8r.js","/home/alex/dev/Bachelor/bmad-vergleichsstudie/.lizard-tmp-DUgF1d/code/seed-b-frontend/.angular/cache/22.1.3/seed-b-frontend/vite/deps/platform-browser-9blx1D8r.js","getGlobalEventTarget","getGlobalEventTarget ( doc , target )",641,646
4,2,24,1,4,"getBaseHref@647-650@/home/alex/dev/Bachelor/bmad-vergleichsstudie/.lizard-tmp-DUgF1d/code/seed-b-frontend/.angular/cache/22.1.3/seed-b-frontend/vite/deps/platform-browser-9blx1D8r.js","/home/alex/dev/Bachelor/bmad-vergleichsstudie/.lizard-tmp-DUgF1d/code/seed-b-frontend/.angular/cache/22.1.3/seed-b-frontend/vite/deps/platform-browser-9blx1D8r.js","getBaseHref","getBaseHref ( doc )",647,650
3,1,8,0,3,"resetBaseElement@651-653@/home/alex/dev/Bachelor/bmad-vergleichsstudie/.lizard-tmp-DUgF1d/code/seed-b-frontend/.angular/cache/22.1.3/seed-b-frontend/vite/deps/platform-browser-9blx1D8r.js","/home/alex/dev/Bachelor/bmad-vergleichsstudie/.lizard-tmp-DUgF1d/code/seed-b-frontend/.angular/cache/22.1.3/seed-b-frontend/vite/deps/platform-browser-9blx1D8r.js","resetBaseElement","resetBaseElement ( )",651,653
3,1,11,0,3,"getUserAgent@654-656@/home/alex/dev/Bachelor/bmad-vergleichsstudie/.lizard-tmp-DUgF1d/code/seed-b-frontend/.angular/cache/22.1.3/seed-b-frontend/vite/deps/platform-browser-9blx1D8r.js","/home/alex/dev/Bachelor/bmad-vergleichsstudie/.lizard-tmp-DUgF1d/code/seed-b-frontend/.angular/cache/22.1.3/seed-b-frontend/vite/deps/platform-browser-9blx1D8r.js","getUserAgent","getUserAgent ( )",654,656
3,1,15,1,3,"getCookie@657-659@/home/alex/dev/Bachelor/bmad-vergleichsstudie/.lizard-tmp-DUgF1d/code/seed-b-frontend/.angular/cache/22.1.3/seed-b-frontend/vite/deps/platform-browser-9blx1D8r.js","/home/alex/dev/Bachelor/bmad-vergleichsstudie/.lizard-tmp-DUgF1d/code/seed-b-frontend/.angular/cache/22.1.3/seed-b-frontend/vite/deps/platform-browser-9blx1D8r.js","getCookie","getCookie ( name )",657,659
4,3,29,0,4,"getBaseElementHref@662-665@/home/alex/dev/Bachelor/bmad-vergleichsstudie/.lizard-tmp-DUgF1d/code/seed-b-frontend/.angular/cache/22.1.3/seed-b-frontend/vite/deps/platform-browser-9blx1D8r.js","/home/alex/dev/Bachelor/bmad-vergleichsstudie/.lizard-tmp-DUgF1d/code/seed-b-frontend/.angular/cache/22.1.3/seed-b-frontend/vite/deps/platform-browser-9blx1D8r.js","getBaseElementHref","getBaseElementHref ( )",662,665
3,1,18,1,3,"relativePath@666-668@/home/alex/dev/Bachelor/bmad-vergleichsstudie/.lizard-tmp-DUgF1d/code/seed-b-frontend/.angular/cache/22.1.3/seed-b-frontend/vite/deps/platform-browser-9blx1D8r.js","/home/alex/dev/Bachelor/bmad-vergleichsstudie/.lizard-tmp-DUgF1d/code/seed-b-frontend/.angular/cache/22.1.3/seed-b-frontend/vite/deps/platform-browser-9blx1D8r.js","relativePath","relativePath ( url )",666,668
5,4,41,0,5,"(anonymous)@671-675@/home/alex/dev/Bachelor/bmad-vergleichsstudie/.lizard-tmp-DUgF1d/code/seed-b-frontend/.angular/cache/22.1.3/seed-b-frontend/vite/deps/platform-browser-9blx1D8r.js","/home/alex/dev/Bachelor/bmad-vergleichsstudie/.lizard-tmp-DUgF1d/code/seed-b-frontend/.angular/cache/22.1.3/seed-b-frontend/vite/deps/platform-browser-9blx1D8r.js","(anonymous)","(anonymous)",671,675
1,1,6,0,1,"(anonymous)@676-676@/home/alex/dev/Bachelor/bmad-vergleichsstudie/.lizard-tmp-DUgF1d/code/seed-b-frontend/.angular/cache/22.1.3/seed-b-frontend/vite/deps/platform-browser-9blx1D8r.js","/home/alex/dev/Bachelor/bmad-vergleichsstudie/.lizard-tmp-DUgF1d/code/seed-b-frontend/.angular/cache/22.1.3/seed-b-frontend/vite/deps/platform-browser-9blx1D8r.js","(anonymous)","(anonymous)",676,676
1,1,6,0,1,"(anonymous)@677-677@/home/alex/dev/Bachelor/bmad-vergleichsstudie/.lizard-tmp-DUgF1d/code/seed-b-frontend/.angular/cache/22.1.3/seed-b-frontend/vite/deps/platform-browser-9blx1D8r.js","/home/alex/dev/Bachelor/bmad-vergleichsstudie/.lizard-tmp-DUgF1d/code/seed-b-frontend/.angular/cache/22.1.3/seed-b-frontend/vite/deps/platform-browser-9blx1D8r.js","(anonymous)","(anonymous)",677,677
4,2,17,0,4,"decrement@681-684@/home/alex/dev/Bachelor/bmad-vergleichsstudie/.lizard-tmp-DUgF1d/code/seed-b-frontend/.angular/cache/22.1.3/seed-b-frontend/vite/deps/platform-browser-9blx1D8r.js","/home/alex/dev/Bachelor/bmad-vergleichsstudie/.lizard-tmp-DUgF1d/code/seed-b-frontend/.angular/cache/22.1.3/seed-b-frontend/vite/deps/platform-browser-9blx1D8r.js","decrement","decrement ( )",681,684
3,1,9,0,3,"(anonymous)@685-687@/home/alex/dev/Bachelor/bmad-vergleichsstudie/.lizard-tmp-DUgF1d/code/seed-b-frontend/.angular/cache/22.1.3/seed-b-frontend/vite/deps/platform-browser-9blx1D8r.js","/home/alex/dev/Bachelor/bmad-vergleichsstudie/.lizard-tmp-DUgF1d/code/seed-b-frontend/.angular/cache/22.1.3/seed-b-frontend/vite/deps/platform-browser-9blx1D8r.js","(anonymous)","(anonymous)",685,687
6,1,40,1,11,"whenAllStable@678-688@/home/alex/dev/Bachelor/bmad-vergleichsstudie/.lizard-tmp-DUgF1d/code/seed-b-frontend/.angular/cache/22.1.3/seed-b-frontend/vite/deps/platform-browser-9blx1D8r.js","/home/alex/dev/Bachelor/bmad-vergleichsstudie/.lizard-tmp-DUgF1d/code/seed-b-frontend/.angular/cache/22.1.3/seed-b-frontend/vite/deps/platform-browser-9blx1D8r.js","whenAllStable","whenAllStable ( callback )",678,688
8,2,69,1,22,"addToWindow@670-691@/home/alex/dev/Bachelor/bmad-vergleichsstudie/.lizard-tmp-DUgF1d/code/seed-b-frontend/.angular/cache/22.1.3/seed-b-frontend/vite/deps/platform-browser-9blx1D8r.js","/home/alex/dev/Bachelor/bmad-vergleichsstudie/.lizard-tmp-DUgF1d/code/seed-b-frontend/.angular/cache/22.1.3/seed-b-frontend/vite/deps/platform-browser-9blx1D8r.js","addToWindow","addToWindow ( registry )",670,691
8,5,85,3,8,"findTestabilityInTree@692-699@/home/alex/dev/Bachelor/bmad-vergleichsstudie/.lizard-tmp-DUgF1d/code/seed-b-frontend/.angular/cache/22.1.3/seed-b-frontend/vite/deps/platform-browser-9blx1D8r.js","/home/alex/dev/Bachelor/bmad-vergleichsstudie/.lizard-tmp-DUgF1d/code/seed-b-frontend/.angular/cache/22.1.3/seed-b-frontend/vite/deps/platform-browser-9blx1D8r.js","findTestabilityInTree","findTestabilityInTree ( registry , elem , findInAncestors )",692,699
2,1,5,0,2,"(anonymous)@723-724@/home/alex/dev/Bachelor/bmad-vergleichsstudie/.lizard-tmp-DUgF1d/code/seed-b-frontend/.angular/cache/22.1.3/seed-b-frontend/vite/deps/platform-browser-9blx1D8r.js","/home/alex/dev/Bachelor/bmad-vergleichsstudie/.lizard-tmp-DUgF1d/code/seed-b-frontend/.angular/cache/22.1.3/seed-b-frontend/vite/deps/platform-browser-9blx1D8r.js","(anonymous)","(anonymous)",723,724
2,1,5,0,2,"(anonymous)@724-725@/home/alex/dev/Bachelor/bmad-vergleichsstudie/.lizard-tmp-DUgF1d/code/seed-b-frontend/.angular/cache/22.1.3/seed-b-frontend/vite/deps/platform-browser-9blx1D8r.js","/home/alex/dev/Bachelor/bmad-vergleichsstudie/.lizard-tmp-DUgF1d/code/seed-b-frontend/.angular/cache/22.1.3/seed-b-frontend/vite/deps/platform-browser-9blx1D8r.js","(anonymous)","(anonymous)",724,725
2,1,5,0,2,"(anonymous)@725-726@/home/alex/dev/Bachelor/bmad-vergleichsstudie/.lizard-tmp-DUgF1d/code/seed-b-frontend/.angular/cache/22.1.3/seed-b-frontend/vite/deps/platform-browser-9blx1D8r.js","/home/alex/dev/Bachelor/bmad-vergleichsstudie/.lizard-tmp-DUgF1d/code/seed-b-frontend/.angular/cache/22.1.3/seed-b-frontend/vite/deps/platform-browser-9blx1D8r.js","(anonymous)","(anonymous)",725,726
2,1,4,0,2,"(anonymous)@726-727@/home/alex/dev/Bachelor/bmad-vergleichsstudie/.lizard-tmp-DUgF1d/code/seed-b-frontend/.angular/cache/22.1.3/seed-b-frontend/vite/deps/platform-browser-9blx1D8r.js","/home/alex/dev/Bachelor/bmad-vergleichsstudie/.lizard-tmp-DUgF1d/code/seed-b-frontend/.angular/cache/22.1.3/seed-b-frontend/vite/deps/platform-browser-9blx1D8r.js","(anonymous)","(anonymous)",726,727
3,1,10,1,3,"constructor@729-731@/home/alex/dev/Bachelor/bmad-vergleichsstudie/.lizard-tmp-DUgF1d/code/seed-b-frontend/.angular/cache/22.1.3/seed-b-frontend/vite/deps/platform-browser-9blx1D8r.js","/home/alex/dev/Bachelor/bmad-vergleichsstudie/.lizard-tmp-DUgF1d/code/seed-b-frontend/.angular/cache/22.1.3/seed-b-frontend/vite/deps/platform-browser-9blx1D8r.js","constructor","constructor ( doc )",729,731
3,1,15,1,3,"supports@732-734@/home/alex/dev/Bachelor/bmad-vergleichsstudie/.lizard-tmp-DUgF1d/code/seed-b-frontend/.angular/cache/22.1.3/seed-b-frontend/vite/deps/platform-browser-9blx1D8r.js","/home/alex/dev/Bachelor/bmad-vergleichsstudie/.lizard-tmp-DUgF1d/code/seed-b-frontend/.angular/cache/22.1.3/seed-b-frontend/vite/deps/platform-browser-9blx1D8r.js","supports","supports ( eventName )",732,734
3,1,21,0,3,"(anonymous)@738-740@/home/alex/dev/Bachelor/bmad-vergleichsstudie/.lizard-tmp-DUgF1d/code/seed-b-frontend/.angular/cache/22.1.3/seed-b-frontend/vite/deps/platform-browser-9blx1D8r.js","/home/alex/dev/Bachelor/bmad-vergleichsstudie/.lizard-tmp-DUgF1d/code/seed-b-frontend/.angular/cache/22.1.3/seed-b-frontend/vite/deps/platform-browser-9blx1D8r.js","(anonymous)","(anonymous)",738,740
5,1,61,4,7,"addEventListener@735-741@/home/alex/dev/Bachelor/bmad-vergleichsstudie/.lizard-tmp-DUgF1d/code/seed-b-frontend/.angular/cache/22.1.3/seed-b-frontend/vite/deps/platform-browser-9blx1D8r.js","/home/alex/dev/Bachelor/bmad-vergleichsstudie/.lizard-tmp-DUgF1d/code/seed-b-frontend/.angular/cache/22.1.3/seed-b-frontend/vite/deps/platform-browser-9blx1D8r.js","addEventListener","addEventListener ( element , eventName , handler , options )",735,741
7,2,36,0,7,"(anonymous)@753-759@/home/alex/dev/Bachelor/bmad-vergleichsstudie/.lizard-tmp-DUgF1d/code/seed-b-frontend/.angular/cache/22.1.3/seed-b-frontend/vite/deps/platform-browser-9blx1D8r.js","/home/alex/dev/Bachelor/bmad-vergleichsstudie/.lizard-tmp-DUgF1d/code/seed-b-frontend/.angular/cache/22.1.3/seed-b-frontend/vite/deps/platform-browser-9blx1D8r.js","(anonymous)","(anonymous)",753,759
19,7,156,1,25,"parseEventName@742-766@/home/alex/dev/Bachelor/bmad-vergleichsstudie/.lizard-tmp-DUgF1d/code/seed-b-frontend/.angular/cache/22.1.3/seed-b-frontend/vite/deps/platform-browser-9blx1D8r.js","/home/alex/dev/Bachelor/bmad-vergleichsstudie/.lizard-tmp-DUgF1d/code/seed-b-frontend/.angular/cache/22.1.3/seed-b-frontend/vite/deps/platform-browser-9blx1D8r.js","parseEventName","parseEventName ( eventName )",742,766
6,3,31,0,6,"(anonymous)@778-783@/home/alex/dev/Bachelor/bmad-vergleichsstudie/.lizard-tmp-DUgF1d/code/seed-b-frontend/.angular/cache/22.1.3/seed-b-frontend/vite/deps/platform-browser-9blx1D8r.js","/home/alex/dev/Bachelor/bmad-vergleichsstudie/.lizard-tmp-DUgF1d/code/seed-b-frontend/.angular/cache/22.1.3/seed-b-frontend/vite/deps/platform-browser-9blx1D8r.js","(anonymous)","(anonymous)",778,783
15,7,111,2,20,"matchEventFullKeyCode@767-786@/home/alex/dev/Bachelor/bmad-vergleichsstudie/.lizard-tmp-DUgF1d/code/seed-b-frontend/.angular/cache/22.1.3/seed-b-frontend/vite/deps/platform-browser-9blx1D8r.js","/home/alex/dev/Bachelor/bmad-vergleichsstudie/.lizard-tmp-DUgF1d/code/seed-b-frontend/.angular/cache/22.1.3/seed-b-frontend/vite/deps/platform-browser-9blx1D8r.js","matchEventFullKeyCode","matchEventFullKeyCode ( event , fullKeyCode )",767,786
1,1,5,0,1,"(anonymous)@789-789@/home/alex/dev/Bachelor/bmad-vergleichsstudie/.lizard-tmp-DUgF1d/code/seed-b-frontend/.angular/cache/22.1.3/seed-b-frontend/vite/deps/platform-browser-9blx1D8r.js","/home/alex/dev/Bachelor/bmad-vergleichsstudie/.lizard-tmp-DUgF1d/code/seed-b-frontend/.angular/cache/22.1.3/seed-b-frontend/vite/deps/platform-browser-9blx1D8r.js","(anonymous)","(anonymous)",789,789
3,2,22,0,3,"(anonymous)@788-790@/home/alex/dev/Bachelor/bmad-vergleichsstudie/.lizard-tmp-DUgF1d/code/seed-b-frontend/.angular/cache/22.1.3/seed-b-frontend/vite/deps/platform-browser-9blx1D8r.js","/home/alex/dev/Bachelor/bmad-vergleichsstudie/.lizard-tmp-DUgF1d/code/seed-b-frontend/.angular/cache/22.1.3/seed-b-frontend/vite/deps/platform-browser-9blx1D8r.js","(anonymous)","(anonymous)",788,790
3,1,16,3,5,"eventCallback@787-791@/home/alex/dev/Bachelor/bmad-vergleichsstudie/.lizard-tmp-DUgF1d/code/seed-b-frontend/.angular/cache/22.1.3/seed-b-frontend/vite/deps/platform-browser-9blx1D8r.js","/home/alex/dev/Bachelor/bmad-vergleichsstudie/.lizard-tmp-DUgF1d/code/seed-b-frontend/.angular/cache/22.1.3/seed-b-frontend/vite/deps/platform-browser-9blx1D8r.js","eventCallback","eventCallback ( fullKey , handler , zone )",787,791
3,2,14,1,3,"_normalizeKey@792-794@/home/alex/dev/Bachelor/bmad-vergleichsstudie/.lizard-tmp-DUgF1d/code/seed-b-frontend/.angular/cache/22.1.3/seed-b-frontend/vite/deps/platform-browser-9blx1D8r.js","/home/alex/dev/Bachelor/bmad-vergleichsstudie/.lizard-tmp-DUgF1d/code/seed-b-frontend/.angular/cache/22.1.3/seed-b-frontend/vite/deps/platform-browser-9blx1D8r.js","_normalizeKey","_normalizeKey ( keyName )",792,794
3,2,19,0,3,"KeyEventsPlugin_Factory@795-797@/home/alex/dev/Bachelor/bmad-vergleichsstudie/.lizard-tmp-DUgF1d/code/seed-b-frontend/.angular/cache/22.1.3/seed-b-frontend/vite/deps/platform-browser-9blx1D8r.js","/home/alex/dev/Bachelor/bmad-vergleichsstudie/.lizard-tmp-DUgF1d/code/seed-b-frontend/.angular/cache/22.1.3/seed-b-frontend/vite/deps/platform-browser-9blx1D8r.js","KeyEventsPlugin_Factory","KeyEventsPlugin_Factory ( )",795,797
7,1,23,0,7,"(anonymous)@804-810@/home/alex/dev/Bachelor/bmad-vergleichsstudie/.lizard-tmp-DUgF1d/code/seed-b-frontend/.angular/cache/22.1.3/seed-b-frontend/vite/deps/platform-browser-9blx1D8r.js","/home/alex/dev/Bachelor/bmad-vergleichsstudie/.lizard-tmp-DUgF1d/code/seed-b-frontend/.angular/cache/22.1.3/seed-b-frontend/vite/deps/platform-browser-9blx1D8r.js","(anonymous)","(anonymous)",804,810
3,3,32,0,9,"(anonymous)@803-811@/home/alex/dev/Bachelor/bmad-vergleichsstudie/.lizard-tmp-DUgF1d/code/seed-b-frontend/.angular/cache/22.1.3/seed-b-frontend/vite/deps/platform-browser-9blx1D8r.js","/home/alex/dev/Bachelor/bmad-vergleichsstudie/.lizard-tmp-DUgF1d/code/seed-b-frontend/.angular/cache/22.1.3/seed-b-frontend/vite/deps/platform-browser-9blx1D8r.js","(anonymous)","(anonymous)",803,811
5,1,20,3,6,"bootstrapApplication@812-817@/home/alex/dev/Bachelor/bmad-vergleichsstudie/.lizard-tmp-DUgF1d/code/seed-b-frontend/.angular/cache/22.1.3/seed-b-frontend/vite/deps/platform-browser-9blx1D8r.js","/home/alex/dev/Bachelor/bmad-vergleichsstudie/.lizard-tmp-DUgF1d/code/seed-b-frontend/.angular/cache/22.1.3/seed-b-frontend/vite/deps/platform-browser-9blx1D8r.js","bootstrapApplication","bootstrapApplication ( rootComponent , options , context )",812,817
3,1,18,2,3,"createApplication@818-820@/home/alex/dev/Bachelor/bmad-vergleichsstudie/.lizard-tmp-DUgF1d/code/seed-b-frontend/.angular/cache/22.1.3/seed-b-frontend/vite/deps/platform-browser-9blx1D8r.js","/home/alex/dev/Bachelor/bmad-vergleichsstudie/.lizard-tmp-DUgF1d/code/seed-b-frontend/.angular/cache/22.1.3/seed-b-frontend/vite/deps/platform-browser-9blx1D8r.js","createApplication","createApplication ( options , context )",818,820
7,3,36,2,7,"createProvidersConfig@821-827@/home/alex/dev/Bachelor/bmad-vergleichsstudie/.lizard-tmp-DUgF1d/code/seed-b-frontend/.angular/cache/22.1.3/seed-b-frontend/vite/deps/platform-browser-9blx1D8r.js","/home/alex/dev/Bachelor/bmad-vergleichsstudie/.lizard-tmp-DUgF1d/code/seed-b-frontend/.angular/cache/22.1.3/seed-b-frontend/vite/deps/platform-browser-9blx1D8r.js","createProvidersConfig","createProvidersConfig ( options , context )",821,827
6,4,39,1,6,"provideProtractorTestingSupport@828-833@/home/alex/dev/Bachelor/bmad-vergleichsstudie/.lizard-tmp-DUgF1d/code/seed-b-frontend/.angular/cache/22.1.3/seed-b-frontend/vite/deps/platform-browser-9blx1D8r.js","/home/alex/dev/Bachelor/bmad-vergleichsstudie/.lizard-tmp-DUgF1d/code/seed-b-frontend/.angular/cache/22.1.3/seed-b-frontend/vite/deps/platform-browser-9blx1D8r.js","provideProtractorTestingSupport","provideProtractorTestingSupport ( options )",828,833
3,1,10,0,3,"initDomAdapter@834-836@/home/alex/dev/Bachelor/bmad-vergleichsstudie/.lizard-tmp-DUgF1d/code/seed-b-frontend/.angular/cache/22.1.3/seed-b-frontend/vite/deps/platform-browser-9blx1D8r.js","/home/alex/dev/Bachelor/bmad-vergleichsstudie/.lizard-tmp-DUgF1d/code/seed-b-frontend/.angular/cache/22.1.3/seed-b-frontend/vite/deps/platform-browser-9blx1D8r.js","initDomAdapter","initDomAdapter ( )",834,836
3,1,10,0,3,"errorHandler@837-839@/home/alex/dev/Bachelor/bmad-vergleichsstudie/.lizard-tmp-DUgF1d/code/seed-b-frontend/.angular/cache/22.1.3/seed-b-frontend/vite/deps/platform-browser-9blx1D8r.js","/home/alex/dev/Bachelor/bmad-vergleichsstudie/.lizard-tmp-DUgF1d/code/seed-b-frontend/.angular/cache/22.1.3/seed-b-frontend/vite/deps/platform-browser-9blx1D8r.js","errorHandler","errorHandler ( )",837,839
4,1,12,0,4,"_document@840-843@/home/alex/dev/Bachelor/bmad-vergleichsstudie/.lizard-tmp-DUgF1d/code/seed-b-frontend/.angular/cache/22.1.3/seed-b-frontend/vite/deps/platform-browser-9blx1D8r.js","/home/alex/dev/Bachelor/bmad-vergleichsstudie/.lizard-tmp-DUgF1d/code/seed-b-frontend/.angular/cache/22.1.3/seed-b-frontend/vite/deps/platform-browser-9blx1D8r.js","_document","_document ( )",840,843
8,4,41,0,8,"constructor@924-931@/home/alex/dev/Bachelor/bmad-vergleichsstudie/.lizard-tmp-DUgF1d/code/seed-b-frontend/.angular/cache/22.1.3/seed-b-frontend/vite/deps/platform-browser-9blx1D8r.js","/home/alex/dev/Bachelor/bmad-vergleichsstudie/.lizard-tmp-DUgF1d/code/seed-b-frontend/.angular/cache/22.1.3/seed-b-frontend/vite/deps/platform-browser-9blx1D8r.js","constructor","constructor ( )",924,931
3,2,15,0,3,"BrowserModule_Factory@932-934@/home/alex/dev/Bachelor/bmad-vergleichsstudie/.lizard-tmp-DUgF1d/code/seed-b-frontend/.angular/cache/22.1.3/seed-b-frontend/vite/deps/platform-browser-9blx1D8r.js","/home/alex/dev/Bachelor/bmad-vergleichsstudie/.lizard-tmp-DUgF1d/code/seed-b-frontend/.angular/cache/22.1.3/seed-b-frontend/vite/deps/platform-browser-9blx1D8r.js","BrowserModule_Factory","BrowserModule_Factory ( )",932,934
1,1,5,0,1,"(anonymous)@951-951@/home/alex/dev/Bachelor/bmad-vergleichsstudie/.lizard-tmp-DUgF1d/code/seed-b-frontend/.angular/cache/22.1.3/seed-b-frontend/vite/deps/platform-browser-9blx1D8r.js","/home/alex/dev/Bachelor/bmad-vergleichsstudie/.lizard-tmp-DUgF1d/code/seed-b-frontend/.angular/cache/22.1.3/seed-b-frontend/vite/deps/platform-browser-9blx1D8r.js","(anonymous)","(anonymous)",951,951
8,3,50,0,8,"(anonymous)@944-951@/home/alex/dev/Bachelor/bmad-vergleichsstudie/.lizard-tmp-DUgF1d/code/seed-b-frontend/.angular/cache/22.1.3/seed-b-frontend/vite/deps/platform-browser-9blx1D8r.js","/home/alex/dev/Bachelor/bmad-vergleichsstudie/.lizard-tmp-DUgF1d/code/seed-b-frontend/.angular/cache/22.1.3/seed-b-frontend/vite/deps/platform-browser-9blx1D8r.js","(anonymous)","(anonymous)",944,951
4,2,27,2,4,"addTag@964-967@/home/alex/dev/Bachelor/bmad-vergleichsstudie/.lizard-tmp-DUgF1d/code/seed-b-frontend/.angular/cache/22.1.3/seed-b-frontend/vite/deps/platform-browser-9blx1D8r.js","/home/alex/dev/Bachelor/bmad-vergleichsstudie/.lizard-tmp-DUgF1d/code/seed-b-frontend/.angular/cache/22.1.3/seed-b-frontend/vite/deps/platform-browser-9blx1D8r.js","addTag","addTag ( tag , forceCreation false )",964,967
1,1,4,0,1,"(anonymous)@969-969@/home/alex/dev/Bachelor/bmad-vergleichsstudie/.lizard-tmp-DUgF1d/code/seed-b-frontend/.angular/cache/22.1.3/seed-b-frontend/vite/deps/platform-browser-9blx1D8r.js","/home/alex/dev/Bachelor/bmad-vergleichsstudie/.lizard-tmp-DUgF1d/code/seed-b-frontend/.angular/cache/22.1.3/seed-b-frontend/vite/deps/platform-browser-9blx1D8r.js","(anonymous)","(anonymous)",969,969
1,1,9,0,1,"(anonymous)@969-969@/home/alex/dev/Bachelor/bmad-vergleichsstudie/.lizard-tmp-DUgF1d/code/seed-b-frontend/.angular/cache/22.1.3/seed-b-frontend/vite/deps/platform-browser-9blx1D8r.js","/home/alex/dev/Bachelor/bmad-vergleichsstudie/.lizard-tmp-DUgF1d/code/seed-b-frontend/.angular/cache/22.1.3/seed-b-frontend/vite/deps/platform-browser-9blx1D8r.js","(anonymous)","(anonymous)",969,969
3,1,28,2,3,"addTags@968-970@/home/alex/dev/Bachelor/bmad-vergleichsstudie/.lizard-tmp-DUgF1d/code/seed-b-frontend/.angular/cache/22.1.3/seed-b-frontend/vite/deps/platform-browser-9blx1D8r.js","/home/alex/dev/Bachelor/bmad-vergleichsstudie/.lizard-tmp-DUgF1d/code/seed-b-frontend/.angular/cache/22.1.3/seed-b-frontend/vite/deps/platform-browser-9blx1D8r.js","addTags","addTags ( tags , forceCreation false )",968,970
5,3,38,1,5,"getTag@971-975@/home/alex/dev/Bachelor/bmad-vergleichsstudie/.lizard-tmp-DUgF1d/code/seed-b-frontend/.angular/cache/22.1.3/seed-b-frontend/vite/deps/platform-browser-9blx1D8r.js","/home/alex/dev/Bachelor/bmad-vergleichsstudie/.lizard-tmp-DUgF1d/code/seed-b-frontend/.angular/cache/22.1.3/seed-b-frontend/vite/deps/platform-browser-9blx1D8r.js","getTag","getTag ( attrSelector )",971,975
1,1,5,0,1,"(anonymous)@979-979@/home/alex/dev/Bachelor/bmad-vergleichsstudie/.lizard-tmp-DUgF1d/code/seed-b-frontend/.angular/cache/22.1.3/seed-b-frontend/vite/deps/platform-browser-9blx1D8r.js","/home/alex/dev/Bachelor/bmad-vergleichsstudie/.lizard-tmp-DUgF1d/code/seed-b-frontend/.angular/cache/22.1.3/seed-b-frontend/vite/deps/platform-browser-9blx1D8r.js","(anonymous)","(anonymous)",979,979
5,3,50,1,5,"getTags@976-980@/home/alex/dev/Bachelor/bmad-vergleichsstudie/.lizard-tmp-DUgF1d/code/seed-b-frontend/.angular/cache/22.1.3/seed-b-frontend/vite/deps/platform-browser-9blx1D8r.js","/home/alex/dev/Bachelor/bmad-vergleichsstudie/.lizard-tmp-DUgF1d/code/seed-b-frontend/.angular/cache/22.1.3/seed-b-frontend/vite/deps/platform-browser-9blx1D8r.js","getTags","getTags ( attrSelector )",976,980
9,4,52,2,9,"updateTag@981-989@/home/alex/dev/Bachelor/bmad-vergleichsstudie/.lizard-tmp-DUgF1d/code/seed-b-frontend/.angular/cache/22.1.3/seed-b-frontend/vite/deps/platform-browser-9blx1D8r.js","/home/alex/dev/Bachelor/bmad-vergleichsstudie/.lizard-tmp-DUgF1d/code/seed-b-frontend/.angular/cache/22.1.3/seed-b-frontend/vite/deps/platform-browser-9blx1D8r.js","updateTag","updateTag ( tag , selector )",981,989
3,1,17,1,3,"removeTag@990-992@/home/alex/dev/Bachelor/bmad-vergleichsstudie/.lizard-tmp-DUgF1d/code/seed-b-frontend/.angular/cache/22.1.3/seed-b-frontend/vite/deps/platform-browser-9blx1D8r.js","/home/alex/dev/Bachelor/bmad-vergleichsstudie/.lizard-tmp-DUgF1d/code/seed-b-frontend/.angular/cache/22.1.3/seed-b-frontend/vite/deps/platform-browser-9blx1D8r.js","removeTag","removeTag ( attrSelector )",990,992
3,2,18,1,3,"removeTagElement@993-995@/home/alex/dev/Bachelor/bmad-vergleichsstudie/.lizard-tmp-DUgF1d/code/seed-b-frontend/.angular/cache/22.1.3/seed-b-frontend/vite/deps/platform-browser-9blx1D8r.js","/home/alex/dev/Bachelor/bmad-vergleichsstudie/.lizard-tmp-DUgF1d/code/seed-b-frontend/.angular/cache/22.1.3/seed-b-frontend/vite/deps/platform-browser-9blx1D8r.js","removeTagElement","removeTagElement ( meta )",993,995
1,1,7,0,1,"(anonymous)@999-999@/home/alex/dev/Bachelor/bmad-vergleichsstudie/.lizard-tmp-DUgF1d/code/seed-b-frontend/.angular/cache/22.1.3/seed-b-frontend/vite/deps/platform-browser-9blx1D8r.js","/home/alex/dev/Bachelor/bmad-vergleichsstudie/.lizard-tmp-DUgF1d/code/seed-b-frontend/.angular/cache/22.1.3/seed-b-frontend/vite/deps/platform-browser-9blx1D8r.js","(anonymous)","(anonymous)",999,999
11,3,94,2,11,"_getOrCreateElement@996-1006@/home/alex/dev/Bachelor/bmad-vergleichsstudie/.lizard-tmp-DUgF1d/code/seed-b-frontend/.angular/cache/22.1.3/seed-b-frontend/vite/deps/platform-browser-9blx1D8r.js","/home/alex/dev/Bachelor/bmad-vergleichsstudie/.lizard-tmp-DUgF1d/code/seed-b-frontend/.angular/cache/22.1.3/seed-b-frontend/vite/deps/platform-browser-9blx1D8r.js","_getOrCreateElement","_getOrCreateElement ( meta , forceCreation false )",996,1006
3,2,15,0,3,"Meta_Factory@1007-1009@/home/alex/dev/Bachelor/bmad-vergleichsstudie/.lizard-tmp-DUgF1d/code/seed-b-frontend/.angular/cache/22.1.3/seed-b-frontend/vite/deps/platform-browser-9blx1D8r.js","/home/alex/dev/Bachelor/bmad-vergleichsstudie/.lizard-tmp-DUgF1d/code/seed-b-frontend/.angular/cache/22.1.3/seed-b-frontend/vite/deps/platform-browser-9blx1D8r.js","Meta_Factory","Meta_Factory ( )",1007,1009
3,3,28,0,3,"(anonymous)@1015-1017@/home/alex/dev/Bachelor/bmad-vergleichsstudie/.lizard-tmp-DUgF1d/code/seed-b-frontend/.angular/cache/22.1.3/seed-b-frontend/vite/deps/platform-browser-9blx1D8r.js","/home/alex/dev/Bachelor/bmad-vergleichsstudie/.lizard-tmp-DUgF1d/code/seed-b-frontend/.angular/cache/22.1.3/seed-b-frontend/vite/deps/platform-browser-9blx1D8r.js","(anonymous)","(anonymous)",1015,1017
3,1,14,1,3,"buildMetaSelector@1018-1020@/home/alex/dev/Bachelor/bmad-vergleichsstudie/.lizard-tmp-DUgF1d/code/seed-b-frontend/.angular/cache/22.1.3/seed-b-frontend/vite/deps/platform-browser-9blx1D8r.js","/home/alex/dev/Bachelor/bmad-vergleichsstudie/.lizard-tmp-DUgF1d/code/seed-b-frontend/.angular/cache/22.1.3/seed-b-frontend/vite/deps/platform-browser-9blx1D8r.js","buildMetaSelector","buildMetaSelector ( attrSelector )",1018,1020
1,1,15,0,1,"(anonymous)@1022-1022@/home/alex/dev/Bachelor/bmad-vergleichsstudie/.lizard-tmp-DUgF1d/code/seed-b-frontend/.angular/cache/22.1.3/seed-b-frontend/vite/deps/platform-browser-9blx1D8r.js","/home/alex/dev/Bachelor/bmad-vergleichsstudie/.lizard-tmp-DUgF1d/code/seed-b-frontend/.angular/cache/22.1.3/seed-b-frontend/vite/deps/platform-browser-9blx1D8r.js","(anonymous)","(anonymous)",1022,1022
3,1,22,2,3,"setMetaElementAttributes@1021-1023@/home/alex/dev/Bachelor/bmad-vergleichsstudie/.lizard-tmp-DUgF1d/code/seed-b-frontend/.angular/cache/22.1.3/seed-b-frontend/vite/deps/platform-browser-9blx1D8r.js","/home/alex/dev/Bachelor/bmad-vergleichsstudie/.lizard-tmp-DUgF1d/code/seed-b-frontend/.angular/cache/22.1.3/seed-b-frontend/vite/deps/platform-browser-9blx1D8r.js","setMetaElementAttributes","setMetaElementAttributes ( tag , el )",1021,1023
4,2,27,1,4,"parseSelector@1024-1027@/home/alex/dev/Bachelor/bmad-vergleichsstudie/.lizard-tmp-DUgF1d/code/seed-b-frontend/.angular/cache/22.1.3/seed-b-frontend/vite/deps/platform-browser-9blx1D8r.js","/home/alex/dev/Bachelor/bmad-vergleichsstudie/.lizard-tmp-DUgF1d/code/seed-b-frontend/.angular/cache/22.1.3/seed-b-frontend/vite/deps/platform-browser-9blx1D8r.js","parseSelector","parseSelector ( tag )",1024,1027
3,1,14,1,3,"escapeSelectorValue@1028-1030@/home/alex/dev/Bachelor/bmad-vergleichsstudie/.lizard-tmp-DUgF1d/code/seed-b-frontend/.angular/cache/22.1.3/seed-b-frontend/vite/deps/platform-browser-9blx1D8r.js","/home/alex/dev/Bachelor/bmad-vergleichsstudie/.lizard-tmp-DUgF1d/code/seed-b-frontend/.angular/cache/22.1.3/seed-b-frontend/vite/deps/platform-browser-9blx1D8r.js","escapeSelectorValue","escapeSelectorValue ( value )",1028,1030
1,1,15,0,1,"(anonymous)@1032-1032@/home/alex/dev/Bachelor/bmad-vergleichsstudie/.lizard-tmp-DUgF1d/code/seed-b-frontend/.angular/cache/22.1.3/seed-b-frontend/vite/deps/platform-browser-9blx1D8r.js","/home/alex/dev/Bachelor/bmad-vergleichsstudie/.lizard-tmp-DUgF1d/code/seed-b-frontend/.angular/cache/22.1.3/seed-b-frontend/vite/deps/platform-browser-9blx1D8r.js","(anonymous)","(anonymous)",1032,1032
3,1,23,2,3,"containsAttributes@1031-1033@/home/alex/dev/Bachelor/bmad-vergleichsstudie/.lizard-tmp-DUgF1d/code/seed-b-frontend/.angular/cache/22.1.3/seed-b-frontend/vite/deps/platform-browser-9blx1D8r.js","/home/alex/dev/Bachelor/bmad-vergleichsstudie/.lizard-tmp-DUgF1d/code/seed-b-frontend/.angular/cache/22.1.3/seed-b-frontend/vite/deps/platform-browser-9blx1D8r.js","containsAttributes","containsAttributes ( tag , elem )",1031,1033
3,2,13,1,3,"getMetaKeyMap@1034-1036@/home/alex/dev/Bachelor/bmad-vergleichsstudie/.lizard-tmp-DUgF1d/code/seed-b-frontend/.angular/cache/22.1.3/seed-b-frontend/vite/deps/platform-browser-9blx1D8r.js","/home/alex/dev/Bachelor/bmad-vergleichsstudie/.lizard-tmp-DUgF1d/code/seed-b-frontend/.angular/cache/22.1.3/seed-b-frontend/vite/deps/platform-browser-9blx1D8r.js","getMetaKeyMap","getMetaKeyMap ( prop )",1034,1036
3,1,16,1,3,"isMetaTag@1037-1039@/home/alex/dev/Bachelor/bmad-vergleichsstudie/.lizard-tmp-DUgF1d/code/seed-b-frontend/.angular/cache/22.1.3/seed-b-frontend/vite/deps/platform-browser-9blx1D8r.js","/home/alex/dev/Bachelor/bmad-vergleichsstudie/.lizard-tmp-DUgF1d/code/seed-b-frontend/.angular/cache/22.1.3/seed-b-frontend/vite/deps/platform-browser-9blx1D8r.js","isMetaTag","isMetaTag ( tag )",1037,1039
3,1,11,0,3,"constructor@1043-1045@/home/alex/dev/Bachelor/bmad-vergleichsstudie/.lizard-tmp-DUgF1d/code/seed-b-frontend/.angular/cache/22.1.3/seed-b-frontend/vite/deps/platform-browser-9blx1D8r.js","/home/alex/dev/Bachelor/bmad-vergleichsstudie/.lizard-tmp-DUgF1d/code/seed-b-frontend/.angular/cache/22.1.3/seed-b-frontend/vite/deps/platform-browser-9blx1D8r.js","constructor","constructor ( )",1043,1045
3,1,11,0,3,"getTitle@1046-1048@/home/alex/dev/Bachelor/bmad-vergleichsstudie/.lizard-tmp-DUgF1d/code/seed-b-frontend/.angular/cache/22.1.3/seed-b-frontend/vite/deps/platform-browser-9blx1D8r.js","/home/alex/dev/Bachelor/bmad-vergleichsstudie/.lizard-tmp-DUgF1d/code/seed-b-frontend/.angular/cache/22.1.3/seed-b-frontend/vite/deps/platform-browser-9blx1D8r.js","getTitle","getTitle ( )",1046,1048
3,2,15,1,3,"setTitle@1049-1051@/home/alex/dev/Bachelor/bmad-vergleichsstudie/.lizard-tmp-DUgF1d/code/seed-b-frontend/.angular/cache/22.1.3/seed-b-frontend/vite/deps/platform-browser-9blx1D8r.js","/home/alex/dev/Bachelor/bmad-vergleichsstudie/.lizard-tmp-DUgF1d/code/seed-b-frontend/.angular/cache/22.1.3/seed-b-frontend/vite/deps/platform-browser-9blx1D8r.js","setTitle","setTitle ( newTitle )",1049,1051
3,2,19,0,3,"Title_Factory@1052-1054@/home/alex/dev/Bachelor/bmad-vergleichsstudie/.lizard-tmp-DUgF1d/code/seed-b-frontend/.angular/cache/22.1.3/seed-b-frontend/vite/deps/platform-browser-9blx1D8r.js","/home/alex/dev/Bachelor/bmad-vergleichsstudie/.lizard-tmp-DUgF1d/code/seed-b-frontend/.angular/cache/22.1.3/seed-b-frontend/vite/deps/platform-browser-9blx1D8r.js","Title_Factory","Title_Factory ( )",1052,1054
7,1,23,0,7,"(anonymous)@1065-1071@/home/alex/dev/Bachelor/bmad-vergleichsstudie/.lizard-tmp-DUgF1d/code/seed-b-frontend/.angular/cache/22.1.3/seed-b-frontend/vite/deps/platform-browser-9blx1D8r.js","/home/alex/dev/Bachelor/bmad-vergleichsstudie/.lizard-tmp-DUgF1d/code/seed-b-frontend/.angular/cache/22.1.3/seed-b-frontend/vite/deps/platform-browser-9blx1D8r.js","(anonymous)","(anonymous)",1065,1071
6,3,42,0,12,"(anonymous)@1061-1072@/home/alex/dev/Bachelor/bmad-vergleichsstudie/.lizard-tmp-DUgF1d/code/seed-b-frontend/.angular/cache/22.1.3/seed-b-frontend/vite/deps/platform-browser-9blx1D8r.js","/home/alex/dev/Bachelor/bmad-vergleichsstudie/.lizard-tmp-DUgF1d/code/seed-b-frontend/.angular/cache/22.1.3/seed-b-frontend/vite/deps/platform-browser-9blx1D8r.js","(anonymous)","(anonymous)",1061,1072
6,4,42,2,6,"exportNgVar@1073-1078@/home/alex/dev/Bachelor/bmad-vergleichsstudie/.lizard-tmp-DUgF1d/code/seed-b-frontend/.angular/cache/22.1.3/seed-b-frontend/vite/deps/platform-browser-9blx1D8r.js","/home/alex/dev/Bachelor/bmad-vergleichsstudie/.lizard-tmp-DUgF1d/code/seed-b-frontend/.angular/cache/22.1.3/seed-b-frontend/vite/deps/platform-browser-9blx1D8r.js","exportNgVar","exportNgVar ( name , value )",1073,1078
4,1,19,2,4,"constructor@1082-1085@/home/alex/dev/Bachelor/bmad-vergleichsstudie/.lizard-tmp-DUgF1d/code/seed-b-frontend/.angular/cache/22.1.3/seed-b-frontend/vite/deps/platform-browser-9blx1D8r.js","/home/alex/dev/Bachelor/bmad-vergleichsstudie/.lizard-tmp-DUgF1d/code/seed-b-frontend/.angular/cache/22.1.3/seed-b-frontend/vite/deps/platform-browser-9blx1D8r.js","constructor","constructor ( msPerTick , numTicks )",1082,1085
3,1,18,1,3,"constructor@1089-1091@/home/alex/dev/Bachelor/bmad-vergleichsstudie/.lizard-tmp-DUgF1d/code/seed-b-frontend/.angular/cache/22.1.3/seed-b-frontend/vite/deps/platform-browser-9blx1D8r.js","/home/alex/dev/Bachelor/bmad-vergleichsstudie/.lizard-tmp-DUgF1d/code/seed-b-frontend/.angular/cache/22.1.3/seed-b-frontend/vite/deps/platform-browser-9blx1D8r.js","constructor","constructor ( ref )",1089,1091
17,10,156,1,17,"timeChangeDetection@1092-1108@/home/alex/dev/Bachelor/bmad-vergleichsstudie/.lizard-tmp-DUgF1d/code/seed-b-frontend/.angular/cache/22.1.3/seed-b-frontend/vite/deps/platform-browser-9blx1D8r.js","/home/alex/dev/Bachelor/bmad-vergleichsstudie/.lizard-tmp-DUgF1d/code/seed-b-frontend/.angular/cache/22.1.3/seed-b-frontend/vite/deps/platform-browser-9blx1D8r.js","timeChangeDetection","timeChangeDetection ( config )",1092,1108
4,1,19,1,4,"enableDebugTools@1111-1114@/home/alex/dev/Bachelor/bmad-vergleichsstudie/.lizard-tmp-DUgF1d/code/seed-b-frontend/.angular/cache/22.1.3/seed-b-frontend/vite/deps/platform-browser-9blx1D8r.js","/home/alex/dev/Bachelor/bmad-vergleichsstudie/.lizard-tmp-DUgF1d/code/seed-b-frontend/.angular/cache/22.1.3/seed-b-frontend/vite/deps/platform-browser-9blx1D8r.js","enableDebugTools","enableDebugTools ( ref )",1111,1114
3,1,11,0,3,"disableDebugTools@1115-1117@/home/alex/dev/Bachelor/bmad-vergleichsstudie/.lizard-tmp-DUgF1d/code/seed-b-frontend/.angular/cache/22.1.3/seed-b-frontend/vite/deps/platform-browser-9blx1D8r.js","/home/alex/dev/Bachelor/bmad-vergleichsstudie/.lizard-tmp-DUgF1d/code/seed-b-frontend/.angular/cache/22.1.3/seed-b-frontend/vite/deps/platform-browser-9blx1D8r.js","disableDebugTools","disableDebugTools ( )",1115,1117
1,1,2,0,1,"(anonymous)@1120-1120@/home/alex/dev/Bachelor/bmad-vergleichsstudie/.lizard-tmp-DUgF1d/code/seed-b-frontend/.angular/cache/22.1.3/seed-b-frontend/vite/deps/platform-browser-9blx1D8r.js","/home/alex/dev/Bachelor/bmad-vergleichsstudie/.lizard-tmp-DUgF1d/code/seed-b-frontend/.angular/cache/22.1.3/seed-b-frontend/vite/deps/platform-browser-9blx1D8r.js","(anonymous)","(anonymous)",1120,1120
3,1,9,0,3,"all@1119-1121@/home/alex/dev/Bachelor/bmad-vergleichsstudie/.lizard-tmp-DUgF1d/code/seed-b-frontend/.angular/cache/22.1.3/seed-b-frontend/vite/deps/platform-browser-9blx1D8r.js","/home/alex/dev/Bachelor/bmad-vergleichsstudie/.lizard-tmp-DUgF1d/code/seed-b-frontend/.angular/cache/22.1.3/seed-b-frontend/vite/deps/platform-browser-9blx1D8r.js","all","all ( )",1119,1121
3,2,20,0,3,"(anonymous)@1123-1125@/home/alex/dev/Bachelor/bmad-vergleichsstudie/.lizard-tmp-DUgF1d/code/seed-b-frontend/.angular/cache/22.1.3/seed-b-frontend/vite/deps/platform-browser-9blx1D8r.js","/home/alex/dev/Bachelor/bmad-vergleichsstudie/.lizard-tmp-DUgF1d/code/seed-b-frontend/.angular/cache/22.1.3/seed-b-frontend/vite/deps/platform-browser-9blx1D8r.js","(anonymous)","(anonymous)",1123,1125
3,1,12,1,5,"css@1122-1126@/home/alex/dev/Bachelor/bmad-vergleichsstudie/.lizard-tmp-DUgF1d/code/seed-b-frontend/.angular/cache/22.1.3/seed-b-frontend/vite/deps/platform-browser-9blx1D8r.js","/home/alex/dev/Bachelor/bmad-vergleichsstudie/.lizard-tmp-DUgF1d/code/seed-b-frontend/.angular/cache/22.1.3/seed-b-frontend/vite/deps/platform-browser-9blx1D8r.js","css","css ( selector )",1122,1126
1,1,12,0,1,"(anonymous)@1128-1128@/home/alex/dev/Bachelor/bmad-vergleichsstudie/.lizard-tmp-DUgF1d/code/seed-b-frontend/.angular/cache/22.1.3/seed-b-frontend/vite/deps/platform-browser-9blx1D8r.js","/home/alex/dev/Bachelor/bmad-vergleichsstudie/.lizard-tmp-DUgF1d/code/seed-b-frontend/.angular/cache/22.1.3/seed-b-frontend/vite/deps/platform-browser-9blx1D8r.js","(anonymous)","(anonymous)",1128,1128
3,1,11,1,3,"directive@1127-1129@/home/alex/dev/Bachelor/bmad-vergleichsstudie/.lizard-tmp-DUgF1d/code/seed-b-frontend/.angular/cache/22.1.3/seed-b-frontend/vite/deps/platform-browser-9blx1D8r.js","/home/alex/dev/Bachelor/bmad-vergleichsstudie/.lizard-tmp-DUgF1d/code/seed-b-frontend/.angular/cache/22.1.3/seed-b-frontend/vite/deps/platform-browser-9blx1D8r.js","directive","directive ( type )",1127,1129
4,7,55,2,4,"elementMatches@1131-1134@/home/alex/dev/Bachelor/bmad-vergleichsstudie/.lizard-tmp-DUgF1d/code/seed-b-frontend/.angular/cache/22.1.3/seed-b-frontend/vite/deps/platform-browser-9blx1D8r.js","/home/alex/dev/Bachelor/bmad-vergleichsstudie/.lizard-tmp-DUgF1d/code/seed-b-frontend/.angular/cache/22.1.3/seed-b-frontend/vite/deps/platform-browser-9blx1D8r.js","elementMatches","elementMatches ( n , selector )",1131,1134
7,5,65,1,7,"namespace@1137-1143@/home/alex/dev/Bachelor/bmad-vergleichsstudie/.lizard-tmp-DUgF1d/code/seed-b-frontend/.angular/cache/22.1.3/seed-b-frontend/vite/deps/platform-browser-9blx1D8r.js","/home/alex/dev/Bachelor/bmad-vergleichsstudie/.lizard-tmp-DUgF1d/code/seed-b-frontend/.angular/cache/22.1.3/seed-b-frontend/vite/deps/platform-browser-9blx1D8r.js","namespace","namespace ( name )",1137,1143
3,2,15,0,3,"CssVarNamespacer_Factory@1144-1146@/home/alex/dev/Bachelor/bmad-vergleichsstudie/.lizard-tmp-DUgF1d/code/seed-b-frontend/.angular/cache/22.1.3/seed-b-frontend/vite/deps/platform-browser-9blx1D8r.js","/home/alex/dev/Bachelor/bmad-vergleichsstudie/.lizard-tmp-DUgF1d/code/seed-b-frontend/.angular/cache/22.1.3/seed-b-frontend/vite/deps/platform-browser-9blx1D8r.js","CssVarNamespacer_Factory","CssVarNamespacer_Factory ( )",1144,1146
3,3,28,0,3,"(anonymous)@1152-1154@/home/alex/dev/Bachelor/bmad-vergleichsstudie/.lizard-tmp-DUgF1d/code/seed-b-frontend/.angular/cache/22.1.3/seed-b-frontend/vite/deps/platform-browser-9blx1D8r.js","/home/alex/dev/Bachelor/bmad-vergleichsstudie/.lizard-tmp-DUgF1d/code/seed-b-frontend/.angular/cache/22.1.3/seed-b-frontend/vite/deps/platform-browser-9blx1D8r.js","(anonymous)","(anonymous)",1152,1154
8,1,77,1,8,"(anonymous)@1156-1163@/home/alex/dev/Bachelor/bmad-vergleichsstudie/.lizard-tmp-DUgF1d/code/seed-b-frontend/.angular/cache/22.1.3/seed-b-frontend/vite/deps/platform-browser-9blx1D8r.js","/home/alex/dev/Bachelor/bmad-vergleichsstudie/.lizard-tmp-DUgF1d/code/seed-b-frontend/.angular/cache/22.1.3/seed-b-frontend/vite/deps/platform-browser-9blx1D8r.js","(anonymous)","(anonymous) ( HydrationFeatureKind )",1156,1163
6,1,22,3,6,"hydrationFeature@1164-1169@/home/alex/dev/Bachelor/bmad-vergleichsstudie/.lizard-tmp-DUgF1d/code/seed-b-frontend/.angular/cache/22.1.3/seed-b-frontend/vite/deps/platform-browser-9blx1D8r.js","/home/alex/dev/Bachelor/bmad-vergleichsstudie/.lizard-tmp-DUgF1d/code/seed-b-frontend/.angular/cache/22.1.3/seed-b-frontend/vite/deps/platform-browser-9blx1D8r.js","hydrationFeature","hydrationFeature ( ɵkind , ɵproviders , ɵoptions )",1164,1169
3,1,12,0,3,"withNoHttpTransferCache@1170-1172@/home/alex/dev/Bachelor/bmad-vergleichsstudie/.lizard-tmp-DUgF1d/code/seed-b-frontend/.angular/cache/22.1.3/seed-b-frontend/vite/deps/platform-browser-9blx1D8r.js","/home/alex/dev/Bachelor/bmad-vergleichsstudie/.lizard-tmp-DUgF1d/code/seed-b-frontend/.angular/cache/22.1.3/seed-b-frontend/vite/deps/platform-browser-9blx1D8r.js","withNoHttpTransferCache","withNoHttpTransferCache ( )",1170,1172
3,1,18,1,3,"withHttpTransferCacheOptions@1173-1175@/home/alex/dev/Bachelor/bmad-vergleichsstudie/.lizard-tmp-DUgF1d/code/seed-b-frontend/.angular/cache/22.1.3/seed-b-frontend/vite/deps/platform-browser-9blx1D8r.js","/home/alex/dev/Bachelor/bmad-vergleichsstudie/.lizard-tmp-DUgF1d/code/seed-b-frontend/.angular/cache/22.1.3/seed-b-frontend/vite/deps/platform-browser-9blx1D8r.js","withHttpTransferCacheOptions","withHttpTransferCacheOptions ( options )",1173,1175
3,1,17,0,3,"withI18nSupport@1176-1178@/home/alex/dev/Bachelor/bmad-vergleichsstudie/.lizard-tmp-DUgF1d/code/seed-b-frontend/.angular/cache/22.1.3/seed-b-frontend/vite/deps/platform-browser-9blx1D8r.js","/home/alex/dev/Bachelor/bmad-vergleichsstudie/.lizard-tmp-DUgF1d/code/seed-b-frontend/.angular/cache/22.1.3/seed-b-frontend/vite/deps/platform-browser-9blx1D8r.js","withI18nSupport","withI18nSupport ( )",1176,1178
3,1,17,0,3,"withEventReplay@1179-1181@/home/alex/dev/Bachelor/bmad-vergleichsstudie/.lizard-tmp-DUgF1d/code/seed-b-frontend/.angular/cache/22.1.3/seed-b-frontend/vite/deps/platform-browser-9blx1D8r.js","/home/alex/dev/Bachelor/bmad-vergleichsstudie/.lizard-tmp-DUgF1d/code/seed-b-frontend/.angular/cache/22.1.3/seed-b-frontend/vite/deps/platform-browser-9blx1D8r.js","withEventReplay","withEventReplay ( )",1179,1181
3,1,17,0,3,"withIncrementalHydration@1182-1184@/home/alex/dev/Bachelor/bmad-vergleichsstudie/.lizard-tmp-DUgF1d/code/seed-b-frontend/.angular/cache/22.1.3/seed-b-frontend/vite/deps/platform-browser-9blx1D8r.js","/home/alex/dev/Bachelor/bmad-vergleichsstudie/.lizard-tmp-DUgF1d/code/seed-b-frontend/.angular/cache/22.1.3/seed-b-frontend/vite/deps/platform-browser-9blx1D8r.js","withIncrementalHydration","withIncrementalHydration ( )",1182,1184
3,1,12,0,3,"withNoIncrementalHydration@1185-1187@/home/alex/dev/Bachelor/bmad-vergleichsstudie/.lizard-tmp-DUgF1d/code/seed-b-frontend/.angular/cache/22.1.3/seed-b-frontend/vite/deps/platform-browser-9blx1D8r.js","/home/alex/dev/Bachelor/bmad-vergleichsstudie/.lizard-tmp-DUgF1d/code/seed-b-frontend/.angular/cache/22.1.3/seed-b-frontend/vite/deps/platform-browser-9blx1D8r.js","withNoIncrementalHydration","withNoIncrementalHydration ( )",1185,1187
7,2,45,0,7,"useValue@1191-1197@/home/alex/dev/Bachelor/bmad-vergleichsstudie/.lizard-tmp-DUgF1d/code/seed-b-frontend/.angular/cache/22.1.3/seed-b-frontend/vite/deps/platform-browser-9blx1D8r.js","/home/alex/dev/Bachelor/bmad-vergleichsstudie/.lizard-tmp-DUgF1d/code/seed-b-frontend/.angular/cache/22.1.3/seed-b-frontend/vite/deps/platform-browser-9blx1D8r.js","useValue","useValue ( )",1191,1197
7,1,21,0,13,"provideEnabledBlockingInitialNavigationDetector@1188-1200@/home/alex/dev/Bachelor/bmad-vergleichsstudie/.lizard-tmp-DUgF1d/code/seed-b-frontend/.angular/cache/22.1.3/seed-b-frontend/vite/deps/platform-browser-9blx1D8r.js","/home/alex/dev/Bachelor/bmad-vergleichsstudie/.lizard-tmp-DUgF1d/code/seed-b-frontend/.angular/cache/22.1.3/seed-b-frontend/vite/deps/platform-browser-9blx1D8r.js","provideEnabledBlockingInitialNavigationDetector","provideEnabledBlockingInitialNavigationDetector ( )",1188,1200
3,1,8,0,3,"(anonymous)@1231-1233@/home/alex/dev/Bachelor/bmad-vergleichsstudie/.lizard-tmp-DUgF1d/code/seed-b-frontend/.angular/cache/22.1.3/seed-b-frontend/vite/deps/platform-browser-9blx1D8r.js","/home/alex/dev/Bachelor/bmad-vergleichsstudie/.lizard-tmp-DUgF1d/code/seed-b-frontend/.angular/cache/22.1.3/seed-b-frontend/vite/deps/platform-browser-9blx1D8r.js","(anonymous)","(anonymous)",1231,1233
3,1,16,0,5,"(anonymous)@1230-1234@/home/alex/dev/Bachelor/bmad-vergleichsstudie/.lizard-tmp-DUgF1d/code/seed-b-frontend/.angular/cache/22.1.3/seed-b-frontend/vite/deps/platform-browser-9blx1D8r.js","/home/alex/dev/Bachelor/bmad-vergleichsstudie/.lizard-tmp-DUgF1d/code/seed-b-frontend/.angular/cache/22.1.3/seed-b-frontend/vite/deps/platform-browser-9blx1D8r.js","(anonymous)","(anonymous)",1230,1234
5,1,27,0,9,"useFactory@1227-1235@/home/alex/dev/Bachelor/bmad-vergleichsstudie/.lizard-tmp-DUgF1d/code/seed-b-frontend/.angular/cache/22.1.3/seed-b-frontend/vite/deps/platform-browser-9blx1D8r.js","/home/alex/dev/Bachelor/bmad-vergleichsstudie/.lizard-tmp-DUgF1d/code/seed-b-frontend/.angular/cache/22.1.3/seed-b-frontend/vite/deps/platform-browser-9blx1D8r.js","useFactory","useFactory ( )",1227,1235
30,16,232,1,38,"provideClientHydration@1201-1238@/home/alex/dev/Bachelor/bmad-vergleichsstudie/.lizard-tmp-DUgF1d/code/seed-b-frontend/.angular/cache/22.1.3/seed-b-frontend/vite/deps/platform-browser-9blx1D8r.js","/home/alex/dev/Bachelor/bmad-vergleichsstudie/.lizard-tmp-DUgF1d/code/seed-b-frontend/.angular/cache/22.1.3/seed-b-frontend/vite/deps/platform-browser-9blx1D8r.js","provideClientHydration","provideClientHydration ( features )",1201,1238
3,2,15,0,3,"DomSanitizer_Factory@1240-1242@/home/alex/dev/Bachelor/bmad-vergleichsstudie/.lizard-tmp-DUgF1d/code/seed-b-frontend/.angular/cache/22.1.3/seed-b-frontend/vite/deps/platform-browser-9blx1D8r.js","/home/alex/dev/Bachelor/bmad-vergleichsstudie/.lizard-tmp-DUgF1d/code/seed-b-frontend/.angular/cache/22.1.3/seed-b-frontend/vite/deps/platform-browser-9blx1D8r.js","DomSanitizer_Factory","DomSanitizer_Factory ( )",1240,1242
8,3,46,2,8,"ɵɵdefineInjectable@1243-1250@/home/alex/dev/Bachelor/bmad-vergleichsstudie/.lizard-tmp-DUgF1d/code/seed-b-frontend/.angular/cache/22.1.3/seed-b-frontend/vite/deps/platform-browser-9blx1D8r.js","/home/alex/dev/Bachelor/bmad-vergleichsstudie/.lizard-tmp-DUgF1d/code/seed-b-frontend/.angular/cache/22.1.3/seed-b-frontend/vite/deps/platform-browser-9blx1D8r.js","ɵɵdefineInjectable","ɵɵdefineInjectable ( token DomSanitizer , factory function DomSanitizer_Factory ( )",1243,1250
9,3,48,0,9,"(anonymous)@1254-1262@/home/alex/dev/Bachelor/bmad-vergleichsstudie/.lizard-tmp-DUgF1d/code/seed-b-frontend/.angular/cache/22.1.3/seed-b-frontend/vite/deps/platform-browser-9blx1D8r.js","/home/alex/dev/Bachelor/bmad-vergleichsstudie/.lizard-tmp-DUgF1d/code/seed-b-frontend/.angular/cache/22.1.3/seed-b-frontend/vite/deps/platform-browser-9blx1D8r.js","(anonymous)","(anonymous)",1254,1262
22,19,224,2,22,"sanitize@1265-1286@/home/alex/dev/Bachelor/bmad-vergleichsstudie/.lizard-tmp-DUgF1d/code/seed-b-frontend/.angular/cache/22.1.3/seed-b-frontend/vite/deps/platform-browser-9blx1D8r.js","/home/alex/dev/Bachelor/bmad-vergleichsstudie/.lizard-tmp-DUgF1d/code/seed-b-frontend/.angular/cache/22.1.3/seed-b-frontend/vite/deps/platform-browser-9blx1D8r.js","sanitize","sanitize ( ctx , value )",1265,1286
3,1,11,1,3,"bypassSecurityTrustHtml@1287-1289@/home/alex/dev/Bachelor/bmad-vergleichsstudie/.lizard-tmp-DUgF1d/code/seed-b-frontend/.angular/cache/22.1.3/seed-b-frontend/vite/deps/platform-browser-9blx1D8r.js","/home/alex/dev/Bachelor/bmad-vergleichsstudie/.lizard-tmp-DUgF1d/code/seed-b-frontend/.angular/cache/22.1.3/seed-b-frontend/vite/deps/platform-browser-9blx1D8r.js","bypassSecurityTrustHtml","bypassSecurityTrustHtml ( value )",1287,1289
3,1,11,1,3,"bypassSecurityTrustStyle@1290-1292@/home/alex/dev/Bachelor/bmad-vergleichsstudie/.lizard-tmp-DUgF1d/code/seed-b-frontend/.angular/cache/22.1.3/seed-b-frontend/vite/deps/platform-browser-9blx1D8r.js","/home/alex/dev/Bachelor/bmad-vergleichsstudie/.lizard-tmp-DUgF1d/code/seed-b-frontend/.angular/cache/22.1.3/seed-b-frontend/vite/deps/platform-browser-9blx1D8r.js","bypassSecurityTrustStyle","bypassSecurityTrustStyle ( value )",1290,1292
3,1,11,1,3,"bypassSecurityTrustScript@1293-1295@/home/alex/dev/Bachelor/bmad-vergleichsstudie/.lizard-tmp-DUgF1d/code/seed-b-frontend/.angular/cache/22.1.3/seed-b-frontend/vite/deps/platform-browser-9blx1D8r.js","/home/alex/dev/Bachelor/bmad-vergleichsstudie/.lizard-tmp-DUgF1d/code/seed-b-frontend/.angular/cache/22.1.3/seed-b-frontend/vite/deps/platform-browser-9blx1D8r.js","bypassSecurityTrustScript","bypassSecurityTrustScript ( value )",1293,1295
3,1,11,1,3,"bypassSecurityTrustUrl@1296-1298@/home/alex/dev/Bachelor/bmad-vergleichsstudie/.lizard-tmp-DUgF1d/code/seed-b-frontend/.angular/cache/22.1.3/seed-b-frontend/vite/deps/platform-browser-9blx1D8r.js","/home/alex/dev/Bachelor/bmad-vergleichsstudie/.lizard-tmp-DUgF1d/code/seed-b-frontend/.angular/cache/22.1.3/seed-b-frontend/vite/deps/platform-browser-9blx1D8r.js","bypassSecurityTrustUrl","bypassSecurityTrustUrl ( value )",1296,1298
3,1,11,1,3,"bypassSecurityTrustResourceUrl@1299-1301@/home/alex/dev/Bachelor/bmad-vergleichsstudie/.lizard-tmp-DUgF1d/code/seed-b-frontend/.angular/cache/22.1.3/seed-b-frontend/vite/deps/platform-browser-9blx1D8r.js","/home/alex/dev/Bachelor/bmad-vergleichsstudie/.lizard-tmp-DUgF1d/code/seed-b-frontend/.angular/cache/22.1.3/seed-b-frontend/vite/deps/platform-browser-9blx1D8r.js","bypassSecurityTrustResourceUrl","bypassSecurityTrustResourceUrl ( value )",1299,1301
3,2,15,0,3,"DomSanitizerImpl_Factory@1302-1304@/home/alex/dev/Bachelor/bmad-vergleichsstudie/.lizard-tmp-DUgF1d/code/seed-b-frontend/.angular/cache/22.1.3/seed-b-frontend/vite/deps/platform-browser-9blx1D8r.js","/home/alex/dev/Bachelor/bmad-vergleichsstudie/.lizard-tmp-DUgF1d/code/seed-b-frontend/.angular/cache/22.1.3/seed-b-frontend/vite/deps/platform-browser-9blx1D8r.js","DomSanitizerImpl_Factory","DomSanitizerImpl_Factory ( )",1302,1304
3,3,28,0,3,"(anonymous)@1310-1312@/home/alex/dev/Bachelor/bmad-vergleichsstudie/.lizard-tmp-DUgF1d/code/seed-b-frontend/.angular/cache/22.1.3/seed-b-frontend/vite/deps/platform-browser-9blx1D8r.js","/home/alex/dev/Bachelor/bmad-vergleichsstudie/.lizard-tmp-DUgF1d/code/seed-b-frontend/.angular/cache/22.1.3/seed-b-frontend/vite/deps/platform-browser-9blx1D8r.js","(anonymous)","(anonymous)",1310,1312
18,1,120,0,20,"CategoriesController::GetCategories@13-32@/home/alex/dev/Bachelor/bmad-vergleichsstudie/.lizard-tmp-DUgF1d/code/seed-b-backend.Api/Controllers/CategoriesController.cs","/home/alex/dev/Bachelor/bmad-vergleichsstudie/.lizard-tmp-DUgF1d/code/seed-b-backend.Api/Controllers/CategoriesController.cs","CategoriesController::GetCategories","GetCategories()",13,32
4,1,20,1,4,"ProductsController::new@16-19@/home/alex/dev/Bachelor/bmad-vergleichsstudie/.lizard-tmp-DUgF1d/code/seed-b-backend.Api/Controllers/ProductsController.cs","/home/alex/dev/Bachelor/bmad-vergleichsstudie/.lizard-tmp-DUgF1d/code/seed-b-backend.Api/Controllers/ProductsController.cs","ProductsController::new","new( StringComparer . OrdinalIgnoreCase)",16,19
68,20,619,6,80,"ProductsController::GetProducts@22-101@/home/alex/dev/Bachelor/bmad-vergleichsstudie/.lizard-tmp-DUgF1d/code/seed-b-backend.Api/Controllers/ProductsController.cs","/home/alex/dev/Bachelor/bmad-vergleichsstudie/.lizard-tmp-DUgF1d/code/seed-b-backend.Api/Controllers/ProductsController.cs","ProductsController::GetProducts","GetProducts( [ FromQuery ] int ? categoryId , [ FromQuery ] int ? subcategoryId , [ FromQuery ] string ? search , [ FromQuery ] string ? sortBy , [ FromQuery ] string ? sortDir , [ FromQuery ] int page = 1)",22,101
28,6,220,1,33,"ProductsController::GetProduct@104-136@/home/alex/dev/Bachelor/bmad-vergleichsstudie/.lizard-tmp-DUgF1d/code/seed-b-backend.Api/Controllers/ProductsController.cs","/home/alex/dev/Bachelor/bmad-vergleichsstudie/.lizard-tmp-DUgF1d/code/seed-b-backend.Api/Controllers/ProductsController.cs","ProductsController::GetProduct","GetProduct( int id)",104,136
37,9,257,2,43,"ProductsController::AddReview@139-181@/home/alex/dev/Bachelor/bmad-vergleichsstudie/.lizard-tmp-DUgF1d/code/seed-b-backend.Api/Controllers/ProductsController.cs","/home/alex/dev/Bachelor/bmad-vergleichsstudie/.lizard-tmp-DUgF1d/code/seed-b-backend.Api/Controllers/ProductsController.cs","ProductsController::AddReview","AddReview( int id , [ FromBody ] ReviewCreateDto dto)",139,181
74,13,569,1,85,"OrdersController::CreateOrder@14-98@/home/alex/dev/Bachelor/bmad-vergleichsstudie/.lizard-tmp-DUgF1d/code/seed-b-backend.Api/Controllers/OrdersController.cs","/home/alex/dev/Bachelor/bmad-vergleichsstudie/.lizard-tmp-DUgF1d/code/seed-b-backend.Api/Controllers/OrdersController.cs","OrdersController::CreateOrder","CreateOrder( [ FromBody ] OrderCreateDto dto)",14,98
12,2,61,1,14,"OrdersController::GetOrder@101-114@/home/alex/dev/Bachelor/bmad-vergleichsstudie/.lizard-tmp-DUgF1d/code/seed-b-backend.Api/Controllers/OrdersController.cs","/home/alex/dev/Bachelor/bmad-vergleichsstudie/.lizard-tmp-DUgF1d/code/seed-b-backend.Api/Controllers/OrdersController.cs","OrdersController::GetOrder","GetOrder( int id)",101,114
13,1,113,1,14,"OrdersController::MapOrder@116-129@/home/alex/dev/Bachelor/bmad-vergleichsstudie/.lizard-tmp-DUgF1d/code/seed-b-backend.Api/Controllers/OrdersController.cs","/home/alex/dev/Bachelor/bmad-vergleichsstudie/.lizard-tmp-DUgF1d/code/seed-b-backend.Api/Controllers/OrdersController.cs","OrdersController::MapOrder","MapOrder( Order order)",116,129
82,11,811,1,90,"AppDbContext::OnModelCreating@18-107@/home/alex/dev/Bachelor/bmad-vergleichsstudie/.lizard-tmp-DUgF1d/code/seed-b-backend.Api/Data/AppDbContext.cs","/home/alex/dev/Bachelor/bmad-vergleichsstudie/.lizard-tmp-DUgF1d/code/seed-b-backend.Api/Data/AppDbContext.cs","AppDbContext::OnModelCreating","OnModelCreating( ModelBuilder modelBuilder)",18,107
85,5,500,3,97,"DataSeeder::SeedIfEmptyAsync@9-105@/home/alex/dev/Bachelor/bmad-vergleichsstudie/.lizard-tmp-DUgF1d/code/seed-b-backend.Api/Data/DataSeeder.cs","/home/alex/dev/Bachelor/bmad-vergleichsstudie/.lizard-tmp-DUgF1d/code/seed-b-backend.Api/Data/DataSeeder.cs","DataSeeder::SeedIfEmptyAsync","DataSeeder::SeedIfEmptyAsync( AppDbContext db , string webRootOrContentRoot , ILogger logger)",9,105
7,1,38,0,7,"TestDbFactory::CreateContext@9-15@/home/alex/dev/Bachelor/bmad-vergleichsstudie/.lizard-tmp-DUgF1d/code/seed-b-backend.Tests/TestDbFactory.cs","/home/alex/dev/Bachelor/bmad-vergleichsstudie/.lizard-tmp-DUgF1d/code/seed-b-backend.Tests/TestDbFactory.cs","TestDbFactory::CreateContext","TestDbFactory::CreateContext()",9,15
37,1,277,0,43,"TestDbFactory::CreateSeededContext@17-59@/home/alex/dev/Bachelor/bmad-vergleichsstudie/.lizard-tmp-DUgF1d/code/seed-b-backend.Tests/TestDbFactory.cs","/home/alex/dev/Bachelor/bmad-vergleichsstudie/.lizard-tmp-DUgF1d/code/seed-b-backend.Tests/TestDbFactory.cs","TestDbFactory::CreateSeededContext","TestDbFactory::CreateSeededContext()",17,59
12,2,73,1,12,"ProductsControllerTests::CreateController@12-23@/home/alex/dev/Bachelor/bmad-vergleichsstudie/.lizard-tmp-DUgF1d/code/seed-b-backend.Tests/ProductsControllerTests.cs","/home/alex/dev/Bachelor/bmad-vergleichsstudie/.lizard-tmp-DUgF1d/code/seed-b-backend.Tests/ProductsControllerTests.cs","ProductsControllerTests::CreateController","ProductsControllerTests::CreateController( Dictionary<string,StringValues> ? query = null)",12,23
8,1,77,0,10,"ProductsControllerTests::GetProducts_ReturnsAllSeededProducts_ByDefault@26-35@/home/alex/dev/Bachelor/bmad-vergleichsstudie/.lizard-tmp-DUgF1d/code/seed-b-backend.Tests/ProductsControllerTests.cs","/home/alex/dev/Bachelor/bmad-vergleichsstudie/.lizard-tmp-DUgF1d/code/seed-b-backend.Tests/ProductsControllerTests.cs","ProductsControllerTests::GetProducts_ReturnsAllSeededProducts_ByDefault","ProductsControllerTests::GetProducts_ReturnsAllSeededProducts_ByDefault()",26,35
12,1,106,0,14,"ProductsControllerTests::GetProducts_FiltersByPropertyValue@38-51@/home/alex/dev/Bachelor/bmad-vergleichsstudie/.lizard-tmp-DUgF1d/code/seed-b-backend.Tests/ProductsControllerTests.cs","/home/alex/dev/Bachelor/bmad-vergleichsstudie/.lizard-tmp-DUgF1d/code/seed-b-backend.Tests/ProductsControllerTests.cs","ProductsControllerTests::GetProducts_FiltersByPropertyValue","ProductsControllerTests::GetProducts_FiltersByPropertyValue()",38,51
8,1,82,0,10,"ProductsControllerTests::GetProducts_SortsByPriceDescending@54-63@/home/alex/dev/Bachelor/bmad-vergleichsstudie/.lizard-tmp-DUgF1d/code/seed-b-backend.Tests/ProductsControllerTests.cs","/home/alex/dev/Bachelor/bmad-vergleichsstudie/.lizard-tmp-DUgF1d/code/seed-b-backend.Tests/ProductsControllerTests.cs","ProductsControllerTests::GetProducts_SortsByPriceDescending","ProductsControllerTests::GetProducts_SortsByPriceDescending()",54,63
12,1,106,0,14,"ProductsControllerTests::GetProducts_SearchesNameAndDescription@66-79@/home/alex/dev/Bachelor/bmad-vergleichsstudie/.lizard-tmp-DUgF1d/code/seed-b-backend.Tests/ProductsControllerTests.cs","/home/alex/dev/Bachelor/bmad-vergleichsstudie/.lizard-tmp-DUgF1d/code/seed-b-backend.Tests/ProductsControllerTests.cs","ProductsControllerTests::GetProducts_SearchesNameAndDescription","ProductsControllerTests::GetProducts_SearchesNameAndDescription()",66,79
10,1,110,0,12,"ProductsControllerTests::GetProduct_IncrementsViewCount_OnEachCall@82-93@/home/alex/dev/Bachelor/bmad-vergleichsstudie/.lizard-tmp-DUgF1d/code/seed-b-backend.Tests/ProductsControllerTests.cs","/home/alex/dev/Bachelor/bmad-vergleichsstudie/.lizard-tmp-DUgF1d/code/seed-b-backend.Tests/ProductsControllerTests.cs","ProductsControllerTests::GetProduct_IncrementsViewCount_OnEachCall","ProductsControllerTests::GetProduct_IncrementsViewCount_OnEachCall()",82,93
6,1,35,0,8,"ProductsControllerTests::GetProduct_ReturnsNotFound_ForUnknownId@96-103@/home/alex/dev/Bachelor/bmad-vergleichsstudie/.lizard-tmp-DUgF1d/code/seed-b-backend.Tests/ProductsControllerTests.cs","/home/alex/dev/Bachelor/bmad-vergleichsstudie/.lizard-tmp-DUgF1d/code/seed-b-backend.Tests/ProductsControllerTests.cs","ProductsControllerTests::GetProduct_ReturnsNotFound_ForUnknownId","ProductsControllerTests::GetProduct_ReturnsNotFound_ForUnknownId()",96,103
9,1,83,0,11,"ProductsControllerTests::AddReview_CreatesNewReview@106-116@/home/alex/dev/Bachelor/bmad-vergleichsstudie/.lizard-tmp-DUgF1d/code/seed-b-backend.Tests/ProductsControllerTests.cs","/home/alex/dev/Bachelor/bmad-vergleichsstudie/.lizard-tmp-DUgF1d/code/seed-b-backend.Tests/ProductsControllerTests.cs","ProductsControllerTests::AddReview_CreatesNewReview","ProductsControllerTests::AddReview_CreatesNewReview()",106,116
10,1,99,0,12,"ProductsControllerTests::AddReview_BySameAuthor_ReplacesPreviousReview@119-130@/home/alex/dev/Bachelor/bmad-vergleichsstudie/.lizard-tmp-DUgF1d/code/seed-b-backend.Tests/ProductsControllerTests.cs","/home/alex/dev/Bachelor/bmad-vergleichsstudie/.lizard-tmp-DUgF1d/code/seed-b-backend.Tests/ProductsControllerTests.cs","ProductsControllerTests::AddReview_BySameAuthor_ReplacesPreviousReview","ProductsControllerTests::AddReview_BySameAuthor_ReplacesPreviousReview()",119,130
6,1,45,1,8,"ProductsControllerTests::AddReview_RejectsRatingOutOfRange@135-142@/home/alex/dev/Bachelor/bmad-vergleichsstudie/.lizard-tmp-DUgF1d/code/seed-b-backend.Tests/ProductsControllerTests.cs","/home/alex/dev/Bachelor/bmad-vergleichsstudie/.lizard-tmp-DUgF1d/code/seed-b-backend.Tests/ProductsControllerTests.cs","ProductsControllerTests::AddReview_RejectsRatingOutOfRange","ProductsControllerTests::AddReview_RejectsRatingOutOfRange( int rating)",135,142
8,1,61,0,10,"OrdersControllerTests::CreateOrder_RejectsEmptyCart@12-21@/home/alex/dev/Bachelor/bmad-vergleichsstudie/.lizard-tmp-DUgF1d/code/seed-b-backend.Tests/OrdersControllerTests.cs","/home/alex/dev/Bachelor/bmad-vergleichsstudie/.lizard-tmp-DUgF1d/code/seed-b-backend.Tests/OrdersControllerTests.cs","OrdersControllerTests::CreateOrder_RejectsEmptyCart","OrdersControllerTests::CreateOrder_RejectsEmptyCart()",12,21
9,1,79,0,11,"OrdersControllerTests::CreateOrder_RejectsInvalidQuantity@24-34@/home/alex/dev/Bachelor/bmad-vergleichsstudie/.lizard-tmp-DUgF1d/code/seed-b-backend.Tests/OrdersControllerTests.cs","/home/alex/dev/Bachelor/bmad-vergleichsstudie/.lizard-tmp-DUgF1d/code/seed-b-backend.Tests/OrdersControllerTests.cs","OrdersControllerTests::CreateOrder_RejectsInvalidQuantity","OrdersControllerTests::CreateOrder_RejectsInvalidQuantity()",24,34
9,1,79,0,11,"OrdersControllerTests::CreateOrder_RejectsUnavailableOffer@37-47@/home/alex/dev/Bachelor/bmad-vergleichsstudie/.lizard-tmp-DUgF1d/code/seed-b-backend.Tests/OrdersControllerTests.cs","/home/alex/dev/Bachelor/bmad-vergleichsstudie/.lizard-tmp-DUgF1d/code/seed-b-backend.Tests/OrdersControllerTests.cs","OrdersControllerTests::CreateOrder_RejectsUnavailableOffer","OrdersControllerTests::CreateOrder_RejectsUnavailableOffer()",37,47
13,1,89,0,15,"OrdersControllerTests::CreateOrder_RejectsWholeOrder_WhenOneOfSeveralPositionsIsInvalid@50-64@/home/alex/dev/Bachelor/bmad-vergleichsstudie/.lizard-tmp-DUgF1d/code/seed-b-backend.Tests/OrdersControllerTests.cs","/home/alex/dev/Bachelor/bmad-vergleichsstudie/.lizard-tmp-DUgF1d/code/seed-b-backend.Tests/OrdersControllerTests.cs","OrdersControllerTests::CreateOrder_RejectsWholeOrder_WhenOneOfSeveralPositionsIsInvalid","OrdersControllerTests::CreateOrder_RejectsWholeOrder_WhenOneOfSeveralPositionsIsInvalid()",50,64
13,1,142,0,15,"OrdersControllerTests::CreateOrder_FreezesCurrentOfferPrice_AndClearsNothingServerSide@67-81@/home/alex/dev/Bachelor/bmad-vergleichsstudie/.lizard-tmp-DUgF1d/code/seed-b-backend.Tests/OrdersControllerTests.cs","/home/alex/dev/Bachelor/bmad-vergleichsstudie/.lizard-tmp-DUgF1d/code/seed-b-backend.Tests/OrdersControllerTests.cs","OrdersControllerTests::CreateOrder_FreezesCurrentOfferPrice_AndClearsNothingServerSide","OrdersControllerTests::CreateOrder_FreezesCurrentOfferPrice_AndClearsNothingServerSide()",67,81
15,2,177,0,18,"OrdersControllerTests::CreateOrder_KeepsFrozenPrice_WhenOfferPriceChangesLater@84-101@/home/alex/dev/Bachelor/bmad-vergleichsstudie/.lizard-tmp-DUgF1d/code/seed-b-backend.Tests/OrdersControllerTests.cs","/home/alex/dev/Bachelor/bmad-vergleichsstudie/.lizard-tmp-DUgF1d/code/seed-b-backend.Tests/OrdersControllerTests.cs","OrdersControllerTests::CreateOrder_KeepsFrozenPrice_WhenOfferPriceChangesLater","OrdersControllerTests::CreateOrder_KeepsFrozenPrice_WhenOfferPriceChangesLater()",84,101
13,1,126,0,15,"CategoriesControllerTests::GetCategories_ReturnsTopLevelCategories_WithNestedSubcategoriesAndPropertyNames@10-24@/home/alex/dev/Bachelor/bmad-vergleichsstudie/.lizard-tmp-DUgF1d/code/seed-b-backend.Tests/CategoriesControllerTests.cs","/home/alex/dev/Bachelor/bmad-vergleichsstudie/.lizard-tmp-DUgF1d/code/seed-b-backend.Tests/CategoriesControllerTests.cs","CategoriesControllerTests::GetCategories_ReturnsTopLevelCategories_WithNestedSubcategoriesAndPropertyNames","CategoriesControllerTests::GetCategories_ReturnsTopLevelCategories_WithNestedSubcategoriesAndPropertyNames()",10,24
