3,1,18,1,3,"setCartId@8-10@/home/alex/dev/Bachelor/bmad-vergleichsstudie/.lizard-tmp-WOSzIR/code/seed-b-frontend/src/app/core/cart.service.ts","/home/alex/dev/Bachelor/bmad-vergleichsstudie/.lizard-tmp-WOSzIR/code/seed-b-frontend/src/app/core/cart.service.ts","setCartId","setCartId ( id )",8,10
3,1,53,3,3,"(anonymous)@9-11@/home/alex/dev/Bachelor/bmad-vergleichsstudie/.lizard-tmp-WOSzIR/code/seed-b-frontend/src/app/core/api-client.ts","/home/alex/dev/Bachelor/bmad-vergleichsstudie/.lizard-tmp-WOSzIR/code/seed-b-frontend/src/app/core/api-client.ts","(anonymous)","(anonymous) ( path , params Record , headers Record )",9,11
3,1,54,3,3,"post@13-15@/home/alex/dev/Bachelor/bmad-vergleichsstudie/.lizard-tmp-WOSzIR/code/seed-b-frontend/src/app/core/api-client.ts","/home/alex/dev/Bachelor/bmad-vergleichsstudie/.lizard-tmp-WOSzIR/code/seed-b-frontend/src/app/core/api-client.ts","post","post ( path , body , options headers Record )",13,15
3,1,54,3,3,"patch@17-19@/home/alex/dev/Bachelor/bmad-vergleichsstudie/.lizard-tmp-WOSzIR/code/seed-b-frontend/src/app/core/api-client.ts","/home/alex/dev/Bachelor/bmad-vergleichsstudie/.lizard-tmp-WOSzIR/code/seed-b-frontend/src/app/core/api-client.ts","patch","patch ( path , body , options headers Record )",17,19
3,1,48,2,3,"delete@21-23@/home/alex/dev/Bachelor/bmad-vergleichsstudie/.lizard-tmp-WOSzIR/code/seed-b-frontend/src/app/core/api-client.ts","/home/alex/dev/Bachelor/bmad-vergleichsstudie/.lizard-tmp-WOSzIR/code/seed-b-frontend/src/app/core/api-client.ts","delete","delete ( path , options headers Record )",21,23
1,1,6,0,1,"(anonymous)@38-38@/home/alex/dev/Bachelor/bmad-vergleichsstudie/.lizard-tmp-WOSzIR/code/seed-b-frontend/src/app/features/catalog/product-list/product-list.ts","/home/alex/dev/Bachelor/bmad-vergleichsstudie/.lizard-tmp-WOSzIR/code/seed-b-frontend/src/app/features/catalog/product-list/product-list.ts","(anonymous)","(anonymous)",38,38
13,4,69,0,13,"computed@32-44@/home/alex/dev/Bachelor/bmad-vergleichsstudie/.lizard-tmp-WOSzIR/code/seed-b-frontend/src/app/features/catalog/product-list/product-list.ts","/home/alex/dev/Bachelor/bmad-vergleichsstudie/.lizard-tmp-WOSzIR/code/seed-b-frontend/src/app/features/catalog/product-list/product-list.ts","computed","computed ( ( )",32,44
1,2,28,0,1,"(anonymous)@46-46@/home/alex/dev/Bachelor/bmad-vergleichsstudie/.lizard-tmp-WOSzIR/code/seed-b-frontend/src/app/features/catalog/product-list/product-list.ts","/home/alex/dev/Bachelor/bmad-vergleichsstudie/.lizard-tmp-WOSzIR/code/seed-b-frontend/src/app/features/catalog/product-list/product-list.ts","(anonymous)","(anonymous)",46,46
1,1,8,0,1,"(anonymous)@47-47@/home/alex/dev/Bachelor/bmad-vergleichsstudie/.lizard-tmp-WOSzIR/code/seed-b-frontend/src/app/features/catalog/product-list/product-list.ts","/home/alex/dev/Bachelor/bmad-vergleichsstudie/.lizard-tmp-WOSzIR/code/seed-b-frontend/src/app/features/catalog/product-list/product-list.ts","(anonymous)","(anonymous)",47,47
1,1,18,0,1,"(anonymous)@48-48@/home/alex/dev/Bachelor/bmad-vergleichsstudie/.lizard-tmp-WOSzIR/code/seed-b-frontend/src/app/features/catalog/product-list/product-list.ts","/home/alex/dev/Bachelor/bmad-vergleichsstudie/.lizard-tmp-WOSzIR/code/seed-b-frontend/src/app/features/catalog/product-list/product-list.ts","(anonymous)","(anonymous)",48,48
3,1,15,1,3,"next@124-126@/home/alex/dev/Bachelor/bmad-vergleichsstudie/.lizard-tmp-WOSzIR/code/seed-b-frontend/src/app/features/catalog/product-list/product-list.ts","/home/alex/dev/Bachelor/bmad-vergleichsstudie/.lizard-tmp-WOSzIR/code/seed-b-frontend/src/app/features/catalog/product-list/product-list.ts","next","next ( categories )",124,126
3,1,15,0,3,"error@127-129@/home/alex/dev/Bachelor/bmad-vergleichsstudie/.lizard-tmp-WOSzIR/code/seed-b-frontend/src/app/features/catalog/product-list/product-list.ts","/home/alex/dev/Bachelor/bmad-vergleichsstudie/.lizard-tmp-WOSzIR/code/seed-b-frontend/src/app/features/catalog/product-list/product-list.ts","error","error ( )",127,129
7,1,59,1,7,"next@146-152@/home/alex/dev/Bachelor/bmad-vergleichsstudie/.lizard-tmp-WOSzIR/code/seed-b-frontend/src/app/features/catalog/product-list/product-list.ts","/home/alex/dev/Bachelor/bmad-vergleichsstudie/.lizard-tmp-WOSzIR/code/seed-b-frontend/src/app/features/catalog/product-list/product-list.ts","next","next ( response )",146,152
3,1,14,0,3,"error@153-155@/home/alex/dev/Bachelor/bmad-vergleichsstudie/.lizard-tmp-WOSzIR/code/seed-b-frontend/src/app/features/catalog/product-list/product-list.ts","/home/alex/dev/Bachelor/bmad-vergleichsstudie/.lizard-tmp-WOSzIR/code/seed-b-frontend/src/app/features/catalog/product-list/product-list.ts","error","error ( )",153,155
1,1,7,0,1,"(anonymous)@32-32@/home/alex/dev/Bachelor/bmad-vergleichsstudie/.lizard-tmp-WOSzIR/code/seed-b-frontend/src/app/features/catalog/product-list/product-list.spec.ts","/home/alex/dev/Bachelor/bmad-vergleichsstudie/.lizard-tmp-WOSzIR/code/seed-b-frontend/src/app/features/catalog/product-list/product-list.spec.ts","(anonymous)","(anonymous)",32,32
1,1,17,0,1,"(anonymous)@37-37@/home/alex/dev/Bachelor/bmad-vergleichsstudie/.lizard-tmp-WOSzIR/code/seed-b-frontend/src/app/features/catalog/product-list/product-list.spec.ts","/home/alex/dev/Bachelor/bmad-vergleichsstudie/.lizard-tmp-WOSzIR/code/seed-b-frontend/src/app/features/catalog/product-list/product-list.spec.ts","(anonymous)","(anonymous)",37,37
19,21,172,0,19,"(anonymous)@20-38@/home/alex/dev/Bachelor/bmad-vergleichsstudie/.lizard-tmp-WOSzIR/code/seed-b-frontend/src/app/features/catalog/product-list/product-list.spec.ts","/home/alex/dev/Bachelor/bmad-vergleichsstudie/.lizard-tmp-WOSzIR/code/seed-b-frontend/src/app/features/catalog/product-list/product-list.spec.ts","(anonymous)","(anonymous)",20,38
14,1,65,9,32,"expectProductsRequest@9-40@/home/alex/dev/Bachelor/bmad-vergleichsstudie/.lizard-tmp-WOSzIR/code/seed-b-frontend/src/app/features/catalog/product-list/product-list.spec.ts","/home/alex/dev/Bachelor/bmad-vergleichsstudie/.lizard-tmp-WOSzIR/code/seed-b-frontend/src/app/features/catalog/product-list/product-list.spec.ts","expectProductsRequest","expectProductsRequest ( httpMock HttpTestingController , page , response ProductListResponse , categoryId , subcategoryId , sortBy , sortDirection , search , propertyFilters Record )",9,40
1,1,6,0,1,"(anonymous)@43-43@/home/alex/dev/Bachelor/bmad-vergleichsstudie/.lizard-tmp-WOSzIR/code/seed-b-frontend/src/app/features/catalog/product-list/product-list.spec.ts","/home/alex/dev/Bachelor/bmad-vergleichsstudie/.lizard-tmp-WOSzIR/code/seed-b-frontend/src/app/features/catalog/product-list/product-list.spec.ts","(anonymous)","(anonymous)",43,43
4,1,36,2,4,"expectCategoriesRequest@42-45@/home/alex/dev/Bachelor/bmad-vergleichsstudie/.lizard-tmp-WOSzIR/code/seed-b-frontend/src/app/features/catalog/product-list/product-list.spec.ts","/home/alex/dev/Bachelor/bmad-vergleichsstudie/.lizard-tmp-WOSzIR/code/seed-b-frontend/src/app/features/catalog/product-list/product-list.spec.ts","expectCategoriesRequest","expectCategoriesRequest ( httpMock HttpTestingController , response CategorySummary )",42,45
5,1,31,0,5,"(anonymous)@58-62@/home/alex/dev/Bachelor/bmad-vergleichsstudie/.lizard-tmp-WOSzIR/code/seed-b-frontend/src/app/features/catalog/product-list/product-list.spec.ts","/home/alex/dev/Bachelor/bmad-vergleichsstudie/.lizard-tmp-WOSzIR/code/seed-b-frontend/src/app/features/catalog/product-list/product-list.spec.ts","(anonymous)","(anonymous)",58,62
5,1,24,0,11,"(anonymous)@55-65@/home/alex/dev/Bachelor/bmad-vergleichsstudie/.lizard-tmp-WOSzIR/code/seed-b-frontend/src/app/features/catalog/product-list/product-list.spec.ts","/home/alex/dev/Bachelor/bmad-vergleichsstudie/.lizard-tmp-WOSzIR/code/seed-b-frontend/src/app/features/catalog/product-list/product-list.spec.ts","(anonymous)","(anonymous)",55,65
3,1,8,0,3,"(anonymous)@67-69@/home/alex/dev/Bachelor/bmad-vergleichsstudie/.lizard-tmp-WOSzIR/code/seed-b-frontend/src/app/features/catalog/product-list/product-list.spec.ts","/home/alex/dev/Bachelor/bmad-vergleichsstudie/.lizard-tmp-WOSzIR/code/seed-b-frontend/src/app/features/catalog/product-list/product-list.spec.ts","(anonymous)","(anonymous)",67,69
18,3,103,0,20,"(anonymous)@71-90@/home/alex/dev/Bachelor/bmad-vergleichsstudie/.lizard-tmp-WOSzIR/code/seed-b-frontend/src/app/features/catalog/product-list/product-list.spec.ts","/home/alex/dev/Bachelor/bmad-vergleichsstudie/.lizard-tmp-WOSzIR/code/seed-b-frontend/src/app/features/catalog/product-list/product-list.spec.ts","(anonymous)","(anonymous)",71,90
1,1,9,0,1,"(anonymous)@101-101@/home/alex/dev/Bachelor/bmad-vergleichsstudie/.lizard-tmp-WOSzIR/code/seed-b-frontend/src/app/features/catalog/product-list/product-list.spec.ts","/home/alex/dev/Bachelor/bmad-vergleichsstudie/.lizard-tmp-WOSzIR/code/seed-b-frontend/src/app/features/catalog/product-list/product-list.spec.ts","(anonymous)","(anonymous)",101,101
1,1,9,0,1,"(anonymous)@102-102@/home/alex/dev/Bachelor/bmad-vergleichsstudie/.lizard-tmp-WOSzIR/code/seed-b-frontend/src/app/features/catalog/product-list/product-list.spec.ts","/home/alex/dev/Bachelor/bmad-vergleichsstudie/.lizard-tmp-WOSzIR/code/seed-b-frontend/src/app/features/catalog/product-list/product-list.spec.ts","(anonymous)","(anonymous)",102,102
12,1,128,0,15,"(anonymous)@92-106@/home/alex/dev/Bachelor/bmad-vergleichsstudie/.lizard-tmp-WOSzIR/code/seed-b-frontend/src/app/features/catalog/product-list/product-list.spec.ts","/home/alex/dev/Bachelor/bmad-vergleichsstudie/.lizard-tmp-WOSzIR/code/seed-b-frontend/src/app/features/catalog/product-list/product-list.spec.ts","(anonymous)","(anonymous)",92,106
1,1,9,0,1,"(anonymous)@117-117@/home/alex/dev/Bachelor/bmad-vergleichsstudie/.lizard-tmp-WOSzIR/code/seed-b-frontend/src/app/features/catalog/product-list/product-list.spec.ts","/home/alex/dev/Bachelor/bmad-vergleichsstudie/.lizard-tmp-WOSzIR/code/seed-b-frontend/src/app/features/catalog/product-list/product-list.spec.ts","(anonymous)","(anonymous)",117,117
10,1,96,0,13,"(anonymous)@108-120@/home/alex/dev/Bachelor/bmad-vergleichsstudie/.lizard-tmp-WOSzIR/code/seed-b-frontend/src/app/features/catalog/product-list/product-list.spec.ts","/home/alex/dev/Bachelor/bmad-vergleichsstudie/.lizard-tmp-WOSzIR/code/seed-b-frontend/src/app/features/catalog/product-list/product-list.spec.ts","(anonymous)","(anonymous)",108,120
1,1,9,0,1,"(anonymous)@131-131@/home/alex/dev/Bachelor/bmad-vergleichsstudie/.lizard-tmp-WOSzIR/code/seed-b-frontend/src/app/features/catalog/product-list/product-list.spec.ts","/home/alex/dev/Bachelor/bmad-vergleichsstudie/.lizard-tmp-WOSzIR/code/seed-b-frontend/src/app/features/catalog/product-list/product-list.spec.ts","(anonymous)","(anonymous)",131,131
11,1,116,0,14,"(anonymous)@122-135@/home/alex/dev/Bachelor/bmad-vergleichsstudie/.lizard-tmp-WOSzIR/code/seed-b-frontend/src/app/features/catalog/product-list/product-list.spec.ts","/home/alex/dev/Bachelor/bmad-vergleichsstudie/.lizard-tmp-WOSzIR/code/seed-b-frontend/src/app/features/catalog/product-list/product-list.spec.ts","(anonymous)","(anonymous)",122,135
1,1,9,0,1,"(anonymous)@146-146@/home/alex/dev/Bachelor/bmad-vergleichsstudie/.lizard-tmp-WOSzIR/code/seed-b-frontend/src/app/features/catalog/product-list/product-list.spec.ts","/home/alex/dev/Bachelor/bmad-vergleichsstudie/.lizard-tmp-WOSzIR/code/seed-b-frontend/src/app/features/catalog/product-list/product-list.spec.ts","(anonymous)","(anonymous)",146,146
19,3,154,0,23,"(anonymous)@137-159@/home/alex/dev/Bachelor/bmad-vergleichsstudie/.lizard-tmp-WOSzIR/code/seed-b-frontend/src/app/features/catalog/product-list/product-list.spec.ts","/home/alex/dev/Bachelor/bmad-vergleichsstudie/.lizard-tmp-WOSzIR/code/seed-b-frontend/src/app/features/catalog/product-list/product-list.spec.ts","(anonymous)","(anonymous)",137,159
1,1,9,0,1,"(anonymous)@170-170@/home/alex/dev/Bachelor/bmad-vergleichsstudie/.lizard-tmp-WOSzIR/code/seed-b-frontend/src/app/features/catalog/product-list/product-list.spec.ts","/home/alex/dev/Bachelor/bmad-vergleichsstudie/.lizard-tmp-WOSzIR/code/seed-b-frontend/src/app/features/catalog/product-list/product-list.spec.ts","(anonymous)","(anonymous)",170,170
20,3,156,0,24,"(anonymous)@161-184@/home/alex/dev/Bachelor/bmad-vergleichsstudie/.lizard-tmp-WOSzIR/code/seed-b-frontend/src/app/features/catalog/product-list/product-list.spec.ts","/home/alex/dev/Bachelor/bmad-vergleichsstudie/.lizard-tmp-WOSzIR/code/seed-b-frontend/src/app/features/catalog/product-list/product-list.spec.ts","(anonymous)","(anonymous)",161,184
1,1,9,0,1,"(anonymous)@195-195@/home/alex/dev/Bachelor/bmad-vergleichsstudie/.lizard-tmp-WOSzIR/code/seed-b-frontend/src/app/features/catalog/product-list/product-list.spec.ts","/home/alex/dev/Bachelor/bmad-vergleichsstudie/.lizard-tmp-WOSzIR/code/seed-b-frontend/src/app/features/catalog/product-list/product-list.spec.ts","(anonymous)","(anonymous)",195,195
1,1,9,0,1,"(anonymous)@202-202@/home/alex/dev/Bachelor/bmad-vergleichsstudie/.lizard-tmp-WOSzIR/code/seed-b-frontend/src/app/features/catalog/product-list/product-list.spec.ts","/home/alex/dev/Bachelor/bmad-vergleichsstudie/.lizard-tmp-WOSzIR/code/seed-b-frontend/src/app/features/catalog/product-list/product-list.spec.ts","(anonymous)","(anonymous)",202,202
16,1,188,0,21,"(anonymous)@186-206@/home/alex/dev/Bachelor/bmad-vergleichsstudie/.lizard-tmp-WOSzIR/code/seed-b-frontend/src/app/features/catalog/product-list/product-list.spec.ts","/home/alex/dev/Bachelor/bmad-vergleichsstudie/.lizard-tmp-WOSzIR/code/seed-b-frontend/src/app/features/catalog/product-list/product-list.spec.ts","(anonymous)","(anonymous)",186,206
1,1,9,0,1,"(anonymous)@217-217@/home/alex/dev/Bachelor/bmad-vergleichsstudie/.lizard-tmp-WOSzIR/code/seed-b-frontend/src/app/features/catalog/product-list/product-list.spec.ts","/home/alex/dev/Bachelor/bmad-vergleichsstudie/.lizard-tmp-WOSzIR/code/seed-b-frontend/src/app/features/catalog/product-list/product-list.spec.ts","(anonymous)","(anonymous)",217,217
1,1,9,0,1,"(anonymous)@224-224@/home/alex/dev/Bachelor/bmad-vergleichsstudie/.lizard-tmp-WOSzIR/code/seed-b-frontend/src/app/features/catalog/product-list/product-list.spec.ts","/home/alex/dev/Bachelor/bmad-vergleichsstudie/.lizard-tmp-WOSzIR/code/seed-b-frontend/src/app/features/catalog/product-list/product-list.spec.ts","(anonymous)","(anonymous)",224,224
16,1,186,0,21,"(anonymous)@208-228@/home/alex/dev/Bachelor/bmad-vergleichsstudie/.lizard-tmp-WOSzIR/code/seed-b-frontend/src/app/features/catalog/product-list/product-list.spec.ts","/home/alex/dev/Bachelor/bmad-vergleichsstudie/.lizard-tmp-WOSzIR/code/seed-b-frontend/src/app/features/catalog/product-list/product-list.spec.ts","(anonymous)","(anonymous)",208,228
11,1,117,0,14,"(anonymous)@230-243@/home/alex/dev/Bachelor/bmad-vergleichsstudie/.lizard-tmp-WOSzIR/code/seed-b-frontend/src/app/features/catalog/product-list/product-list.spec.ts","/home/alex/dev/Bachelor/bmad-vergleichsstudie/.lizard-tmp-WOSzIR/code/seed-b-frontend/src/app/features/catalog/product-list/product-list.spec.ts","(anonymous)","(anonymous)",230,243
1,1,9,0,1,"(anonymous)@269-269@/home/alex/dev/Bachelor/bmad-vergleichsstudie/.lizard-tmp-WOSzIR/code/seed-b-frontend/src/app/features/catalog/product-list/product-list.spec.ts","/home/alex/dev/Bachelor/bmad-vergleichsstudie/.lizard-tmp-WOSzIR/code/seed-b-frontend/src/app/features/catalog/product-list/product-list.spec.ts","(anonymous)","(anonymous)",269,269
32,1,192,0,37,"(anonymous)@245-281@/home/alex/dev/Bachelor/bmad-vergleichsstudie/.lizard-tmp-WOSzIR/code/seed-b-frontend/src/app/features/catalog/product-list/product-list.spec.ts","/home/alex/dev/Bachelor/bmad-vergleichsstudie/.lizard-tmp-WOSzIR/code/seed-b-frontend/src/app/features/catalog/product-list/product-list.spec.ts","(anonymous)","(anonymous)",245,281
1,1,9,0,1,"(anonymous)@307-307@/home/alex/dev/Bachelor/bmad-vergleichsstudie/.lizard-tmp-WOSzIR/code/seed-b-frontend/src/app/features/catalog/product-list/product-list.spec.ts","/home/alex/dev/Bachelor/bmad-vergleichsstudie/.lizard-tmp-WOSzIR/code/seed-b-frontend/src/app/features/catalog/product-list/product-list.spec.ts","(anonymous)","(anonymous)",307,307
24,1,194,0,29,"(anonymous)@283-311@/home/alex/dev/Bachelor/bmad-vergleichsstudie/.lizard-tmp-WOSzIR/code/seed-b-frontend/src/app/features/catalog/product-list/product-list.spec.ts","/home/alex/dev/Bachelor/bmad-vergleichsstudie/.lizard-tmp-WOSzIR/code/seed-b-frontend/src/app/features/catalog/product-list/product-list.spec.ts","(anonymous)","(anonymous)",283,311
22,1,141,0,25,"(anonymous)@313-337@/home/alex/dev/Bachelor/bmad-vergleichsstudie/.lizard-tmp-WOSzIR/code/seed-b-frontend/src/app/features/catalog/product-list/product-list.spec.ts","/home/alex/dev/Bachelor/bmad-vergleichsstudie/.lizard-tmp-WOSzIR/code/seed-b-frontend/src/app/features/catalog/product-list/product-list.spec.ts","(anonymous)","(anonymous)",313,337
1,1,9,0,1,"(anonymous)@366-366@/home/alex/dev/Bachelor/bmad-vergleichsstudie/.lizard-tmp-WOSzIR/code/seed-b-frontend/src/app/features/catalog/product-list/product-list.spec.ts","/home/alex/dev/Bachelor/bmad-vergleichsstudie/.lizard-tmp-WOSzIR/code/seed-b-frontend/src/app/features/catalog/product-list/product-list.spec.ts","(anonymous)","(anonymous)",366,366
36,1,219,0,41,"(anonymous)@339-379@/home/alex/dev/Bachelor/bmad-vergleichsstudie/.lizard-tmp-WOSzIR/code/seed-b-frontend/src/app/features/catalog/product-list/product-list.spec.ts","/home/alex/dev/Bachelor/bmad-vergleichsstudie/.lizard-tmp-WOSzIR/code/seed-b-frontend/src/app/features/catalog/product-list/product-list.spec.ts","(anonymous)","(anonymous)",339,379
1,1,9,0,1,"(anonymous)@408-408@/home/alex/dev/Bachelor/bmad-vergleichsstudie/.lizard-tmp-WOSzIR/code/seed-b-frontend/src/app/features/catalog/product-list/product-list.spec.ts","/home/alex/dev/Bachelor/bmad-vergleichsstudie/.lizard-tmp-WOSzIR/code/seed-b-frontend/src/app/features/catalog/product-list/product-list.spec.ts","(anonymous)","(anonymous)",408,408
36,1,221,0,41,"(anonymous)@381-421@/home/alex/dev/Bachelor/bmad-vergleichsstudie/.lizard-tmp-WOSzIR/code/seed-b-frontend/src/app/features/catalog/product-list/product-list.spec.ts","/home/alex/dev/Bachelor/bmad-vergleichsstudie/.lizard-tmp-WOSzIR/code/seed-b-frontend/src/app/features/catalog/product-list/product-list.spec.ts","(anonymous)","(anonymous)",381,421
36,1,212,0,41,"(anonymous)@423-463@/home/alex/dev/Bachelor/bmad-vergleichsstudie/.lizard-tmp-WOSzIR/code/seed-b-frontend/src/app/features/catalog/product-list/product-list.spec.ts","/home/alex/dev/Bachelor/bmad-vergleichsstudie/.lizard-tmp-WOSzIR/code/seed-b-frontend/src/app/features/catalog/product-list/product-list.spec.ts","(anonymous)","(anonymous)",423,463
1,1,9,0,1,"(anonymous)@474-474@/home/alex/dev/Bachelor/bmad-vergleichsstudie/.lizard-tmp-WOSzIR/code/seed-b-frontend/src/app/features/catalog/product-list/product-list.spec.ts","/home/alex/dev/Bachelor/bmad-vergleichsstudie/.lizard-tmp-WOSzIR/code/seed-b-frontend/src/app/features/catalog/product-list/product-list.spec.ts","(anonymous)","(anonymous)",474,474
15,1,165,0,19,"(anonymous)@465-483@/home/alex/dev/Bachelor/bmad-vergleichsstudie/.lizard-tmp-WOSzIR/code/seed-b-frontend/src/app/features/catalog/product-list/product-list.spec.ts","/home/alex/dev/Bachelor/bmad-vergleichsstudie/.lizard-tmp-WOSzIR/code/seed-b-frontend/src/app/features/catalog/product-list/product-list.spec.ts","(anonymous)","(anonymous)",465,483
1,1,9,0,1,"(anonymous)@497-497@/home/alex/dev/Bachelor/bmad-vergleichsstudie/.lizard-tmp-WOSzIR/code/seed-b-frontend/src/app/features/catalog/product-list/product-list.spec.ts","/home/alex/dev/Bachelor/bmad-vergleichsstudie/.lizard-tmp-WOSzIR/code/seed-b-frontend/src/app/features/catalog/product-list/product-list.spec.ts","(anonymous)","(anonymous)",497,497
15,1,164,0,20,"(anonymous)@485-504@/home/alex/dev/Bachelor/bmad-vergleichsstudie/.lizard-tmp-WOSzIR/code/seed-b-frontend/src/app/features/catalog/product-list/product-list.spec.ts","/home/alex/dev/Bachelor/bmad-vergleichsstudie/.lizard-tmp-WOSzIR/code/seed-b-frontend/src/app/features/catalog/product-list/product-list.spec.ts","(anonymous)","(anonymous)",485,504
1,1,1,0,1,"(anonymous)@516-516@/home/alex/dev/Bachelor/bmad-vergleichsstudie/.lizard-tmp-WOSzIR/code/seed-b-frontend/src/app/features/catalog/product-list/product-list.spec.ts","/home/alex/dev/Bachelor/bmad-vergleichsstudie/.lizard-tmp-WOSzIR/code/seed-b-frontend/src/app/features/catalog/product-list/product-list.spec.ts","(anonymous)","(anonymous)",516,516
29,1,227,0,34,"(anonymous)@506-539@/home/alex/dev/Bachelor/bmad-vergleichsstudie/.lizard-tmp-WOSzIR/code/seed-b-frontend/src/app/features/catalog/product-list/product-list.spec.ts","/home/alex/dev/Bachelor/bmad-vergleichsstudie/.lizard-tmp-WOSzIR/code/seed-b-frontend/src/app/features/catalog/product-list/product-list.spec.ts","(anonymous)","(anonymous)",506,539
1,1,1,0,1,"(anonymous)@551-551@/home/alex/dev/Bachelor/bmad-vergleichsstudie/.lizard-tmp-WOSzIR/code/seed-b-frontend/src/app/features/catalog/product-list/product-list.spec.ts","/home/alex/dev/Bachelor/bmad-vergleichsstudie/.lizard-tmp-WOSzIR/code/seed-b-frontend/src/app/features/catalog/product-list/product-list.spec.ts","(anonymous)","(anonymous)",551,551
1,1,1,0,1,"(anonymous)@577-577@/home/alex/dev/Bachelor/bmad-vergleichsstudie/.lizard-tmp-WOSzIR/code/seed-b-frontend/src/app/features/catalog/product-list/product-list.spec.ts","/home/alex/dev/Bachelor/bmad-vergleichsstudie/.lizard-tmp-WOSzIR/code/seed-b-frontend/src/app/features/catalog/product-list/product-list.spec.ts","(anonymous)","(anonymous)",577,577
45,1,314,0,52,"(anonymous)@541-592@/home/alex/dev/Bachelor/bmad-vergleichsstudie/.lizard-tmp-WOSzIR/code/seed-b-frontend/src/app/features/catalog/product-list/product-list.spec.ts","/home/alex/dev/Bachelor/bmad-vergleichsstudie/.lizard-tmp-WOSzIR/code/seed-b-frontend/src/app/features/catalog/product-list/product-list.spec.ts","(anonymous)","(anonymous)",541,592
1,1,1,0,1,"(anonymous)@604-604@/home/alex/dev/Bachelor/bmad-vergleichsstudie/.lizard-tmp-WOSzIR/code/seed-b-frontend/src/app/features/catalog/product-list/product-list.spec.ts","/home/alex/dev/Bachelor/bmad-vergleichsstudie/.lizard-tmp-WOSzIR/code/seed-b-frontend/src/app/features/catalog/product-list/product-list.spec.ts","(anonymous)","(anonymous)",604,604
44,1,304,0,51,"(anonymous)@594-644@/home/alex/dev/Bachelor/bmad-vergleichsstudie/.lizard-tmp-WOSzIR/code/seed-b-frontend/src/app/features/catalog/product-list/product-list.spec.ts","/home/alex/dev/Bachelor/bmad-vergleichsstudie/.lizard-tmp-WOSzIR/code/seed-b-frontend/src/app/features/catalog/product-list/product-list.spec.ts","(anonymous)","(anonymous)",594,644
1,1,1,0,1,"(anonymous)@656-656@/home/alex/dev/Bachelor/bmad-vergleichsstudie/.lizard-tmp-WOSzIR/code/seed-b-frontend/src/app/features/catalog/product-list/product-list.spec.ts","/home/alex/dev/Bachelor/bmad-vergleichsstudie/.lizard-tmp-WOSzIR/code/seed-b-frontend/src/app/features/catalog/product-list/product-list.spec.ts","(anonymous)","(anonymous)",656,656
45,1,319,0,52,"(anonymous)@646-697@/home/alex/dev/Bachelor/bmad-vergleichsstudie/.lizard-tmp-WOSzIR/code/seed-b-frontend/src/app/features/catalog/product-list/product-list.spec.ts","/home/alex/dev/Bachelor/bmad-vergleichsstudie/.lizard-tmp-WOSzIR/code/seed-b-frontend/src/app/features/catalog/product-list/product-list.spec.ts","(anonymous)","(anonymous)",646,697
1,1,1,0,1,"(anonymous)@709-709@/home/alex/dev/Bachelor/bmad-vergleichsstudie/.lizard-tmp-WOSzIR/code/seed-b-frontend/src/app/features/catalog/product-list/product-list.spec.ts","/home/alex/dev/Bachelor/bmad-vergleichsstudie/.lizard-tmp-WOSzIR/code/seed-b-frontend/src/app/features/catalog/product-list/product-list.spec.ts","(anonymous)","(anonymous)",709,709
1,1,1,0,1,"(anonymous)@735-735@/home/alex/dev/Bachelor/bmad-vergleichsstudie/.lizard-tmp-WOSzIR/code/seed-b-frontend/src/app/features/catalog/product-list/product-list.spec.ts","/home/alex/dev/Bachelor/bmad-vergleichsstudie/.lizard-tmp-WOSzIR/code/seed-b-frontend/src/app/features/catalog/product-list/product-list.spec.ts","(anonymous)","(anonymous)",735,735
35,1,300,0,42,"(anonymous)@699-740@/home/alex/dev/Bachelor/bmad-vergleichsstudie/.lizard-tmp-WOSzIR/code/seed-b-frontend/src/app/features/catalog/product-list/product-list.spec.ts","/home/alex/dev/Bachelor/bmad-vergleichsstudie/.lizard-tmp-WOSzIR/code/seed-b-frontend/src/app/features/catalog/product-list/product-list.spec.ts","(anonymous)","(anonymous)",699,740
19,1,131,0,21,"(anonymous)@742-762@/home/alex/dev/Bachelor/bmad-vergleichsstudie/.lizard-tmp-WOSzIR/code/seed-b-frontend/src/app/features/catalog/product-list/product-list.spec.ts","/home/alex/dev/Bachelor/bmad-vergleichsstudie/.lizard-tmp-WOSzIR/code/seed-b-frontend/src/app/features/catalog/product-list/product-list.spec.ts","(anonymous)","(anonymous)",742,762
5,1,15,0,5,"(anonymous)@23-27@/home/alex/dev/Bachelor/bmad-vergleichsstudie/.lizard-tmp-WOSzIR/code/seed-b-frontend/src/app/features/catalog/category-nav/category-nav.spec.ts","/home/alex/dev/Bachelor/bmad-vergleichsstudie/.lizard-tmp-WOSzIR/code/seed-b-frontend/src/app/features/catalog/category-nav/category-nav.spec.ts","(anonymous)","(anonymous)",23,27
11,3,88,0,12,"(anonymous)@29-40@/home/alex/dev/Bachelor/bmad-vergleichsstudie/.lizard-tmp-WOSzIR/code/seed-b-frontend/src/app/features/catalog/category-nav/category-nav.spec.ts","/home/alex/dev/Bachelor/bmad-vergleichsstudie/.lizard-tmp-WOSzIR/code/seed-b-frontend/src/app/features/catalog/category-nav/category-nav.spec.ts","(anonymous)","(anonymous)",29,40
1,1,6,0,1,"(anonymous)@48-48@/home/alex/dev/Bachelor/bmad-vergleichsstudie/.lizard-tmp-WOSzIR/code/seed-b-frontend/src/app/features/catalog/category-nav/category-nav.spec.ts","/home/alex/dev/Bachelor/bmad-vergleichsstudie/.lizard-tmp-WOSzIR/code/seed-b-frontend/src/app/features/catalog/category-nav/category-nav.spec.ts","(anonymous)","(anonymous)",48,48
1,1,9,0,1,"(anonymous)@51-51@/home/alex/dev/Bachelor/bmad-vergleichsstudie/.lizard-tmp-WOSzIR/code/seed-b-frontend/src/app/features/catalog/category-nav/category-nav.spec.ts","/home/alex/dev/Bachelor/bmad-vergleichsstudie/.lizard-tmp-WOSzIR/code/seed-b-frontend/src/app/features/catalog/category-nav/category-nav.spec.ts","(anonymous)","(anonymous)",51,51
11,1,95,0,14,"(anonymous)@42-55@/home/alex/dev/Bachelor/bmad-vergleichsstudie/.lizard-tmp-WOSzIR/code/seed-b-frontend/src/app/features/catalog/category-nav/category-nav.spec.ts","/home/alex/dev/Bachelor/bmad-vergleichsstudie/.lizard-tmp-WOSzIR/code/seed-b-frontend/src/app/features/catalog/category-nav/category-nav.spec.ts","(anonymous)","(anonymous)",42,55
1,1,6,0,1,"(anonymous)@63-63@/home/alex/dev/Bachelor/bmad-vergleichsstudie/.lizard-tmp-WOSzIR/code/seed-b-frontend/src/app/features/catalog/category-nav/category-nav.spec.ts","/home/alex/dev/Bachelor/bmad-vergleichsstudie/.lizard-tmp-WOSzIR/code/seed-b-frontend/src/app/features/catalog/category-nav/category-nav.spec.ts","(anonymous)","(anonymous)",63,63
1,1,9,0,1,"(anonymous)@66-66@/home/alex/dev/Bachelor/bmad-vergleichsstudie/.lizard-tmp-WOSzIR/code/seed-b-frontend/src/app/features/catalog/category-nav/category-nav.spec.ts","/home/alex/dev/Bachelor/bmad-vergleichsstudie/.lizard-tmp-WOSzIR/code/seed-b-frontend/src/app/features/catalog/category-nav/category-nav.spec.ts","(anonymous)","(anonymous)",66,66
11,1,95,0,14,"(anonymous)@57-70@/home/alex/dev/Bachelor/bmad-vergleichsstudie/.lizard-tmp-WOSzIR/code/seed-b-frontend/src/app/features/catalog/category-nav/category-nav.spec.ts","/home/alex/dev/Bachelor/bmad-vergleichsstudie/.lizard-tmp-WOSzIR/code/seed-b-frontend/src/app/features/catalog/category-nav/category-nav.spec.ts","(anonymous)","(anonymous)",57,70
1,1,6,0,1,"(anonymous)@78-78@/home/alex/dev/Bachelor/bmad-vergleichsstudie/.lizard-tmp-WOSzIR/code/seed-b-frontend/src/app/features/catalog/category-nav/category-nav.spec.ts","/home/alex/dev/Bachelor/bmad-vergleichsstudie/.lizard-tmp-WOSzIR/code/seed-b-frontend/src/app/features/catalog/category-nav/category-nav.spec.ts","(anonymous)","(anonymous)",78,78
1,1,9,0,1,"(anonymous)@81-81@/home/alex/dev/Bachelor/bmad-vergleichsstudie/.lizard-tmp-WOSzIR/code/seed-b-frontend/src/app/features/catalog/category-nav/category-nav.spec.ts","/home/alex/dev/Bachelor/bmad-vergleichsstudie/.lizard-tmp-WOSzIR/code/seed-b-frontend/src/app/features/catalog/category-nav/category-nav.spec.ts","(anonymous)","(anonymous)",81,81
11,1,92,0,14,"(anonymous)@72-85@/home/alex/dev/Bachelor/bmad-vergleichsstudie/.lizard-tmp-WOSzIR/code/seed-b-frontend/src/app/features/catalog/category-nav/category-nav.spec.ts","/home/alex/dev/Bachelor/bmad-vergleichsstudie/.lizard-tmp-WOSzIR/code/seed-b-frontend/src/app/features/catalog/category-nav/category-nav.spec.ts","(anonymous)","(anonymous)",72,85
7,1,50,0,65,"(anonymous)@22-86@/home/alex/dev/Bachelor/bmad-vergleichsstudie/.lizard-tmp-WOSzIR/code/seed-b-frontend/src/app/features/catalog/category-nav/category-nav.spec.ts","/home/alex/dev/Bachelor/bmad-vergleichsstudie/.lizard-tmp-WOSzIR/code/seed-b-frontend/src/app/features/catalog/category-nav/category-nav.spec.ts","(anonymous)","(anonymous)",22,86
8,2,66,1,8,"onChange@16-23@/home/alex/dev/Bachelor/bmad-vergleichsstudie/.lizard-tmp-WOSzIR/code/seed-b-frontend/src/app/features/catalog/sort-select/sort-select.ts","/home/alex/dev/Bachelor/bmad-vergleichsstudie/.lizard-tmp-WOSzIR/code/seed-b-frontend/src/app/features/catalog/sort-select/sort-select.ts","onChange","onChange ( value )",16,23
5,1,15,0,5,"(anonymous)@6-10@/home/alex/dev/Bachelor/bmad-vergleichsstudie/.lizard-tmp-WOSzIR/code/seed-b-frontend/src/app/features/catalog/sort-select/sort-select.spec.ts","/home/alex/dev/Bachelor/bmad-vergleichsstudie/.lizard-tmp-WOSzIR/code/seed-b-frontend/src/app/features/catalog/sort-select/sort-select.spec.ts","(anonymous)","(anonymous)",6,10
11,3,87,0,12,"(anonymous)@12-23@/home/alex/dev/Bachelor/bmad-vergleichsstudie/.lizard-tmp-WOSzIR/code/seed-b-frontend/src/app/features/catalog/sort-select/sort-select.spec.ts","/home/alex/dev/Bachelor/bmad-vergleichsstudie/.lizard-tmp-WOSzIR/code/seed-b-frontend/src/app/features/catalog/sort-select/sort-select.spec.ts","(anonymous)","(anonymous)",12,23
1,1,6,0,1,"(anonymous)@30-30@/home/alex/dev/Bachelor/bmad-vergleichsstudie/.lizard-tmp-WOSzIR/code/seed-b-frontend/src/app/features/catalog/sort-select/sort-select.spec.ts","/home/alex/dev/Bachelor/bmad-vergleichsstudie/.lizard-tmp-WOSzIR/code/seed-b-frontend/src/app/features/catalog/sort-select/sort-select.spec.ts","(anonymous)","(anonymous)",30,30
10,1,87,0,13,"(anonymous)@25-37@/home/alex/dev/Bachelor/bmad-vergleichsstudie/.lizard-tmp-WOSzIR/code/seed-b-frontend/src/app/features/catalog/sort-select/sort-select.spec.ts","/home/alex/dev/Bachelor/bmad-vergleichsstudie/.lizard-tmp-WOSzIR/code/seed-b-frontend/src/app/features/catalog/sort-select/sort-select.spec.ts","(anonymous)","(anonymous)",25,37
1,1,6,0,1,"(anonymous)@44-44@/home/alex/dev/Bachelor/bmad-vergleichsstudie/.lizard-tmp-WOSzIR/code/seed-b-frontend/src/app/features/catalog/sort-select/sort-select.spec.ts","/home/alex/dev/Bachelor/bmad-vergleichsstudie/.lizard-tmp-WOSzIR/code/seed-b-frontend/src/app/features/catalog/sort-select/sort-select.spec.ts","(anonymous)","(anonymous)",44,44
10,1,87,0,13,"(anonymous)@39-51@/home/alex/dev/Bachelor/bmad-vergleichsstudie/.lizard-tmp-WOSzIR/code/seed-b-frontend/src/app/features/catalog/sort-select/sort-select.spec.ts","/home/alex/dev/Bachelor/bmad-vergleichsstudie/.lizard-tmp-WOSzIR/code/seed-b-frontend/src/app/features/catalog/sort-select/sort-select.spec.ts","(anonymous)","(anonymous)",39,51
1,1,6,0,1,"(anonymous)@58-58@/home/alex/dev/Bachelor/bmad-vergleichsstudie/.lizard-tmp-WOSzIR/code/seed-b-frontend/src/app/features/catalog/sort-select/sort-select.spec.ts","/home/alex/dev/Bachelor/bmad-vergleichsstudie/.lizard-tmp-WOSzIR/code/seed-b-frontend/src/app/features/catalog/sort-select/sort-select.spec.ts","(anonymous)","(anonymous)",58,58
10,1,87,0,13,"(anonymous)@53-65@/home/alex/dev/Bachelor/bmad-vergleichsstudie/.lizard-tmp-WOSzIR/code/seed-b-frontend/src/app/features/catalog/sort-select/sort-select.spec.ts","/home/alex/dev/Bachelor/bmad-vergleichsstudie/.lizard-tmp-WOSzIR/code/seed-b-frontend/src/app/features/catalog/sort-select/sort-select.spec.ts","(anonymous)","(anonymous)",53,65
1,1,6,0,1,"(anonymous)@72-72@/home/alex/dev/Bachelor/bmad-vergleichsstudie/.lizard-tmp-WOSzIR/code/seed-b-frontend/src/app/features/catalog/sort-select/sort-select.spec.ts","/home/alex/dev/Bachelor/bmad-vergleichsstudie/.lizard-tmp-WOSzIR/code/seed-b-frontend/src/app/features/catalog/sort-select/sort-select.spec.ts","(anonymous)","(anonymous)",72,72
10,1,87,0,13,"(anonymous)@67-79@/home/alex/dev/Bachelor/bmad-vergleichsstudie/.lizard-tmp-WOSzIR/code/seed-b-frontend/src/app/features/catalog/sort-select/sort-select.spec.ts","/home/alex/dev/Bachelor/bmad-vergleichsstudie/.lizard-tmp-WOSzIR/code/seed-b-frontend/src/app/features/catalog/sort-select/sort-select.spec.ts","(anonymous)","(anonymous)",67,79
7,1,52,0,8,"(anonymous)@81-88@/home/alex/dev/Bachelor/bmad-vergleichsstudie/.lizard-tmp-WOSzIR/code/seed-b-frontend/src/app/features/catalog/sort-select/sort-select.spec.ts","/home/alex/dev/Bachelor/bmad-vergleichsstudie/.lizard-tmp-WOSzIR/code/seed-b-frontend/src/app/features/catalog/sort-select/sort-select.spec.ts","(anonymous)","(anonymous)",81,88
1,1,6,0,1,"(anonymous)@95-95@/home/alex/dev/Bachelor/bmad-vergleichsstudie/.lizard-tmp-WOSzIR/code/seed-b-frontend/src/app/features/catalog/sort-select/sort-select.spec.ts","/home/alex/dev/Bachelor/bmad-vergleichsstudie/.lizard-tmp-WOSzIR/code/seed-b-frontend/src/app/features/catalog/sort-select/sort-select.spec.ts","(anonymous)","(anonymous)",95,95
10,1,88,0,13,"(anonymous)@90-102@/home/alex/dev/Bachelor/bmad-vergleichsstudie/.lizard-tmp-WOSzIR/code/seed-b-frontend/src/app/features/catalog/sort-select/sort-select.spec.ts","/home/alex/dev/Bachelor/bmad-vergleichsstudie/.lizard-tmp-WOSzIR/code/seed-b-frontend/src/app/features/catalog/sort-select/sort-select.spec.ts","(anonymous)","(anonymous)",90,102
10,1,80,0,99,"(anonymous)@5-103@/home/alex/dev/Bachelor/bmad-vergleichsstudie/.lizard-tmp-WOSzIR/code/seed-b-frontend/src/app/features/catalog/sort-select/sort-select.spec.ts","/home/alex/dev/Bachelor/bmad-vergleichsstudie/.lizard-tmp-WOSzIR/code/seed-b-frontend/src/app/features/catalog/sort-select/sort-select.spec.ts","(anonymous)","(anonymous)",5,103
5,2,39,1,5,"onSubmit@11-15@/home/alex/dev/Bachelor/bmad-vergleichsstudie/.lizard-tmp-WOSzIR/code/seed-b-frontend/src/app/features/catalog/search-box/search-box.ts","/home/alex/dev/Bachelor/bmad-vergleichsstudie/.lizard-tmp-WOSzIR/code/seed-b-frontend/src/app/features/catalog/search-box/search-box.ts","onSubmit","onSubmit ( inputEl HTMLInputElement )",11,15
5,2,28,1,5,"onNativeClear@17-21@/home/alex/dev/Bachelor/bmad-vergleichsstudie/.lizard-tmp-WOSzIR/code/seed-b-frontend/src/app/features/catalog/search-box/search-box.ts","/home/alex/dev/Bachelor/bmad-vergleichsstudie/.lizard-tmp-WOSzIR/code/seed-b-frontend/src/app/features/catalog/search-box/search-box.ts","onNativeClear","onNativeClear ( inputEl HTMLInputElement )",17,21
5,1,15,0,5,"(anonymous)@6-10@/home/alex/dev/Bachelor/bmad-vergleichsstudie/.lizard-tmp-WOSzIR/code/seed-b-frontend/src/app/features/catalog/search-box/search-box.spec.ts","/home/alex/dev/Bachelor/bmad-vergleichsstudie/.lizard-tmp-WOSzIR/code/seed-b-frontend/src/app/features/catalog/search-box/search-box.spec.ts","(anonymous)","(anonymous)",6,10
7,2,59,0,8,"(anonymous)@12-19@/home/alex/dev/Bachelor/bmad-vergleichsstudie/.lizard-tmp-WOSzIR/code/seed-b-frontend/src/app/features/catalog/search-box/search-box.spec.ts","/home/alex/dev/Bachelor/bmad-vergleichsstudie/.lizard-tmp-WOSzIR/code/seed-b-frontend/src/app/features/catalog/search-box/search-box.spec.ts","(anonymous)","(anonymous)",12,19
1,1,6,0,1,"(anonymous)@26-26@/home/alex/dev/Bachelor/bmad-vergleichsstudie/.lizard-tmp-WOSzIR/code/seed-b-frontend/src/app/features/catalog/search-box/search-box.spec.ts","/home/alex/dev/Bachelor/bmad-vergleichsstudie/.lizard-tmp-WOSzIR/code/seed-b-frontend/src/app/features/catalog/search-box/search-box.spec.ts","(anonymous)","(anonymous)",26,26
12,1,101,0,15,"(anonymous)@21-35@/home/alex/dev/Bachelor/bmad-vergleichsstudie/.lizard-tmp-WOSzIR/code/seed-b-frontend/src/app/features/catalog/search-box/search-box.spec.ts","/home/alex/dev/Bachelor/bmad-vergleichsstudie/.lizard-tmp-WOSzIR/code/seed-b-frontend/src/app/features/catalog/search-box/search-box.spec.ts","(anonymous)","(anonymous)",21,35
1,1,6,0,1,"(anonymous)@42-42@/home/alex/dev/Bachelor/bmad-vergleichsstudie/.lizard-tmp-WOSzIR/code/seed-b-frontend/src/app/features/catalog/search-box/search-box.spec.ts","/home/alex/dev/Bachelor/bmad-vergleichsstudie/.lizard-tmp-WOSzIR/code/seed-b-frontend/src/app/features/catalog/search-box/search-box.spec.ts","(anonymous)","(anonymous)",42,42
12,1,102,0,15,"(anonymous)@37-51@/home/alex/dev/Bachelor/bmad-vergleichsstudie/.lizard-tmp-WOSzIR/code/seed-b-frontend/src/app/features/catalog/search-box/search-box.spec.ts","/home/alex/dev/Bachelor/bmad-vergleichsstudie/.lizard-tmp-WOSzIR/code/seed-b-frontend/src/app/features/catalog/search-box/search-box.spec.ts","(anonymous)","(anonymous)",37,51
1,1,6,0,1,"(anonymous)@58-58@/home/alex/dev/Bachelor/bmad-vergleichsstudie/.lizard-tmp-WOSzIR/code/seed-b-frontend/src/app/features/catalog/search-box/search-box.spec.ts","/home/alex/dev/Bachelor/bmad-vergleichsstudie/.lizard-tmp-WOSzIR/code/seed-b-frontend/src/app/features/catalog/search-box/search-box.spec.ts","(anonymous)","(anonymous)",58,58
12,1,102,0,15,"(anonymous)@53-67@/home/alex/dev/Bachelor/bmad-vergleichsstudie/.lizard-tmp-WOSzIR/code/seed-b-frontend/src/app/features/catalog/search-box/search-box.spec.ts","/home/alex/dev/Bachelor/bmad-vergleichsstudie/.lizard-tmp-WOSzIR/code/seed-b-frontend/src/app/features/catalog/search-box/search-box.spec.ts","(anonymous)","(anonymous)",53,67
10,1,80,0,12,"(anonymous)@69-80@/home/alex/dev/Bachelor/bmad-vergleichsstudie/.lizard-tmp-WOSzIR/code/seed-b-frontend/src/app/features/catalog/search-box/search-box.spec.ts","/home/alex/dev/Bachelor/bmad-vergleichsstudie/.lizard-tmp-WOSzIR/code/seed-b-frontend/src/app/features/catalog/search-box/search-box.spec.ts","(anonymous)","(anonymous)",69,80
1,1,6,0,1,"(anonymous)@87-87@/home/alex/dev/Bachelor/bmad-vergleichsstudie/.lizard-tmp-WOSzIR/code/seed-b-frontend/src/app/features/catalog/search-box/search-box.spec.ts","/home/alex/dev/Bachelor/bmad-vergleichsstudie/.lizard-tmp-WOSzIR/code/seed-b-frontend/src/app/features/catalog/search-box/search-box.spec.ts","(anonymous)","(anonymous)",87,87
11,1,90,0,14,"(anonymous)@82-95@/home/alex/dev/Bachelor/bmad-vergleichsstudie/.lizard-tmp-WOSzIR/code/seed-b-frontend/src/app/features/catalog/search-box/search-box.spec.ts","/home/alex/dev/Bachelor/bmad-vergleichsstudie/.lizard-tmp-WOSzIR/code/seed-b-frontend/src/app/features/catalog/search-box/search-box.spec.ts","(anonymous)","(anonymous)",82,95
1,1,6,0,1,"(anonymous)@102-102@/home/alex/dev/Bachelor/bmad-vergleichsstudie/.lizard-tmp-WOSzIR/code/seed-b-frontend/src/app/features/catalog/search-box/search-box.spec.ts","/home/alex/dev/Bachelor/bmad-vergleichsstudie/.lizard-tmp-WOSzIR/code/seed-b-frontend/src/app/features/catalog/search-box/search-box.spec.ts","(anonymous)","(anonymous)",102,102
11,1,91,0,14,"(anonymous)@97-110@/home/alex/dev/Bachelor/bmad-vergleichsstudie/.lizard-tmp-WOSzIR/code/seed-b-frontend/src/app/features/catalog/search-box/search-box.spec.ts","/home/alex/dev/Bachelor/bmad-vergleichsstudie/.lizard-tmp-WOSzIR/code/seed-b-frontend/src/app/features/catalog/search-box/search-box.spec.ts","(anonymous)","(anonymous)",97,110
10,1,86,0,11,"(anonymous)@112-122@/home/alex/dev/Bachelor/bmad-vergleichsstudie/.lizard-tmp-WOSzIR/code/seed-b-frontend/src/app/features/catalog/search-box/search-box.spec.ts","/home/alex/dev/Bachelor/bmad-vergleichsstudie/.lizard-tmp-WOSzIR/code/seed-b-frontend/src/app/features/catalog/search-box/search-box.spec.ts","(anonymous)","(anonymous)",112,122
11,1,90,0,119,"(anonymous)@5-123@/home/alex/dev/Bachelor/bmad-vergleichsstudie/.lizard-tmp-WOSzIR/code/seed-b-frontend/src/app/features/catalog/search-box/search-box.spec.ts","/home/alex/dev/Bachelor/bmad-vergleichsstudie/.lizard-tmp-WOSzIR/code/seed-b-frontend/src/app/features/catalog/search-box/search-box.spec.ts","(anonymous)","(anonymous)",5,123
4,2,21,0,4,"(anonymous)@18-21@/home/alex/dev/Bachelor/bmad-vergleichsstudie/.lizard-tmp-WOSzIR/code/seed-b-frontend/src/app/features/catalog/property-filters/property-filters.ts","/home/alex/dev/Bachelor/bmad-vergleichsstudie/.lizard-tmp-WOSzIR/code/seed-b-frontend/src/app/features/catalog/property-filters/property-filters.ts","(anonymous)","(anonymous)",18,21
3,1,12,0,9,"constructor@14-22@/home/alex/dev/Bachelor/bmad-vergleichsstudie/.lizard-tmp-WOSzIR/code/seed-b-frontend/src/app/features/catalog/property-filters/property-filters.ts","/home/alex/dev/Bachelor/bmad-vergleichsstudie/.lizard-tmp-WOSzIR/code/seed-b-frontend/src/app/features/catalog/property-filters/property-filters.ts","constructor","constructor ( )",14,22
9,4,70,1,9,"onSubmit@24-32@/home/alex/dev/Bachelor/bmad-vergleichsstudie/.lizard-tmp-WOSzIR/code/seed-b-frontend/src/app/features/catalog/property-filters/property-filters.ts","/home/alex/dev/Bachelor/bmad-vergleichsstudie/.lizard-tmp-WOSzIR/code/seed-b-frontend/src/app/features/catalog/property-filters/property-filters.ts","onSubmit","onSubmit ( formEl HTMLFormElement )",24,32
5,1,15,0,5,"(anonymous)@6-10@/home/alex/dev/Bachelor/bmad-vergleichsstudie/.lizard-tmp-WOSzIR/code/seed-b-frontend/src/app/features/catalog/property-filters/property-filters.spec.ts","/home/alex/dev/Bachelor/bmad-vergleichsstudie/.lizard-tmp-WOSzIR/code/seed-b-frontend/src/app/features/catalog/property-filters/property-filters.spec.ts","(anonymous)","(anonymous)",6,10
10,2,105,0,11,"(anonymous)@12-22@/home/alex/dev/Bachelor/bmad-vergleichsstudie/.lizard-tmp-WOSzIR/code/seed-b-frontend/src/app/features/catalog/property-filters/property-filters.spec.ts","/home/alex/dev/Bachelor/bmad-vergleichsstudie/.lizard-tmp-WOSzIR/code/seed-b-frontend/src/app/features/catalog/property-filters/property-filters.spec.ts","(anonymous)","(anonymous)",12,22
1,1,6,0,1,"(anonymous)@30-30@/home/alex/dev/Bachelor/bmad-vergleichsstudie/.lizard-tmp-WOSzIR/code/seed-b-frontend/src/app/features/catalog/property-filters/property-filters.spec.ts","/home/alex/dev/Bachelor/bmad-vergleichsstudie/.lizard-tmp-WOSzIR/code/seed-b-frontend/src/app/features/catalog/property-filters/property-filters.spec.ts","(anonymous)","(anonymous)",30,30
15,1,147,0,18,"(anonymous)@24-41@/home/alex/dev/Bachelor/bmad-vergleichsstudie/.lizard-tmp-WOSzIR/code/seed-b-frontend/src/app/features/catalog/property-filters/property-filters.spec.ts","/home/alex/dev/Bachelor/bmad-vergleichsstudie/.lizard-tmp-WOSzIR/code/seed-b-frontend/src/app/features/catalog/property-filters/property-filters.spec.ts","(anonymous)","(anonymous)",24,41
1,1,6,0,1,"(anonymous)@49-49@/home/alex/dev/Bachelor/bmad-vergleichsstudie/.lizard-tmp-WOSzIR/code/seed-b-frontend/src/app/features/catalog/property-filters/property-filters.spec.ts","/home/alex/dev/Bachelor/bmad-vergleichsstudie/.lizard-tmp-WOSzIR/code/seed-b-frontend/src/app/features/catalog/property-filters/property-filters.spec.ts","(anonymous)","(anonymous)",49,49
13,1,125,0,16,"(anonymous)@43-58@/home/alex/dev/Bachelor/bmad-vergleichsstudie/.lizard-tmp-WOSzIR/code/seed-b-frontend/src/app/features/catalog/property-filters/property-filters.spec.ts","/home/alex/dev/Bachelor/bmad-vergleichsstudie/.lizard-tmp-WOSzIR/code/seed-b-frontend/src/app/features/catalog/property-filters/property-filters.spec.ts","(anonymous)","(anonymous)",43,58
1,1,6,0,1,"(anonymous)@66-66@/home/alex/dev/Bachelor/bmad-vergleichsstudie/.lizard-tmp-WOSzIR/code/seed-b-frontend/src/app/features/catalog/property-filters/property-filters.spec.ts","/home/alex/dev/Bachelor/bmad-vergleichsstudie/.lizard-tmp-WOSzIR/code/seed-b-frontend/src/app/features/catalog/property-filters/property-filters.spec.ts","(anonymous)","(anonymous)",66,66
11,1,108,0,14,"(anonymous)@60-73@/home/alex/dev/Bachelor/bmad-vergleichsstudie/.lizard-tmp-WOSzIR/code/seed-b-frontend/src/app/features/catalog/property-filters/property-filters.spec.ts","/home/alex/dev/Bachelor/bmad-vergleichsstudie/.lizard-tmp-WOSzIR/code/seed-b-frontend/src/app/features/catalog/property-filters/property-filters.spec.ts","(anonymous)","(anonymous)",60,73
1,1,6,0,1,"(anonymous)@81-81@/home/alex/dev/Bachelor/bmad-vergleichsstudie/.lizard-tmp-WOSzIR/code/seed-b-frontend/src/app/features/catalog/property-filters/property-filters.spec.ts","/home/alex/dev/Bachelor/bmad-vergleichsstudie/.lizard-tmp-WOSzIR/code/seed-b-frontend/src/app/features/catalog/property-filters/property-filters.spec.ts","(anonymous)","(anonymous)",81,81
13,1,124,0,16,"(anonymous)@75-90@/home/alex/dev/Bachelor/bmad-vergleichsstudie/.lizard-tmp-WOSzIR/code/seed-b-frontend/src/app/features/catalog/property-filters/property-filters.spec.ts","/home/alex/dev/Bachelor/bmad-vergleichsstudie/.lizard-tmp-WOSzIR/code/seed-b-frontend/src/app/features/catalog/property-filters/property-filters.spec.ts","(anonymous)","(anonymous)",75,90
1,1,16,0,1,"(anonymous)@101-101@/home/alex/dev/Bachelor/bmad-vergleichsstudie/.lizard-tmp-WOSzIR/code/seed-b-frontend/src/app/features/catalog/property-filters/property-filters.spec.ts","/home/alex/dev/Bachelor/bmad-vergleichsstudie/.lizard-tmp-WOSzIR/code/seed-b-frontend/src/app/features/catalog/property-filters/property-filters.spec.ts","(anonymous)","(anonymous)",101,101
11,1,97,0,12,"(anonymous)@92-103@/home/alex/dev/Bachelor/bmad-vergleichsstudie/.lizard-tmp-WOSzIR/code/seed-b-frontend/src/app/features/catalog/property-filters/property-filters.spec.ts","/home/alex/dev/Bachelor/bmad-vergleichsstudie/.lizard-tmp-WOSzIR/code/seed-b-frontend/src/app/features/catalog/property-filters/property-filters.spec.ts","(anonymous)","(anonymous)",92,103
7,1,56,0,8,"(anonymous)@105-112@/home/alex/dev/Bachelor/bmad-vergleichsstudie/.lizard-tmp-WOSzIR/code/seed-b-frontend/src/app/features/catalog/property-filters/property-filters.spec.ts","/home/alex/dev/Bachelor/bmad-vergleichsstudie/.lizard-tmp-WOSzIR/code/seed-b-frontend/src/app/features/catalog/property-filters/property-filters.spec.ts","(anonymous)","(anonymous)",105,112
12,1,105,0,15,"(anonymous)@114-128@/home/alex/dev/Bachelor/bmad-vergleichsstudie/.lizard-tmp-WOSzIR/code/seed-b-frontend/src/app/features/catalog/property-filters/property-filters.spec.ts","/home/alex/dev/Bachelor/bmad-vergleichsstudie/.lizard-tmp-WOSzIR/code/seed-b-frontend/src/app/features/catalog/property-filters/property-filters.spec.ts","(anonymous)","(anonymous)",114,128
11,1,90,0,125,"(anonymous)@5-129@/home/alex/dev/Bachelor/bmad-vergleichsstudie/.lizard-tmp-WOSzIR/code/seed-b-frontend/src/app/features/catalog/property-filters/property-filters.spec.ts","/home/alex/dev/Bachelor/bmad-vergleichsstudie/.lizard-tmp-WOSzIR/code/seed-b-frontend/src/app/features/catalog/property-filters/property-filters.spec.ts","(anonymous)","(anonymous)",5,129
31,8,187,7,31,"getProducts@11-41@/home/alex/dev/Bachelor/bmad-vergleichsstudie/.lizard-tmp-WOSzIR/code/seed-b-frontend/src/app/features/catalog/catalog-api.service.ts","/home/alex/dev/Bachelor/bmad-vergleichsstudie/.lizard-tmp-WOSzIR/code/seed-b-frontend/src/app/features/catalog/catalog-api.service.ts","getProducts","getProducts ( page , categoryId null , subcategoryId null , sortBy null , sortDirection null , search null , propertyFilters Record null )",11,41
3,1,26,0,3,"getCategories@43-45@/home/alex/dev/Bachelor/bmad-vergleichsstudie/.lizard-tmp-WOSzIR/code/seed-b-frontend/src/app/features/catalog/catalog-api.service.ts","/home/alex/dev/Bachelor/bmad-vergleichsstudie/.lizard-tmp-WOSzIR/code/seed-b-frontend/src/app/features/catalog/catalog-api.service.ts","getCategories","getCategories ( )",43,45
7,1,39,0,8,"(anonymous)@12-19@/home/alex/dev/Bachelor/bmad-vergleichsstudie/.lizard-tmp-WOSzIR/code/seed-b-frontend/src/app/features/catalog/catalog-api.service.spec.ts","/home/alex/dev/Bachelor/bmad-vergleichsstudie/.lizard-tmp-WOSzIR/code/seed-b-frontend/src/app/features/catalog/catalog-api.service.spec.ts","(anonymous)","(anonymous)",12,19
3,1,8,0,3,"(anonymous)@21-23@/home/alex/dev/Bachelor/bmad-vergleichsstudie/.lizard-tmp-WOSzIR/code/seed-b-frontend/src/app/features/catalog/catalog-api.service.spec.ts","/home/alex/dev/Bachelor/bmad-vergleichsstudie/.lizard-tmp-WOSzIR/code/seed-b-frontend/src/app/features/catalog/catalog-api.service.spec.ts","(anonymous)","(anonymous)",21,23
1,2,17,0,1,"(anonymous)@30-30@/home/alex/dev/Bachelor/bmad-vergleichsstudie/.lizard-tmp-WOSzIR/code/seed-b-frontend/src/app/features/catalog/catalog-api.service.spec.ts","/home/alex/dev/Bachelor/bmad-vergleichsstudie/.lizard-tmp-WOSzIR/code/seed-b-frontend/src/app/features/catalog/catalog-api.service.spec.ts","(anonymous)","(anonymous)",30,30
7,1,71,0,9,"(anonymous)@25-33@/home/alex/dev/Bachelor/bmad-vergleichsstudie/.lizard-tmp-WOSzIR/code/seed-b-frontend/src/app/features/catalog/catalog-api.service.spec.ts","/home/alex/dev/Bachelor/bmad-vergleichsstudie/.lizard-tmp-WOSzIR/code/seed-b-frontend/src/app/features/catalog/catalog-api.service.spec.ts","(anonymous)","(anonymous)",25,33
1,1,6,0,1,"(anonymous)@40-40@/home/alex/dev/Bachelor/bmad-vergleichsstudie/.lizard-tmp-WOSzIR/code/seed-b-frontend/src/app/features/catalog/catalog-api.service.spec.ts","/home/alex/dev/Bachelor/bmad-vergleichsstudie/.lizard-tmp-WOSzIR/code/seed-b-frontend/src/app/features/catalog/catalog-api.service.spec.ts","(anonymous)","(anonymous)",40,40
7,1,56,0,9,"(anonymous)@35-43@/home/alex/dev/Bachelor/bmad-vergleichsstudie/.lizard-tmp-WOSzIR/code/seed-b-frontend/src/app/features/catalog/catalog-api.service.spec.ts","/home/alex/dev/Bachelor/bmad-vergleichsstudie/.lizard-tmp-WOSzIR/code/seed-b-frontend/src/app/features/catalog/catalog-api.service.spec.ts","(anonymous)","(anonymous)",35,43
2,3,28,0,2,"(anonymous)@51-52@/home/alex/dev/Bachelor/bmad-vergleichsstudie/.lizard-tmp-WOSzIR/code/seed-b-frontend/src/app/features/catalog/catalog-api.service.spec.ts","/home/alex/dev/Bachelor/bmad-vergleichsstudie/.lizard-tmp-WOSzIR/code/seed-b-frontend/src/app/features/catalog/catalog-api.service.spec.ts","(anonymous)","(anonymous)",51,52
8,1,78,0,11,"(anonymous)@45-55@/home/alex/dev/Bachelor/bmad-vergleichsstudie/.lizard-tmp-WOSzIR/code/seed-b-frontend/src/app/features/catalog/catalog-api.service.spec.ts","/home/alex/dev/Bachelor/bmad-vergleichsstudie/.lizard-tmp-WOSzIR/code/seed-b-frontend/src/app/features/catalog/catalog-api.service.spec.ts","(anonymous)","(anonymous)",45,55
2,3,28,0,2,"(anonymous)@63-64@/home/alex/dev/Bachelor/bmad-vergleichsstudie/.lizard-tmp-WOSzIR/code/seed-b-frontend/src/app/features/catalog/catalog-api.service.spec.ts","/home/alex/dev/Bachelor/bmad-vergleichsstudie/.lizard-tmp-WOSzIR/code/seed-b-frontend/src/app/features/catalog/catalog-api.service.spec.ts","(anonymous)","(anonymous)",63,64
8,1,80,0,11,"(anonymous)@57-67@/home/alex/dev/Bachelor/bmad-vergleichsstudie/.lizard-tmp-WOSzIR/code/seed-b-frontend/src/app/features/catalog/catalog-api.service.spec.ts","/home/alex/dev/Bachelor/bmad-vergleichsstudie/.lizard-tmp-WOSzIR/code/seed-b-frontend/src/app/features/catalog/catalog-api.service.spec.ts","(anonymous)","(anonymous)",57,67
2,3,28,0,2,"(anonymous)@75-76@/home/alex/dev/Bachelor/bmad-vergleichsstudie/.lizard-tmp-WOSzIR/code/seed-b-frontend/src/app/features/catalog/catalog-api.service.spec.ts","/home/alex/dev/Bachelor/bmad-vergleichsstudie/.lizard-tmp-WOSzIR/code/seed-b-frontend/src/app/features/catalog/catalog-api.service.spec.ts","(anonymous)","(anonymous)",75,76
8,1,80,0,11,"(anonymous)@69-79@/home/alex/dev/Bachelor/bmad-vergleichsstudie/.lizard-tmp-WOSzIR/code/seed-b-frontend/src/app/features/catalog/catalog-api.service.spec.ts","/home/alex/dev/Bachelor/bmad-vergleichsstudie/.lizard-tmp-WOSzIR/code/seed-b-frontend/src/app/features/catalog/catalog-api.service.spec.ts","(anonymous)","(anonymous)",69,79
1,1,1,0,1,"(anonymous)@88-88@/home/alex/dev/Bachelor/bmad-vergleichsstudie/.lizard-tmp-WOSzIR/code/seed-b-frontend/src/app/features/catalog/catalog-api.service.spec.ts","/home/alex/dev/Bachelor/bmad-vergleichsstudie/.lizard-tmp-WOSzIR/code/seed-b-frontend/src/app/features/catalog/catalog-api.service.spec.ts","(anonymous)","(anonymous)",88,88
14,4,141,0,16,"(anonymous)@81-96@/home/alex/dev/Bachelor/bmad-vergleichsstudie/.lizard-tmp-WOSzIR/code/seed-b-frontend/src/app/features/catalog/catalog-api.service.spec.ts","/home/alex/dev/Bachelor/bmad-vergleichsstudie/.lizard-tmp-WOSzIR/code/seed-b-frontend/src/app/features/catalog/catalog-api.service.spec.ts","(anonymous)","(anonymous)",81,96
1,1,1,0,1,"(anonymous)@105-105@/home/alex/dev/Bachelor/bmad-vergleichsstudie/.lizard-tmp-WOSzIR/code/seed-b-frontend/src/app/features/catalog/catalog-api.service.spec.ts","/home/alex/dev/Bachelor/bmad-vergleichsstudie/.lizard-tmp-WOSzIR/code/seed-b-frontend/src/app/features/catalog/catalog-api.service.spec.ts","(anonymous)","(anonymous)",105,105
13,5,114,0,15,"(anonymous)@98-112@/home/alex/dev/Bachelor/bmad-vergleichsstudie/.lizard-tmp-WOSzIR/code/seed-b-frontend/src/app/features/catalog/catalog-api.service.spec.ts","/home/alex/dev/Bachelor/bmad-vergleichsstudie/.lizard-tmp-WOSzIR/code/seed-b-frontend/src/app/features/catalog/catalog-api.service.spec.ts","(anonymous)","(anonymous)",98,112
2,3,28,0,2,"(anonymous)@120-121@/home/alex/dev/Bachelor/bmad-vergleichsstudie/.lizard-tmp-WOSzIR/code/seed-b-frontend/src/app/features/catalog/catalog-api.service.spec.ts","/home/alex/dev/Bachelor/bmad-vergleichsstudie/.lizard-tmp-WOSzIR/code/seed-b-frontend/src/app/features/catalog/catalog-api.service.spec.ts","(anonymous)","(anonymous)",120,121
11,1,143,0,14,"(anonymous)@114-127@/home/alex/dev/Bachelor/bmad-vergleichsstudie/.lizard-tmp-WOSzIR/code/seed-b-frontend/src/app/features/catalog/catalog-api.service.spec.ts","/home/alex/dev/Bachelor/bmad-vergleichsstudie/.lizard-tmp-WOSzIR/code/seed-b-frontend/src/app/features/catalog/catalog-api.service.spec.ts","(anonymous)","(anonymous)",114,127
1,1,1,0,1,"(anonymous)@136-136@/home/alex/dev/Bachelor/bmad-vergleichsstudie/.lizard-tmp-WOSzIR/code/seed-b-frontend/src/app/features/catalog/catalog-api.service.spec.ts","/home/alex/dev/Bachelor/bmad-vergleichsstudie/.lizard-tmp-WOSzIR/code/seed-b-frontend/src/app/features/catalog/catalog-api.service.spec.ts","(anonymous)","(anonymous)",136,136
14,6,127,0,16,"(anonymous)@129-144@/home/alex/dev/Bachelor/bmad-vergleichsstudie/.lizard-tmp-WOSzIR/code/seed-b-frontend/src/app/features/catalog/catalog-api.service.spec.ts","/home/alex/dev/Bachelor/bmad-vergleichsstudie/.lizard-tmp-WOSzIR/code/seed-b-frontend/src/app/features/catalog/catalog-api.service.spec.ts","(anonymous)","(anonymous)",129,144
2,3,28,0,2,"(anonymous)@152-153@/home/alex/dev/Bachelor/bmad-vergleichsstudie/.lizard-tmp-WOSzIR/code/seed-b-frontend/src/app/features/catalog/catalog-api.service.spec.ts","/home/alex/dev/Bachelor/bmad-vergleichsstudie/.lizard-tmp-WOSzIR/code/seed-b-frontend/src/app/features/catalog/catalog-api.service.spec.ts","(anonymous)","(anonymous)",152,153
7,1,73,0,10,"(anonymous)@146-155@/home/alex/dev/Bachelor/bmad-vergleichsstudie/.lizard-tmp-WOSzIR/code/seed-b-frontend/src/app/features/catalog/catalog-api.service.spec.ts","/home/alex/dev/Bachelor/bmad-vergleichsstudie/.lizard-tmp-WOSzIR/code/seed-b-frontend/src/app/features/catalog/catalog-api.service.spec.ts","(anonymous)","(anonymous)",146,155
1,1,1,0,1,"(anonymous)@166-166@/home/alex/dev/Bachelor/bmad-vergleichsstudie/.lizard-tmp-WOSzIR/code/seed-b-frontend/src/app/features/catalog/catalog-api.service.spec.ts","/home/alex/dev/Bachelor/bmad-vergleichsstudie/.lizard-tmp-WOSzIR/code/seed-b-frontend/src/app/features/catalog/catalog-api.service.spec.ts","(anonymous)","(anonymous)",166,166
15,5,126,0,17,"(anonymous)@157-173@/home/alex/dev/Bachelor/bmad-vergleichsstudie/.lizard-tmp-WOSzIR/code/seed-b-frontend/src/app/features/catalog/catalog-api.service.spec.ts","/home/alex/dev/Bachelor/bmad-vergleichsstudie/.lizard-tmp-WOSzIR/code/seed-b-frontend/src/app/features/catalog/catalog-api.service.spec.ts","(anonymous)","(anonymous)",157,173
17,1,138,0,167,"(anonymous)@8-174@/home/alex/dev/Bachelor/bmad-vergleichsstudie/.lizard-tmp-WOSzIR/code/seed-b-frontend/src/app/features/catalog/catalog-api.service.spec.ts","/home/alex/dev/Bachelor/bmad-vergleichsstudie/.lizard-tmp-WOSzIR/code/seed-b-frontend/src/app/features/catalog/catalog-api.service.spec.ts","(anonymous)","(anonymous)",8,174
10,2,62,1,10,"configureWithId@9-18@/home/alex/dev/Bachelor/bmad-vergleichsstudie/.lizard-tmp-WOSzIR/code/seed-b-frontend/src/app/features/product/product-detail/product-detail.spec.ts","/home/alex/dev/Bachelor/bmad-vergleichsstudie/.lizard-tmp-WOSzIR/code/seed-b-frontend/src/app/features/product/product-detail/product-detail.spec.ts","configureWithId","configureWithId ( id null )",9,18
3,1,8,0,3,"(anonymous)@41-43@/home/alex/dev/Bachelor/bmad-vergleichsstudie/.lizard-tmp-WOSzIR/code/seed-b-frontend/src/app/features/product/product-detail/product-detail.spec.ts","/home/alex/dev/Bachelor/bmad-vergleichsstudie/.lizard-tmp-WOSzIR/code/seed-b-frontend/src/app/features/product/product-detail/product-detail.spec.ts","(anonymous)","(anonymous)",41,43
18,3,144,0,21,"(anonymous)@45-65@/home/alex/dev/Bachelor/bmad-vergleichsstudie/.lizard-tmp-WOSzIR/code/seed-b-frontend/src/app/features/product/product-detail/product-detail.spec.ts","/home/alex/dev/Bachelor/bmad-vergleichsstudie/.lizard-tmp-WOSzIR/code/seed-b-frontend/src/app/features/product/product-detail/product-detail.spec.ts","(anonymous)","(anonymous)",45,65
2,3,7,0,2,"(anonymous)@79-80@/home/alex/dev/Bachelor/bmad-vergleichsstudie/.lizard-tmp-WOSzIR/code/seed-b-frontend/src/app/features/product/product-detail/product-detail.spec.ts","/home/alex/dev/Bachelor/bmad-vergleichsstudie/.lizard-tmp-WOSzIR/code/seed-b-frontend/src/app/features/product/product-detail/product-detail.spec.ts","(anonymous)","(anonymous)",79,80
1,1,7,0,1,"(anonymous)@81-81@/home/alex/dev/Bachelor/bmad-vergleichsstudie/.lizard-tmp-WOSzIR/code/seed-b-frontend/src/app/features/product/product-detail/product-detail.spec.ts","/home/alex/dev/Bachelor/bmad-vergleichsstudie/.lizard-tmp-WOSzIR/code/seed-b-frontend/src/app/features/product/product-detail/product-detail.spec.ts","(anonymous)","(anonymous)",81,81
1,1,7,0,1,"(anonymous)@82-82@/home/alex/dev/Bachelor/bmad-vergleichsstudie/.lizard-tmp-WOSzIR/code/seed-b-frontend/src/app/features/product/product-detail/product-detail.spec.ts","/home/alex/dev/Bachelor/bmad-vergleichsstudie/.lizard-tmp-WOSzIR/code/seed-b-frontend/src/app/features/product/product-detail/product-detail.spec.ts","(anonymous)","(anonymous)",82,82
15,1,130,0,19,"(anonymous)@67-85@/home/alex/dev/Bachelor/bmad-vergleichsstudie/.lizard-tmp-WOSzIR/code/seed-b-frontend/src/app/features/product/product-detail/product-detail.spec.ts","/home/alex/dev/Bachelor/bmad-vergleichsstudie/.lizard-tmp-WOSzIR/code/seed-b-frontend/src/app/features/product/product-detail/product-detail.spec.ts","(anonymous)","(anonymous)",67,85
11,3,85,0,14,"(anonymous)@87-100@/home/alex/dev/Bachelor/bmad-vergleichsstudie/.lizard-tmp-WOSzIR/code/seed-b-frontend/src/app/features/product/product-detail/product-detail.spec.ts","/home/alex/dev/Bachelor/bmad-vergleichsstudie/.lizard-tmp-WOSzIR/code/seed-b-frontend/src/app/features/product/product-detail/product-detail.spec.ts","(anonymous)","(anonymous)",87,100
11,3,87,0,14,"(anonymous)@102-115@/home/alex/dev/Bachelor/bmad-vergleichsstudie/.lizard-tmp-WOSzIR/code/seed-b-frontend/src/app/features/product/product-detail/product-detail.spec.ts","/home/alex/dev/Bachelor/bmad-vergleichsstudie/.lizard-tmp-WOSzIR/code/seed-b-frontend/src/app/features/product/product-detail/product-detail.spec.ts","(anonymous)","(anonymous)",102,115
13,3,102,0,16,"(anonymous)@117-132@/home/alex/dev/Bachelor/bmad-vergleichsstudie/.lizard-tmp-WOSzIR/code/seed-b-frontend/src/app/features/product/product-detail/product-detail.spec.ts","/home/alex/dev/Bachelor/bmad-vergleichsstudie/.lizard-tmp-WOSzIR/code/seed-b-frontend/src/app/features/product/product-detail/product-detail.spec.ts","(anonymous)","(anonymous)",117,132
11,3,84,0,14,"(anonymous)@134-147@/home/alex/dev/Bachelor/bmad-vergleichsstudie/.lizard-tmp-WOSzIR/code/seed-b-frontend/src/app/features/product/product-detail/product-detail.spec.ts","/home/alex/dev/Bachelor/bmad-vergleichsstudie/.lizard-tmp-WOSzIR/code/seed-b-frontend/src/app/features/product/product-detail/product-detail.spec.ts","(anonymous)","(anonymous)",134,147
8,3,51,0,10,"(anonymous)@149-158@/home/alex/dev/Bachelor/bmad-vergleichsstudie/.lizard-tmp-WOSzIR/code/seed-b-frontend/src/app/features/product/product-detail/product-detail.spec.ts","/home/alex/dev/Bachelor/bmad-vergleichsstudie/.lizard-tmp-WOSzIR/code/seed-b-frontend/src/app/features/product/product-detail/product-detail.spec.ts","(anonymous)","(anonymous)",149,158
21,1,233,0,25,"(anonymous)@160-184@/home/alex/dev/Bachelor/bmad-vergleichsstudie/.lizard-tmp-WOSzIR/code/seed-b-frontend/src/app/features/product/product-detail/product-detail.spec.ts","/home/alex/dev/Bachelor/bmad-vergleichsstudie/.lizard-tmp-WOSzIR/code/seed-b-frontend/src/app/features/product/product-detail/product-detail.spec.ts","(anonymous)","(anonymous)",160,184
13,1,99,0,16,"(anonymous)@186-201@/home/alex/dev/Bachelor/bmad-vergleichsstudie/.lizard-tmp-WOSzIR/code/seed-b-frontend/src/app/features/product/product-detail/product-detail.spec.ts","/home/alex/dev/Bachelor/bmad-vergleichsstudie/.lizard-tmp-WOSzIR/code/seed-b-frontend/src/app/features/product/product-detail/product-detail.spec.ts","(anonymous)","(anonymous)",186,201
19,1,206,0,23,"(anonymous)@203-225@/home/alex/dev/Bachelor/bmad-vergleichsstudie/.lizard-tmp-WOSzIR/code/seed-b-frontend/src/app/features/product/product-detail/product-detail.spec.ts","/home/alex/dev/Bachelor/bmad-vergleichsstudie/.lizard-tmp-WOSzIR/code/seed-b-frontend/src/app/features/product/product-detail/product-detail.spec.ts","(anonymous)","(anonymous)",203,225
12,3,89,0,14,"(anonymous)@227-240@/home/alex/dev/Bachelor/bmad-vergleichsstudie/.lizard-tmp-WOSzIR/code/seed-b-frontend/src/app/features/product/product-detail/product-detail.spec.ts","/home/alex/dev/Bachelor/bmad-vergleichsstudie/.lizard-tmp-WOSzIR/code/seed-b-frontend/src/app/features/product/product-detail/product-detail.spec.ts","(anonymous)","(anonymous)",227,240
22,1,247,0,28,"(anonymous)@242-269@/home/alex/dev/Bachelor/bmad-vergleichsstudie/.lizard-tmp-WOSzIR/code/seed-b-frontend/src/app/features/product/product-detail/product-detail.spec.ts","/home/alex/dev/Bachelor/bmad-vergleichsstudie/.lizard-tmp-WOSzIR/code/seed-b-frontend/src/app/features/product/product-detail/product-detail.spec.ts","(anonymous)","(anonymous)",242,269
16,1,154,0,19,"(anonymous)@271-289@/home/alex/dev/Bachelor/bmad-vergleichsstudie/.lizard-tmp-WOSzIR/code/seed-b-frontend/src/app/features/product/product-detail/product-detail.spec.ts","/home/alex/dev/Bachelor/bmad-vergleichsstudie/.lizard-tmp-WOSzIR/code/seed-b-frontend/src/app/features/product/product-detail/product-detail.spec.ts","(anonymous)","(anonymous)",271,289
15,1,125,0,19,"(anonymous)@291-309@/home/alex/dev/Bachelor/bmad-vergleichsstudie/.lizard-tmp-WOSzIR/code/seed-b-frontend/src/app/features/product/product-detail/product-detail.spec.ts","/home/alex/dev/Bachelor/bmad-vergleichsstudie/.lizard-tmp-WOSzIR/code/seed-b-frontend/src/app/features/product/product-detail/product-detail.spec.ts","(anonymous)","(anonymous)",291,309
16,1,123,0,19,"(anonymous)@311-329@/home/alex/dev/Bachelor/bmad-vergleichsstudie/.lizard-tmp-WOSzIR/code/seed-b-frontend/src/app/features/product/product-detail/product-detail.spec.ts","/home/alex/dev/Bachelor/bmad-vergleichsstudie/.lizard-tmp-WOSzIR/code/seed-b-frontend/src/app/features/product/product-detail/product-detail.spec.ts","(anonymous)","(anonymous)",311,329
11,3,79,0,13,"(anonymous)@331-343@/home/alex/dev/Bachelor/bmad-vergleichsstudie/.lizard-tmp-WOSzIR/code/seed-b-frontend/src/app/features/product/product-detail/product-detail.spec.ts","/home/alex/dev/Bachelor/bmad-vergleichsstudie/.lizard-tmp-WOSzIR/code/seed-b-frontend/src/app/features/product/product-detail/product-detail.spec.ts","(anonymous)","(anonymous)",331,343
20,1,175,0,307,"(anonymous)@38-344@/home/alex/dev/Bachelor/bmad-vergleichsstudie/.lizard-tmp-WOSzIR/code/seed-b-frontend/src/app/features/product/product-detail/product-detail.spec.ts","/home/alex/dev/Bachelor/bmad-vergleichsstudie/.lizard-tmp-WOSzIR/code/seed-b-frontend/src/app/features/product/product-detail/product-detail.spec.ts","(anonymous)","(anonymous)",38,344
4,1,24,1,4,"next@42-45@/home/alex/dev/Bachelor/bmad-vergleichsstudie/.lizard-tmp-WOSzIR/code/seed-b-frontend/src/app/features/product/product-detail/product-detail.ts","/home/alex/dev/Bachelor/bmad-vergleichsstudie/.lizard-tmp-WOSzIR/code/seed-b-frontend/src/app/features/product/product-detail/product-detail.ts","next","next ( product )",42,45
4,1,23,0,4,"error@46-49@/home/alex/dev/Bachelor/bmad-vergleichsstudie/.lizard-tmp-WOSzIR/code/seed-b-frontend/src/app/features/product/product-detail/product-detail.ts","/home/alex/dev/Bachelor/bmad-vergleichsstudie/.lizard-tmp-WOSzIR/code/seed-b-frontend/src/app/features/product/product-detail/product-detail.ts","error","error ( )",46,49
12,2,69,0,18,"constructor@34-51@/home/alex/dev/Bachelor/bmad-vergleichsstudie/.lizard-tmp-WOSzIR/code/seed-b-frontend/src/app/features/product/product-detail/product-detail.ts","/home/alex/dev/Bachelor/bmad-vergleichsstudie/.lizard-tmp-WOSzIR/code/seed-b-frontend/src/app/features/product/product-detail/product-detail.ts","constructor","constructor ( )",34,51
5,1,36,1,5,"onAuthorNameChange@53-57@/home/alex/dev/Bachelor/bmad-vergleichsstudie/.lizard-tmp-WOSzIR/code/seed-b-frontend/src/app/features/product/product-detail/product-detail.ts","/home/alex/dev/Bachelor/bmad-vergleichsstudie/.lizard-tmp-WOSzIR/code/seed-b-frontend/src/app/features/product/product-detail/product-detail.ts","onAuthorNameChange","onAuthorNameChange ( value )",53,57
5,2,43,1,5,"onScoreChange@59-63@/home/alex/dev/Bachelor/bmad-vergleichsstudie/.lizard-tmp-WOSzIR/code/seed-b-frontend/src/app/features/product/product-detail/product-detail.ts","/home/alex/dev/Bachelor/bmad-vergleichsstudie/.lizard-tmp-WOSzIR/code/seed-b-frontend/src/app/features/product/product-detail/product-detail.ts","onScoreChange","onScoreChange ( value )",59,63
7,1,66,1,7,"next@84-90@/home/alex/dev/Bachelor/bmad-vergleichsstudie/.lizard-tmp-WOSzIR/code/seed-b-frontend/src/app/features/product/product-detail/product-detail.ts","/home/alex/dev/Bachelor/bmad-vergleichsstudie/.lizard-tmp-WOSzIR/code/seed-b-frontend/src/app/features/product/product-detail/product-detail.ts","next","next ( result )",84,90
8,2,34,1,8,"error@91-98@/home/alex/dev/Bachelor/bmad-vergleichsstudie/.lizard-tmp-WOSzIR/code/seed-b-frontend/src/app/features/product/product-detail/product-detail.ts","/home/alex/dev/Bachelor/bmad-vergleichsstudie/.lizard-tmp-WOSzIR/code/seed-b-frontend/src/app/features/product/product-detail/product-detail.ts","error","error ( err HttpErrorResponse )",91,98
20,5,144,0,36,"submitRating@65-100@/home/alex/dev/Bachelor/bmad-vergleichsstudie/.lizard-tmp-WOSzIR/code/seed-b-frontend/src/app/features/product/product-detail/product-detail.ts","/home/alex/dev/Bachelor/bmad-vergleichsstudie/.lizard-tmp-WOSzIR/code/seed-b-frontend/src/app/features/product/product-detail/product-detail.ts","submitRating","submitRating ( )",65,100
7,2,43,1,7,"next@120-126@/home/alex/dev/Bachelor/bmad-vergleichsstudie/.lizard-tmp-WOSzIR/code/seed-b-frontend/src/app/features/product/product-detail/product-detail.ts","/home/alex/dev/Bachelor/bmad-vergleichsstudie/.lizard-tmp-WOSzIR/code/seed-b-frontend/src/app/features/product/product-detail/product-detail.ts","next","next ( cart )",120,126
8,2,34,1,8,"error@127-134@/home/alex/dev/Bachelor/bmad-vergleichsstudie/.lizard-tmp-WOSzIR/code/seed-b-frontend/src/app/features/product/product-detail/product-detail.ts","/home/alex/dev/Bachelor/bmad-vergleichsstudie/.lizard-tmp-WOSzIR/code/seed-b-frontend/src/app/features/product/product-detail/product-detail.ts","error","error ( err HttpErrorResponse )",127,134
19,5,144,2,35,"addToCart@102-136@/home/alex/dev/Bachelor/bmad-vergleichsstudie/.lizard-tmp-WOSzIR/code/seed-b-frontend/src/app/features/product/product-detail/product-detail.ts","/home/alex/dev/Bachelor/bmad-vergleichsstudie/.lizard-tmp-WOSzIR/code/seed-b-frontend/src/app/features/product/product-detail/product-detail.ts","addToCart","addToCart ( supplierId , quantityRaw )",102,136
3,1,30,1,3,"getProduct@11-13@/home/alex/dev/Bachelor/bmad-vergleichsstudie/.lizard-tmp-WOSzIR/code/seed-b-frontend/src/app/features/product/product-api.service.ts","/home/alex/dev/Bachelor/bmad-vergleichsstudie/.lizard-tmp-WOSzIR/code/seed-b-frontend/src/app/features/product/product-api.service.ts","getProduct","getProduct ( id )",11,13
3,1,37,2,3,"submitRating@15-17@/home/alex/dev/Bachelor/bmad-vergleichsstudie/.lizard-tmp-WOSzIR/code/seed-b-frontend/src/app/features/product/product-api.service.ts","/home/alex/dev/Bachelor/bmad-vergleichsstudie/.lizard-tmp-WOSzIR/code/seed-b-frontend/src/app/features/product/product-api.service.ts","submitRating","submitRating ( productId , submission RatingSubmission )",15,17
7,1,39,0,8,"(anonymous)@12-19@/home/alex/dev/Bachelor/bmad-vergleichsstudie/.lizard-tmp-WOSzIR/code/seed-b-frontend/src/app/features/product/product-api.service.spec.ts","/home/alex/dev/Bachelor/bmad-vergleichsstudie/.lizard-tmp-WOSzIR/code/seed-b-frontend/src/app/features/product/product-api.service.spec.ts","(anonymous)","(anonymous)",12,19
3,1,8,0,3,"(anonymous)@21-23@/home/alex/dev/Bachelor/bmad-vergleichsstudie/.lizard-tmp-WOSzIR/code/seed-b-frontend/src/app/features/product/product-api.service.spec.ts","/home/alex/dev/Bachelor/bmad-vergleichsstudie/.lizard-tmp-WOSzIR/code/seed-b-frontend/src/app/features/product/product-api.service.spec.ts","(anonymous)","(anonymous)",21,23
17,1,105,0,19,"(anonymous)@25-43@/home/alex/dev/Bachelor/bmad-vergleichsstudie/.lizard-tmp-WOSzIR/code/seed-b-frontend/src/app/features/product/product-api.service.spec.ts","/home/alex/dev/Bachelor/bmad-vergleichsstudie/.lizard-tmp-WOSzIR/code/seed-b-frontend/src/app/features/product/product-api.service.spec.ts","(anonymous)","(anonymous)",25,43
8,1,91,0,10,"(anonymous)@45-54@/home/alex/dev/Bachelor/bmad-vergleichsstudie/.lizard-tmp-WOSzIR/code/seed-b-frontend/src/app/features/product/product-api.service.spec.ts","/home/alex/dev/Bachelor/bmad-vergleichsstudie/.lizard-tmp-WOSzIR/code/seed-b-frontend/src/app/features/product/product-api.service.spec.ts","(anonymous)","(anonymous)",45,54
8,1,48,0,48,"(anonymous)@8-55@/home/alex/dev/Bachelor/bmad-vergleichsstudie/.lizard-tmp-WOSzIR/code/seed-b-frontend/src/app/features/product/product-api.service.spec.ts","/home/alex/dev/Bachelor/bmad-vergleichsstudie/.lizard-tmp-WOSzIR/code/seed-b-frontend/src/app/features/product/product-api.service.spec.ts","(anonymous)","(anonymous)",8,55
4,1,24,1,4,"next@26-29@/home/alex/dev/Bachelor/bmad-vergleichsstudie/.lizard-tmp-WOSzIR/code/seed-b-frontend/src/app/features/cart/cart-view/cart-view.ts","/home/alex/dev/Bachelor/bmad-vergleichsstudie/.lizard-tmp-WOSzIR/code/seed-b-frontend/src/app/features/cart/cart-view/cart-view.ts","next","next ( cart )",26,29
4,1,23,0,4,"error@30-33@/home/alex/dev/Bachelor/bmad-vergleichsstudie/.lizard-tmp-WOSzIR/code/seed-b-frontend/src/app/features/cart/cart-view/cart-view.ts","/home/alex/dev/Bachelor/bmad-vergleichsstudie/.lizard-tmp-WOSzIR/code/seed-b-frontend/src/app/features/cart/cart-view/cart-view.ts","error","error ( )",30,33
4,1,24,1,4,"next@68-71@/home/alex/dev/Bachelor/bmad-vergleichsstudie/.lizard-tmp-WOSzIR/code/seed-b-frontend/src/app/features/cart/cart-view/cart-view.ts","/home/alex/dev/Bachelor/bmad-vergleichsstudie/.lizard-tmp-WOSzIR/code/seed-b-frontend/src/app/features/cart/cart-view/cart-view.ts","next","next ( cart )",68,71
4,2,34,1,4,"error@72-75@/home/alex/dev/Bachelor/bmad-vergleichsstudie/.lizard-tmp-WOSzIR/code/seed-b-frontend/src/app/features/cart/cart-view/cart-view.ts","/home/alex/dev/Bachelor/bmad-vergleichsstudie/.lizard-tmp-WOSzIR/code/seed-b-frontend/src/app/features/cart/cart-view/cart-view.ts","error","error ( err HttpErrorResponse )",72,75
4,1,24,1,4,"next@90-93@/home/alex/dev/Bachelor/bmad-vergleichsstudie/.lizard-tmp-WOSzIR/code/seed-b-frontend/src/app/features/cart/cart-view/cart-view.ts","/home/alex/dev/Bachelor/bmad-vergleichsstudie/.lizard-tmp-WOSzIR/code/seed-b-frontend/src/app/features/cart/cart-view/cart-view.ts","next","next ( cart )",90,93
4,1,23,0,4,"error@94-97@/home/alex/dev/Bachelor/bmad-vergleichsstudie/.lizard-tmp-WOSzIR/code/seed-b-frontend/src/app/features/cart/cart-view/cart-view.ts","/home/alex/dev/Bachelor/bmad-vergleichsstudie/.lizard-tmp-WOSzIR/code/seed-b-frontend/src/app/features/cart/cart-view/cart-view.ts","error","error ( )",94,97
5,1,41,1,5,"configure@14-18@/home/alex/dev/Bachelor/bmad-vergleichsstudie/.lizard-tmp-WOSzIR/code/seed-b-frontend/src/app/features/cart/cart-view/cart-view.spec.ts","/home/alex/dev/Bachelor/bmad-vergleichsstudie/.lizard-tmp-WOSzIR/code/seed-b-frontend/src/app/features/cart/cart-view/cart-view.spec.ts","configure","configure ( initialCartId null )",14,18
10,2,46,0,15,"(anonymous)@10-24@/home/alex/dev/Bachelor/bmad-vergleichsstudie/.lizard-tmp-WOSzIR/code/seed-b-frontend/src/app/features/cart/cart-view/cart-view.spec.ts","/home/alex/dev/Bachelor/bmad-vergleichsstudie/.lizard-tmp-WOSzIR/code/seed-b-frontend/src/app/features/cart/cart-view/cart-view.spec.ts","(anonymous)","(anonymous)",10,24
3,1,8,0,3,"(anonymous)@26-28@/home/alex/dev/Bachelor/bmad-vergleichsstudie/.lizard-tmp-WOSzIR/code/seed-b-frontend/src/app/features/cart/cart-view/cart-view.spec.ts","/home/alex/dev/Bachelor/bmad-vergleichsstudie/.lizard-tmp-WOSzIR/code/seed-b-frontend/src/app/features/cart/cart-view/cart-view.spec.ts","(anonymous)","(anonymous)",26,28
8,1,72,0,9,"(anonymous)@38-46@/home/alex/dev/Bachelor/bmad-vergleichsstudie/.lizard-tmp-WOSzIR/code/seed-b-frontend/src/app/features/cart/cart-view/cart-view.spec.ts","/home/alex/dev/Bachelor/bmad-vergleichsstudie/.lizard-tmp-WOSzIR/code/seed-b-frontend/src/app/features/cart/cart-view/cart-view.spec.ts","(anonymous)","(anonymous)",38,46
11,3,80,0,12,"(anonymous)@48-59@/home/alex/dev/Bachelor/bmad-vergleichsstudie/.lizard-tmp-WOSzIR/code/seed-b-frontend/src/app/features/cart/cart-view/cart-view.spec.ts","/home/alex/dev/Bachelor/bmad-vergleichsstudie/.lizard-tmp-WOSzIR/code/seed-b-frontend/src/app/features/cart/cart-view/cart-view.spec.ts","(anonymous)","(anonymous)",48,59
17,1,176,0,20,"(anonymous)@61-80@/home/alex/dev/Bachelor/bmad-vergleichsstudie/.lizard-tmp-WOSzIR/code/seed-b-frontend/src/app/features/cart/cart-view/cart-view.spec.ts","/home/alex/dev/Bachelor/bmad-vergleichsstudie/.lizard-tmp-WOSzIR/code/seed-b-frontend/src/app/features/cart/cart-view/cart-view.spec.ts","(anonymous)","(anonymous)",61,80
14,1,123,0,17,"(anonymous)@82-98@/home/alex/dev/Bachelor/bmad-vergleichsstudie/.lizard-tmp-WOSzIR/code/seed-b-frontend/src/app/features/cart/cart-view/cart-view.spec.ts","/home/alex/dev/Bachelor/bmad-vergleichsstudie/.lizard-tmp-WOSzIR/code/seed-b-frontend/src/app/features/cart/cart-view/cart-view.spec.ts","(anonymous)","(anonymous)",82,98
15,1,130,0,18,"(anonymous)@100-117@/home/alex/dev/Bachelor/bmad-vergleichsstudie/.lizard-tmp-WOSzIR/code/seed-b-frontend/src/app/features/cart/cart-view/cart-view.spec.ts","/home/alex/dev/Bachelor/bmad-vergleichsstudie/.lizard-tmp-WOSzIR/code/seed-b-frontend/src/app/features/cart/cart-view/cart-view.spec.ts","(anonymous)","(anonymous)",100,117
9,1,61,0,10,"(anonymous)@119-128@/home/alex/dev/Bachelor/bmad-vergleichsstudie/.lizard-tmp-WOSzIR/code/seed-b-frontend/src/app/features/cart/cart-view/cart-view.spec.ts","/home/alex/dev/Bachelor/bmad-vergleichsstudie/.lizard-tmp-WOSzIR/code/seed-b-frontend/src/app/features/cart/cart-view/cart-view.spec.ts","(anonymous)","(anonymous)",119,128
4,2,64,4,4,"addItem@11-14@/home/alex/dev/Bachelor/bmad-vergleichsstudie/.lizard-tmp-WOSzIR/code/seed-b-frontend/src/app/features/cart/cart-api.service.ts","/home/alex/dev/Bachelor/bmad-vergleichsstudie/.lizard-tmp-WOSzIR/code/seed-b-frontend/src/app/features/cart/cart-api.service.ts","addItem","addItem ( cartId null , productId , supplierId , quantity )",11,14
4,2,44,1,4,"getCart@16-19@/home/alex/dev/Bachelor/bmad-vergleichsstudie/.lizard-tmp-WOSzIR/code/seed-b-frontend/src/app/features/cart/cart-api.service.ts","/home/alex/dev/Bachelor/bmad-vergleichsstudie/.lizard-tmp-WOSzIR/code/seed-b-frontend/src/app/features/cart/cart-api.service.ts","getCart","getCart ( cartId null )",16,19
3,1,60,4,3,"updateQuantity@21-23@/home/alex/dev/Bachelor/bmad-vergleichsstudie/.lizard-tmp-WOSzIR/code/seed-b-frontend/src/app/features/cart/cart-api.service.ts","/home/alex/dev/Bachelor/bmad-vergleichsstudie/.lizard-tmp-WOSzIR/code/seed-b-frontend/src/app/features/cart/cart-api.service.ts","updateQuantity","updateQuantity ( cartId , productId , supplierId , quantity )",21,23
3,1,52,3,3,"removeItem@25-27@/home/alex/dev/Bachelor/bmad-vergleichsstudie/.lizard-tmp-WOSzIR/code/seed-b-frontend/src/app/features/cart/cart-api.service.ts","/home/alex/dev/Bachelor/bmad-vergleichsstudie/.lizard-tmp-WOSzIR/code/seed-b-frontend/src/app/features/cart/cart-api.service.ts","removeItem","removeItem ( cartId , productId , supplierId )",25,27
7,1,39,0,8,"(anonymous)@12-19@/home/alex/dev/Bachelor/bmad-vergleichsstudie/.lizard-tmp-WOSzIR/code/seed-b-frontend/src/app/features/cart/cart-api.service.spec.ts","/home/alex/dev/Bachelor/bmad-vergleichsstudie/.lizard-tmp-WOSzIR/code/seed-b-frontend/src/app/features/cart/cart-api.service.spec.ts","(anonymous)","(anonymous)",12,19
3,1,8,0,3,"(anonymous)@21-23@/home/alex/dev/Bachelor/bmad-vergleichsstudie/.lizard-tmp-WOSzIR/code/seed-b-frontend/src/app/features/cart/cart-api.service.spec.ts","/home/alex/dev/Bachelor/bmad-vergleichsstudie/.lizard-tmp-WOSzIR/code/seed-b-frontend/src/app/features/cart/cart-api.service.spec.ts","(anonymous)","(anonymous)",21,23
9,1,115,0,11,"(anonymous)@25-35@/home/alex/dev/Bachelor/bmad-vergleichsstudie/.lizard-tmp-WOSzIR/code/seed-b-frontend/src/app/features/cart/cart-api.service.spec.ts","/home/alex/dev/Bachelor/bmad-vergleichsstudie/.lizard-tmp-WOSzIR/code/seed-b-frontend/src/app/features/cart/cart-api.service.spec.ts","(anonymous)","(anonymous)",25,35
7,1,75,0,9,"(anonymous)@37-45@/home/alex/dev/Bachelor/bmad-vergleichsstudie/.lizard-tmp-WOSzIR/code/seed-b-frontend/src/app/features/cart/cart-api.service.spec.ts","/home/alex/dev/Bachelor/bmad-vergleichsstudie/.lizard-tmp-WOSzIR/code/seed-b-frontend/src/app/features/cart/cart-api.service.spec.ts","(anonymous)","(anonymous)",37,45
8,1,83,0,10,"(anonymous)@47-56@/home/alex/dev/Bachelor/bmad-vergleichsstudie/.lizard-tmp-WOSzIR/code/seed-b-frontend/src/app/features/cart/cart-api.service.spec.ts","/home/alex/dev/Bachelor/bmad-vergleichsstudie/.lizard-tmp-WOSzIR/code/seed-b-frontend/src/app/features/cart/cart-api.service.spec.ts","(anonymous)","(anonymous)",47,56
7,1,69,0,9,"(anonymous)@58-66@/home/alex/dev/Bachelor/bmad-vergleichsstudie/.lizard-tmp-WOSzIR/code/seed-b-frontend/src/app/features/cart/cart-api.service.spec.ts","/home/alex/dev/Bachelor/bmad-vergleichsstudie/.lizard-tmp-WOSzIR/code/seed-b-frontend/src/app/features/cart/cart-api.service.spec.ts","(anonymous)","(anonymous)",58,66
9,1,107,0,11,"(anonymous)@68-78@/home/alex/dev/Bachelor/bmad-vergleichsstudie/.lizard-tmp-WOSzIR/code/seed-b-frontend/src/app/features/cart/cart-api.service.spec.ts","/home/alex/dev/Bachelor/bmad-vergleichsstudie/.lizard-tmp-WOSzIR/code/seed-b-frontend/src/app/features/cart/cart-api.service.spec.ts","(anonymous)","(anonymous)",68,78
8,1,87,0,10,"(anonymous)@80-89@/home/alex/dev/Bachelor/bmad-vergleichsstudie/.lizard-tmp-WOSzIR/code/seed-b-frontend/src/app/features/cart/cart-api.service.spec.ts","/home/alex/dev/Bachelor/bmad-vergleichsstudie/.lizard-tmp-WOSzIR/code/seed-b-frontend/src/app/features/cart/cart-api.service.spec.ts","(anonymous)","(anonymous)",80,89
12,1,88,0,83,"(anonymous)@8-90@/home/alex/dev/Bachelor/bmad-vergleichsstudie/.lizard-tmp-WOSzIR/code/seed-b-frontend/src/app/features/cart/cart-api.service.spec.ts","/home/alex/dev/Bachelor/bmad-vergleichsstudie/.lizard-tmp-WOSzIR/code/seed-b-frontend/src/app/features/cart/cart-api.service.spec.ts","(anonymous)","(anonymous)",8,90
4,1,24,1,4,"next@39-42@/home/alex/dev/Bachelor/bmad-vergleichsstudie/.lizard-tmp-WOSzIR/code/seed-b-frontend/src/app/features/order/checkout-view/checkout-view.ts","/home/alex/dev/Bachelor/bmad-vergleichsstudie/.lizard-tmp-WOSzIR/code/seed-b-frontend/src/app/features/order/checkout-view/checkout-view.ts","next","next ( cart )",39,42
4,1,23,0,4,"error@43-46@/home/alex/dev/Bachelor/bmad-vergleichsstudie/.lizard-tmp-WOSzIR/code/seed-b-frontend/src/app/features/order/checkout-view/checkout-view.ts","/home/alex/dev/Bachelor/bmad-vergleichsstudie/.lizard-tmp-WOSzIR/code/seed-b-frontend/src/app/features/order/checkout-view/checkout-view.ts","error","error ( )",43,46
6,1,32,0,12,"constructor@37-48@/home/alex/dev/Bachelor/bmad-vergleichsstudie/.lizard-tmp-WOSzIR/code/seed-b-frontend/src/app/features/order/checkout-view/checkout-view.ts","/home/alex/dev/Bachelor/bmad-vergleichsstudie/.lizard-tmp-WOSzIR/code/seed-b-frontend/src/app/features/order/checkout-view/checkout-view.ts","constructor","constructor ( )",37,48
1,2,12,0,1,"(anonymous)@51-51@/home/alex/dev/Bachelor/bmad-vergleichsstudie/.lizard-tmp-WOSzIR/code/seed-b-frontend/src/app/features/order/checkout-view/checkout-view.ts","/home/alex/dev/Bachelor/bmad-vergleichsstudie/.lizard-tmp-WOSzIR/code/seed-b-frontend/src/app/features/order/checkout-view/checkout-view.ts","(anonymous)","(anonymous)",51,51
4,3,57,2,4,"describeLine@50-53@/home/alex/dev/Bachelor/bmad-vergleichsstudie/.lizard-tmp-WOSzIR/code/seed-b-frontend/src/app/features/order/checkout-view/checkout-view.ts","/home/alex/dev/Bachelor/bmad-vergleichsstudie/.lizard-tmp-WOSzIR/code/seed-b-frontend/src/app/features/order/checkout-view/checkout-view.ts","describeLine","describeLine ( productId , supplierId )",50,53
3,1,21,1,3,"next@74-76@/home/alex/dev/Bachelor/bmad-vergleichsstudie/.lizard-tmp-WOSzIR/code/seed-b-frontend/src/app/features/order/checkout-view/checkout-view.ts","/home/alex/dev/Bachelor/bmad-vergleichsstudie/.lizard-tmp-WOSzIR/code/seed-b-frontend/src/app/features/order/checkout-view/checkout-view.ts","next","next ( order )",74,76
2,1,10,0,2,"(anonymous)@84-85@/home/alex/dev/Bachelor/bmad-vergleichsstudie/.lizard-tmp-WOSzIR/code/seed-b-frontend/src/app/features/order/checkout-view/checkout-view.ts","/home/alex/dev/Bachelor/bmad-vergleichsstudie/.lizard-tmp-WOSzIR/code/seed-b-frontend/src/app/features/order/checkout-view/checkout-view.ts","(anonymous)","(anonymous)",84,85
13,2,78,1,14,"error@77-90@/home/alex/dev/Bachelor/bmad-vergleichsstudie/.lizard-tmp-WOSzIR/code/seed-b-frontend/src/app/features/order/checkout-view/checkout-view.ts","/home/alex/dev/Bachelor/bmad-vergleichsstudie/.lizard-tmp-WOSzIR/code/seed-b-frontend/src/app/features/order/checkout-view/checkout-view.ts","error","error ( err HttpErrorResponse )",77,90
20,6,151,0,38,"placeOrder@55-92@/home/alex/dev/Bachelor/bmad-vergleichsstudie/.lizard-tmp-WOSzIR/code/seed-b-frontend/src/app/features/order/checkout-view/checkout-view.ts","/home/alex/dev/Bachelor/bmad-vergleichsstudie/.lizard-tmp-WOSzIR/code/seed-b-frontend/src/app/features/order/checkout-view/checkout-view.ts","placeOrder","placeOrder ( )",55,92
5,1,36,0,5,"configure@25-29@/home/alex/dev/Bachelor/bmad-vergleichsstudie/.lizard-tmp-WOSzIR/code/seed-b-frontend/src/app/features/order/checkout-view/checkout-view.spec.ts","/home/alex/dev/Bachelor/bmad-vergleichsstudie/.lizard-tmp-WOSzIR/code/seed-b-frontend/src/app/features/order/checkout-view/checkout-view.spec.ts","configure","configure ( )",25,29
17,1,103,0,23,"(anonymous)@12-34@/home/alex/dev/Bachelor/bmad-vergleichsstudie/.lizard-tmp-WOSzIR/code/seed-b-frontend/src/app/features/order/checkout-view/checkout-view.spec.ts","/home/alex/dev/Bachelor/bmad-vergleichsstudie/.lizard-tmp-WOSzIR/code/seed-b-frontend/src/app/features/order/checkout-view/checkout-view.spec.ts","(anonymous)","(anonymous)",12,34
1,1,6,0,1,"(anonymous)@36-36@/home/alex/dev/Bachelor/bmad-vergleichsstudie/.lizard-tmp-WOSzIR/code/seed-b-frontend/src/app/features/order/checkout-view/checkout-view.spec.ts","/home/alex/dev/Bachelor/bmad-vergleichsstudie/.lizard-tmp-WOSzIR/code/seed-b-frontend/src/app/features/order/checkout-view/checkout-view.spec.ts","(anonymous)","(anonymous)",36,36
10,1,88,0,11,"(anonymous)@38-48@/home/alex/dev/Bachelor/bmad-vergleichsstudie/.lizard-tmp-WOSzIR/code/seed-b-frontend/src/app/features/order/checkout-view/checkout-view.spec.ts","/home/alex/dev/Bachelor/bmad-vergleichsstudie/.lizard-tmp-WOSzIR/code/seed-b-frontend/src/app/features/order/checkout-view/checkout-view.spec.ts","(anonymous)","(anonymous)",38,48
8,1,58,0,9,"(anonymous)@50-58@/home/alex/dev/Bachelor/bmad-vergleichsstudie/.lizard-tmp-WOSzIR/code/seed-b-frontend/src/app/features/order/checkout-view/checkout-view.spec.ts","/home/alex/dev/Bachelor/bmad-vergleichsstudie/.lizard-tmp-WOSzIR/code/seed-b-frontend/src/app/features/order/checkout-view/checkout-view.spec.ts","(anonymous)","(anonymous)",50,58
27,1,287,0,31,"(anonymous)@60-90@/home/alex/dev/Bachelor/bmad-vergleichsstudie/.lizard-tmp-WOSzIR/code/seed-b-frontend/src/app/features/order/checkout-view/checkout-view.spec.ts","/home/alex/dev/Bachelor/bmad-vergleichsstudie/.lizard-tmp-WOSzIR/code/seed-b-frontend/src/app/features/order/checkout-view/checkout-view.spec.ts","(anonymous)","(anonymous)",60,90
24,1,258,0,27,"(anonymous)@92-118@/home/alex/dev/Bachelor/bmad-vergleichsstudie/.lizard-tmp-WOSzIR/code/seed-b-frontend/src/app/features/order/checkout-view/checkout-view.spec.ts","/home/alex/dev/Bachelor/bmad-vergleichsstudie/.lizard-tmp-WOSzIR/code/seed-b-frontend/src/app/features/order/checkout-view/checkout-view.spec.ts","(anonymous)","(anonymous)",92,118
4,1,24,1,4,"next@29-32@/home/alex/dev/Bachelor/bmad-vergleichsstudie/.lizard-tmp-WOSzIR/code/seed-b-frontend/src/app/features/order/order-view/order-view.ts","/home/alex/dev/Bachelor/bmad-vergleichsstudie/.lizard-tmp-WOSzIR/code/seed-b-frontend/src/app/features/order/order-view/order-view.ts","next","next ( order )",29,32
8,2,48,1,8,"error@33-40@/home/alex/dev/Bachelor/bmad-vergleichsstudie/.lizard-tmp-WOSzIR/code/seed-b-frontend/src/app/features/order/order-view/order-view.ts","/home/alex/dev/Bachelor/bmad-vergleichsstudie/.lizard-tmp-WOSzIR/code/seed-b-frontend/src/app/features/order/order-view/order-view.ts","error","error ( err HttpErrorResponse )",33,40
12,2,69,0,22,"constructor@21-42@/home/alex/dev/Bachelor/bmad-vergleichsstudie/.lizard-tmp-WOSzIR/code/seed-b-frontend/src/app/features/order/order-view/order-view.ts","/home/alex/dev/Bachelor/bmad-vergleichsstudie/.lizard-tmp-WOSzIR/code/seed-b-frontend/src/app/features/order/order-view/order-view.ts","constructor","constructor ( )",21,42
11,2,65,1,12,"configureWithId@9-20@/home/alex/dev/Bachelor/bmad-vergleichsstudie/.lizard-tmp-WOSzIR/code/seed-b-frontend/src/app/features/order/order-view/order-view.spec.ts","/home/alex/dev/Bachelor/bmad-vergleichsstudie/.lizard-tmp-WOSzIR/code/seed-b-frontend/src/app/features/order/order-view/order-view.spec.ts","configureWithId","configureWithId ( id null )",9,20
1,1,6,0,1,"(anonymous)@32-32@/home/alex/dev/Bachelor/bmad-vergleichsstudie/.lizard-tmp-WOSzIR/code/seed-b-frontend/src/app/features/order/order-view/order-view.spec.ts","/home/alex/dev/Bachelor/bmad-vergleichsstudie/.lizard-tmp-WOSzIR/code/seed-b-frontend/src/app/features/order/order-view/order-view.spec.ts","(anonymous)","(anonymous)",32,32
13,3,99,0,16,"(anonymous)@34-49@/home/alex/dev/Bachelor/bmad-vergleichsstudie/.lizard-tmp-WOSzIR/code/seed-b-frontend/src/app/features/order/order-view/order-view.spec.ts","/home/alex/dev/Bachelor/bmad-vergleichsstudie/.lizard-tmp-WOSzIR/code/seed-b-frontend/src/app/features/order/order-view/order-view.spec.ts","(anonymous)","(anonymous)",34,49
9,1,78,0,12,"(anonymous)@51-62@/home/alex/dev/Bachelor/bmad-vergleichsstudie/.lizard-tmp-WOSzIR/code/seed-b-frontend/src/app/features/order/order-view/order-view.spec.ts","/home/alex/dev/Bachelor/bmad-vergleichsstudie/.lizard-tmp-WOSzIR/code/seed-b-frontend/src/app/features/order/order-view/order-view.spec.ts","(anonymous)","(anonymous)",51,62
7,1,50,0,9,"(anonymous)@64-72@/home/alex/dev/Bachelor/bmad-vergleichsstudie/.lizard-tmp-WOSzIR/code/seed-b-frontend/src/app/features/order/order-view/order-view.spec.ts","/home/alex/dev/Bachelor/bmad-vergleichsstudie/.lizard-tmp-WOSzIR/code/seed-b-frontend/src/app/features/order/order-view/order-view.spec.ts","(anonymous)","(anonymous)",64,72
11,3,91,0,14,"(anonymous)@74-87@/home/alex/dev/Bachelor/bmad-vergleichsstudie/.lizard-tmp-WOSzIR/code/seed-b-frontend/src/app/features/order/order-view/order-view.spec.ts","/home/alex/dev/Bachelor/bmad-vergleichsstudie/.lizard-tmp-WOSzIR/code/seed-b-frontend/src/app/features/order/order-view/order-view.spec.ts","(anonymous)","(anonymous)",74,87
8,1,54,0,60,"(anonymous)@29-88@/home/alex/dev/Bachelor/bmad-vergleichsstudie/.lizard-tmp-WOSzIR/code/seed-b-frontend/src/app/features/order/order-view/order-view.spec.ts","/home/alex/dev/Bachelor/bmad-vergleichsstudie/.lizard-tmp-WOSzIR/code/seed-b-frontend/src/app/features/order/order-view/order-view.spec.ts","(anonymous)","(anonymous)",29,88
7,1,55,4,7,"placeOrder@11-17@/home/alex/dev/Bachelor/bmad-vergleichsstudie/.lizard-tmp-WOSzIR/code/seed-b-frontend/src/app/features/order/order-api.service.ts","/home/alex/dev/Bachelor/bmad-vergleichsstudie/.lizard-tmp-WOSzIR/code/seed-b-frontend/src/app/features/order/order-api.service.ts","placeOrder","placeOrder ( cartId , customerName , deliveryAddress , email )",11,17
3,1,30,1,3,"getOrder@19-21@/home/alex/dev/Bachelor/bmad-vergleichsstudie/.lizard-tmp-WOSzIR/code/seed-b-frontend/src/app/features/order/order-api.service.ts","/home/alex/dev/Bachelor/bmad-vergleichsstudie/.lizard-tmp-WOSzIR/code/seed-b-frontend/src/app/features/order/order-api.service.ts","getOrder","getOrder ( id )",19,21
5,1,39,0,5,"(anonymous)@12-16@/home/alex/dev/Bachelor/bmad-vergleichsstudie/.lizard-tmp-WOSzIR/code/seed-b-frontend/src/app/features/order/order-api.service.spec.ts","/home/alex/dev/Bachelor/bmad-vergleichsstudie/.lizard-tmp-WOSzIR/code/seed-b-frontend/src/app/features/order/order-api.service.spec.ts","(anonymous)","(anonymous)",12,16
1,1,6,0,1,"(anonymous)@18-18@/home/alex/dev/Bachelor/bmad-vergleichsstudie/.lizard-tmp-WOSzIR/code/seed-b-frontend/src/app/features/order/order-api.service.spec.ts","/home/alex/dev/Bachelor/bmad-vergleichsstudie/.lizard-tmp-WOSzIR/code/seed-b-frontend/src/app/features/order/order-api.service.spec.ts","(anonymous)","(anonymous)",18,18
13,1,119,0,15,"(anonymous)@20-34@/home/alex/dev/Bachelor/bmad-vergleichsstudie/.lizard-tmp-WOSzIR/code/seed-b-frontend/src/app/features/order/order-api.service.spec.ts","/home/alex/dev/Bachelor/bmad-vergleichsstudie/.lizard-tmp-WOSzIR/code/seed-b-frontend/src/app/features/order/order-api.service.spec.ts","(anonymous)","(anonymous)",20,34
7,1,68,0,9,"(anonymous)@36-44@/home/alex/dev/Bachelor/bmad-vergleichsstudie/.lizard-tmp-WOSzIR/code/seed-b-frontend/src/app/features/order/order-api.service.spec.ts","/home/alex/dev/Bachelor/bmad-vergleichsstudie/.lizard-tmp-WOSzIR/code/seed-b-frontend/src/app/features/order/order-api.service.spec.ts","(anonymous)","(anonymous)",36,44
8,1,47,0,38,"(anonymous)@8-45@/home/alex/dev/Bachelor/bmad-vergleichsstudie/.lizard-tmp-WOSzIR/code/seed-b-frontend/src/app/features/order/order-api.service.spec.ts","/home/alex/dev/Bachelor/bmad-vergleichsstudie/.lizard-tmp-WOSzIR/code/seed-b-frontend/src/app/features/order/order-api.service.spec.ts","(anonymous)","(anonymous)",8,45
3,1,12,1,3,"(anonymous)@5-7@/home/alex/dev/Bachelor/bmad-vergleichsstudie/.lizard-tmp-WOSzIR/code/seed-b-frontend/.angular/cache/22.1.3/seed-b-frontend/vite/deps/@angular_router.js","/home/alex/dev/Bachelor/bmad-vergleichsstudie/.lizard-tmp-WOSzIR/code/seed-b-frontend/.angular/cache/22.1.3/seed-b-frontend/vite/deps/@angular_router.js","(anonymous)","(anonymous) ( subscriber )",5,7
3,1,15,1,3,"init@14-16@/home/alex/dev/Bachelor/bmad-vergleichsstudie/.lizard-tmp-WOSzIR/code/seed-b-frontend/.angular/cache/22.1.3/seed-b-frontend/vite/deps/@angular_router.js","/home/alex/dev/Bachelor/bmad-vergleichsstudie/.lizard-tmp-WOSzIR/code/seed-b-frontend/.angular/cache/22.1.3/seed-b-frontend/vite/deps/@angular_router.js","init","init ( subscriber )",14,16
3,1,17,1,3,"(anonymous)@17-19@/home/alex/dev/Bachelor/bmad-vergleichsstudie/.lizard-tmp-WOSzIR/code/seed-b-frontend/.angular/cache/22.1.3/seed-b-frontend/vite/deps/@angular_router.js","/home/alex/dev/Bachelor/bmad-vergleichsstudie/.lizard-tmp-WOSzIR/code/seed-b-frontend/.angular/cache/22.1.3/seed-b-frontend/vite/deps/@angular_router.js","(anonymous)","(anonymous) ( subscriber )",17,19
7,3,45,2,11,"throwError@10-20@/home/alex/dev/Bachelor/bmad-vergleichsstudie/.lizard-tmp-WOSzIR/code/seed-b-frontend/.angular/cache/22.1.3/seed-b-frontend/vite/deps/@angular_router.js","/home/alex/dev/Bachelor/bmad-vergleichsstudie/.lizard-tmp-WOSzIR/code/seed-b-frontend/.angular/cache/22.1.3/seed-b-frontend/vite/deps/@angular_router.js","throwError","throwError ( errorOrErrorFactory , scheduler )",10,20
3,4,32,1,3,"isObservable@23-25@/home/alex/dev/Bachelor/bmad-vergleichsstudie/.lizard-tmp-WOSzIR/code/seed-b-frontend/.angular/cache/22.1.3/seed-b-frontend/vite/deps/@angular_router.js","/home/alex/dev/Bachelor/bmad-vergleichsstudie/.lizard-tmp-WOSzIR/code/seed-b-frontend/.angular/cache/22.1.3/seed-b-frontend/vite/deps/@angular_router.js","isObservable","isObservable ( obj )",23,25
5,1,21,0,5,"EmptyErrorImpl@29-33@/home/alex/dev/Bachelor/bmad-vergleichsstudie/.lizard-tmp-WOSzIR/code/seed-b-frontend/.angular/cache/22.1.3/seed-b-frontend/vite/deps/@angular_router.js","/home/alex/dev/Bachelor/bmad-vergleichsstudie/.lizard-tmp-WOSzIR/code/seed-b-frontend/.angular/cache/22.1.3/seed-b-frontend/vite/deps/@angular_router.js","EmptyErrorImpl","EmptyErrorImpl ( )",29,33
3,1,10,0,7,"(anonymous)@28-34@/home/alex/dev/Bachelor/bmad-vergleichsstudie/.lizard-tmp-WOSzIR/code/seed-b-frontend/.angular/cache/22.1.3/seed-b-frontend/vite/deps/@angular_router.js","/home/alex/dev/Bachelor/bmad-vergleichsstudie/.lizard-tmp-WOSzIR/code/seed-b-frontend/.angular/cache/22.1.3/seed-b-frontend/vite/deps/@angular_router.js","(anonymous)","(anonymous) ( )",28,34
3,2,38,2,3,"callOrApply@38-40@/home/alex/dev/Bachelor/bmad-vergleichsstudie/.lizard-tmp-WOSzIR/code/seed-b-frontend/.angular/cache/22.1.3/seed-b-frontend/vite/deps/@angular_router.js","/home/alex/dev/Bachelor/bmad-vergleichsstudie/.lizard-tmp-WOSzIR/code/seed-b-frontend/.angular/cache/22.1.3/seed-b-frontend/vite/deps/@angular_router.js","callOrApply","callOrApply ( fn , args )",38,40
3,1,13,1,3,"(anonymous)@42-44@/home/alex/dev/Bachelor/bmad-vergleichsstudie/.lizard-tmp-WOSzIR/code/seed-b-frontend/.angular/cache/22.1.3/seed-b-frontend/vite/deps/@angular_router.js","/home/alex/dev/Bachelor/bmad-vergleichsstudie/.lizard-tmp-WOSzIR/code/seed-b-frontend/.angular/cache/22.1.3/seed-b-frontend/vite/deps/@angular_router.js","(anonymous)","(anonymous) ( args )",42,44
3,1,12,1,5,"mapOneOrManyArgs@41-45@/home/alex/dev/Bachelor/bmad-vergleichsstudie/.lizard-tmp-WOSzIR/code/seed-b-frontend/.angular/cache/22.1.3/seed-b-frontend/vite/deps/@angular_router.js","/home/alex/dev/Bachelor/bmad-vergleichsstudie/.lizard-tmp-WOSzIR/code/seed-b-frontend/.angular/cache/22.1.3/seed-b-frontend/vite/deps/@angular_router.js","mapOneOrManyArgs","mapOneOrManyArgs ( fn )",41,45
3,1,11,1,3,"(anonymous)@62-64@/home/alex/dev/Bachelor/bmad-vergleichsstudie/.lizard-tmp-WOSzIR/code/seed-b-frontend/.angular/cache/22.1.3/seed-b-frontend/vite/deps/@angular_router.js","/home/alex/dev/Bachelor/bmad-vergleichsstudie/.lizard-tmp-WOSzIR/code/seed-b-frontend/.angular/cache/22.1.3/seed-b-frontend/vite/deps/@angular_router.js","(anonymous)","(anonymous) ( key )",62,64
20,4,82,1,22,"argsArgArrayOrObject@52-73@/home/alex/dev/Bachelor/bmad-vergleichsstudie/.lizard-tmp-WOSzIR/code/seed-b-frontend/.angular/cache/22.1.3/seed-b-frontend/vite/deps/@angular_router.js","/home/alex/dev/Bachelor/bmad-vergleichsstudie/.lizard-tmp-WOSzIR/code/seed-b-frontend/.angular/cache/22.1.3/seed-b-frontend/vite/deps/@angular_router.js","argsArgArrayOrObject","argsArgArrayOrObject ( args )",52,73
3,3,20,1,3,"isPOJO@74-76@/home/alex/dev/Bachelor/bmad-vergleichsstudie/.lizard-tmp-WOSzIR/code/seed-b-frontend/.angular/cache/22.1.3/seed-b-frontend/vite/deps/@angular_router.js","/home/alex/dev/Bachelor/bmad-vergleichsstudie/.lizard-tmp-WOSzIR/code/seed-b-frontend/.angular/cache/22.1.3/seed-b-frontend/vite/deps/@angular_router.js","isPOJO","isPOJO ( obj )",74,76
3,1,22,3,3,"(anonymous)@80-82@/home/alex/dev/Bachelor/bmad-vergleichsstudie/.lizard-tmp-WOSzIR/code/seed-b-frontend/.angular/cache/22.1.3/seed-b-frontend/vite/deps/@angular_router.js","/home/alex/dev/Bachelor/bmad-vergleichsstudie/.lizard-tmp-WOSzIR/code/seed-b-frontend/.angular/cache/22.1.3/seed-b-frontend/vite/deps/@angular_router.js","(anonymous)","(anonymous) ( result , key , i )",80,82
3,1,19,2,5,"createObject@79-83@/home/alex/dev/Bachelor/bmad-vergleichsstudie/.lizard-tmp-WOSzIR/code/seed-b-frontend/.angular/cache/22.1.3/seed-b-frontend/vite/deps/@angular_router.js","/home/alex/dev/Bachelor/bmad-vergleichsstudie/.lizard-tmp-WOSzIR/code/seed-b-frontend/.angular/cache/22.1.3/seed-b-frontend/vite/deps/@angular_router.js","createObject","createObject ( keys , values )",79,83
3,1,13,1,3,"(anonymous)@93-95@/home/alex/dev/Bachelor/bmad-vergleichsstudie/.lizard-tmp-WOSzIR/code/seed-b-frontend/.angular/cache/22.1.3/seed-b-frontend/vite/deps/@angular_router.js","/home/alex/dev/Bachelor/bmad-vergleichsstudie/.lizard-tmp-WOSzIR/code/seed-b-frontend/.angular/cache/22.1.3/seed-b-frontend/vite/deps/@angular_router.js","(anonymous)","(anonymous) ( values )",93,95
10,5,125,0,12,"combineLatest@86-97@/home/alex/dev/Bachelor/bmad-vergleichsstudie/.lizard-tmp-WOSzIR/code/seed-b-frontend/.angular/cache/22.1.3/seed-b-frontend/vite/deps/@angular_router.js","/home/alex/dev/Bachelor/bmad-vergleichsstudie/.lizard-tmp-WOSzIR/code/seed-b-frontend/.angular/cache/22.1.3/seed-b-frontend/vite/deps/@angular_router.js","combineLatest","combineLatest ( )",86,97
8,3,45,1,8,"(anonymous)@110-117@/home/alex/dev/Bachelor/bmad-vergleichsstudie/.lizard-tmp-WOSzIR/code/seed-b-frontend/.angular/cache/22.1.3/seed-b-frontend/vite/deps/@angular_router.js","/home/alex/dev/Bachelor/bmad-vergleichsstudie/.lizard-tmp-WOSzIR/code/seed-b-frontend/.angular/cache/22.1.3/seed-b-frontend/vite/deps/@angular_router.js","(anonymous)","(anonymous) ( value )",110,117
3,2,16,0,3,"(anonymous)@117-119@/home/alex/dev/Bachelor/bmad-vergleichsstudie/.lizard-tmp-WOSzIR/code/seed-b-frontend/.angular/cache/22.1.3/seed-b-frontend/vite/deps/@angular_router.js","/home/alex/dev/Bachelor/bmad-vergleichsstudie/.lizard-tmp-WOSzIR/code/seed-b-frontend/.angular/cache/22.1.3/seed-b-frontend/vite/deps/@angular_router.js","(anonymous)","(anonymous) ( )",117,119
5,1,38,0,14,"(anonymous)@107-120@/home/alex/dev/Bachelor/bmad-vergleichsstudie/.lizard-tmp-WOSzIR/code/seed-b-frontend/.angular/cache/22.1.3/seed-b-frontend/vite/deps/@angular_router.js","/home/alex/dev/Bachelor/bmad-vergleichsstudie/.lizard-tmp-WOSzIR/code/seed-b-frontend/.angular/cache/22.1.3/seed-b-frontend/vite/deps/@angular_router.js","(anonymous)","(anonymous) ( )",107,120
3,1,15,1,16,"_loop_1@106-121@/home/alex/dev/Bachelor/bmad-vergleichsstudie/.lizard-tmp-WOSzIR/code/seed-b-frontend/.angular/cache/22.1.3/seed-b-frontend/vite/deps/@angular_router.js","/home/alex/dev/Bachelor/bmad-vergleichsstudie/.lizard-tmp-WOSzIR/code/seed-b-frontend/.angular/cache/22.1.3/seed-b-frontend/vite/deps/@angular_router.js","_loop_1","_loop_1 ( i )",106,121
8,2,55,0,23,"(anonymous)@101-123@/home/alex/dev/Bachelor/bmad-vergleichsstudie/.lizard-tmp-WOSzIR/code/seed-b-frontend/.angular/cache/22.1.3/seed-b-frontend/vite/deps/@angular_router.js","/home/alex/dev/Bachelor/bmad-vergleichsstudie/.lizard-tmp-WOSzIR/code/seed-b-frontend/.angular/cache/22.1.3/seed-b-frontend/vite/deps/@angular_router.js","(anonymous)","(anonymous) ( )",101,123
3,1,15,1,25,"(anonymous)@100-124@/home/alex/dev/Bachelor/bmad-vergleichsstudie/.lizard-tmp-WOSzIR/code/seed-b-frontend/.angular/cache/22.1.3/seed-b-frontend/vite/deps/@angular_router.js","/home/alex/dev/Bachelor/bmad-vergleichsstudie/.lizard-tmp-WOSzIR/code/seed-b-frontend/.angular/cache/22.1.3/seed-b-frontend/vite/deps/@angular_router.js","(anonymous)","(anonymous) ( subscriber )",100,124
4,2,24,3,28,"combineLatestInit@98-125@/home/alex/dev/Bachelor/bmad-vergleichsstudie/.lizard-tmp-WOSzIR/code/seed-b-frontend/.angular/cache/22.1.3/seed-b-frontend/vite/deps/@angular_router.js","/home/alex/dev/Bachelor/bmad-vergleichsstudie/.lizard-tmp-WOSzIR/code/seed-b-frontend/.angular/cache/22.1.3/seed-b-frontend/vite/deps/@angular_router.js","combineLatestInit","combineLatestInit ( observables , scheduler , valueTransform )",98,125
4,2,27,3,4,"maybeSchedule@126-129@/home/alex/dev/Bachelor/bmad-vergleichsstudie/.lizard-tmp-WOSzIR/code/seed-b-frontend/.angular/cache/22.1.3/seed-b-frontend/vite/deps/@angular_router.js","/home/alex/dev/Bachelor/bmad-vergleichsstudie/.lizard-tmp-WOSzIR/code/seed-b-frontend/.angular/cache/22.1.3/seed-b-frontend/vite/deps/@angular_router.js","maybeSchedule","maybeSchedule ( scheduler , execute , subscription )",126,129
4,2,24,1,4,"mergeAll@132-135@/home/alex/dev/Bachelor/bmad-vergleichsstudie/.lizard-tmp-WOSzIR/code/seed-b-frontend/.angular/cache/22.1.3/seed-b-frontend/vite/deps/@angular_router.js","/home/alex/dev/Bachelor/bmad-vergleichsstudie/.lizard-tmp-WOSzIR/code/seed-b-frontend/.angular/cache/22.1.3/seed-b-frontend/vite/deps/@angular_router.js","mergeAll","mergeAll ( concurrent )",132,135
3,1,10,0,3,"concatAll@138-140@/home/alex/dev/Bachelor/bmad-vergleichsstudie/.lizard-tmp-WOSzIR/code/seed-b-frontend/.angular/cache/22.1.3/seed-b-frontend/vite/deps/@angular_router.js","/home/alex/dev/Bachelor/bmad-vergleichsstudie/.lizard-tmp-WOSzIR/code/seed-b-frontend/.angular/cache/22.1.3/seed-b-frontend/vite/deps/@angular_router.js","concatAll","concatAll ( )",138,140
5,2,52,0,5,"concat@143-147@/home/alex/dev/Bachelor/bmad-vergleichsstudie/.lizard-tmp-WOSzIR/code/seed-b-frontend/.angular/cache/22.1.3/seed-b-frontend/vite/deps/@angular_router.js","/home/alex/dev/Bachelor/bmad-vergleichsstudie/.lizard-tmp-WOSzIR/code/seed-b-frontend/.angular/cache/22.1.3/seed-b-frontend/vite/deps/@angular_router.js","concat","concat ( )",143,147
3,1,17,1,3,"(anonymous)@151-153@/home/alex/dev/Bachelor/bmad-vergleichsstudie/.lizard-tmp-WOSzIR/code/seed-b-frontend/.angular/cache/22.1.3/seed-b-frontend/vite/deps/@angular_router.js","/home/alex/dev/Bachelor/bmad-vergleichsstudie/.lizard-tmp-WOSzIR/code/seed-b-frontend/.angular/cache/22.1.3/seed-b-frontend/vite/deps/@angular_router.js","(anonymous)","(anonymous) ( subscriber )",151,153
3,1,13,1,5,"defer@150-154@/home/alex/dev/Bachelor/bmad-vergleichsstudie/.lizard-tmp-WOSzIR/code/seed-b-frontend/.angular/cache/22.1.3/seed-b-frontend/vite/deps/@angular_router.js","/home/alex/dev/Bachelor/bmad-vergleichsstudie/.lizard-tmp-WOSzIR/code/seed-b-frontend/.angular/cache/22.1.3/seed-b-frontend/vite/deps/@angular_router.js","defer","defer ( observableFactory )",150,154
8,2,51,1,8,"(anonymous)@162-169@/home/alex/dev/Bachelor/bmad-vergleichsstudie/.lizard-tmp-WOSzIR/code/seed-b-frontend/.angular/cache/22.1.3/seed-b-frontend/vite/deps/@angular_router.js","/home/alex/dev/Bachelor/bmad-vergleichsstudie/.lizard-tmp-WOSzIR/code/seed-b-frontend/.angular/cache/22.1.3/seed-b-frontend/vite/deps/@angular_router.js","(anonymous)","(anonymous) ( err )",162,169
11,2,64,2,18,"(anonymous)@158-175@/home/alex/dev/Bachelor/bmad-vergleichsstudie/.lizard-tmp-WOSzIR/code/seed-b-frontend/.angular/cache/22.1.3/seed-b-frontend/vite/deps/@angular_router.js","/home/alex/dev/Bachelor/bmad-vergleichsstudie/.lizard-tmp-WOSzIR/code/seed-b-frontend/.angular/cache/22.1.3/seed-b-frontend/vite/deps/@angular_router.js","(anonymous)","(anonymous) ( source , subscriber )",158,175
3,1,12,1,20,"catchError@157-176@/home/alex/dev/Bachelor/bmad-vergleichsstudie/.lizard-tmp-WOSzIR/code/seed-b-frontend/.angular/cache/22.1.3/seed-b-frontend/vite/deps/@angular_router.js","/home/alex/dev/Bachelor/bmad-vergleichsstudie/.lizard-tmp-WOSzIR/code/seed-b-frontend/.angular/cache/22.1.3/seed-b-frontend/vite/deps/@angular_router.js","catchError","catchError ( selector )",157,176
4,1,16,1,4,"(anonymous)@182-185@/home/alex/dev/Bachelor/bmad-vergleichsstudie/.lizard-tmp-WOSzIR/code/seed-b-frontend/.angular/cache/22.1.3/seed-b-frontend/vite/deps/@angular_router.js","/home/alex/dev/Bachelor/bmad-vergleichsstudie/.lizard-tmp-WOSzIR/code/seed-b-frontend/.angular/cache/22.1.3/seed-b-frontend/vite/deps/@angular_router.js","(anonymous)","(anonymous) ( value )",182,185
4,2,22,0,4,"(anonymous)@185-188@/home/alex/dev/Bachelor/bmad-vergleichsstudie/.lizard-tmp-WOSzIR/code/seed-b-frontend/.angular/cache/22.1.3/seed-b-frontend/vite/deps/@angular_router.js","/home/alex/dev/Bachelor/bmad-vergleichsstudie/.lizard-tmp-WOSzIR/code/seed-b-frontend/.angular/cache/22.1.3/seed-b-frontend/vite/deps/@angular_router.js","(anonymous)","(anonymous) ( )",185,188
4,1,28,2,10,"(anonymous)@180-189@/home/alex/dev/Bachelor/bmad-vergleichsstudie/.lizard-tmp-WOSzIR/code/seed-b-frontend/.angular/cache/22.1.3/seed-b-frontend/vite/deps/@angular_router.js","/home/alex/dev/Bachelor/bmad-vergleichsstudie/.lizard-tmp-WOSzIR/code/seed-b-frontend/.angular/cache/22.1.3/seed-b-frontend/vite/deps/@angular_router.js","(anonymous)","(anonymous) ( source , subscriber )",180,189
3,1,12,1,12,"defaultIfEmpty@179-190@/home/alex/dev/Bachelor/bmad-vergleichsstudie/.lizard-tmp-WOSzIR/code/seed-b-frontend/.angular/cache/22.1.3/seed-b-frontend/vite/deps/@angular_router.js","/home/alex/dev/Bachelor/bmad-vergleichsstudie/.lizard-tmp-WOSzIR/code/seed-b-frontend/.angular/cache/22.1.3/seed-b-frontend/vite/deps/@angular_router.js","defaultIfEmpty","defaultIfEmpty ( defaultValue )",179,190
3,1,7,0,3,"(anonymous)@194-196@/home/alex/dev/Bachelor/bmad-vergleichsstudie/.lizard-tmp-WOSzIR/code/seed-b-frontend/.angular/cache/22.1.3/seed-b-frontend/vite/deps/@angular_router.js","/home/alex/dev/Bachelor/bmad-vergleichsstudie/.lizard-tmp-WOSzIR/code/seed-b-frontend/.angular/cache/22.1.3/seed-b-frontend/vite/deps/@angular_router.js","(anonymous)","(anonymous) ( )",194,196
11,4,75,1,13,"take@193-205@/home/alex/dev/Bachelor/bmad-vergleichsstudie/.lizard-tmp-WOSzIR/code/seed-b-frontend/.angular/cache/22.1.3/seed-b-frontend/vite/deps/@angular_router.js","/home/alex/dev/Bachelor/bmad-vergleichsstudie/.lizard-tmp-WOSzIR/code/seed-b-frontend/.angular/cache/22.1.3/seed-b-frontend/vite/deps/@angular_router.js","take","take ( count )",193,205
4,1,16,1,4,"(anonymous)@212-215@/home/alex/dev/Bachelor/bmad-vergleichsstudie/.lizard-tmp-WOSzIR/code/seed-b-frontend/.angular/cache/22.1.3/seed-b-frontend/vite/deps/@angular_router.js","/home/alex/dev/Bachelor/bmad-vergleichsstudie/.lizard-tmp-WOSzIR/code/seed-b-frontend/.angular/cache/22.1.3/seed-b-frontend/vite/deps/@angular_router.js","(anonymous)","(anonymous) ( value )",212,215
3,2,22,0,3,"(anonymous)@215-217@/home/alex/dev/Bachelor/bmad-vergleichsstudie/.lizard-tmp-WOSzIR/code/seed-b-frontend/.angular/cache/22.1.3/seed-b-frontend/vite/deps/@angular_router.js","/home/alex/dev/Bachelor/bmad-vergleichsstudie/.lizard-tmp-WOSzIR/code/seed-b-frontend/.angular/cache/22.1.3/seed-b-frontend/vite/deps/@angular_router.js","(anonymous)","(anonymous) ( )",215,217
4,1,28,2,9,"(anonymous)@210-218@/home/alex/dev/Bachelor/bmad-vergleichsstudie/.lizard-tmp-WOSzIR/code/seed-b-frontend/.angular/cache/22.1.3/seed-b-frontend/vite/deps/@angular_router.js","/home/alex/dev/Bachelor/bmad-vergleichsstudie/.lizard-tmp-WOSzIR/code/seed-b-frontend/.angular/cache/22.1.3/seed-b-frontend/vite/deps/@angular_router.js","(anonymous)","(anonymous) ( source , subscriber )",210,218
4,2,23,1,12,"throwIfEmpty@208-219@/home/alex/dev/Bachelor/bmad-vergleichsstudie/.lizard-tmp-WOSzIR/code/seed-b-frontend/.angular/cache/22.1.3/seed-b-frontend/vite/deps/@angular_router.js","/home/alex/dev/Bachelor/bmad-vergleichsstudie/.lizard-tmp-WOSzIR/code/seed-b-frontend/.angular/cache/22.1.3/seed-b-frontend/vite/deps/@angular_router.js","throwIfEmpty","throwIfEmpty ( errorFactory )",208,219
3,1,10,0,3,"defaultErrorFactory@220-222@/home/alex/dev/Bachelor/bmad-vergleichsstudie/.lizard-tmp-WOSzIR/code/seed-b-frontend/.angular/cache/22.1.3/seed-b-frontend/vite/deps/@angular_router.js","/home/alex/dev/Bachelor/bmad-vergleichsstudie/.lizard-tmp-WOSzIR/code/seed-b-frontend/.angular/cache/22.1.3/seed-b-frontend/vite/deps/@angular_router.js","defaultErrorFactory","defaultErrorFactory ( )",220,222
3,1,17,2,3,"(anonymous)@228-230@/home/alex/dev/Bachelor/bmad-vergleichsstudie/.lizard-tmp-WOSzIR/code/seed-b-frontend/.angular/cache/22.1.3/seed-b-frontend/vite/deps/@angular_router.js","/home/alex/dev/Bachelor/bmad-vergleichsstudie/.lizard-tmp-WOSzIR/code/seed-b-frontend/.angular/cache/22.1.3/seed-b-frontend/vite/deps/@angular_router.js","(anonymous)","(anonymous) ( v , i )",228,230
5,3,48,1,7,"(anonymous)@227-233@/home/alex/dev/Bachelor/bmad-vergleichsstudie/.lizard-tmp-WOSzIR/code/seed-b-frontend/.angular/cache/22.1.3/seed-b-frontend/vite/deps/@angular_router.js","/home/alex/dev/Bachelor/bmad-vergleichsstudie/.lizard-tmp-WOSzIR/code/seed-b-frontend/.angular/cache/22.1.3/seed-b-frontend/vite/deps/@angular_router.js","(anonymous)","(anonymous) ( source )",227,233
4,1,20,2,10,"first@225-234@/home/alex/dev/Bachelor/bmad-vergleichsstudie/.lizard-tmp-WOSzIR/code/seed-b-frontend/.angular/cache/22.1.3/seed-b-frontend/vite/deps/@angular_router.js","/home/alex/dev/Bachelor/bmad-vergleichsstudie/.lizard-tmp-WOSzIR/code/seed-b-frontend/.angular/cache/22.1.3/seed-b-frontend/vite/deps/@angular_router.js","first","first ( predicate , defaultValue )",225,234
3,1,7,0,3,"(anonymous)@238-240@/home/alex/dev/Bachelor/bmad-vergleichsstudie/.lizard-tmp-WOSzIR/code/seed-b-frontend/.angular/cache/22.1.3/seed-b-frontend/vite/deps/@angular_router.js","/home/alex/dev/Bachelor/bmad-vergleichsstudie/.lizard-tmp-WOSzIR/code/seed-b-frontend/.angular/cache/22.1.3/seed-b-frontend/vite/deps/@angular_router.js","(anonymous)","(anonymous) ( )",238,240
28,9,203,1,30,"takeLast@237-266@/home/alex/dev/Bachelor/bmad-vergleichsstudie/.lizard-tmp-WOSzIR/code/seed-b-frontend/.angular/cache/22.1.3/seed-b-frontend/vite/deps/@angular_router.js","/home/alex/dev/Bachelor/bmad-vergleichsstudie/.lizard-tmp-WOSzIR/code/seed-b-frontend/.angular/cache/22.1.3/seed-b-frontend/vite/deps/@angular_router.js","takeLast","takeLast ( count )",237,266
3,2,32,2,3,"(anonymous)@273-275@/home/alex/dev/Bachelor/bmad-vergleichsstudie/.lizard-tmp-WOSzIR/code/seed-b-frontend/.angular/cache/22.1.3/seed-b-frontend/vite/deps/@angular_router.js","/home/alex/dev/Bachelor/bmad-vergleichsstudie/.lizard-tmp-WOSzIR/code/seed-b-frontend/.angular/cache/22.1.3/seed-b-frontend/vite/deps/@angular_router.js","(anonymous)","(anonymous) ( source , subscriber )",273,275
6,2,51,0,8,"startWith@269-276@/home/alex/dev/Bachelor/bmad-vergleichsstudie/.lizard-tmp-WOSzIR/code/seed-b-frontend/.angular/cache/22.1.3/seed-b-frontend/vite/deps/@angular_router.js","/home/alex/dev/Bachelor/bmad-vergleichsstudie/.lizard-tmp-WOSzIR/code/seed-b-frontend/.angular/cache/22.1.3/seed-b-frontend/vite/deps/@angular_router.js","startWith","startWith ( )",269,276
3,1,11,0,3,"(anonymous)@281-283@/home/alex/dev/Bachelor/bmad-vergleichsstudie/.lizard-tmp-WOSzIR/code/seed-b-frontend/.angular/cache/22.1.3/seed-b-frontend/vite/deps/@angular_router.js","/home/alex/dev/Bachelor/bmad-vergleichsstudie/.lizard-tmp-WOSzIR/code/seed-b-frontend/.angular/cache/22.1.3/seed-b-frontend/vite/deps/@angular_router.js","(anonymous)","(anonymous) ( )",281,283
4,2,38,2,6,"(anonymous)@280-285@/home/alex/dev/Bachelor/bmad-vergleichsstudie/.lizard-tmp-WOSzIR/code/seed-b-frontend/.angular/cache/22.1.3/seed-b-frontend/vite/deps/@angular_router.js","/home/alex/dev/Bachelor/bmad-vergleichsstudie/.lizard-tmp-WOSzIR/code/seed-b-frontend/.angular/cache/22.1.3/seed-b-frontend/vite/deps/@angular_router.js","(anonymous)","(anonymous) ( source , subscriber )",280,285
3,1,12,1,8,"takeUntil@279-286@/home/alex/dev/Bachelor/bmad-vergleichsstudie/.lizard-tmp-WOSzIR/code/seed-b-frontend/.angular/cache/22.1.3/seed-b-frontend/vite/deps/@angular_router.js","/home/alex/dev/Bachelor/bmad-vergleichsstudie/.lizard-tmp-WOSzIR/code/seed-b-frontend/.angular/cache/22.1.3/seed-b-frontend/vite/deps/@angular_router.js","takeUntil","takeUntil ( notifier )",279,286
5,3,39,1,5,"(anonymous)@299-303@/home/alex/dev/Bachelor/bmad-vergleichsstudie/.lizard-tmp-WOSzIR/code/seed-b-frontend/.angular/cache/22.1.3/seed-b-frontend/vite/deps/@angular_router.js","/home/alex/dev/Bachelor/bmad-vergleichsstudie/.lizard-tmp-WOSzIR/code/seed-b-frontend/.angular/cache/22.1.3/seed-b-frontend/vite/deps/@angular_router.js","(anonymous)","(anonymous) ( value )",299,303
6,3,39,0,6,"(anonymous)@303-308@/home/alex/dev/Bachelor/bmad-vergleichsstudie/.lizard-tmp-WOSzIR/code/seed-b-frontend/.angular/cache/22.1.3/seed-b-frontend/vite/deps/@angular_router.js","/home/alex/dev/Bachelor/bmad-vergleichsstudie/.lizard-tmp-WOSzIR/code/seed-b-frontend/.angular/cache/22.1.3/seed-b-frontend/vite/deps/@angular_router.js","(anonymous)","(anonymous) ( )",303,308
6,3,43,1,6,"(anonymous)@308-313@/home/alex/dev/Bachelor/bmad-vergleichsstudie/.lizard-tmp-WOSzIR/code/seed-b-frontend/.angular/cache/22.1.3/seed-b-frontend/vite/deps/@angular_router.js","/home/alex/dev/Bachelor/bmad-vergleichsstudie/.lizard-tmp-WOSzIR/code/seed-b-frontend/.angular/cache/22.1.3/seed-b-frontend/vite/deps/@angular_router.js","(anonymous)","(anonymous) ( err )",308,313
5,6,57,0,5,"(anonymous)@313-317@/home/alex/dev/Bachelor/bmad-vergleichsstudie/.lizard-tmp-WOSzIR/code/seed-b-frontend/.angular/cache/22.1.3/seed-b-frontend/vite/deps/@angular_router.js","/home/alex/dev/Bachelor/bmad-vergleichsstudie/.lizard-tmp-WOSzIR/code/seed-b-frontend/.angular/cache/22.1.3/seed-b-frontend/vite/deps/@angular_router.js","(anonymous)","(anonymous) ( )",313,317
6,3,59,2,24,"(anonymous)@295-318@/home/alex/dev/Bachelor/bmad-vergleichsstudie/.lizard-tmp-WOSzIR/code/seed-b-frontend/.angular/cache/22.1.3/seed-b-frontend/vite/deps/@angular_router.js","/home/alex/dev/Bachelor/bmad-vergleichsstudie/.lizard-tmp-WOSzIR/code/seed-b-frontend/.angular/cache/22.1.3/seed-b-frontend/vite/deps/@angular_router.js","(anonymous)","(anonymous) ( source , subscriber )",295,318
8,5,45,3,31,"tap@289-319@/home/alex/dev/Bachelor/bmad-vergleichsstudie/.lizard-tmp-WOSzIR/code/seed-b-frontend/.angular/cache/22.1.3/seed-b-frontend/vite/deps/@angular_router.js","/home/alex/dev/Bachelor/bmad-vergleichsstudie/.lizard-tmp-WOSzIR/code/seed-b-frontend/.angular/cache/22.1.3/seed-b-frontend/vite/deps/@angular_router.js","tap","tap ( observerOrNext , error , complete )",289,319
3,2,14,1,3,"constructor@331-333@/home/alex/dev/Bachelor/bmad-vergleichsstudie/.lizard-tmp-WOSzIR/code/seed-b-frontend/.angular/cache/22.1.3/seed-b-frontend/vite/deps/@angular_router.js","/home/alex/dev/Bachelor/bmad-vergleichsstudie/.lizard-tmp-WOSzIR/code/seed-b-frontend/.angular/cache/22.1.3/seed-b-frontend/vite/deps/@angular_router.js","constructor","constructor ( params )",331,333
3,1,21,1,3,"has@334-336@/home/alex/dev/Bachelor/bmad-vergleichsstudie/.lizard-tmp-WOSzIR/code/seed-b-frontend/.angular/cache/22.1.3/seed-b-frontend/vite/deps/@angular_router.js","/home/alex/dev/Bachelor/bmad-vergleichsstudie/.lizard-tmp-WOSzIR/code/seed-b-frontend/.angular/cache/22.1.3/seed-b-frontend/vite/deps/@angular_router.js","has","has ( name )",334,336
3,1,12,1,3,"convertToParamMap@355-357@/home/alex/dev/Bachelor/bmad-vergleichsstudie/.lizard-tmp-WOSzIR/code/seed-b-frontend/.angular/cache/22.1.3/seed-b-frontend/vite/deps/@angular_router.js","/home/alex/dev/Bachelor/bmad-vergleichsstudie/.lizard-tmp-WOSzIR/code/seed-b-frontend/.angular/cache/22.1.3/seed-b-frontend/vite/deps/@angular_router.js","convertToParamMap","convertToParamMap ( params )",355,357
9,4,79,3,9,"matchParts@358-366@/home/alex/dev/Bachelor/bmad-vergleichsstudie/.lizard-tmp-WOSzIR/code/seed-b-frontend/.angular/cache/22.1.3/seed-b-frontend/vite/deps/@angular_router.js","/home/alex/dev/Bachelor/bmad-vergleichsstudie/.lizard-tmp-WOSzIR/code/seed-b-frontend/.angular/cache/22.1.3/seed-b-frontend/vite/deps/@angular_router.js","matchParts","matchParts ( routeParts , urlSegments , posParams )",358,366
27,14,265,3,27,"defaultUrlMatcher@367-393@/home/alex/dev/Bachelor/bmad-vergleichsstudie/.lizard-tmp-WOSzIR/code/seed-b-frontend/.angular/cache/22.1.3/seed-b-frontend/vite/deps/@angular_router.js","/home/alex/dev/Bachelor/bmad-vergleichsstudie/.lizard-tmp-WOSzIR/code/seed-b-frontend/.angular/cache/22.1.3/seed-b-frontend/vite/deps/@angular_router.js","defaultUrlMatcher","defaultUrlMatcher ( segments , segmentGroup , route )",367,393
2,1,10,1,2,"next@397-398@/home/alex/dev/Bachelor/bmad-vergleichsstudie/.lizard-tmp-WOSzIR/code/seed-b-frontend/.angular/cache/22.1.3/seed-b-frontend/vite/deps/@angular_router.js","/home/alex/dev/Bachelor/bmad-vergleichsstudie/.lizard-tmp-WOSzIR/code/seed-b-frontend/.angular/cache/22.1.3/seed-b-frontend/vite/deps/@angular_router.js","next","next ( value )",397,398
2,1,9,1,2,"error@398-399@/home/alex/dev/Bachelor/bmad-vergleichsstudie/.lizard-tmp-WOSzIR/code/seed-b-frontend/.angular/cache/22.1.3/seed-b-frontend/vite/deps/@angular_router.js","/home/alex/dev/Bachelor/bmad-vergleichsstudie/.lizard-tmp-WOSzIR/code/seed-b-frontend/.angular/cache/22.1.3/seed-b-frontend/vite/deps/@angular_router.js","error","error ( err )",398,399
4,1,21,0,6,"(anonymous)@395-400@/home/alex/dev/Bachelor/bmad-vergleichsstudie/.lizard-tmp-WOSzIR/code/seed-b-frontend/.angular/cache/22.1.3/seed-b-frontend/vite/deps/@angular_router.js","/home/alex/dev/Bachelor/bmad-vergleichsstudie/.lizard-tmp-WOSzIR/code/seed-b-frontend/.angular/cache/22.1.3/seed-b-frontend/vite/deps/@angular_router.js","(anonymous)","(anonymous)",395,400
3,1,18,1,8,"firstValueFrom@394-401@/home/alex/dev/Bachelor/bmad-vergleichsstudie/.lizard-tmp-WOSzIR/code/seed-b-frontend/.angular/cache/22.1.3/seed-b-frontend/vite/deps/@angular_router.js","/home/alex/dev/Bachelor/bmad-vergleichsstudie/.lizard-tmp-WOSzIR/code/seed-b-frontend/.angular/cache/22.1.3/seed-b-frontend/vite/deps/@angular_router.js","firstValueFrom","firstValueFrom ( source )",394,401
5,4,58,2,5,"shallowEqualArrays@402-406@/home/alex/dev/Bachelor/bmad-vergleichsstudie/.lizard-tmp-WOSzIR/code/seed-b-frontend/.angular/cache/22.1.3/seed-b-frontend/vite/deps/@angular_router.js","/home/alex/dev/Bachelor/bmad-vergleichsstudie/.lizard-tmp-WOSzIR/code/seed-b-frontend/.angular/cache/22.1.3/seed-b-frontend/vite/deps/@angular_router.js","shallowEqualArrays","shallowEqualArrays ( a , b )",402,406
11,8,102,2,11,"shallowEqual@407-417@/home/alex/dev/Bachelor/bmad-vergleichsstudie/.lizard-tmp-WOSzIR/code/seed-b-frontend/.angular/cache/22.1.3/seed-b-frontend/vite/deps/@angular_router.js","/home/alex/dev/Bachelor/bmad-vergleichsstudie/.lizard-tmp-WOSzIR/code/seed-b-frontend/.angular/cache/22.1.3/seed-b-frontend/vite/deps/@angular_router.js","shallowEqual","shallowEqual ( a , b )",407,417
3,1,24,1,3,"getDataKeys@418-420@/home/alex/dev/Bachelor/bmad-vergleichsstudie/.lizard-tmp-WOSzIR/code/seed-b-frontend/.angular/cache/22.1.3/seed-b-frontend/vite/deps/@angular_router.js","/home/alex/dev/Bachelor/bmad-vergleichsstudie/.lizard-tmp-WOSzIR/code/seed-b-frontend/.angular/cache/22.1.3/seed-b-frontend/vite/deps/@angular_router.js","getDataKeys","getDataKeys ( obj )",418,420
1,1,7,0,1,"(anonymous)@426-426@/home/alex/dev/Bachelor/bmad-vergleichsstudie/.lizard-tmp-WOSzIR/code/seed-b-frontend/.angular/cache/22.1.3/seed-b-frontend/vite/deps/@angular_router.js","/home/alex/dev/Bachelor/bmad-vergleichsstudie/.lizard-tmp-WOSzIR/code/seed-b-frontend/.angular/cache/22.1.3/seed-b-frontend/vite/deps/@angular_router.js","(anonymous)","(anonymous)",426,426
8,4,81,2,8,"equalArraysOrString@421-428@/home/alex/dev/Bachelor/bmad-vergleichsstudie/.lizard-tmp-WOSzIR/code/seed-b-frontend/.angular/cache/22.1.3/seed-b-frontend/vite/deps/@angular_router.js","/home/alex/dev/Bachelor/bmad-vergleichsstudie/.lizard-tmp-WOSzIR/code/seed-b-frontend/.angular/cache/22.1.3/seed-b-frontend/vite/deps/@angular_router.js","equalArraysOrString","equalArraysOrString ( a , b )",421,428
3,2,23,1,3,"last@429-431@/home/alex/dev/Bachelor/bmad-vergleichsstudie/.lizard-tmp-WOSzIR/code/seed-b-frontend/.angular/cache/22.1.3/seed-b-frontend/vite/deps/@angular_router.js","/home/alex/dev/Bachelor/bmad-vergleichsstudie/.lizard-tmp-WOSzIR/code/seed-b-frontend/.angular/cache/22.1.3/seed-b-frontend/vite/deps/@angular_router.js","last","last ( a )",429,431
5,3,39,1,5,"wrapIntoObservable@432-436@/home/alex/dev/Bachelor/bmad-vergleichsstudie/.lizard-tmp-WOSzIR/code/seed-b-frontend/.angular/cache/22.1.3/seed-b-frontend/vite/deps/@angular_router.js","/home/alex/dev/Bachelor/bmad-vergleichsstudie/.lizard-tmp-WOSzIR/code/seed-b-frontend/.angular/cache/22.1.3/seed-b-frontend/vite/deps/@angular_router.js","wrapIntoObservable","wrapIntoObservable ( value )",432,436
4,2,26,1,4,"wrapIntoPromise@437-440@/home/alex/dev/Bachelor/bmad-vergleichsstudie/.lizard-tmp-WOSzIR/code/seed-b-frontend/.angular/cache/22.1.3/seed-b-frontend/vite/deps/@angular_router.js","/home/alex/dev/Bachelor/bmad-vergleichsstudie/.lizard-tmp-WOSzIR/code/seed-b-frontend/.angular/cache/22.1.3/seed-b-frontend/vite/deps/@angular_router.js","wrapIntoPromise","wrapIntoPromise ( value )",437,440
2,1,2,0,2,"(anonymous)@448-449@/home/alex/dev/Bachelor/bmad-vergleichsstudie/.lizard-tmp-WOSzIR/code/seed-b-frontend/.angular/cache/22.1.3/seed-b-frontend/vite/deps/@angular_router.js","/home/alex/dev/Bachelor/bmad-vergleichsstudie/.lizard-tmp-WOSzIR/code/seed-b-frontend/.angular/cache/22.1.3/seed-b-frontend/vite/deps/@angular_router.js","(anonymous)","(anonymous)",448,449
4,4,28,0,4,"(anonymous)@464-467@/home/alex/dev/Bachelor/bmad-vergleichsstudie/.lizard-tmp-WOSzIR/code/seed-b-frontend/.angular/cache/22.1.3/seed-b-frontend/vite/deps/@angular_router.js","/home/alex/dev/Bachelor/bmad-vergleichsstudie/.lizard-tmp-WOSzIR/code/seed-b-frontend/.angular/cache/22.1.3/seed-b-frontend/vite/deps/@angular_router.js","(anonymous)","(anonymous)",464,467
4,2,33,3,7,"isActive@462-468@/home/alex/dev/Bachelor/bmad-vergleichsstudie/.lizard-tmp-WOSzIR/code/seed-b-frontend/.angular/cache/22.1.3/seed-b-frontend/vite/deps/@angular_router.js","/home/alex/dev/Bachelor/bmad-vergleichsstudie/.lizard-tmp-WOSzIR/code/seed-b-frontend/.angular/cache/22.1.3/seed-b-frontend/vite/deps/@angular_router.js","isActive","isActive ( url , router , matchOptions )",462,468
3,4,63,3,3,"containsTree@469-471@/home/alex/dev/Bachelor/bmad-vergleichsstudie/.lizard-tmp-WOSzIR/code/seed-b-frontend/.angular/cache/22.1.3/seed-b-frontend/vite/deps/@angular_router.js","/home/alex/dev/Bachelor/bmad-vergleichsstudie/.lizard-tmp-WOSzIR/code/seed-b-frontend/.angular/cache/22.1.3/seed-b-frontend/vite/deps/@angular_router.js","containsTree","containsTree ( container , containee , options )",469,471
3,1,15,2,3,"equalParams@472-474@/home/alex/dev/Bachelor/bmad-vergleichsstudie/.lizard-tmp-WOSzIR/code/seed-b-frontend/.angular/cache/22.1.3/seed-b-frontend/vite/deps/@angular_router.js","/home/alex/dev/Bachelor/bmad-vergleichsstudie/.lizard-tmp-WOSzIR/code/seed-b-frontend/.angular/cache/22.1.3/seed-b-frontend/vite/deps/@angular_router.js","equalParams","equalParams ( container , containee )",472,474
10,7,110,3,10,"equalSegmentGroups@475-484@/home/alex/dev/Bachelor/bmad-vergleichsstudie/.lizard-tmp-WOSzIR/code/seed-b-frontend/.angular/cache/22.1.3/seed-b-frontend/vite/deps/@angular_router.js","/home/alex/dev/Bachelor/bmad-vergleichsstudie/.lizard-tmp-WOSzIR/code/seed-b-frontend/.angular/cache/22.1.3/seed-b-frontend/vite/deps/@angular_router.js","equalSegmentGroups","equalSegmentGroups ( container , containee , matrixParams )",475,484
1,1,13,0,1,"(anonymous)@486-486@/home/alex/dev/Bachelor/bmad-vergleichsstudie/.lizard-tmp-WOSzIR/code/seed-b-frontend/.angular/cache/22.1.3/seed-b-frontend/vite/deps/@angular_router.js","/home/alex/dev/Bachelor/bmad-vergleichsstudie/.lizard-tmp-WOSzIR/code/seed-b-frontend/.angular/cache/22.1.3/seed-b-frontend/vite/deps/@angular_router.js","(anonymous)","(anonymous)",486,486
3,2,41,2,3,"containsParams@485-487@/home/alex/dev/Bachelor/bmad-vergleichsstudie/.lizard-tmp-WOSzIR/code/seed-b-frontend/.angular/cache/22.1.3/seed-b-frontend/vite/deps/@angular_router.js","/home/alex/dev/Bachelor/bmad-vergleichsstudie/.lizard-tmp-WOSzIR/code/seed-b-frontend/.angular/cache/22.1.3/seed-b-frontend/vite/deps/@angular_router.js","containsParams","containsParams ( container , containee )",485,487
3,1,23,3,3,"containsSegmentGroup@488-490@/home/alex/dev/Bachelor/bmad-vergleichsstudie/.lizard-tmp-WOSzIR/code/seed-b-frontend/.angular/cache/22.1.3/seed-b-frontend/vite/deps/@angular_router.js","/home/alex/dev/Bachelor/bmad-vergleichsstudie/.lizard-tmp-WOSzIR/code/seed-b-frontend/.angular/cache/22.1.3/seed-b-frontend/vite/deps/@angular_router.js","containsSegmentGroup","containsSegmentGroup ( container , containee , matrixParams )",488,490
24,14,277,4,24,"containsSegmentGroupHelper@491-514@/home/alex/dev/Bachelor/bmad-vergleichsstudie/.lizard-tmp-WOSzIR/code/seed-b-frontend/.angular/cache/22.1.3/seed-b-frontend/vite/deps/@angular_router.js","/home/alex/dev/Bachelor/bmad-vergleichsstudie/.lizard-tmp-WOSzIR/code/seed-b-frontend/.angular/cache/22.1.3/seed-b-frontend/vite/deps/@angular_router.js","containsSegmentGroupHelper","containsSegmentGroupHelper ( container , containee , containeePaths , matrixParams )",491,514
3,1,20,0,3,"(anonymous)@516-518@/home/alex/dev/Bachelor/bmad-vergleichsstudie/.lizard-tmp-WOSzIR/code/seed-b-frontend/.angular/cache/22.1.3/seed-b-frontend/vite/deps/@angular_router.js","/home/alex/dev/Bachelor/bmad-vergleichsstudie/.lizard-tmp-WOSzIR/code/seed-b-frontend/.angular/cache/22.1.3/seed-b-frontend/vite/deps/@angular_router.js","(anonymous)","(anonymous)",516,518
3,1,23,3,5,"matrixParamsMatch@515-519@/home/alex/dev/Bachelor/bmad-vergleichsstudie/.lizard-tmp-WOSzIR/code/seed-b-frontend/.angular/cache/22.1.3/seed-b-frontend/vite/deps/@angular_router.js","/home/alex/dev/Bachelor/bmad-vergleichsstudie/.lizard-tmp-WOSzIR/code/seed-b-frontend/.angular/cache/22.1.3/seed-b-frontend/vite/deps/@angular_router.js","matrixParamsMatch","matrixParamsMatch ( containerPaths , containeePaths , options )",515,519
1,1,6,0,1,"(anonymous)@548-548@/home/alex/dev/Bachelor/bmad-vergleichsstudie/.lizard-tmp-WOSzIR/code/seed-b-frontend/.angular/cache/22.1.3/seed-b-frontend/vite/deps/@angular_router.js","/home/alex/dev/Bachelor/bmad-vergleichsstudie/.lizard-tmp-WOSzIR/code/seed-b-frontend/.angular/cache/22.1.3/seed-b-frontend/vite/deps/@angular_router.js","(anonymous)","(anonymous)",548,548
5,1,34,2,5,"constructor@545-549@/home/alex/dev/Bachelor/bmad-vergleichsstudie/.lizard-tmp-WOSzIR/code/seed-b-frontend/.angular/cache/22.1.3/seed-b-frontend/vite/deps/@angular_router.js","/home/alex/dev/Bachelor/bmad-vergleichsstudie/.lizard-tmp-WOSzIR/code/seed-b-frontend/.angular/cache/22.1.3/seed-b-frontend/vite/deps/@angular_router.js","constructor","constructor ( segments , children )",545,549
3,1,11,0,3,"hasChildren@550-552@/home/alex/dev/Bachelor/bmad-vergleichsstudie/.lizard-tmp-WOSzIR/code/seed-b-frontend/.angular/cache/22.1.3/seed-b-frontend/vite/deps/@angular_router.js","/home/alex/dev/Bachelor/bmad-vergleichsstudie/.lizard-tmp-WOSzIR/code/seed-b-frontend/.angular/cache/22.1.3/seed-b-frontend/vite/deps/@angular_router.js","hasChildren","hasChildren ( )",550,552
3,1,16,0,3,"get numberOfChildren@553-555@/home/alex/dev/Bachelor/bmad-vergleichsstudie/.lizard-tmp-WOSzIR/code/seed-b-frontend/.angular/cache/22.1.3/seed-b-frontend/vite/deps/@angular_router.js","/home/alex/dev/Bachelor/bmad-vergleichsstudie/.lizard-tmp-WOSzIR/code/seed-b-frontend/.angular/cache/22.1.3/seed-b-frontend/vite/deps/@angular_router.js","get numberOfChildren","get numberOfChildren ( )",553,555
3,1,10,0,3,"toString@556-558@/home/alex/dev/Bachelor/bmad-vergleichsstudie/.lizard-tmp-WOSzIR/code/seed-b-frontend/.angular/cache/22.1.3/seed-b-frontend/vite/deps/@angular_router.js","/home/alex/dev/Bachelor/bmad-vergleichsstudie/.lizard-tmp-WOSzIR/code/seed-b-frontend/.angular/cache/22.1.3/seed-b-frontend/vite/deps/@angular_router.js","toString","toString ( )",556,558
4,1,19,2,4,"constructor@564-567@/home/alex/dev/Bachelor/bmad-vergleichsstudie/.lizard-tmp-WOSzIR/code/seed-b-frontend/.angular/cache/22.1.3/seed-b-frontend/vite/deps/@angular_router.js","/home/alex/dev/Bachelor/bmad-vergleichsstudie/.lizard-tmp-WOSzIR/code/seed-b-frontend/.angular/cache/22.1.3/seed-b-frontend/vite/deps/@angular_router.js","constructor","constructor ( path , parameters )",564,567
4,3,22,0,4,"get parameterMap@568-571@/home/alex/dev/Bachelor/bmad-vergleichsstudie/.lizard-tmp-WOSzIR/code/seed-b-frontend/.angular/cache/22.1.3/seed-b-frontend/vite/deps/@angular_router.js","/home/alex/dev/Bachelor/bmad-vergleichsstudie/.lizard-tmp-WOSzIR/code/seed-b-frontend/.angular/cache/22.1.3/seed-b-frontend/vite/deps/@angular_router.js","get parameterMap","get parameterMap ( )",568,571
3,1,10,0,3,"toString@572-574@/home/alex/dev/Bachelor/bmad-vergleichsstudie/.lizard-tmp-WOSzIR/code/seed-b-frontend/.angular/cache/22.1.3/seed-b-frontend/vite/deps/@angular_router.js","/home/alex/dev/Bachelor/bmad-vergleichsstudie/.lizard-tmp-WOSzIR/code/seed-b-frontend/.angular/cache/22.1.3/seed-b-frontend/vite/deps/@angular_router.js","toString","toString ( )",572,574
1,1,14,0,1,"(anonymous)@577-577@/home/alex/dev/Bachelor/bmad-vergleichsstudie/.lizard-tmp-WOSzIR/code/seed-b-frontend/.angular/cache/22.1.3/seed-b-frontend/vite/deps/@angular_router.js","/home/alex/dev/Bachelor/bmad-vergleichsstudie/.lizard-tmp-WOSzIR/code/seed-b-frontend/.angular/cache/22.1.3/seed-b-frontend/vite/deps/@angular_router.js","(anonymous)","(anonymous)",577,577
3,2,27,2,3,"equalSegments@576-578@/home/alex/dev/Bachelor/bmad-vergleichsstudie/.lizard-tmp-WOSzIR/code/seed-b-frontend/.angular/cache/22.1.3/seed-b-frontend/vite/deps/@angular_router.js","/home/alex/dev/Bachelor/bmad-vergleichsstudie/.lizard-tmp-WOSzIR/code/seed-b-frontend/.angular/cache/22.1.3/seed-b-frontend/vite/deps/@angular_router.js","equalSegments","equalSegments ( as , bs )",576,578
1,1,11,0,1,"(anonymous)@581-581@/home/alex/dev/Bachelor/bmad-vergleichsstudie/.lizard-tmp-WOSzIR/code/seed-b-frontend/.angular/cache/22.1.3/seed-b-frontend/vite/deps/@angular_router.js","/home/alex/dev/Bachelor/bmad-vergleichsstudie/.lizard-tmp-WOSzIR/code/seed-b-frontend/.angular/cache/22.1.3/seed-b-frontend/vite/deps/@angular_router.js","(anonymous)","(anonymous)",581,581
4,2,33,2,4,"equalPath@579-582@/home/alex/dev/Bachelor/bmad-vergleichsstudie/.lizard-tmp-WOSzIR/code/seed-b-frontend/.angular/cache/22.1.3/seed-b-frontend/vite/deps/@angular_router.js","/home/alex/dev/Bachelor/bmad-vergleichsstudie/.lizard-tmp-WOSzIR/code/seed-b-frontend/.angular/cache/22.1.3/seed-b-frontend/vite/deps/@angular_router.js","equalPath","equalPath ( as , bs )",579,582
3,2,22,0,3,"(anonymous)@585-587@/home/alex/dev/Bachelor/bmad-vergleichsstudie/.lizard-tmp-WOSzIR/code/seed-b-frontend/.angular/cache/22.1.3/seed-b-frontend/vite/deps/@angular_router.js","/home/alex/dev/Bachelor/bmad-vergleichsstudie/.lizard-tmp-WOSzIR/code/seed-b-frontend/.angular/cache/22.1.3/seed-b-frontend/vite/deps/@angular_router.js","(anonymous)","(anonymous)",585,587
3,2,22,0,3,"(anonymous)@588-590@/home/alex/dev/Bachelor/bmad-vergleichsstudie/.lizard-tmp-WOSzIR/code/seed-b-frontend/.angular/cache/22.1.3/seed-b-frontend/vite/deps/@angular_router.js","/home/alex/dev/Bachelor/bmad-vergleichsstudie/.lizard-tmp-WOSzIR/code/seed-b-frontend/.angular/cache/22.1.3/seed-b-frontend/vite/deps/@angular_router.js","(anonymous)","(anonymous)",588,590
6,1,60,2,10,"mapChildrenIntoArray@583-592@/home/alex/dev/Bachelor/bmad-vergleichsstudie/.lizard-tmp-WOSzIR/code/seed-b-frontend/.angular/cache/22.1.3/seed-b-frontend/vite/deps/@angular_router.js","/home/alex/dev/Bachelor/bmad-vergleichsstudie/.lizard-tmp-WOSzIR/code/seed-b-frontend/.angular/cache/22.1.3/seed-b-frontend/vite/deps/@angular_router.js","mapChildrenIntoArray","mapChildrenIntoArray ( segment , fn )",583,592
3,2,15,0,3,"UrlSerializer_Factory@594-596@/home/alex/dev/Bachelor/bmad-vergleichsstudie/.lizard-tmp-WOSzIR/code/seed-b-frontend/.angular/cache/22.1.3/seed-b-frontend/vite/deps/@angular_router.js","/home/alex/dev/Bachelor/bmad-vergleichsstudie/.lizard-tmp-WOSzIR/code/seed-b-frontend/.angular/cache/22.1.3/seed-b-frontend/vite/deps/@angular_router.js","UrlSerializer_Factory","UrlSerializer_Factory ( )",594,596
3,1,20,2,3,"ɵɵdefineService@597-599@/home/alex/dev/Bachelor/bmad-vergleichsstudie/.lizard-tmp-WOSzIR/code/seed-b-frontend/.angular/cache/22.1.3/seed-b-frontend/vite/deps/@angular_router.js","/home/alex/dev/Bachelor/bmad-vergleichsstudie/.lizard-tmp-WOSzIR/code/seed-b-frontend/.angular/cache/22.1.3/seed-b-frontend/vite/deps/@angular_router.js","ɵɵdefineService","ɵɵdefineService ( token UrlSerializer , factory ( ) ( ( )",597,599
6,3,44,0,6,"(anonymous)@602-607@/home/alex/dev/Bachelor/bmad-vergleichsstudie/.lizard-tmp-WOSzIR/code/seed-b-frontend/.angular/cache/22.1.3/seed-b-frontend/vite/deps/@angular_router.js","/home/alex/dev/Bachelor/bmad-vergleichsstudie/.lizard-tmp-WOSzIR/code/seed-b-frontend/.angular/cache/22.1.3/seed-b-frontend/vite/deps/@angular_router.js","(anonymous)","(anonymous)",602,607
4,1,37,1,4,"parse@609-612@/home/alex/dev/Bachelor/bmad-vergleichsstudie/.lizard-tmp-WOSzIR/code/seed-b-frontend/.angular/cache/22.1.3/seed-b-frontend/vite/deps/@angular_router.js","/home/alex/dev/Bachelor/bmad-vergleichsstudie/.lizard-tmp-WOSzIR/code/seed-b-frontend/.angular/cache/22.1.3/seed-b-frontend/vite/deps/@angular_router.js","parse","parse ( url )",609,612
2,1,25,1,2,"serialize@613-614@/home/alex/dev/Bachelor/bmad-vergleichsstudie/.lizard-tmp-WOSzIR/code/seed-b-frontend/.angular/cache/22.1.3/seed-b-frontend/vite/deps/@angular_router.js","/home/alex/dev/Bachelor/bmad-vergleichsstudie/.lizard-tmp-WOSzIR/code/seed-b-frontend/.angular/cache/22.1.3/seed-b-frontend/vite/deps/@angular_router.js","serialize","serialize ( tree )",613,614
1,1,5,0,1,"(anonymous)@619-619@/home/alex/dev/Bachelor/bmad-vergleichsstudie/.lizard-tmp-WOSzIR/code/seed-b-frontend/.angular/cache/22.1.3/seed-b-frontend/vite/deps/@angular_router.js","/home/alex/dev/Bachelor/bmad-vergleichsstudie/.lizard-tmp-WOSzIR/code/seed-b-frontend/.angular/cache/22.1.3/seed-b-frontend/vite/deps/@angular_router.js","(anonymous)","(anonymous)",619,619
3,1,23,1,3,"serializePaths@618-620@/home/alex/dev/Bachelor/bmad-vergleichsstudie/.lizard-tmp-WOSzIR/code/seed-b-frontend/.angular/cache/22.1.3/seed-b-frontend/vite/deps/@angular_router.js","/home/alex/dev/Bachelor/bmad-vergleichsstudie/.lizard-tmp-WOSzIR/code/seed-b-frontend/.angular/cache/22.1.3/seed-b-frontend/vite/deps/@angular_router.js","serializePaths","serializePaths ( segment )",618,620
3,2,23,0,3,"(anonymous)@626-628@/home/alex/dev/Bachelor/bmad-vergleichsstudie/.lizard-tmp-WOSzIR/code/seed-b-frontend/.angular/cache/22.1.3/seed-b-frontend/vite/deps/@angular_router.js","/home/alex/dev/Bachelor/bmad-vergleichsstudie/.lizard-tmp-WOSzIR/code/seed-b-frontend/.angular/cache/22.1.3/seed-b-frontend/vite/deps/@angular_router.js","(anonymous)","(anonymous)",626,628
4,2,36,0,4,"(anonymous)@631-634@/home/alex/dev/Bachelor/bmad-vergleichsstudie/.lizard-tmp-WOSzIR/code/seed-b-frontend/.angular/cache/22.1.3/seed-b-frontend/vite/deps/@angular_router.js","/home/alex/dev/Bachelor/bmad-vergleichsstudie/.lizard-tmp-WOSzIR/code/seed-b-frontend/.angular/cache/22.1.3/seed-b-frontend/vite/deps/@angular_router.js","(anonymous)","(anonymous)",631,634
13,7,166,2,18,"serializeSegment@621-638@/home/alex/dev/Bachelor/bmad-vergleichsstudie/.lizard-tmp-WOSzIR/code/seed-b-frontend/.angular/cache/22.1.3/seed-b-frontend/vite/deps/@angular_router.js","/home/alex/dev/Bachelor/bmad-vergleichsstudie/.lizard-tmp-WOSzIR/code/seed-b-frontend/.angular/cache/22.1.3/seed-b-frontend/vite/deps/@angular_router.js","serializeSegment","serializeSegment ( segment , root )",621,638
3,1,35,1,3,"encodeUriString@639-641@/home/alex/dev/Bachelor/bmad-vergleichsstudie/.lizard-tmp-WOSzIR/code/seed-b-frontend/.angular/cache/22.1.3/seed-b-frontend/vite/deps/@angular_router.js","/home/alex/dev/Bachelor/bmad-vergleichsstudie/.lizard-tmp-WOSzIR/code/seed-b-frontend/.angular/cache/22.1.3/seed-b-frontend/vite/deps/@angular_router.js","encodeUriString","encodeUriString ( s )",639,641
3,1,17,1,3,"encodeUriQuery@642-644@/home/alex/dev/Bachelor/bmad-vergleichsstudie/.lizard-tmp-WOSzIR/code/seed-b-frontend/.angular/cache/22.1.3/seed-b-frontend/vite/deps/@angular_router.js","/home/alex/dev/Bachelor/bmad-vergleichsstudie/.lizard-tmp-WOSzIR/code/seed-b-frontend/.angular/cache/22.1.3/seed-b-frontend/vite/deps/@angular_router.js","encodeUriQuery","encodeUriQuery ( s )",642,644
3,1,11,1,3,"encodeUriFragment@645-647@/home/alex/dev/Bachelor/bmad-vergleichsstudie/.lizard-tmp-WOSzIR/code/seed-b-frontend/.angular/cache/22.1.3/seed-b-frontend/vite/deps/@angular_router.js","/home/alex/dev/Bachelor/bmad-vergleichsstudie/.lizard-tmp-WOSzIR/code/seed-b-frontend/.angular/cache/22.1.3/seed-b-frontend/vite/deps/@angular_router.js","encodeUriFragment","encodeUriFragment ( s )",645,647
3,1,29,1,3,"encodeUriSegment@648-650@/home/alex/dev/Bachelor/bmad-vergleichsstudie/.lizard-tmp-WOSzIR/code/seed-b-frontend/.angular/cache/22.1.3/seed-b-frontend/vite/deps/@angular_router.js","/home/alex/dev/Bachelor/bmad-vergleichsstudie/.lizard-tmp-WOSzIR/code/seed-b-frontend/.angular/cache/22.1.3/seed-b-frontend/vite/deps/@angular_router.js","encodeUriSegment","encodeUriSegment ( s )",648,650
3,1,11,1,3,"decode@651-653@/home/alex/dev/Bachelor/bmad-vergleichsstudie/.lizard-tmp-WOSzIR/code/seed-b-frontend/.angular/cache/22.1.3/seed-b-frontend/vite/deps/@angular_router.js","/home/alex/dev/Bachelor/bmad-vergleichsstudie/.lizard-tmp-WOSzIR/code/seed-b-frontend/.angular/cache/22.1.3/seed-b-frontend/vite/deps/@angular_router.js","decode","decode ( s )",651,653
3,1,17,1,3,"decodeQuery@654-656@/home/alex/dev/Bachelor/bmad-vergleichsstudie/.lizard-tmp-WOSzIR/code/seed-b-frontend/.angular/cache/22.1.3/seed-b-frontend/vite/deps/@angular_router.js","/home/alex/dev/Bachelor/bmad-vergleichsstudie/.lizard-tmp-WOSzIR/code/seed-b-frontend/.angular/cache/22.1.3/seed-b-frontend/vite/deps/@angular_router.js","decodeQuery","decodeQuery ( s )",654,656
3,1,15,1,3,"serializePath@657-659@/home/alex/dev/Bachelor/bmad-vergleichsstudie/.lizard-tmp-WOSzIR/code/seed-b-frontend/.angular/cache/22.1.3/seed-b-frontend/vite/deps/@angular_router.js","/home/alex/dev/Bachelor/bmad-vergleichsstudie/.lizard-tmp-WOSzIR/code/seed-b-frontend/.angular/cache/22.1.3/seed-b-frontend/vite/deps/@angular_router.js","serializePath","serializePath ( path )",657,659
1,1,11,0,1,"(anonymous)@661-661@/home/alex/dev/Bachelor/bmad-vergleichsstudie/.lizard-tmp-WOSzIR/code/seed-b-frontend/.angular/cache/22.1.3/seed-b-frontend/vite/deps/@angular_router.js","/home/alex/dev/Bachelor/bmad-vergleichsstudie/.lizard-tmp-WOSzIR/code/seed-b-frontend/.angular/cache/22.1.3/seed-b-frontend/vite/deps/@angular_router.js","(anonymous)","(anonymous)",661,661
3,1,30,1,3,"serializeMatrixParams@660-662@/home/alex/dev/Bachelor/bmad-vergleichsstudie/.lizard-tmp-WOSzIR/code/seed-b-frontend/.angular/cache/22.1.3/seed-b-frontend/vite/deps/@angular_router.js","/home/alex/dev/Bachelor/bmad-vergleichsstudie/.lizard-tmp-WOSzIR/code/seed-b-frontend/.angular/cache/22.1.3/seed-b-frontend/vite/deps/@angular_router.js","serializeMatrixParams","serializeMatrixParams ( params )",660,662
1,1,10,0,1,"(anonymous)@665-665@/home/alex/dev/Bachelor/bmad-vergleichsstudie/.lizard-tmp-WOSzIR/code/seed-b-frontend/.angular/cache/22.1.3/seed-b-frontend/vite/deps/@angular_router.js","/home/alex/dev/Bachelor/bmad-vergleichsstudie/.lizard-tmp-WOSzIR/code/seed-b-frontend/.angular/cache/22.1.3/seed-b-frontend/vite/deps/@angular_router.js","(anonymous)","(anonymous)",665,665
3,2,35,0,3,"(anonymous)@664-666@/home/alex/dev/Bachelor/bmad-vergleichsstudie/.lizard-tmp-WOSzIR/code/seed-b-frontend/.angular/cache/22.1.3/seed-b-frontend/vite/deps/@angular_router.js","/home/alex/dev/Bachelor/bmad-vergleichsstudie/.lizard-tmp-WOSzIR/code/seed-b-frontend/.angular/cache/22.1.3/seed-b-frontend/vite/deps/@angular_router.js","(anonymous)","(anonymous)",664,666
1,1,2,0,1,"(anonymous)@666-666@/home/alex/dev/Bachelor/bmad-vergleichsstudie/.lizard-tmp-WOSzIR/code/seed-b-frontend/.angular/cache/22.1.3/seed-b-frontend/vite/deps/@angular_router.js","/home/alex/dev/Bachelor/bmad-vergleichsstudie/.lizard-tmp-WOSzIR/code/seed-b-frontend/.angular/cache/22.1.3/seed-b-frontend/vite/deps/@angular_router.js","(anonymous)","(anonymous)",666,666
4,2,50,1,6,"serializeQueryParams@663-668@/home/alex/dev/Bachelor/bmad-vergleichsstudie/.lizard-tmp-WOSzIR/code/seed-b-frontend/.angular/cache/22.1.3/seed-b-frontend/vite/deps/@angular_router.js","/home/alex/dev/Bachelor/bmad-vergleichsstudie/.lizard-tmp-WOSzIR/code/seed-b-frontend/.angular/cache/22.1.3/seed-b-frontend/vite/deps/@angular_router.js","serializeQueryParams","serializeQueryParams ( params )",663,668
4,2,25,1,4,"matchSegments@670-673@/home/alex/dev/Bachelor/bmad-vergleichsstudie/.lizard-tmp-WOSzIR/code/seed-b-frontend/.angular/cache/22.1.3/seed-b-frontend/vite/deps/@angular_router.js","/home/alex/dev/Bachelor/bmad-vergleichsstudie/.lizard-tmp-WOSzIR/code/seed-b-frontend/.angular/cache/22.1.3/seed-b-frontend/vite/deps/@angular_router.js","matchSegments","matchSegments ( str )",670,673
4,2,25,1,4,"matchMatrixKeySegments@675-678@/home/alex/dev/Bachelor/bmad-vergleichsstudie/.lizard-tmp-WOSzIR/code/seed-b-frontend/.angular/cache/22.1.3/seed-b-frontend/vite/deps/@angular_router.js","/home/alex/dev/Bachelor/bmad-vergleichsstudie/.lizard-tmp-WOSzIR/code/seed-b-frontend/.angular/cache/22.1.3/seed-b-frontend/vite/deps/@angular_router.js","matchMatrixKeySegments","matchMatrixKeySegments ( str )",675,678
4,2,25,1,4,"matchQueryParams@680-683@/home/alex/dev/Bachelor/bmad-vergleichsstudie/.lizard-tmp-WOSzIR/code/seed-b-frontend/.angular/cache/22.1.3/seed-b-frontend/vite/deps/@angular_router.js","/home/alex/dev/Bachelor/bmad-vergleichsstudie/.lizard-tmp-WOSzIR/code/seed-b-frontend/.angular/cache/22.1.3/seed-b-frontend/vite/deps/@angular_router.js","matchQueryParams","matchQueryParams ( str )",680,683
4,2,25,1,4,"matchUrlQueryParamValue@685-688@/home/alex/dev/Bachelor/bmad-vergleichsstudie/.lizard-tmp-WOSzIR/code/seed-b-frontend/.angular/cache/22.1.3/seed-b-frontend/vite/deps/@angular_router.js","/home/alex/dev/Bachelor/bmad-vergleichsstudie/.lizard-tmp-WOSzIR/code/seed-b-frontend/.angular/cache/22.1.3/seed-b-frontend/vite/deps/@angular_router.js","matchUrlQueryParamValue","matchUrlQueryParamValue ( str )",685,688
4,1,17,1,4,"constructor@692-695@/home/alex/dev/Bachelor/bmad-vergleichsstudie/.lizard-tmp-WOSzIR/code/seed-b-frontend/.angular/cache/22.1.3/seed-b-frontend/vite/deps/@angular_router.js","/home/alex/dev/Bachelor/bmad-vergleichsstudie/.lizard-tmp-WOSzIR/code/seed-b-frontend/.angular/cache/22.1.3/seed-b-frontend/vite/deps/@angular_router.js","constructor","constructor ( url )",692,695
5,5,61,0,5,"parseRootSegment@696-700@/home/alex/dev/Bachelor/bmad-vergleichsstudie/.lizard-tmp-WOSzIR/code/seed-b-frontend/.angular/cache/22.1.3/seed-b-frontend/vite/deps/@angular_router.js","/home/alex/dev/Bachelor/bmad-vergleichsstudie/.lizard-tmp-WOSzIR/code/seed-b-frontend/.angular/cache/22.1.3/seed-b-frontend/vite/deps/@angular_router.js","parseRootSegment","parseRootSegment ( )",696,700
7,3,40,0,7,"parseQueryParams@701-707@/home/alex/dev/Bachelor/bmad-vergleichsstudie/.lizard-tmp-WOSzIR/code/seed-b-frontend/.angular/cache/22.1.3/seed-b-frontend/vite/deps/@angular_router.js","/home/alex/dev/Bachelor/bmad-vergleichsstudie/.lizard-tmp-WOSzIR/code/seed-b-frontend/.angular/cache/22.1.3/seed-b-frontend/vite/deps/@angular_router.js","parseQueryParams","parseQueryParams ( )",701,707
3,2,21,0,3,"parseFragment@708-710@/home/alex/dev/Bachelor/bmad-vergleichsstudie/.lizard-tmp-WOSzIR/code/seed-b-frontend/.angular/cache/22.1.3/seed-b-frontend/vite/deps/@angular_router.js","/home/alex/dev/Bachelor/bmad-vergleichsstudie/.lizard-tmp-WOSzIR/code/seed-b-frontend/.angular/cache/22.1.3/seed-b-frontend/vite/deps/@angular_router.js","parseFragment","parseFragment ( )",708,710
20,13,218,1,20,"parseChildren@711-730@/home/alex/dev/Bachelor/bmad-vergleichsstudie/.lizard-tmp-WOSzIR/code/seed-b-frontend/.angular/cache/22.1.3/seed-b-frontend/vite/deps/@angular_router.js","/home/alex/dev/Bachelor/bmad-vergleichsstudie/.lizard-tmp-WOSzIR/code/seed-b-frontend/.angular/cache/22.1.3/seed-b-frontend/vite/deps/@angular_router.js","parseChildren","parseChildren ( depth )",711,730
6,5,74,0,6,"parseSegment@731-736@/home/alex/dev/Bachelor/bmad-vergleichsstudie/.lizard-tmp-WOSzIR/code/seed-b-frontend/.angular/cache/22.1.3/seed-b-frontend/vite/deps/@angular_router.js","/home/alex/dev/Bachelor/bmad-vergleichsstudie/.lizard-tmp-WOSzIR/code/seed-b-frontend/.angular/cache/22.1.3/seed-b-frontend/vite/deps/@angular_router.js","parseSegment","parseSegment ( )",731,736
5,2,29,0,5,"parseMatrixParams@737-741@/home/alex/dev/Bachelor/bmad-vergleichsstudie/.lizard-tmp-WOSzIR/code/seed-b-frontend/.angular/cache/22.1.3/seed-b-frontend/vite/deps/@angular_router.js","/home/alex/dev/Bachelor/bmad-vergleichsstudie/.lizard-tmp-WOSzIR/code/seed-b-frontend/.angular/cache/22.1.3/seed-b-frontend/vite/deps/@angular_router.js","parseMatrixParams","parseMatrixParams ( )",737,741
14,4,85,1,14,"parseParam@742-755@/home/alex/dev/Bachelor/bmad-vergleichsstudie/.lizard-tmp-WOSzIR/code/seed-b-frontend/.angular/cache/22.1.3/seed-b-frontend/vite/deps/@angular_router.js","/home/alex/dev/Bachelor/bmad-vergleichsstudie/.lizard-tmp-WOSzIR/code/seed-b-frontend/.angular/cache/22.1.3/seed-b-frontend/vite/deps/@angular_router.js","parseParam","parseParam ( params )",742,755
23,6,149,1,23,"parseQueryParam@756-778@/home/alex/dev/Bachelor/bmad-vergleichsstudie/.lizard-tmp-WOSzIR/code/seed-b-frontend/.angular/cache/22.1.3/seed-b-frontend/vite/deps/@angular_router.js","/home/alex/dev/Bachelor/bmad-vergleichsstudie/.lizard-tmp-WOSzIR/code/seed-b-frontend/.angular/cache/22.1.3/seed-b-frontend/vite/deps/@angular_router.js","parseQueryParam","parseQueryParam ( params )",756,778
19,14,220,2,19,"parseParens@779-797@/home/alex/dev/Bachelor/bmad-vergleichsstudie/.lizard-tmp-WOSzIR/code/seed-b-frontend/.angular/cache/22.1.3/seed-b-frontend/vite/deps/@angular_router.js","/home/alex/dev/Bachelor/bmad-vergleichsstudie/.lizard-tmp-WOSzIR/code/seed-b-frontend/.angular/cache/22.1.3/seed-b-frontend/vite/deps/@angular_router.js","parseParens","parseParens ( allowPrimary , depth )",779,797
3,1,15,1,3,"peekStartsWith@798-800@/home/alex/dev/Bachelor/bmad-vergleichsstudie/.lizard-tmp-WOSzIR/code/seed-b-frontend/.angular/cache/22.1.3/seed-b-frontend/vite/deps/@angular_router.js","/home/alex/dev/Bachelor/bmad-vergleichsstudie/.lizard-tmp-WOSzIR/code/seed-b-frontend/.angular/cache/22.1.3/seed-b-frontend/vite/deps/@angular_router.js","peekStartsWith","peekStartsWith ( str )",798,800
7,2,37,1,7,"consumeOptional@801-807@/home/alex/dev/Bachelor/bmad-vergleichsstudie/.lizard-tmp-WOSzIR/code/seed-b-frontend/.angular/cache/22.1.3/seed-b-frontend/vite/deps/@angular_router.js","/home/alex/dev/Bachelor/bmad-vergleichsstudie/.lizard-tmp-WOSzIR/code/seed-b-frontend/.angular/cache/22.1.3/seed-b-frontend/vite/deps/@angular_router.js","consumeOptional","consumeOptional ( str )",801,807
3,4,39,1,3,"capture@808-810@/home/alex/dev/Bachelor/bmad-vergleichsstudie/.lizard-tmp-WOSzIR/code/seed-b-frontend/.angular/cache/22.1.3/seed-b-frontend/vite/deps/@angular_router.js","/home/alex/dev/Bachelor/bmad-vergleichsstudie/.lizard-tmp-WOSzIR/code/seed-b-frontend/.angular/cache/22.1.3/seed-b-frontend/vite/deps/@angular_router.js","capture","capture ( str )",808,810
3,2,31,1,3,"createRoot@812-814@/home/alex/dev/Bachelor/bmad-vergleichsstudie/.lizard-tmp-WOSzIR/code/seed-b-frontend/.angular/cache/22.1.3/seed-b-frontend/vite/deps/@angular_router.js","/home/alex/dev/Bachelor/bmad-vergleichsstudie/.lizard-tmp-WOSzIR/code/seed-b-frontend/.angular/cache/22.1.3/seed-b-frontend/vite/deps/@angular_router.js","createRoot","createRoot ( rootCandidate )",812,814
9,8,126,1,9,"squashSegmentGroup@815-823@/home/alex/dev/Bachelor/bmad-vergleichsstudie/.lizard-tmp-WOSzIR/code/seed-b-frontend/.angular/cache/22.1.3/seed-b-frontend/vite/deps/@angular_router.js","/home/alex/dev/Bachelor/bmad-vergleichsstudie/.lizard-tmp-WOSzIR/code/seed-b-frontend/.angular/cache/22.1.3/seed-b-frontend/vite/deps/@angular_router.js","squashSegmentGroup","squashSegmentGroup ( segmentGroup )",815,823
7,3,55,1,7,"mergeTrivialChildren@824-830@/home/alex/dev/Bachelor/bmad-vergleichsstudie/.lizard-tmp-WOSzIR/code/seed-b-frontend/.angular/cache/22.1.3/seed-b-frontend/vite/deps/@angular_router.js","/home/alex/dev/Bachelor/bmad-vergleichsstudie/.lizard-tmp-WOSzIR/code/seed-b-frontend/.angular/cache/22.1.3/seed-b-frontend/vite/deps/@angular_router.js","mergeTrivialChildren","mergeTrivialChildren ( s )",824,830
3,1,10,1,3,"isUrlTree@831-833@/home/alex/dev/Bachelor/bmad-vergleichsstudie/.lizard-tmp-WOSzIR/code/seed-b-frontend/.angular/cache/22.1.3/seed-b-frontend/vite/deps/@angular_router.js","/home/alex/dev/Bachelor/bmad-vergleichsstudie/.lizard-tmp-WOSzIR/code/seed-b-frontend/.angular/cache/22.1.3/seed-b-frontend/vite/deps/@angular_router.js","isUrlTree","isUrlTree ( v )",831,833
10,3,65,1,10,"createSegmentGroupFromRouteRecursive@839-848@/home/alex/dev/Bachelor/bmad-vergleichsstudie/.lizard-tmp-WOSzIR/code/seed-b-frontend/.angular/cache/22.1.3/seed-b-frontend/vite/deps/@angular_router.js","/home/alex/dev/Bachelor/bmad-vergleichsstudie/.lizard-tmp-WOSzIR/code/seed-b-frontend/.angular/cache/22.1.3/seed-b-frontend/vite/deps/@angular_router.js","createSegmentGroupFromRouteRecursive","createSegmentGroupFromRouteRecursive ( currentRoute )",839,848
6,3,30,1,15,"createSegmentGroupFromRoute@837-851@/home/alex/dev/Bachelor/bmad-vergleichsstudie/.lizard-tmp-WOSzIR/code/seed-b-frontend/.angular/cache/22.1.3/seed-b-frontend/vite/deps/@angular_router.js","/home/alex/dev/Bachelor/bmad-vergleichsstudie/.lizard-tmp-WOSzIR/code/seed-b-frontend/.angular/cache/22.1.3/seed-b-frontend/vite/deps/@angular_router.js","createSegmentGroupFromRoute","createSegmentGroupFromRoute ( route )",837,851
10,5,161,5,10,"createUrlTreeFromSegmentGroup@852-861@/home/alex/dev/Bachelor/bmad-vergleichsstudie/.lizard-tmp-WOSzIR/code/seed-b-frontend/.angular/cache/22.1.3/seed-b-frontend/vite/deps/@angular_router.js","/home/alex/dev/Bachelor/bmad-vergleichsstudie/.lizard-tmp-WOSzIR/code/seed-b-frontend/.angular/cache/22.1.3/seed-b-frontend/vite/deps/@angular_router.js","createUrlTreeFromSegmentGroup","createUrlTreeFromSegmentGroup ( relativeTo , commands , queryParams , fragment , urlSerializer )",852,861
3,4,25,1,3,"isMatrixParams@862-864@/home/alex/dev/Bachelor/bmad-vergleichsstudie/.lizard-tmp-WOSzIR/code/seed-b-frontend/.angular/cache/22.1.3/seed-b-frontend/vite/deps/@angular_router.js","/home/alex/dev/Bachelor/bmad-vergleichsstudie/.lizard-tmp-WOSzIR/code/seed-b-frontend/.angular/cache/22.1.3/seed-b-frontend/vite/deps/@angular_router.js","isMatrixParams","isMatrixParams ( command )",862,864
3,3,19,1,3,"isCommandWithOutlets@865-867@/home/alex/dev/Bachelor/bmad-vergleichsstudie/.lizard-tmp-WOSzIR/code/seed-b-frontend/.angular/cache/22.1.3/seed-b-frontend/vite/deps/@angular_router.js","/home/alex/dev/Bachelor/bmad-vergleichsstudie/.lizard-tmp-WOSzIR/code/seed-b-frontend/.angular/cache/22.1.3/seed-b-frontend/vite/deps/@angular_router.js","isCommandWithOutlets","isCommandWithOutlets ( command )",865,867
6,2,52,3,6,"normalizeQueryParams@868-873@/home/alex/dev/Bachelor/bmad-vergleichsstudie/.lizard-tmp-WOSzIR/code/seed-b-frontend/.angular/cache/22.1.3/seed-b-frontend/vite/deps/@angular_router.js","/home/alex/dev/Bachelor/bmad-vergleichsstudie/.lizard-tmp-WOSzIR/code/seed-b-frontend/.angular/cache/22.1.3/seed-b-frontend/vite/deps/@angular_router.js","normalizeQueryParams","normalizeQueryParams ( k , v , urlSerializer )",868,873
1,1,9,0,1,"(anonymous)@876-876@/home/alex/dev/Bachelor/bmad-vergleichsstudie/.lizard-tmp-WOSzIR/code/seed-b-frontend/.angular/cache/22.1.3/seed-b-frontend/vite/deps/@angular_router.js","/home/alex/dev/Bachelor/bmad-vergleichsstudie/.lizard-tmp-WOSzIR/code/seed-b-frontend/.angular/cache/22.1.3/seed-b-frontend/vite/deps/@angular_router.js","(anonymous)","(anonymous)",876,876
8,6,114,6,8,"tree@874-881@/home/alex/dev/Bachelor/bmad-vergleichsstudie/.lizard-tmp-WOSzIR/code/seed-b-frontend/.angular/cache/22.1.3/seed-b-frontend/vite/deps/@angular_router.js","/home/alex/dev/Bachelor/bmad-vergleichsstudie/.lizard-tmp-WOSzIR/code/seed-b-frontend/.angular/cache/22.1.3/seed-b-frontend/vite/deps/@angular_router.js","tree","tree ( oldRoot , oldSegmentGroup , newSegmentGroup , queryParams , fragment , urlSerializer )",874,881
4,2,30,0,4,"(anonymous)@884-887@/home/alex/dev/Bachelor/bmad-vergleichsstudie/.lizard-tmp-WOSzIR/code/seed-b-frontend/.angular/cache/22.1.3/seed-b-frontend/vite/deps/@angular_router.js","/home/alex/dev/Bachelor/bmad-vergleichsstudie/.lizard-tmp-WOSzIR/code/seed-b-frontend/.angular/cache/22.1.3/seed-b-frontend/vite/deps/@angular_router.js","(anonymous)","(anonymous)",884,887
5,1,52,3,8,"replaceSegment@882-889@/home/alex/dev/Bachelor/bmad-vergleichsstudie/.lizard-tmp-WOSzIR/code/seed-b-frontend/.angular/cache/22.1.3/seed-b-frontend/vite/deps/@angular_router.js","/home/alex/dev/Bachelor/bmad-vergleichsstudie/.lizard-tmp-WOSzIR/code/seed-b-frontend/.angular/cache/22.1.3/seed-b-frontend/vite/deps/@angular_router.js","replaceSegment","replaceSegment ( current , oldSegment , newSegment )",882,889
8,10,102,3,8,"constructor@894-901@/home/alex/dev/Bachelor/bmad-vergleichsstudie/.lizard-tmp-WOSzIR/code/seed-b-frontend/.angular/cache/22.1.3/seed-b-frontend/vite/deps/@angular_router.js","/home/alex/dev/Bachelor/bmad-vergleichsstudie/.lizard-tmp-WOSzIR/code/seed-b-frontend/.angular/cache/22.1.3/seed-b-frontend/vite/deps/@angular_router.js","constructor","constructor ( isAbsolute , numberOfDoubleDots , commands )",894,901
3,3,26,0,3,"toRoot@902-904@/home/alex/dev/Bachelor/bmad-vergleichsstudie/.lizard-tmp-WOSzIR/code/seed-b-frontend/.angular/cache/22.1.3/seed-b-frontend/vite/deps/@angular_router.js","/home/alex/dev/Bachelor/bmad-vergleichsstudie/.lizard-tmp-WOSzIR/code/seed-b-frontend/.angular/cache/22.1.3/seed-b-frontend/vite/deps/@angular_router.js","toRoot","toRoot ( )",902,904
3,2,21,0,3,"(anonymous)@914-916@/home/alex/dev/Bachelor/bmad-vergleichsstudie/.lizard-tmp-WOSzIR/code/seed-b-frontend/.angular/cache/22.1.3/seed-b-frontend/vite/deps/@angular_router.js","/home/alex/dev/Bachelor/bmad-vergleichsstudie/.lizard-tmp-WOSzIR/code/seed-b-frontend/.angular/cache/22.1.3/seed-b-frontend/vite/deps/@angular_router.js","(anonymous)","(anonymous)",914,916
6,7,52,0,6,"(anonymous)@923-928@/home/alex/dev/Bachelor/bmad-vergleichsstudie/.lizard-tmp-WOSzIR/code/seed-b-frontend/.angular/cache/22.1.3/seed-b-frontend/vite/deps/@angular_router.js","/home/alex/dev/Bachelor/bmad-vergleichsstudie/.lizard-tmp-WOSzIR/code/seed-b-frontend/.angular/cache/22.1.3/seed-b-frontend/vite/deps/@angular_router.js","(anonymous)","(anonymous)",923,928
16,7,132,0,23,"(anonymous)@910-932@/home/alex/dev/Bachelor/bmad-vergleichsstudie/.lizard-tmp-WOSzIR/code/seed-b-frontend/.angular/cache/22.1.3/seed-b-frontend/vite/deps/@angular_router.js","/home/alex/dev/Bachelor/bmad-vergleichsstudie/.lizard-tmp-WOSzIR/code/seed-b-frontend/.angular/cache/22.1.3/seed-b-frontend/vite/deps/@angular_router.js","(anonymous)","(anonymous)",910,932
7,4,81,1,29,"computeNavigation@906-934@/home/alex/dev/Bachelor/bmad-vergleichsstudie/.lizard-tmp-WOSzIR/code/seed-b-frontend/.angular/cache/22.1.3/seed-b-frontend/vite/deps/@angular_router.js","/home/alex/dev/Bachelor/bmad-vergleichsstudie/.lizard-tmp-WOSzIR/code/seed-b-frontend/.angular/cache/22.1.3/seed-b-frontend/vite/deps/@angular_router.js","computeNavigation","computeNavigation ( commands )",906,934
5,1,27,3,5,"constructor@939-943@/home/alex/dev/Bachelor/bmad-vergleichsstudie/.lizard-tmp-WOSzIR/code/seed-b-frontend/.angular/cache/22.1.3/seed-b-frontend/vite/deps/@angular_router.js","/home/alex/dev/Bachelor/bmad-vergleichsstudie/.lizard-tmp-WOSzIR/code/seed-b-frontend/.angular/cache/22.1.3/seed-b-frontend/vite/deps/@angular_router.js","constructor","constructor ( segmentGroup , processChildren , index )",939,943
7,5,98,3,7,"findStartingPositionForTargetGroup@945-951@/home/alex/dev/Bachelor/bmad-vergleichsstudie/.lizard-tmp-WOSzIR/code/seed-b-frontend/.angular/cache/22.1.3/seed-b-frontend/vite/deps/@angular_router.js","/home/alex/dev/Bachelor/bmad-vergleichsstudie/.lizard-tmp-WOSzIR/code/seed-b-frontend/.angular/cache/22.1.3/seed-b-frontend/vite/deps/@angular_router.js","findStartingPositionForTargetGroup","findStartingPositionForTargetGroup ( nav , root , target )",945,951
12,5,86,3,12,"createPositionApplyingDoubleDots@952-963@/home/alex/dev/Bachelor/bmad-vergleichsstudie/.lizard-tmp-WOSzIR/code/seed-b-frontend/.angular/cache/22.1.3/seed-b-frontend/vite/deps/@angular_router.js","/home/alex/dev/Bachelor/bmad-vergleichsstudie/.lizard-tmp-WOSzIR/code/seed-b-frontend/.angular/cache/22.1.3/seed-b-frontend/vite/deps/@angular_router.js","createPositionApplyingDoubleDots","createPositionApplyingDoubleDots ( group , index , numberOfDoubleDots )",952,963
4,2,32,1,4,"getOutlets@964-967@/home/alex/dev/Bachelor/bmad-vergleichsstudie/.lizard-tmp-WOSzIR/code/seed-b-frontend/.angular/cache/22.1.3/seed-b-frontend/vite/deps/@angular_router.js","/home/alex/dev/Bachelor/bmad-vergleichsstudie/.lizard-tmp-WOSzIR/code/seed-b-frontend/.angular/cache/22.1.3/seed-b-frontend/vite/deps/@angular_router.js","getOutlets","getOutlets ( commands )",964,967
14,12,227,3,14,"updateSegmentGroup@968-981@/home/alex/dev/Bachelor/bmad-vergleichsstudie/.lizard-tmp-WOSzIR/code/seed-b-frontend/.angular/cache/22.1.3/seed-b-frontend/vite/deps/@angular_router.js","/home/alex/dev/Bachelor/bmad-vergleichsstudie/.lizard-tmp-WOSzIR/code/seed-b-frontend/.angular/cache/22.1.3/seed-b-frontend/vite/deps/@angular_router.js","updateSegmentGroup","updateSegmentGroup ( segmentGroup , startIndex , commands )",968,981
1,1,4,0,1,"(anonymous)@987-987@/home/alex/dev/Bachelor/bmad-vergleichsstudie/.lizard-tmp-WOSzIR/code/seed-b-frontend/.angular/cache/22.1.3/seed-b-frontend/vite/deps/@angular_router.js","/home/alex/dev/Bachelor/bmad-vergleichsstudie/.lizard-tmp-WOSzIR/code/seed-b-frontend/.angular/cache/22.1.3/seed-b-frontend/vite/deps/@angular_router.js","(anonymous)","(anonymous)",987,987
4,3,40,0,4,"(anonymous)@991-994@/home/alex/dev/Bachelor/bmad-vergleichsstudie/.lizard-tmp-WOSzIR/code/seed-b-frontend/.angular/cache/22.1.3/seed-b-frontend/vite/deps/@angular_router.js","/home/alex/dev/Bachelor/bmad-vergleichsstudie/.lizard-tmp-WOSzIR/code/seed-b-frontend/.angular/cache/22.1.3/seed-b-frontend/vite/deps/@angular_router.js","(anonymous)","(anonymous)",991,994
3,2,19,0,3,"(anonymous)@995-997@/home/alex/dev/Bachelor/bmad-vergleichsstudie/.lizard-tmp-WOSzIR/code/seed-b-frontend/.angular/cache/22.1.3/seed-b-frontend/vite/deps/@angular_router.js","/home/alex/dev/Bachelor/bmad-vergleichsstudie/.lizard-tmp-WOSzIR/code/seed-b-frontend/.angular/cache/22.1.3/seed-b-frontend/vite/deps/@angular_router.js","(anonymous)","(anonymous)",995,997
14,6,178,3,19,"updateSegmentGroupChildren@982-1000@/home/alex/dev/Bachelor/bmad-vergleichsstudie/.lizard-tmp-WOSzIR/code/seed-b-frontend/.angular/cache/22.1.3/seed-b-frontend/vite/deps/@angular_router.js","/home/alex/dev/Bachelor/bmad-vergleichsstudie/.lizard-tmp-WOSzIR/code/seed-b-frontend/.angular/cache/22.1.3/seed-b-frontend/vite/deps/@angular_router.js","updateSegmentGroupChildren","updateSegmentGroupChildren ( segmentGroup , startIndex , commands )",982,1000
31,13,207,3,31,"prefixedWith@1001-1031@/home/alex/dev/Bachelor/bmad-vergleichsstudie/.lizard-tmp-WOSzIR/code/seed-b-frontend/.angular/cache/22.1.3/seed-b-frontend/vite/deps/@angular_router.js","/home/alex/dev/Bachelor/bmad-vergleichsstudie/.lizard-tmp-WOSzIR/code/seed-b-frontend/.angular/cache/22.1.3/seed-b-frontend/vite/deps/@angular_router.js","prefixedWith","prefixedWith ( segmentGroup , startIndex , commands )",1001,1031
24,10,223,3,24,"createNewSegmentGroup@1032-1055@/home/alex/dev/Bachelor/bmad-vergleichsstudie/.lizard-tmp-WOSzIR/code/seed-b-frontend/.angular/cache/22.1.3/seed-b-frontend/vite/deps/@angular_router.js","/home/alex/dev/Bachelor/bmad-vergleichsstudie/.lizard-tmp-WOSzIR/code/seed-b-frontend/.angular/cache/22.1.3/seed-b-frontend/vite/deps/@angular_router.js","createNewSegmentGroup","createNewSegmentGroup ( segmentGroup , startIndex , commands )",1032,1055
4,3,43,0,4,"(anonymous)@1058-1061@/home/alex/dev/Bachelor/bmad-vergleichsstudie/.lizard-tmp-WOSzIR/code/seed-b-frontend/.angular/cache/22.1.3/seed-b-frontend/vite/deps/@angular_router.js","/home/alex/dev/Bachelor/bmad-vergleichsstudie/.lizard-tmp-WOSzIR/code/seed-b-frontend/.angular/cache/22.1.3/seed-b-frontend/vite/deps/@angular_router.js","(anonymous)","(anonymous)",1058,1061
5,1,34,1,8,"createNewSegmentChildren@1056-1063@/home/alex/dev/Bachelor/bmad-vergleichsstudie/.lizard-tmp-WOSzIR/code/seed-b-frontend/.angular/cache/22.1.3/seed-b-frontend/vite/deps/@angular_router.js","/home/alex/dev/Bachelor/bmad-vergleichsstudie/.lizard-tmp-WOSzIR/code/seed-b-frontend/.angular/cache/22.1.3/seed-b-frontend/vite/deps/@angular_router.js","createNewSegmentChildren","createNewSegmentChildren ( outlets )",1056,1063
1,1,11,0,1,"(anonymous)@1066-1066@/home/alex/dev/Bachelor/bmad-vergleichsstudie/.lizard-tmp-WOSzIR/code/seed-b-frontend/.angular/cache/22.1.3/seed-b-frontend/vite/deps/@angular_router.js","/home/alex/dev/Bachelor/bmad-vergleichsstudie/.lizard-tmp-WOSzIR/code/seed-b-frontend/.angular/cache/22.1.3/seed-b-frontend/vite/deps/@angular_router.js","(anonymous)","(anonymous)",1066,1066
5,1,33,1,5,"stringify@1064-1068@/home/alex/dev/Bachelor/bmad-vergleichsstudie/.lizard-tmp-WOSzIR/code/seed-b-frontend/.angular/cache/22.1.3/seed-b-frontend/vite/deps/@angular_router.js","/home/alex/dev/Bachelor/bmad-vergleichsstudie/.lizard-tmp-WOSzIR/code/seed-b-frontend/.angular/cache/22.1.3/seed-b-frontend/vite/deps/@angular_router.js","stringify","stringify ( params )",1064,1068
3,2,25,3,3,"compare@1069-1071@/home/alex/dev/Bachelor/bmad-vergleichsstudie/.lizard-tmp-WOSzIR/code/seed-b-frontend/.angular/cache/22.1.3/seed-b-frontend/vite/deps/@angular_router.js","/home/alex/dev/Bachelor/bmad-vergleichsstudie/.lizard-tmp-WOSzIR/code/seed-b-frontend/.angular/cache/22.1.3/seed-b-frontend/vite/deps/@angular_router.js","compare","compare ( path , params , segment )",1069,1071
19,1,209,1,19,"(anonymous)@1074-1092@/home/alex/dev/Bachelor/bmad-vergleichsstudie/.lizard-tmp-WOSzIR/code/seed-b-frontend/.angular/cache/22.1.3/seed-b-frontend/vite/deps/@angular_router.js","/home/alex/dev/Bachelor/bmad-vergleichsstudie/.lizard-tmp-WOSzIR/code/seed-b-frontend/.angular/cache/22.1.3/seed-b-frontend/vite/deps/@angular_router.js","(anonymous)","(anonymous) ( EventType )",1074,1092
4,1,19,2,4,"constructor@1096-1099@/home/alex/dev/Bachelor/bmad-vergleichsstudie/.lizard-tmp-WOSzIR/code/seed-b-frontend/.angular/cache/22.1.3/seed-b-frontend/vite/deps/@angular_router.js","/home/alex/dev/Bachelor/bmad-vergleichsstudie/.lizard-tmp-WOSzIR/code/seed-b-frontend/.angular/cache/22.1.3/seed-b-frontend/vite/deps/@angular_router.js","constructor","constructor ( id , url )",1096,1099
5,1,34,4,5,"constructor@1105-1109@/home/alex/dev/Bachelor/bmad-vergleichsstudie/.lizard-tmp-WOSzIR/code/seed-b-frontend/.angular/cache/22.1.3/seed-b-frontend/vite/deps/@angular_router.js","/home/alex/dev/Bachelor/bmad-vergleichsstudie/.lizard-tmp-WOSzIR/code/seed-b-frontend/.angular/cache/22.1.3/seed-b-frontend/vite/deps/@angular_router.js","constructor","constructor ( id , url , navigationTrigger , restoredState null )",1105,1109
3,1,17,0,3,"toString@1110-1112@/home/alex/dev/Bachelor/bmad-vergleichsstudie/.lizard-tmp-WOSzIR/code/seed-b-frontend/.angular/cache/22.1.3/seed-b-frontend/vite/deps/@angular_router.js","/home/alex/dev/Bachelor/bmad-vergleichsstudie/.lizard-tmp-WOSzIR/code/seed-b-frontend/.angular/cache/22.1.3/seed-b-frontend/vite/deps/@angular_router.js","toString","toString ( )",1110,1112
4,1,22,3,4,"constructor@1117-1120@/home/alex/dev/Bachelor/bmad-vergleichsstudie/.lizard-tmp-WOSzIR/code/seed-b-frontend/.angular/cache/22.1.3/seed-b-frontend/vite/deps/@angular_router.js","/home/alex/dev/Bachelor/bmad-vergleichsstudie/.lizard-tmp-WOSzIR/code/seed-b-frontend/.angular/cache/22.1.3/seed-b-frontend/vite/deps/@angular_router.js","constructor","constructor ( id , url , urlAfterRedirects )",1117,1120
3,1,21,0,3,"toString@1121-1123@/home/alex/dev/Bachelor/bmad-vergleichsstudie/.lizard-tmp-WOSzIR/code/seed-b-frontend/.angular/cache/22.1.3/seed-b-frontend/vite/deps/@angular_router.js","/home/alex/dev/Bachelor/bmad-vergleichsstudie/.lizard-tmp-WOSzIR/code/seed-b-frontend/.angular/cache/22.1.3/seed-b-frontend/vite/deps/@angular_router.js","toString","toString ( )",1121,1123
7,1,65,1,7,"(anonymous)@1126-1132@/home/alex/dev/Bachelor/bmad-vergleichsstudie/.lizard-tmp-WOSzIR/code/seed-b-frontend/.angular/cache/22.1.3/seed-b-frontend/vite/deps/@angular_router.js","/home/alex/dev/Bachelor/bmad-vergleichsstudie/.lizard-tmp-WOSzIR/code/seed-b-frontend/.angular/cache/22.1.3/seed-b-frontend/vite/deps/@angular_router.js","(anonymous)","(anonymous) ( NavigationCancellationCode )",1126,1132
4,1,29,1,4,"(anonymous)@1134-1137@/home/alex/dev/Bachelor/bmad-vergleichsstudie/.lizard-tmp-WOSzIR/code/seed-b-frontend/.angular/cache/22.1.3/seed-b-frontend/vite/deps/@angular_router.js","/home/alex/dev/Bachelor/bmad-vergleichsstudie/.lizard-tmp-WOSzIR/code/seed-b-frontend/.angular/cache/22.1.3/seed-b-frontend/vite/deps/@angular_router.js","(anonymous)","(anonymous) ( NavigationSkippedCode )",1134,1137
5,1,30,4,5,"constructor@1142-1146@/home/alex/dev/Bachelor/bmad-vergleichsstudie/.lizard-tmp-WOSzIR/code/seed-b-frontend/.angular/cache/22.1.3/seed-b-frontend/vite/deps/@angular_router.js","/home/alex/dev/Bachelor/bmad-vergleichsstudie/.lizard-tmp-WOSzIR/code/seed-b-frontend/.angular/cache/22.1.3/seed-b-frontend/vite/deps/@angular_router.js","constructor","constructor ( id , url , reason , code )",1142,1146
3,1,17,0,3,"toString@1147-1149@/home/alex/dev/Bachelor/bmad-vergleichsstudie/.lizard-tmp-WOSzIR/code/seed-b-frontend/.angular/cache/22.1.3/seed-b-frontend/vite/deps/@angular_router.js","/home/alex/dev/Bachelor/bmad-vergleichsstudie/.lizard-tmp-WOSzIR/code/seed-b-frontend/.angular/cache/22.1.3/seed-b-frontend/vite/deps/@angular_router.js","toString","toString ( )",1147,1149
3,3,28,1,3,"isRedirectingEvent@1151-1153@/home/alex/dev/Bachelor/bmad-vergleichsstudie/.lizard-tmp-WOSzIR/code/seed-b-frontend/.angular/cache/22.1.3/seed-b-frontend/vite/deps/@angular_router.js","/home/alex/dev/Bachelor/bmad-vergleichsstudie/.lizard-tmp-WOSzIR/code/seed-b-frontend/.angular/cache/22.1.3/seed-b-frontend/vite/deps/@angular_router.js","isRedirectingEvent","isRedirectingEvent ( event )",1151,1153
5,1,30,4,5,"constructor@1158-1162@/home/alex/dev/Bachelor/bmad-vergleichsstudie/.lizard-tmp-WOSzIR/code/seed-b-frontend/.angular/cache/22.1.3/seed-b-frontend/vite/deps/@angular_router.js","/home/alex/dev/Bachelor/bmad-vergleichsstudie/.lizard-tmp-WOSzIR/code/seed-b-frontend/.angular/cache/22.1.3/seed-b-frontend/vite/deps/@angular_router.js","constructor","constructor ( id , url , reason , code )",1158,1162
5,1,30,4,5,"constructor@1168-1172@/home/alex/dev/Bachelor/bmad-vergleichsstudie/.lizard-tmp-WOSzIR/code/seed-b-frontend/.angular/cache/22.1.3/seed-b-frontend/vite/deps/@angular_router.js","/home/alex/dev/Bachelor/bmad-vergleichsstudie/.lizard-tmp-WOSzIR/code/seed-b-frontend/.angular/cache/22.1.3/seed-b-frontend/vite/deps/@angular_router.js","constructor","constructor ( id , url , error , target )",1168,1172
3,1,21,0,3,"toString@1173-1175@/home/alex/dev/Bachelor/bmad-vergleichsstudie/.lizard-tmp-WOSzIR/code/seed-b-frontend/.angular/cache/22.1.3/seed-b-frontend/vite/deps/@angular_router.js","/home/alex/dev/Bachelor/bmad-vergleichsstudie/.lizard-tmp-WOSzIR/code/seed-b-frontend/.angular/cache/22.1.3/seed-b-frontend/vite/deps/@angular_router.js","toString","toString ( )",1173,1175
5,1,30,4,5,"constructor@1181-1185@/home/alex/dev/Bachelor/bmad-vergleichsstudie/.lizard-tmp-WOSzIR/code/seed-b-frontend/.angular/cache/22.1.3/seed-b-frontend/vite/deps/@angular_router.js","/home/alex/dev/Bachelor/bmad-vergleichsstudie/.lizard-tmp-WOSzIR/code/seed-b-frontend/.angular/cache/22.1.3/seed-b-frontend/vite/deps/@angular_router.js","constructor","constructor ( id , url , urlAfterRedirects , state )",1181,1185
3,1,25,0,3,"toString@1186-1188@/home/alex/dev/Bachelor/bmad-vergleichsstudie/.lizard-tmp-WOSzIR/code/seed-b-frontend/.angular/cache/22.1.3/seed-b-frontend/vite/deps/@angular_router.js","/home/alex/dev/Bachelor/bmad-vergleichsstudie/.lizard-tmp-WOSzIR/code/seed-b-frontend/.angular/cache/22.1.3/seed-b-frontend/vite/deps/@angular_router.js","toString","toString ( )",1186,1188
5,1,30,4,5,"constructor@1194-1198@/home/alex/dev/Bachelor/bmad-vergleichsstudie/.lizard-tmp-WOSzIR/code/seed-b-frontend/.angular/cache/22.1.3/seed-b-frontend/vite/deps/@angular_router.js","/home/alex/dev/Bachelor/bmad-vergleichsstudie/.lizard-tmp-WOSzIR/code/seed-b-frontend/.angular/cache/22.1.3/seed-b-frontend/vite/deps/@angular_router.js","constructor","constructor ( id , url , urlAfterRedirects , state )",1194,1198
3,1,25,0,3,"toString@1199-1201@/home/alex/dev/Bachelor/bmad-vergleichsstudie/.lizard-tmp-WOSzIR/code/seed-b-frontend/.angular/cache/22.1.3/seed-b-frontend/vite/deps/@angular_router.js","/home/alex/dev/Bachelor/bmad-vergleichsstudie/.lizard-tmp-WOSzIR/code/seed-b-frontend/.angular/cache/22.1.3/seed-b-frontend/vite/deps/@angular_router.js","toString","toString ( )",1199,1201
6,1,38,5,6,"constructor@1208-1213@/home/alex/dev/Bachelor/bmad-vergleichsstudie/.lizard-tmp-WOSzIR/code/seed-b-frontend/.angular/cache/22.1.3/seed-b-frontend/vite/deps/@angular_router.js","/home/alex/dev/Bachelor/bmad-vergleichsstudie/.lizard-tmp-WOSzIR/code/seed-b-frontend/.angular/cache/22.1.3/seed-b-frontend/vite/deps/@angular_router.js","constructor","constructor ( id , url , urlAfterRedirects , state , shouldActivate )",1208,1213
3,1,29,0,3,"toString@1214-1216@/home/alex/dev/Bachelor/bmad-vergleichsstudie/.lizard-tmp-WOSzIR/code/seed-b-frontend/.angular/cache/22.1.3/seed-b-frontend/vite/deps/@angular_router.js","/home/alex/dev/Bachelor/bmad-vergleichsstudie/.lizard-tmp-WOSzIR/code/seed-b-frontend/.angular/cache/22.1.3/seed-b-frontend/vite/deps/@angular_router.js","toString","toString ( )",1214,1216
5,1,30,4,5,"constructor@1222-1226@/home/alex/dev/Bachelor/bmad-vergleichsstudie/.lizard-tmp-WOSzIR/code/seed-b-frontend/.angular/cache/22.1.3/seed-b-frontend/vite/deps/@angular_router.js","/home/alex/dev/Bachelor/bmad-vergleichsstudie/.lizard-tmp-WOSzIR/code/seed-b-frontend/.angular/cache/22.1.3/seed-b-frontend/vite/deps/@angular_router.js","constructor","constructor ( id , url , urlAfterRedirects , state )",1222,1226
3,1,25,0,3,"toString@1227-1229@/home/alex/dev/Bachelor/bmad-vergleichsstudie/.lizard-tmp-WOSzIR/code/seed-b-frontend/.angular/cache/22.1.3/seed-b-frontend/vite/deps/@angular_router.js","/home/alex/dev/Bachelor/bmad-vergleichsstudie/.lizard-tmp-WOSzIR/code/seed-b-frontend/.angular/cache/22.1.3/seed-b-frontend/vite/deps/@angular_router.js","toString","toString ( )",1227,1229
5,1,30,4,5,"constructor@1235-1239@/home/alex/dev/Bachelor/bmad-vergleichsstudie/.lizard-tmp-WOSzIR/code/seed-b-frontend/.angular/cache/22.1.3/seed-b-frontend/vite/deps/@angular_router.js","/home/alex/dev/Bachelor/bmad-vergleichsstudie/.lizard-tmp-WOSzIR/code/seed-b-frontend/.angular/cache/22.1.3/seed-b-frontend/vite/deps/@angular_router.js","constructor","constructor ( id , url , urlAfterRedirects , state )",1235,1239
3,1,25,0,3,"toString@1240-1242@/home/alex/dev/Bachelor/bmad-vergleichsstudie/.lizard-tmp-WOSzIR/code/seed-b-frontend/.angular/cache/22.1.3/seed-b-frontend/vite/deps/@angular_router.js","/home/alex/dev/Bachelor/bmad-vergleichsstudie/.lizard-tmp-WOSzIR/code/seed-b-frontend/.angular/cache/22.1.3/seed-b-frontend/vite/deps/@angular_router.js","toString","toString ( )",1240,1242
3,1,11,1,3,"constructor@1247-1249@/home/alex/dev/Bachelor/bmad-vergleichsstudie/.lizard-tmp-WOSzIR/code/seed-b-frontend/.angular/cache/22.1.3/seed-b-frontend/vite/deps/@angular_router.js","/home/alex/dev/Bachelor/bmad-vergleichsstudie/.lizard-tmp-WOSzIR/code/seed-b-frontend/.angular/cache/22.1.3/seed-b-frontend/vite/deps/@angular_router.js","constructor","constructor ( route )",1247,1249
3,1,13,0,3,"toString@1250-1252@/home/alex/dev/Bachelor/bmad-vergleichsstudie/.lizard-tmp-WOSzIR/code/seed-b-frontend/.angular/cache/22.1.3/seed-b-frontend/vite/deps/@angular_router.js","/home/alex/dev/Bachelor/bmad-vergleichsstudie/.lizard-tmp-WOSzIR/code/seed-b-frontend/.angular/cache/22.1.3/seed-b-frontend/vite/deps/@angular_router.js","toString","toString ( )",1250,1252
3,1,11,1,3,"constructor@1257-1259@/home/alex/dev/Bachelor/bmad-vergleichsstudie/.lizard-tmp-WOSzIR/code/seed-b-frontend/.angular/cache/22.1.3/seed-b-frontend/vite/deps/@angular_router.js","/home/alex/dev/Bachelor/bmad-vergleichsstudie/.lizard-tmp-WOSzIR/code/seed-b-frontend/.angular/cache/22.1.3/seed-b-frontend/vite/deps/@angular_router.js","constructor","constructor ( route )",1257,1259
3,1,13,0,3,"toString@1260-1262@/home/alex/dev/Bachelor/bmad-vergleichsstudie/.lizard-tmp-WOSzIR/code/seed-b-frontend/.angular/cache/22.1.3/seed-b-frontend/vite/deps/@angular_router.js","/home/alex/dev/Bachelor/bmad-vergleichsstudie/.lizard-tmp-WOSzIR/code/seed-b-frontend/.angular/cache/22.1.3/seed-b-frontend/vite/deps/@angular_router.js","toString","toString ( )",1260,1262
3,1,11,1,3,"constructor@1267-1269@/home/alex/dev/Bachelor/bmad-vergleichsstudie/.lizard-tmp-WOSzIR/code/seed-b-frontend/.angular/cache/22.1.3/seed-b-frontend/vite/deps/@angular_router.js","/home/alex/dev/Bachelor/bmad-vergleichsstudie/.lizard-tmp-WOSzIR/code/seed-b-frontend/.angular/cache/22.1.3/seed-b-frontend/vite/deps/@angular_router.js","constructor","constructor ( snapshot )",1267,1269
3,1,13,0,3,"toString@1270-1272@/home/alex/dev/Bachelor/bmad-vergleichsstudie/.lizard-tmp-WOSzIR/code/seed-b-frontend/.angular/cache/22.1.3/seed-b-frontend/vite/deps/@angular_router.js","/home/alex/dev/Bachelor/bmad-vergleichsstudie/.lizard-tmp-WOSzIR/code/seed-b-frontend/.angular/cache/22.1.3/seed-b-frontend/vite/deps/@angular_router.js","toString","toString ( )",1270,1272
3,1,11,1,3,"constructor@1277-1279@/home/alex/dev/Bachelor/bmad-vergleichsstudie/.lizard-tmp-WOSzIR/code/seed-b-frontend/.angular/cache/22.1.3/seed-b-frontend/vite/deps/@angular_router.js","/home/alex/dev/Bachelor/bmad-vergleichsstudie/.lizard-tmp-WOSzIR/code/seed-b-frontend/.angular/cache/22.1.3/seed-b-frontend/vite/deps/@angular_router.js","constructor","constructor ( snapshot )",1277,1279
3,1,13,0,3,"toString@1280-1282@/home/alex/dev/Bachelor/bmad-vergleichsstudie/.lizard-tmp-WOSzIR/code/seed-b-frontend/.angular/cache/22.1.3/seed-b-frontend/vite/deps/@angular_router.js","/home/alex/dev/Bachelor/bmad-vergleichsstudie/.lizard-tmp-WOSzIR/code/seed-b-frontend/.angular/cache/22.1.3/seed-b-frontend/vite/deps/@angular_router.js","toString","toString ( )",1280,1282
3,1,11,1,3,"constructor@1287-1289@/home/alex/dev/Bachelor/bmad-vergleichsstudie/.lizard-tmp-WOSzIR/code/seed-b-frontend/.angular/cache/22.1.3/seed-b-frontend/vite/deps/@angular_router.js","/home/alex/dev/Bachelor/bmad-vergleichsstudie/.lizard-tmp-WOSzIR/code/seed-b-frontend/.angular/cache/22.1.3/seed-b-frontend/vite/deps/@angular_router.js","constructor","constructor ( snapshot )",1287,1289
3,1,13,0,3,"toString@1290-1292@/home/alex/dev/Bachelor/bmad-vergleichsstudie/.lizard-tmp-WOSzIR/code/seed-b-frontend/.angular/cache/22.1.3/seed-b-frontend/vite/deps/@angular_router.js","/home/alex/dev/Bachelor/bmad-vergleichsstudie/.lizard-tmp-WOSzIR/code/seed-b-frontend/.angular/cache/22.1.3/seed-b-frontend/vite/deps/@angular_router.js","toString","toString ( )",1290,1292
3,1,11,1,3,"constructor@1297-1299@/home/alex/dev/Bachelor/bmad-vergleichsstudie/.lizard-tmp-WOSzIR/code/seed-b-frontend/.angular/cache/22.1.3/seed-b-frontend/vite/deps/@angular_router.js","/home/alex/dev/Bachelor/bmad-vergleichsstudie/.lizard-tmp-WOSzIR/code/seed-b-frontend/.angular/cache/22.1.3/seed-b-frontend/vite/deps/@angular_router.js","constructor","constructor ( snapshot )",1297,1299
3,1,13,0,3,"toString@1300-1302@/home/alex/dev/Bachelor/bmad-vergleichsstudie/.lizard-tmp-WOSzIR/code/seed-b-frontend/.angular/cache/22.1.3/seed-b-frontend/vite/deps/@angular_router.js","/home/alex/dev/Bachelor/bmad-vergleichsstudie/.lizard-tmp-WOSzIR/code/seed-b-frontend/.angular/cache/22.1.3/seed-b-frontend/vite/deps/@angular_router.js","toString","toString ( )",1300,1302
6,1,35,4,6,"constructor@1310-1315@/home/alex/dev/Bachelor/bmad-vergleichsstudie/.lizard-tmp-WOSzIR/code/seed-b-frontend/.angular/cache/22.1.3/seed-b-frontend/vite/deps/@angular_router.js","/home/alex/dev/Bachelor/bmad-vergleichsstudie/.lizard-tmp-WOSzIR/code/seed-b-frontend/.angular/cache/22.1.3/seed-b-frontend/vite/deps/@angular_router.js","constructor","constructor ( routerEvent , position , anchor , scrollBehavior )",1310,1315
4,2,36,0,4,"toString@1316-1319@/home/alex/dev/Bachelor/bmad-vergleichsstudie/.lizard-tmp-WOSzIR/code/seed-b-frontend/.angular/cache/22.1.3/seed-b-frontend/vite/deps/@angular_router.js","/home/alex/dev/Bachelor/bmad-vergleichsstudie/.lizard-tmp-WOSzIR/code/seed-b-frontend/.angular/cache/22.1.3/seed-b-frontend/vite/deps/@angular_router.js","toString","toString ( )",1316,1319
4,1,19,2,4,"constructor@1326-1329@/home/alex/dev/Bachelor/bmad-vergleichsstudie/.lizard-tmp-WOSzIR/code/seed-b-frontend/.angular/cache/22.1.3/seed-b-frontend/vite/deps/@angular_router.js","/home/alex/dev/Bachelor/bmad-vergleichsstudie/.lizard-tmp-WOSzIR/code/seed-b-frontend/.angular/cache/22.1.3/seed-b-frontend/vite/deps/@angular_router.js","constructor","constructor ( url , navigationBehaviorOptions )",1326,1329
3,3,27,1,3,"isPublicRouterEvent@1331-1333@/home/alex/dev/Bachelor/bmad-vergleichsstudie/.lizard-tmp-WOSzIR/code/seed-b-frontend/.angular/cache/22.1.3/seed-b-frontend/vite/deps/@angular_router.js","/home/alex/dev/Bachelor/bmad-vergleichsstudie/.lizard-tmp-WOSzIR/code/seed-b-frontend/.angular/cache/22.1.3/seed-b-frontend/vite/deps/@angular_router.js","isPublicRouterEvent","isPublicRouterEvent ( e )",1331,1333
23,19,366,1,23,"stringifyEvent@1334-1356@/home/alex/dev/Bachelor/bmad-vergleichsstudie/.lizard-tmp-WOSzIR/code/seed-b-frontend/.angular/cache/22.1.3/seed-b-frontend/vite/deps/@angular_router.js","/home/alex/dev/Bachelor/bmad-vergleichsstudie/.lizard-tmp-WOSzIR/code/seed-b-frontend/.angular/cache/22.1.3/seed-b-frontend/vite/deps/@angular_router.js","stringifyEvent","stringifyEvent ( routerEvent )",1334,1356
3,3,18,0,3,"get injector@1363-1365@/home/alex/dev/Bachelor/bmad-vergleichsstudie/.lizard-tmp-WOSzIR/code/seed-b-frontend/.angular/cache/22.1.3/seed-b-frontend/vite/deps/@angular_router.js","/home/alex/dev/Bachelor/bmad-vergleichsstudie/.lizard-tmp-WOSzIR/code/seed-b-frontend/.angular/cache/22.1.3/seed-b-frontend/vite/deps/@angular_router.js","get injector","get injector ( )",1363,1365
4,1,23,1,4,"constructor@1366-1369@/home/alex/dev/Bachelor/bmad-vergleichsstudie/.lizard-tmp-WOSzIR/code/seed-b-frontend/.angular/cache/22.1.3/seed-b-frontend/vite/deps/@angular_router.js","/home/alex/dev/Bachelor/bmad-vergleichsstudie/.lizard-tmp-WOSzIR/code/seed-b-frontend/.angular/cache/22.1.3/seed-b-frontend/vite/deps/@angular_router.js","constructor","constructor ( rootInjector )",1366,1369
3,1,11,1,3,"constructor@1374-1376@/home/alex/dev/Bachelor/bmad-vergleichsstudie/.lizard-tmp-WOSzIR/code/seed-b-frontend/.angular/cache/22.1.3/seed-b-frontend/vite/deps/@angular_router.js","/home/alex/dev/Bachelor/bmad-vergleichsstudie/.lizard-tmp-WOSzIR/code/seed-b-frontend/.angular/cache/22.1.3/seed-b-frontend/vite/deps/@angular_router.js","constructor","constructor ( rootInjector )",1374,1376
5,1,34,2,5,"onChildOutletCreated@1377-1381@/home/alex/dev/Bachelor/bmad-vergleichsstudie/.lizard-tmp-WOSzIR/code/seed-b-frontend/.angular/cache/22.1.3/seed-b-frontend/vite/deps/@angular_router.js","/home/alex/dev/Bachelor/bmad-vergleichsstudie/.lizard-tmp-WOSzIR/code/seed-b-frontend/.angular/cache/22.1.3/seed-b-frontend/vite/deps/@angular_router.js","onChildOutletCreated","onChildOutletCreated ( childName , outlet )",1377,1381
7,2,33,1,7,"onChildOutletDestroyed@1382-1388@/home/alex/dev/Bachelor/bmad-vergleichsstudie/.lizard-tmp-WOSzIR/code/seed-b-frontend/.angular/cache/22.1.3/seed-b-frontend/vite/deps/@angular_router.js","/home/alex/dev/Bachelor/bmad-vergleichsstudie/.lizard-tmp-WOSzIR/code/seed-b-frontend/.angular/cache/22.1.3/seed-b-frontend/vite/deps/@angular_router.js","onChildOutletDestroyed","onChildOutletDestroyed ( childName )",1382,1388
5,1,23,0,5,"onOutletDeactivated@1389-1393@/home/alex/dev/Bachelor/bmad-vergleichsstudie/.lizard-tmp-WOSzIR/code/seed-b-frontend/.angular/cache/22.1.3/seed-b-frontend/vite/deps/@angular_router.js","/home/alex/dev/Bachelor/bmad-vergleichsstudie/.lizard-tmp-WOSzIR/code/seed-b-frontend/.angular/cache/22.1.3/seed-b-frontend/vite/deps/@angular_router.js","onOutletDeactivated","onOutletDeactivated ( )",1389,1393
3,1,11,1,3,"onOutletReAttached@1394-1396@/home/alex/dev/Bachelor/bmad-vergleichsstudie/.lizard-tmp-WOSzIR/code/seed-b-frontend/.angular/cache/22.1.3/seed-b-frontend/vite/deps/@angular_router.js","/home/alex/dev/Bachelor/bmad-vergleichsstudie/.lizard-tmp-WOSzIR/code/seed-b-frontend/.angular/cache/22.1.3/seed-b-frontend/vite/deps/@angular_router.js","onOutletReAttached","onOutletReAttached ( contexts )",1394,1396
8,2,46,1,8,"getOrCreateContext@1397-1404@/home/alex/dev/Bachelor/bmad-vergleichsstudie/.lizard-tmp-WOSzIR/code/seed-b-frontend/.angular/cache/22.1.3/seed-b-frontend/vite/deps/@angular_router.js","/home/alex/dev/Bachelor/bmad-vergleichsstudie/.lizard-tmp-WOSzIR/code/seed-b-frontend/.angular/cache/22.1.3/seed-b-frontend/vite/deps/@angular_router.js","getOrCreateContext","getOrCreateContext ( childName )",1397,1404
3,2,17,1,3,"getContext@1405-1407@/home/alex/dev/Bachelor/bmad-vergleichsstudie/.lizard-tmp-WOSzIR/code/seed-b-frontend/.angular/cache/22.1.3/seed-b-frontend/vite/deps/@angular_router.js","/home/alex/dev/Bachelor/bmad-vergleichsstudie/.lizard-tmp-WOSzIR/code/seed-b-frontend/.angular/cache/22.1.3/seed-b-frontend/vite/deps/@angular_router.js","getContext","getContext ( childName )",1405,1407
3,2,19,0,3,"ChildrenOutletContexts_Factory@1408-1410@/home/alex/dev/Bachelor/bmad-vergleichsstudie/.lizard-tmp-WOSzIR/code/seed-b-frontend/.angular/cache/22.1.3/seed-b-frontend/vite/deps/@angular_router.js","/home/alex/dev/Bachelor/bmad-vergleichsstudie/.lizard-tmp-WOSzIR/code/seed-b-frontend/.angular/cache/22.1.3/seed-b-frontend/vite/deps/@angular_router.js","ChildrenOutletContexts_Factory","ChildrenOutletContexts_Factory ( )",1408,1410
1,1,6,0,1,"(anonymous)@1421-1421@/home/alex/dev/Bachelor/bmad-vergleichsstudie/.lizard-tmp-WOSzIR/code/seed-b-frontend/.angular/cache/22.1.3/seed-b-frontend/vite/deps/@angular_router.js","/home/alex/dev/Bachelor/bmad-vergleichsstudie/.lizard-tmp-WOSzIR/code/seed-b-frontend/.angular/cache/22.1.3/seed-b-frontend/vite/deps/@angular_router.js","(anonymous)","(anonymous)",1421,1421
6,3,42,0,6,"(anonymous)@1417-1422@/home/alex/dev/Bachelor/bmad-vergleichsstudie/.lizard-tmp-WOSzIR/code/seed-b-frontend/.angular/cache/22.1.3/seed-b-frontend/vite/deps/@angular_router.js","/home/alex/dev/Bachelor/bmad-vergleichsstudie/.lizard-tmp-WOSzIR/code/seed-b-frontend/.angular/cache/22.1.3/seed-b-frontend/vite/deps/@angular_router.js","(anonymous)","(anonymous)",1417,1422
3,1,11,1,3,"constructor@1425-1427@/home/alex/dev/Bachelor/bmad-vergleichsstudie/.lizard-tmp-WOSzIR/code/seed-b-frontend/.angular/cache/22.1.3/seed-b-frontend/vite/deps/@angular_router.js","/home/alex/dev/Bachelor/bmad-vergleichsstudie/.lizard-tmp-WOSzIR/code/seed-b-frontend/.angular/cache/22.1.3/seed-b-frontend/vite/deps/@angular_router.js","constructor","constructor ( root )",1425,1427
3,1,11,0,3,"get root@1428-1430@/home/alex/dev/Bachelor/bmad-vergleichsstudie/.lizard-tmp-WOSzIR/code/seed-b-frontend/.angular/cache/22.1.3/seed-b-frontend/vite/deps/@angular_router.js","/home/alex/dev/Bachelor/bmad-vergleichsstudie/.lizard-tmp-WOSzIR/code/seed-b-frontend/.angular/cache/22.1.3/seed-b-frontend/vite/deps/@angular_router.js","get root","get root ( )",1428,1430
4,2,33,1,4,"parent@1431-1434@/home/alex/dev/Bachelor/bmad-vergleichsstudie/.lizard-tmp-WOSzIR/code/seed-b-frontend/.angular/cache/22.1.3/seed-b-frontend/vite/deps/@angular_router.js","/home/alex/dev/Bachelor/bmad-vergleichsstudie/.lizard-tmp-WOSzIR/code/seed-b-frontend/.angular/cache/22.1.3/seed-b-frontend/vite/deps/@angular_router.js","parent","parent ( t )",1431,1434
1,1,4,0,1,"(anonymous)@1437-1437@/home/alex/dev/Bachelor/bmad-vergleichsstudie/.lizard-tmp-WOSzIR/code/seed-b-frontend/.angular/cache/22.1.3/seed-b-frontend/vite/deps/@angular_router.js","/home/alex/dev/Bachelor/bmad-vergleichsstudie/.lizard-tmp-WOSzIR/code/seed-b-frontend/.angular/cache/22.1.3/seed-b-frontend/vite/deps/@angular_router.js","(anonymous)","(anonymous)",1437,1437
4,2,35,1,4,"children@1435-1438@/home/alex/dev/Bachelor/bmad-vergleichsstudie/.lizard-tmp-WOSzIR/code/seed-b-frontend/.angular/cache/22.1.3/seed-b-frontend/vite/deps/@angular_router.js","/home/alex/dev/Bachelor/bmad-vergleichsstudie/.lizard-tmp-WOSzIR/code/seed-b-frontend/.angular/cache/22.1.3/seed-b-frontend/vite/deps/@angular_router.js","children","children ( t )",1435,1438
4,3,39,1,4,"firstChild@1439-1442@/home/alex/dev/Bachelor/bmad-vergleichsstudie/.lizard-tmp-WOSzIR/code/seed-b-frontend/.angular/cache/22.1.3/seed-b-frontend/vite/deps/@angular_router.js","/home/alex/dev/Bachelor/bmad-vergleichsstudie/.lizard-tmp-WOSzIR/code/seed-b-frontend/.angular/cache/22.1.3/seed-b-frontend/vite/deps/@angular_router.js","firstChild","firstChild ( t )",1439,1442
1,1,4,0,1,"(anonymous)@1446-1446@/home/alex/dev/Bachelor/bmad-vergleichsstudie/.lizard-tmp-WOSzIR/code/seed-b-frontend/.angular/cache/22.1.3/seed-b-frontend/vite/deps/@angular_router.js","/home/alex/dev/Bachelor/bmad-vergleichsstudie/.lizard-tmp-WOSzIR/code/seed-b-frontend/.angular/cache/22.1.3/seed-b-frontend/vite/deps/@angular_router.js","(anonymous)","(anonymous)",1446,1446
1,1,4,0,1,"(anonymous)@1446-1446@/home/alex/dev/Bachelor/bmad-vergleichsstudie/.lizard-tmp-WOSzIR/code/seed-b-frontend/.angular/cache/22.1.3/seed-b-frontend/vite/deps/@angular_router.js","/home/alex/dev/Bachelor/bmad-vergleichsstudie/.lizard-tmp-WOSzIR/code/seed-b-frontend/.angular/cache/22.1.3/seed-b-frontend/vite/deps/@angular_router.js","(anonymous)","(anonymous)",1446,1446
5,2,57,1,5,"siblings@1443-1447@/home/alex/dev/Bachelor/bmad-vergleichsstudie/.lizard-tmp-WOSzIR/code/seed-b-frontend/.angular/cache/22.1.3/seed-b-frontend/vite/deps/@angular_router.js","/home/alex/dev/Bachelor/bmad-vergleichsstudie/.lizard-tmp-WOSzIR/code/seed-b-frontend/.angular/cache/22.1.3/seed-b-frontend/vite/deps/@angular_router.js","siblings","siblings ( t )",1443,1447
1,1,4,0,1,"(anonymous)@1449-1449@/home/alex/dev/Bachelor/bmad-vergleichsstudie/.lizard-tmp-WOSzIR/code/seed-b-frontend/.angular/cache/22.1.3/seed-b-frontend/vite/deps/@angular_router.js","/home/alex/dev/Bachelor/bmad-vergleichsstudie/.lizard-tmp-WOSzIR/code/seed-b-frontend/.angular/cache/22.1.3/seed-b-frontend/vite/deps/@angular_router.js","(anonymous)","(anonymous)",1449,1449
3,1,23,1,3,"pathFromRoot@1448-1450@/home/alex/dev/Bachelor/bmad-vergleichsstudie/.lizard-tmp-WOSzIR/code/seed-b-frontend/.angular/cache/22.1.3/seed-b-frontend/vite/deps/@angular_router.js","/home/alex/dev/Bachelor/bmad-vergleichsstudie/.lizard-tmp-WOSzIR/code/seed-b-frontend/.angular/cache/22.1.3/seed-b-frontend/vite/deps/@angular_router.js","pathFromRoot","pathFromRoot ( t )",1448,1450
8,4,49,2,8,"findNode@1452-1459@/home/alex/dev/Bachelor/bmad-vergleichsstudie/.lizard-tmp-WOSzIR/code/seed-b-frontend/.angular/cache/22.1.3/seed-b-frontend/vite/deps/@angular_router.js","/home/alex/dev/Bachelor/bmad-vergleichsstudie/.lizard-tmp-WOSzIR/code/seed-b-frontend/.angular/cache/22.1.3/seed-b-frontend/vite/deps/@angular_router.js","findNode","findNode ( value , node )",1452,1459
11,4,63,2,11,"findPath@1460-1470@/home/alex/dev/Bachelor/bmad-vergleichsstudie/.lizard-tmp-WOSzIR/code/seed-b-frontend/.angular/cache/22.1.3/seed-b-frontend/vite/deps/@angular_router.js","/home/alex/dev/Bachelor/bmad-vergleichsstudie/.lizard-tmp-WOSzIR/code/seed-b-frontend/.angular/cache/22.1.3/seed-b-frontend/vite/deps/@angular_router.js","findPath","findPath ( value , node )",1460,1470
4,1,19,2,4,"constructor@1474-1477@/home/alex/dev/Bachelor/bmad-vergleichsstudie/.lizard-tmp-WOSzIR/code/seed-b-frontend/.angular/cache/22.1.3/seed-b-frontend/vite/deps/@angular_router.js","/home/alex/dev/Bachelor/bmad-vergleichsstudie/.lizard-tmp-WOSzIR/code/seed-b-frontend/.angular/cache/22.1.3/seed-b-frontend/vite/deps/@angular_router.js","constructor","constructor ( value , children )",1474,1477
3,1,13,0,3,"toString@1478-1480@/home/alex/dev/Bachelor/bmad-vergleichsstudie/.lizard-tmp-WOSzIR/code/seed-b-frontend/.angular/cache/22.1.3/seed-b-frontend/vite/deps/@angular_router.js","/home/alex/dev/Bachelor/bmad-vergleichsstudie/.lizard-tmp-WOSzIR/code/seed-b-frontend/.angular/cache/22.1.3/seed-b-frontend/vite/deps/@angular_router.js","toString","toString ( )",1478,1480
1,1,11,0,1,"(anonymous)@1484-1484@/home/alex/dev/Bachelor/bmad-vergleichsstudie/.lizard-tmp-WOSzIR/code/seed-b-frontend/.angular/cache/22.1.3/seed-b-frontend/vite/deps/@angular_router.js","/home/alex/dev/Bachelor/bmad-vergleichsstudie/.lizard-tmp-WOSzIR/code/seed-b-frontend/.angular/cache/22.1.3/seed-b-frontend/vite/deps/@angular_router.js","(anonymous)","(anonymous)",1484,1484
5,2,30,1,5,"nodeChildrenAsMap@1482-1486@/home/alex/dev/Bachelor/bmad-vergleichsstudie/.lizard-tmp-WOSzIR/code/seed-b-frontend/.angular/cache/22.1.3/seed-b-frontend/vite/deps/@angular_router.js","/home/alex/dev/Bachelor/bmad-vergleichsstudie/.lizard-tmp-WOSzIR/code/seed-b-frontend/.angular/cache/22.1.3/seed-b-frontend/vite/deps/@angular_router.js","nodeChildrenAsMap","nodeChildrenAsMap ( node )",1482,1486
5,1,25,2,5,"constructor@1489-1493@/home/alex/dev/Bachelor/bmad-vergleichsstudie/.lizard-tmp-WOSzIR/code/seed-b-frontend/.angular/cache/22.1.3/seed-b-frontend/vite/deps/@angular_router.js","/home/alex/dev/Bachelor/bmad-vergleichsstudie/.lizard-tmp-WOSzIR/code/seed-b-frontend/.angular/cache/22.1.3/seed-b-frontend/vite/deps/@angular_router.js","constructor","constructor ( root , snapshot )",1489,1493
3,1,13,0,3,"toString@1494-1496@/home/alex/dev/Bachelor/bmad-vergleichsstudie/.lizard-tmp-WOSzIR/code/seed-b-frontend/.angular/cache/22.1.3/seed-b-frontend/vite/deps/@angular_router.js","/home/alex/dev/Bachelor/bmad-vergleichsstudie/.lizard-tmp-WOSzIR/code/seed-b-frontend/.angular/cache/22.1.3/seed-b-frontend/vite/deps/@angular_router.js","toString","toString ( )",1494,1496
9,1,113,2,9,"createEmptyState@1498-1506@/home/alex/dev/Bachelor/bmad-vergleichsstudie/.lizard-tmp-WOSzIR/code/seed-b-frontend/.angular/cache/22.1.3/seed-b-frontend/vite/deps/@angular_router.js","/home/alex/dev/Bachelor/bmad-vergleichsstudie/.lizard-tmp-WOSzIR/code/seed-b-frontend/.angular/cache/22.1.3/seed-b-frontend/vite/deps/@angular_router.js","createEmptyState","createEmptyState ( rootComponent , injector )",1498,1506
3,1,50,2,3,"createEmptyStateSnapshot@1507-1509@/home/alex/dev/Bachelor/bmad-vergleichsstudie/.lizard-tmp-WOSzIR/code/seed-b-frontend/.angular/cache/22.1.3/seed-b-frontend/vite/deps/@angular_router.js","/home/alex/dev/Bachelor/bmad-vergleichsstudie/.lizard-tmp-WOSzIR/code/seed-b-frontend/.angular/cache/22.1.3/seed-b-frontend/vite/deps/@angular_router.js","createEmptyStateSnapshot","createEmptyStateSnapshot ( rootComponent , injector )",1507,1509
1,1,5,0,1,"(anonymous)@1539-1539@/home/alex/dev/Bachelor/bmad-vergleichsstudie/.lizard-tmp-WOSzIR/code/seed-b-frontend/.angular/cache/22.1.3/seed-b-frontend/vite/deps/@angular_router.js","/home/alex/dev/Bachelor/bmad-vergleichsstudie/.lizard-tmp-WOSzIR/code/seed-b-frontend/.angular/cache/22.1.3/seed-b-frontend/vite/deps/@angular_router.js","(anonymous)","(anonymous)",1539,1539
16,3,123,8,16,"constructor@1530-1545@/home/alex/dev/Bachelor/bmad-vergleichsstudie/.lizard-tmp-WOSzIR/code/seed-b-frontend/.angular/cache/22.1.3/seed-b-frontend/vite/deps/@angular_router.js","/home/alex/dev/Bachelor/bmad-vergleichsstudie/.lizard-tmp-WOSzIR/code/seed-b-frontend/.angular/cache/22.1.3/seed-b-frontend/vite/deps/@angular_router.js","constructor","constructor ( urlSubject , paramsSubject , queryParamsSubject , fragmentSubject , dataSubject , outlet , component , futureSnapshot )",1530,1545
3,1,11,0,3,"get routeConfig@1546-1548@/home/alex/dev/Bachelor/bmad-vergleichsstudie/.lizard-tmp-WOSzIR/code/seed-b-frontend/.angular/cache/22.1.3/seed-b-frontend/vite/deps/@angular_router.js","/home/alex/dev/Bachelor/bmad-vergleichsstudie/.lizard-tmp-WOSzIR/code/seed-b-frontend/.angular/cache/22.1.3/seed-b-frontend/vite/deps/@angular_router.js","get routeConfig","get routeConfig ( )",1546,1548
3,1,11,0,3,"get root@1549-1551@/home/alex/dev/Bachelor/bmad-vergleichsstudie/.lizard-tmp-WOSzIR/code/seed-b-frontend/.angular/cache/22.1.3/seed-b-frontend/vite/deps/@angular_router.js","/home/alex/dev/Bachelor/bmad-vergleichsstudie/.lizard-tmp-WOSzIR/code/seed-b-frontend/.angular/cache/22.1.3/seed-b-frontend/vite/deps/@angular_router.js","get root","get root ( )",1549,1551
3,1,14,0,3,"get parent@1552-1554@/home/alex/dev/Bachelor/bmad-vergleichsstudie/.lizard-tmp-WOSzIR/code/seed-b-frontend/.angular/cache/22.1.3/seed-b-frontend/vite/deps/@angular_router.js","/home/alex/dev/Bachelor/bmad-vergleichsstudie/.lizard-tmp-WOSzIR/code/seed-b-frontend/.angular/cache/22.1.3/seed-b-frontend/vite/deps/@angular_router.js","get parent","get parent ( )",1552,1554
3,1,14,0,3,"get firstChild@1555-1557@/home/alex/dev/Bachelor/bmad-vergleichsstudie/.lizard-tmp-WOSzIR/code/seed-b-frontend/.angular/cache/22.1.3/seed-b-frontend/vite/deps/@angular_router.js","/home/alex/dev/Bachelor/bmad-vergleichsstudie/.lizard-tmp-WOSzIR/code/seed-b-frontend/.angular/cache/22.1.3/seed-b-frontend/vite/deps/@angular_router.js","get firstChild","get firstChild ( )",1555,1557
3,1,14,0,3,"get children@1558-1560@/home/alex/dev/Bachelor/bmad-vergleichsstudie/.lizard-tmp-WOSzIR/code/seed-b-frontend/.angular/cache/22.1.3/seed-b-frontend/vite/deps/@angular_router.js","/home/alex/dev/Bachelor/bmad-vergleichsstudie/.lizard-tmp-WOSzIR/code/seed-b-frontend/.angular/cache/22.1.3/seed-b-frontend/vite/deps/@angular_router.js","get children","get children ( )",1558,1560
3,1,14,0,3,"get pathFromRoot@1561-1563@/home/alex/dev/Bachelor/bmad-vergleichsstudie/.lizard-tmp-WOSzIR/code/seed-b-frontend/.angular/cache/22.1.3/seed-b-frontend/vite/deps/@angular_router.js","/home/alex/dev/Bachelor/bmad-vergleichsstudie/.lizard-tmp-WOSzIR/code/seed-b-frontend/.angular/cache/22.1.3/seed-b-frontend/vite/deps/@angular_router.js","get pathFromRoot","get pathFromRoot ( )",1561,1563
1,1,5,0,1,"(anonymous)@1565-1565@/home/alex/dev/Bachelor/bmad-vergleichsstudie/.lizard-tmp-WOSzIR/code/seed-b-frontend/.angular/cache/22.1.3/seed-b-frontend/vite/deps/@angular_router.js","/home/alex/dev/Bachelor/bmad-vergleichsstudie/.lizard-tmp-WOSzIR/code/seed-b-frontend/.angular/cache/22.1.3/seed-b-frontend/vite/deps/@angular_router.js","(anonymous)","(anonymous)",1565,1565
4,3,30,0,4,"get paramMap@1564-1567@/home/alex/dev/Bachelor/bmad-vergleichsstudie/.lizard-tmp-WOSzIR/code/seed-b-frontend/.angular/cache/22.1.3/seed-b-frontend/vite/deps/@angular_router.js","/home/alex/dev/Bachelor/bmad-vergleichsstudie/.lizard-tmp-WOSzIR/code/seed-b-frontend/.angular/cache/22.1.3/seed-b-frontend/vite/deps/@angular_router.js","get paramMap","get paramMap ( )",1564,1567
1,1,5,0,1,"(anonymous)@1569-1569@/home/alex/dev/Bachelor/bmad-vergleichsstudie/.lizard-tmp-WOSzIR/code/seed-b-frontend/.angular/cache/22.1.3/seed-b-frontend/vite/deps/@angular_router.js","/home/alex/dev/Bachelor/bmad-vergleichsstudie/.lizard-tmp-WOSzIR/code/seed-b-frontend/.angular/cache/22.1.3/seed-b-frontend/vite/deps/@angular_router.js","(anonymous)","(anonymous)",1569,1569
4,3,30,0,4,"get queryParamMap@1568-1571@/home/alex/dev/Bachelor/bmad-vergleichsstudie/.lizard-tmp-WOSzIR/code/seed-b-frontend/.angular/cache/22.1.3/seed-b-frontend/vite/deps/@angular_router.js","/home/alex/dev/Bachelor/bmad-vergleichsstudie/.lizard-tmp-WOSzIR/code/seed-b-frontend/.angular/cache/22.1.3/seed-b-frontend/vite/deps/@angular_router.js","get queryParamMap","get queryParamMap ( )",1568,1571
3,2,25,0,3,"toString@1572-1574@/home/alex/dev/Bachelor/bmad-vergleichsstudie/.lizard-tmp-WOSzIR/code/seed-b-frontend/.angular/cache/22.1.3/seed-b-frontend/vite/deps/@angular_router.js","/home/alex/dev/Bachelor/bmad-vergleichsstudie/.lizard-tmp-WOSzIR/code/seed-b-frontend/.angular/cache/22.1.3/seed-b-frontend/vite/deps/@angular_router.js","toString","toString ( )",1572,1574
30,10,169,3,30,"getInherited@1577-1606@/home/alex/dev/Bachelor/bmad-vergleichsstudie/.lizard-tmp-WOSzIR/code/seed-b-frontend/.angular/cache/22.1.3/seed-b-frontend/vite/deps/@angular_router.js","/home/alex/dev/Bachelor/bmad-vergleichsstudie/.lizard-tmp-WOSzIR/code/seed-b-frontend/.angular/cache/22.1.3/seed-b-frontend/vite/deps/@angular_router.js","getInherited","getInherited ( route , parent , paramsInheritanceStrategy )",1577,1606
3,1,13,0,3,"get title@1622-1624@/home/alex/dev/Bachelor/bmad-vergleichsstudie/.lizard-tmp-WOSzIR/code/seed-b-frontend/.angular/cache/22.1.3/seed-b-frontend/vite/deps/@angular_router.js","/home/alex/dev/Bachelor/bmad-vergleichsstudie/.lizard-tmp-WOSzIR/code/seed-b-frontend/.angular/cache/22.1.3/seed-b-frontend/vite/deps/@angular_router.js","get title","get title ( )",1622,1624
12,1,83,10,12,"constructor@1625-1636@/home/alex/dev/Bachelor/bmad-vergleichsstudie/.lizard-tmp-WOSzIR/code/seed-b-frontend/.angular/cache/22.1.3/seed-b-frontend/vite/deps/@angular_router.js","/home/alex/dev/Bachelor/bmad-vergleichsstudie/.lizard-tmp-WOSzIR/code/seed-b-frontend/.angular/cache/22.1.3/seed-b-frontend/vite/deps/@angular_router.js","constructor","constructor ( url , params , queryParams , fragment , data , outlet , component , routeConfig , resolve , environmentInjector )",1625,1636
3,1,11,0,3,"get root@1637-1639@/home/alex/dev/Bachelor/bmad-vergleichsstudie/.lizard-tmp-WOSzIR/code/seed-b-frontend/.angular/cache/22.1.3/seed-b-frontend/vite/deps/@angular_router.js","/home/alex/dev/Bachelor/bmad-vergleichsstudie/.lizard-tmp-WOSzIR/code/seed-b-frontend/.angular/cache/22.1.3/seed-b-frontend/vite/deps/@angular_router.js","get root","get root ( )",1637,1639
3,1,14,0,3,"get parent@1640-1642@/home/alex/dev/Bachelor/bmad-vergleichsstudie/.lizard-tmp-WOSzIR/code/seed-b-frontend/.angular/cache/22.1.3/seed-b-frontend/vite/deps/@angular_router.js","/home/alex/dev/Bachelor/bmad-vergleichsstudie/.lizard-tmp-WOSzIR/code/seed-b-frontend/.angular/cache/22.1.3/seed-b-frontend/vite/deps/@angular_router.js","get parent","get parent ( )",1640,1642
3,1,14,0,3,"get firstChild@1643-1645@/home/alex/dev/Bachelor/bmad-vergleichsstudie/.lizard-tmp-WOSzIR/code/seed-b-frontend/.angular/cache/22.1.3/seed-b-frontend/vite/deps/@angular_router.js","/home/alex/dev/Bachelor/bmad-vergleichsstudie/.lizard-tmp-WOSzIR/code/seed-b-frontend/.angular/cache/22.1.3/seed-b-frontend/vite/deps/@angular_router.js","get firstChild","get firstChild ( )",1643,1645
3,1,14,0,3,"get children@1646-1648@/home/alex/dev/Bachelor/bmad-vergleichsstudie/.lizard-tmp-WOSzIR/code/seed-b-frontend/.angular/cache/22.1.3/seed-b-frontend/vite/deps/@angular_router.js","/home/alex/dev/Bachelor/bmad-vergleichsstudie/.lizard-tmp-WOSzIR/code/seed-b-frontend/.angular/cache/22.1.3/seed-b-frontend/vite/deps/@angular_router.js","get children","get children ( )",1646,1648
3,1,14,0,3,"get pathFromRoot@1649-1651@/home/alex/dev/Bachelor/bmad-vergleichsstudie/.lizard-tmp-WOSzIR/code/seed-b-frontend/.angular/cache/22.1.3/seed-b-frontend/vite/deps/@angular_router.js","/home/alex/dev/Bachelor/bmad-vergleichsstudie/.lizard-tmp-WOSzIR/code/seed-b-frontend/.angular/cache/22.1.3/seed-b-frontend/vite/deps/@angular_router.js","get pathFromRoot","get pathFromRoot ( )",1649,1651
4,3,22,0,4,"get paramMap@1652-1655@/home/alex/dev/Bachelor/bmad-vergleichsstudie/.lizard-tmp-WOSzIR/code/seed-b-frontend/.angular/cache/22.1.3/seed-b-frontend/vite/deps/@angular_router.js","/home/alex/dev/Bachelor/bmad-vergleichsstudie/.lizard-tmp-WOSzIR/code/seed-b-frontend/.angular/cache/22.1.3/seed-b-frontend/vite/deps/@angular_router.js","get paramMap","get paramMap ( )",1652,1655
4,3,22,0,4,"get queryParamMap@1656-1659@/home/alex/dev/Bachelor/bmad-vergleichsstudie/.lizard-tmp-WOSzIR/code/seed-b-frontend/.angular/cache/22.1.3/seed-b-frontend/vite/deps/@angular_router.js","/home/alex/dev/Bachelor/bmad-vergleichsstudie/.lizard-tmp-WOSzIR/code/seed-b-frontend/.angular/cache/22.1.3/seed-b-frontend/vite/deps/@angular_router.js","get queryParamMap","get queryParamMap ( )",1656,1659
3,1,17,0,3,"toString@1660-1662@/home/alex/dev/Bachelor/bmad-vergleichsstudie/.lizard-tmp-WOSzIR/code/seed-b-frontend/.angular/cache/22.1.3/seed-b-frontend/vite/deps/@angular_router.js","/home/alex/dev/Bachelor/bmad-vergleichsstudie/.lizard-tmp-WOSzIR/code/seed-b-frontend/.angular/cache/22.1.3/seed-b-frontend/vite/deps/@angular_router.js","toString","toString ( )",1660,1662
5,1,25,2,5,"constructor@1666-1670@/home/alex/dev/Bachelor/bmad-vergleichsstudie/.lizard-tmp-WOSzIR/code/seed-b-frontend/.angular/cache/22.1.3/seed-b-frontend/vite/deps/@angular_router.js","/home/alex/dev/Bachelor/bmad-vergleichsstudie/.lizard-tmp-WOSzIR/code/seed-b-frontend/.angular/cache/22.1.3/seed-b-frontend/vite/deps/@angular_router.js","constructor","constructor ( url , root )",1666,1670
3,1,12,0,3,"toString@1671-1673@/home/alex/dev/Bachelor/bmad-vergleichsstudie/.lizard-tmp-WOSzIR/code/seed-b-frontend/.angular/cache/22.1.3/seed-b-frontend/vite/deps/@angular_router.js","/home/alex/dev/Bachelor/bmad-vergleichsstudie/.lizard-tmp-WOSzIR/code/seed-b-frontend/.angular/cache/22.1.3/seed-b-frontend/vite/deps/@angular_router.js","toString","toString ( )",1671,1673
1,1,7,0,1,"(anonymous)@1677-1677@/home/alex/dev/Bachelor/bmad-vergleichsstudie/.lizard-tmp-WOSzIR/code/seed-b-frontend/.angular/cache/22.1.3/seed-b-frontend/vite/deps/@angular_router.js","/home/alex/dev/Bachelor/bmad-vergleichsstudie/.lizard-tmp-WOSzIR/code/seed-b-frontend/.angular/cache/22.1.3/seed-b-frontend/vite/deps/@angular_router.js","(anonymous)","(anonymous)",1677,1677
4,1,27,2,4,"setRouterState@1675-1678@/home/alex/dev/Bachelor/bmad-vergleichsstudie/.lizard-tmp-WOSzIR/code/seed-b-frontend/.angular/cache/22.1.3/seed-b-frontend/vite/deps/@angular_router.js","/home/alex/dev/Bachelor/bmad-vergleichsstudie/.lizard-tmp-WOSzIR/code/seed-b-frontend/.angular/cache/22.1.3/seed-b-frontend/vite/deps/@angular_router.js","setRouterState","setRouterState ( state , node )",1675,1678
4,2,36,1,4,"serializeNode@1679-1682@/home/alex/dev/Bachelor/bmad-vergleichsstudie/.lizard-tmp-WOSzIR/code/seed-b-frontend/.angular/cache/22.1.3/seed-b-frontend/vite/deps/@angular_router.js","/home/alex/dev/Bachelor/bmad-vergleichsstudie/.lizard-tmp-WOSzIR/code/seed-b-frontend/.angular/cache/22.1.3/seed-b-frontend/vite/deps/@angular_router.js","serializeNode","serializeNode ( node )",1679,1682
15,7,178,1,15,"advanceActivatedRoute@1683-1697@/home/alex/dev/Bachelor/bmad-vergleichsstudie/.lizard-tmp-WOSzIR/code/seed-b-frontend/.angular/cache/22.1.3/seed-b-frontend/vite/deps/@angular_router.js","/home/alex/dev/Bachelor/bmad-vergleichsstudie/.lizard-tmp-WOSzIR/code/seed-b-frontend/.angular/cache/22.1.3/seed-b-frontend/vite/deps/@angular_router.js","advanceActivatedRoute","advanceActivatedRoute ( route )",1683,1697
5,5,69,2,5,"equalParamsAndUrlSegments@1698-1702@/home/alex/dev/Bachelor/bmad-vergleichsstudie/.lizard-tmp-WOSzIR/code/seed-b-frontend/.angular/cache/22.1.3/seed-b-frontend/vite/deps/@angular_router.js","/home/alex/dev/Bachelor/bmad-vergleichsstudie/.lizard-tmp-WOSzIR/code/seed-b-frontend/.angular/cache/22.1.3/seed-b-frontend/vite/deps/@angular_router.js","equalParamsAndUrlSegments","equalParamsAndUrlSegments ( a , b )",1698,1702
3,2,19,1,3,"hasStaticTitle@1703-1705@/home/alex/dev/Bachelor/bmad-vergleichsstudie/.lizard-tmp-WOSzIR/code/seed-b-frontend/.angular/cache/22.1.3/seed-b-frontend/vite/deps/@angular_router.js","/home/alex/dev/Bachelor/bmad-vergleichsstudie/.lizard-tmp-WOSzIR/code/seed-b-frontend/.angular/cache/22.1.3/seed-b-frontend/vite/deps/@angular_router.js","hasStaticTitle","hasStaticTitle ( config )",1703,1705
3,1,9,0,3,"get activatedComponentRef@1709-1711@/home/alex/dev/Bachelor/bmad-vergleichsstudie/.lizard-tmp-WOSzIR/code/seed-b-frontend/.angular/cache/22.1.3/seed-b-frontend/vite/deps/@angular_router.js","/home/alex/dev/Bachelor/bmad-vergleichsstudie/.lizard-tmp-WOSzIR/code/seed-b-frontend/.angular/cache/22.1.3/seed-b-frontend/vite/deps/@angular_router.js","get activatedComponentRef","get activatedComponentRef ( )",1709,1711
11,4,64,1,11,"ngOnChanges@1724-1734@/home/alex/dev/Bachelor/bmad-vergleichsstudie/.lizard-tmp-WOSzIR/code/seed-b-frontend/.angular/cache/22.1.3/seed-b-frontend/vite/deps/@angular_router.js","/home/alex/dev/Bachelor/bmad-vergleichsstudie/.lizard-tmp-WOSzIR/code/seed-b-frontend/.angular/cache/22.1.3/seed-b-frontend/vite/deps/@angular_router.js","ngOnChanges","ngOnChanges ( changes )",1724,1734
4,2,35,0,4,"ngOnDestroy@1735-1738@/home/alex/dev/Bachelor/bmad-vergleichsstudie/.lizard-tmp-WOSzIR/code/seed-b-frontend/.angular/cache/22.1.3/seed-b-frontend/vite/deps/@angular_router.js","/home/alex/dev/Bachelor/bmad-vergleichsstudie/.lizard-tmp-WOSzIR/code/seed-b-frontend/.angular/cache/22.1.3/seed-b-frontend/vite/deps/@angular_router.js","ngOnDestroy","ngOnDestroy ( )",1735,1738
3,2,20,1,3,"isTrackedInParentContexts@1739-1741@/home/alex/dev/Bachelor/bmad-vergleichsstudie/.lizard-tmp-WOSzIR/code/seed-b-frontend/.angular/cache/22.1.3/seed-b-frontend/vite/deps/@angular_router.js","/home/alex/dev/Bachelor/bmad-vergleichsstudie/.lizard-tmp-WOSzIR/code/seed-b-frontend/.angular/cache/22.1.3/seed-b-frontend/vite/deps/@angular_router.js","isTrackedInParentContexts","isTrackedInParentContexts ( outletName )",1739,1741
3,1,10,0,3,"ngOnInit@1742-1744@/home/alex/dev/Bachelor/bmad-vergleichsstudie/.lizard-tmp-WOSzIR/code/seed-b-frontend/.angular/cache/22.1.3/seed-b-frontend/vite/deps/@angular_router.js","/home/alex/dev/Bachelor/bmad-vergleichsstudie/.lizard-tmp-WOSzIR/code/seed-b-frontend/.angular/cache/22.1.3/seed-b-frontend/vite/deps/@angular_router.js","ngOnInit","ngOnInit ( )",1742,1744
7,4,78,0,7,"initializeOutletWithName@1745-1751@/home/alex/dev/Bachelor/bmad-vergleichsstudie/.lizard-tmp-WOSzIR/code/seed-b-frontend/.angular/cache/22.1.3/seed-b-frontend/vite/deps/@angular_router.js","/home/alex/dev/Bachelor/bmad-vergleichsstudie/.lizard-tmp-WOSzIR/code/seed-b-frontend/.angular/cache/22.1.3/seed-b-frontend/vite/deps/@angular_router.js","initializeOutletWithName","initializeOutletWithName ( )",1745,1751
3,1,11,0,3,"get isActivated@1752-1754@/home/alex/dev/Bachelor/bmad-vergleichsstudie/.lizard-tmp-WOSzIR/code/seed-b-frontend/.angular/cache/22.1.3/seed-b-frontend/vite/deps/@angular_router.js","/home/alex/dev/Bachelor/bmad-vergleichsstudie/.lizard-tmp-WOSzIR/code/seed-b-frontend/.angular/cache/22.1.3/seed-b-frontend/vite/deps/@angular_router.js","get isActivated","get isActivated ( )",1752,1754
4,4,36,0,4,"get component@1755-1758@/home/alex/dev/Bachelor/bmad-vergleichsstudie/.lizard-tmp-WOSzIR/code/seed-b-frontend/.angular/cache/22.1.3/seed-b-frontend/vite/deps/@angular_router.js","/home/alex/dev/Bachelor/bmad-vergleichsstudie/.lizard-tmp-WOSzIR/code/seed-b-frontend/.angular/cache/22.1.3/seed-b-frontend/vite/deps/@angular_router.js","get component","get component ( )",1755,1758
4,4,34,0,4,"get activatedRoute@1759-1762@/home/alex/dev/Bachelor/bmad-vergleichsstudie/.lizard-tmp-WOSzIR/code/seed-b-frontend/.angular/cache/22.1.3/seed-b-frontend/vite/deps/@angular_router.js","/home/alex/dev/Bachelor/bmad-vergleichsstudie/.lizard-tmp-WOSzIR/code/seed-b-frontend/.angular/cache/22.1.3/seed-b-frontend/vite/deps/@angular_router.js","get activatedRoute","get activatedRoute ( )",1759,1762
4,2,23,0,4,"get activatedRouteData@1763-1766@/home/alex/dev/Bachelor/bmad-vergleichsstudie/.lizard-tmp-WOSzIR/code/seed-b-frontend/.angular/cache/22.1.3/seed-b-frontend/vite/deps/@angular_router.js","/home/alex/dev/Bachelor/bmad-vergleichsstudie/.lizard-tmp-WOSzIR/code/seed-b-frontend/.angular/cache/22.1.3/seed-b-frontend/vite/deps/@angular_router.js","get activatedRouteData","get activatedRouteData ( )",1763,1766
9,4,70,0,9,"detach@1767-1775@/home/alex/dev/Bachelor/bmad-vergleichsstudie/.lizard-tmp-WOSzIR/code/seed-b-frontend/.angular/cache/22.1.3/seed-b-frontend/vite/deps/@angular_router.js","/home/alex/dev/Bachelor/bmad-vergleichsstudie/.lizard-tmp-WOSzIR/code/seed-b-frontend/.angular/cache/22.1.3/seed-b-frontend/vite/deps/@angular_router.js","detach","detach ( )",1767,1775
7,1,50,2,7,"attach@1776-1782@/home/alex/dev/Bachelor/bmad-vergleichsstudie/.lizard-tmp-WOSzIR/code/seed-b-frontend/.angular/cache/22.1.3/seed-b-frontend/vite/deps/@angular_router.js","/home/alex/dev/Bachelor/bmad-vergleichsstudie/.lizard-tmp-WOSzIR/code/seed-b-frontend/.angular/cache/22.1.3/seed-b-frontend/vite/deps/@angular_router.js","attach","attach ( ref , activatedRoute )",1776,1782
9,2,48,0,9,"deactivate@1783-1791@/home/alex/dev/Bachelor/bmad-vergleichsstudie/.lizard-tmp-WOSzIR/code/seed-b-frontend/.angular/cache/22.1.3/seed-b-frontend/vite/deps/@angular_router.js","/home/alex/dev/Bachelor/bmad-vergleichsstudie/.lizard-tmp-WOSzIR/code/seed-b-frontend/.angular/cache/22.1.3/seed-b-frontend/vite/deps/@angular_router.js","deactivate","deactivate ( )",1783,1791
16,4,141,2,16,"activateWith@1792-1807@/home/alex/dev/Bachelor/bmad-vergleichsstudie/.lizard-tmp-WOSzIR/code/seed-b-frontend/.angular/cache/22.1.3/seed-b-frontend/vite/deps/@angular_router.js","/home/alex/dev/Bachelor/bmad-vergleichsstudie/.lizard-tmp-WOSzIR/code/seed-b-frontend/.angular/cache/22.1.3/seed-b-frontend/vite/deps/@angular_router.js","activateWith","activateWith ( activatedRoute , environmentInjector )",1792,1807
3,2,15,0,3,"RouterOutlet_Factory@1808-1810@/home/alex/dev/Bachelor/bmad-vergleichsstudie/.lizard-tmp-WOSzIR/code/seed-b-frontend/.angular/cache/22.1.3/seed-b-frontend/vite/deps/@angular_router.js","/home/alex/dev/Bachelor/bmad-vergleichsstudie/.lizard-tmp-WOSzIR/code/seed-b-frontend/.angular/cache/22.1.3/seed-b-frontend/vite/deps/@angular_router.js","RouterOutlet_Factory","RouterOutlet_Factory ( )",1808,1810
34,3,142,0,34,"(anonymous)@1828-1861@/home/alex/dev/Bachelor/bmad-vergleichsstudie/.lizard-tmp-WOSzIR/code/seed-b-frontend/.angular/cache/22.1.3/seed-b-frontend/vite/deps/@angular_router.js","/home/alex/dev/Bachelor/bmad-vergleichsstudie/.lizard-tmp-WOSzIR/code/seed-b-frontend/.angular/cache/22.1.3/seed-b-frontend/vite/deps/@angular_router.js","(anonymous)","(anonymous)",1828,1861
6,1,35,4,6,"constructor@1868-1873@/home/alex/dev/Bachelor/bmad-vergleichsstudie/.lizard-tmp-WOSzIR/code/seed-b-frontend/.angular/cache/22.1.3/seed-b-frontend/vite/deps/@angular_router.js","/home/alex/dev/Bachelor/bmad-vergleichsstudie/.lizard-tmp-WOSzIR/code/seed-b-frontend/.angular/cache/22.1.3/seed-b-frontend/vite/deps/@angular_router.js","constructor","constructor ( route , childContexts , parent , outletData )",1868,1873
4,3,21,1,4,"constructor@1886-1889@/home/alex/dev/Bachelor/bmad-vergleichsstudie/.lizard-tmp-WOSzIR/code/seed-b-frontend/.angular/cache/22.1.3/seed-b-frontend/vite/deps/@angular_router.js","/home/alex/dev/Bachelor/bmad-vergleichsstudie/.lizard-tmp-WOSzIR/code/seed-b-frontend/.angular/cache/22.1.3/seed-b-frontend/vite/deps/@angular_router.js","constructor","constructor ( options )",1886,1889
4,1,19,1,4,"bindActivatedRouteToOutletComponent@1890-1893@/home/alex/dev/Bachelor/bmad-vergleichsstudie/.lizard-tmp-WOSzIR/code/seed-b-frontend/.angular/cache/22.1.3/seed-b-frontend/vite/deps/@angular_router.js","/home/alex/dev/Bachelor/bmad-vergleichsstudie/.lizard-tmp-WOSzIR/code/seed-b-frontend/.angular/cache/22.1.3/seed-b-frontend/vite/deps/@angular_router.js","bindActivatedRouteToOutletComponent","bindActivatedRouteToOutletComponent ( outlet )",1890,1893
5,2,37,1,5,"unsubscribeFromRouteData@1894-1898@/home/alex/dev/Bachelor/bmad-vergleichsstudie/.lizard-tmp-WOSzIR/code/seed-b-frontend/.angular/cache/22.1.3/seed-b-frontend/vite/deps/@angular_router.js","/home/alex/dev/Bachelor/bmad-vergleichsstudie/.lizard-tmp-WOSzIR/code/seed-b-frontend/.angular/cache/22.1.3/seed-b-frontend/vite/deps/@angular_router.js","unsubscribeFromRouteData","unsubscribeFromRouteData ( outlet )",1894,1898
9,2,35,0,9,"(anonymous)@1905-1913@/home/alex/dev/Bachelor/bmad-vergleichsstudie/.lizard-tmp-WOSzIR/code/seed-b-frontend/.angular/cache/22.1.3/seed-b-frontend/vite/deps/@angular_router.js","/home/alex/dev/Bachelor/bmad-vergleichsstudie/.lizard-tmp-WOSzIR/code/seed-b-frontend/.angular/cache/22.1.3/seed-b-frontend/vite/deps/@angular_router.js","(anonymous)","(anonymous)",1905,1913
22,14,181,0,22,"(anonymous)@1913-1934@/home/alex/dev/Bachelor/bmad-vergleichsstudie/.lizard-tmp-WOSzIR/code/seed-b-frontend/.angular/cache/22.1.3/seed-b-frontend/vite/deps/@angular_router.js","/home/alex/dev/Bachelor/bmad-vergleichsstudie/.lizard-tmp-WOSzIR/code/seed-b-frontend/.angular/cache/22.1.3/seed-b-frontend/vite/deps/@angular_router.js","(anonymous)","(anonymous)",1913,1934
9,2,84,1,38,"subscribeToRouteData@1899-1936@/home/alex/dev/Bachelor/bmad-vergleichsstudie/.lizard-tmp-WOSzIR/code/seed-b-frontend/.angular/cache/22.1.3/seed-b-frontend/vite/deps/@angular_router.js","/home/alex/dev/Bachelor/bmad-vergleichsstudie/.lizard-tmp-WOSzIR/code/seed-b-frontend/.angular/cache/22.1.3/seed-b-frontend/vite/deps/@angular_router.js","subscribeToRouteData","subscribeToRouteData ( outlet )",1899,1936
3,1,9,0,3,"RoutedComponentInputBinder_Factory@1937-1939@/home/alex/dev/Bachelor/bmad-vergleichsstudie/.lizard-tmp-WOSzIR/code/seed-b-frontend/.angular/cache/22.1.3/seed-b-frontend/vite/deps/@angular_router.js","/home/alex/dev/Bachelor/bmad-vergleichsstudie/.lizard-tmp-WOSzIR/code/seed-b-frontend/.angular/cache/22.1.3/seed-b-frontend/vite/deps/@angular_router.js","RoutedComponentInputBinder_Factory","RoutedComponentInputBinder_Factory ( )",1937,1939
1,1,7,0,1,"(anonymous)@1946-1946@/home/alex/dev/Bachelor/bmad-vergleichsstudie/.lizard-tmp-WOSzIR/code/seed-b-frontend/.angular/cache/22.1.3/seed-b-frontend/vite/deps/@angular_router.js","/home/alex/dev/Bachelor/bmad-vergleichsstudie/.lizard-tmp-WOSzIR/code/seed-b-frontend/.angular/cache/22.1.3/seed-b-frontend/vite/deps/@angular_router.js","(anonymous)","(anonymous)",1946,1946
3,3,32,0,3,"(anonymous)@1945-1947@/home/alex/dev/Bachelor/bmad-vergleichsstudie/.lizard-tmp-WOSzIR/code/seed-b-frontend/.angular/cache/22.1.3/seed-b-frontend/vite/deps/@angular_router.js","/home/alex/dev/Bachelor/bmad-vergleichsstudie/.lizard-tmp-WOSzIR/code/seed-b-frontend/.angular/cache/22.1.3/seed-b-frontend/vite/deps/@angular_router.js","(anonymous)","(anonymous)",1945,1947
3,2,15,0,3,"ɵEmptyOutletComponent_Factory@1949-1951@/home/alex/dev/Bachelor/bmad-vergleichsstudie/.lizard-tmp-WOSzIR/code/seed-b-frontend/.angular/cache/22.1.3/seed-b-frontend/vite/deps/@angular_router.js","/home/alex/dev/Bachelor/bmad-vergleichsstudie/.lizard-tmp-WOSzIR/code/seed-b-frontend/.angular/cache/22.1.3/seed-b-frontend/vite/deps/@angular_router.js","ɵEmptyOutletComponent_Factory","ɵEmptyOutletComponent_Factory ( )",1949,1951
9,2,52,7,9,"ɵɵdefineComponent@1952-1960@/home/alex/dev/Bachelor/bmad-vergleichsstudie/.lizard-tmp-WOSzIR/code/seed-b-frontend/.angular/cache/22.1.3/seed-b-frontend/vite/deps/@angular_router.js","/home/alex/dev/Bachelor/bmad-vergleichsstudie/.lizard-tmp-WOSzIR/code/seed-b-frontend/.angular/cache/22.1.3/seed-b-frontend/vite/deps/@angular_router.js","ɵɵdefineComponent","ɵɵdefineComponent ( type ɵEmptyOutletComponent , selectors , exportAs , decls , vars , template function ( rf , ctx )",1952,1960
10,3,54,0,10,"(anonymous)@1966-1975@/home/alex/dev/Bachelor/bmad-vergleichsstudie/.lizard-tmp-WOSzIR/code/seed-b-frontend/.angular/cache/22.1.3/seed-b-frontend/vite/deps/@angular_router.js","/home/alex/dev/Bachelor/bmad-vergleichsstudie/.lizard-tmp-WOSzIR/code/seed-b-frontend/.angular/cache/22.1.3/seed-b-frontend/vite/deps/@angular_router.js","(anonymous)","(anonymous)",1966,1975
9,9,77,1,9,"standardizeConfig@1977-1985@/home/alex/dev/Bachelor/bmad-vergleichsstudie/.lizard-tmp-WOSzIR/code/seed-b-frontend/.angular/cache/22.1.3/seed-b-frontend/vite/deps/@angular_router.js","/home/alex/dev/Bachelor/bmad-vergleichsstudie/.lizard-tmp-WOSzIR/code/seed-b-frontend/.angular/cache/22.1.3/seed-b-frontend/vite/deps/@angular_router.js","standardizeConfig","standardizeConfig ( r )",1977,1985
7,2,50,3,7,"createRouterState@1986-1992@/home/alex/dev/Bachelor/bmad-vergleichsstudie/.lizard-tmp-WOSzIR/code/seed-b-frontend/.angular/cache/22.1.3/seed-b-frontend/vite/deps/@angular_router.js","/home/alex/dev/Bachelor/bmad-vergleichsstudie/.lizard-tmp-WOSzIR/code/seed-b-frontend/.angular/cache/22.1.3/seed-b-frontend/vite/deps/@angular_router.js","createRouterState","createRouterState ( routeReuseStrategy , curr , prevState )",1986,1992
1,1,12,0,1,"(anonymous)@2004-2004@/home/alex/dev/Bachelor/bmad-vergleichsstudie/.lizard-tmp-WOSzIR/code/seed-b-frontend/.angular/cache/22.1.3/seed-b-frontend/vite/deps/@angular_router.js","/home/alex/dev/Bachelor/bmad-vergleichsstudie/.lizard-tmp-WOSzIR/code/seed-b-frontend/.angular/cache/22.1.3/seed-b-frontend/vite/deps/@angular_router.js","(anonymous)","(anonymous)",2004,2004
1,1,12,0,1,"(anonymous)@2010-2010@/home/alex/dev/Bachelor/bmad-vergleichsstudie/.lizard-tmp-WOSzIR/code/seed-b-frontend/.angular/cache/22.1.3/seed-b-frontend/vite/deps/@angular_router.js","/home/alex/dev/Bachelor/bmad-vergleichsstudie/.lizard-tmp-WOSzIR/code/seed-b-frontend/.angular/cache/22.1.3/seed-b-frontend/vite/deps/@angular_router.js","(anonymous)","(anonymous)",2010,2010
20,5,173,4,20,"createNode@1993-2012@/home/alex/dev/Bachelor/bmad-vergleichsstudie/.lizard-tmp-WOSzIR/code/seed-b-frontend/.angular/cache/22.1.3/seed-b-frontend/vite/deps/@angular_router.js","/home/alex/dev/Bachelor/bmad-vergleichsstudie/.lizard-tmp-WOSzIR/code/seed-b-frontend/.angular/cache/22.1.3/seed-b-frontend/vite/deps/@angular_router.js","createNode","createNode ( routeReuseStrategy , curr , prevState , newlyCreatedRoutes )",1993,2012
4,3,53,0,4,"(anonymous)@2014-2017@/home/alex/dev/Bachelor/bmad-vergleichsstudie/.lizard-tmp-WOSzIR/code/seed-b-frontend/.angular/cache/22.1.3/seed-b-frontend/vite/deps/@angular_router.js","/home/alex/dev/Bachelor/bmad-vergleichsstudie/.lizard-tmp-WOSzIR/code/seed-b-frontend/.angular/cache/22.1.3/seed-b-frontend/vite/deps/@angular_router.js","(anonymous)","(anonymous)",2014,2017
3,1,25,4,6,"createOrReuseChildren@2013-2018@/home/alex/dev/Bachelor/bmad-vergleichsstudie/.lizard-tmp-WOSzIR/code/seed-b-frontend/.angular/cache/22.1.3/seed-b-frontend/vite/deps/@angular_router.js","/home/alex/dev/Bachelor/bmad-vergleichsstudie/.lizard-tmp-WOSzIR/code/seed-b-frontend/.angular/cache/22.1.3/seed-b-frontend/vite/deps/@angular_router.js","createOrReuseChildren","createOrReuseChildren ( routeReuseStrategy , curr , prevState , newlyCreatedRoutes )",2013,2018
3,1,60,1,3,"createActivatedRoute@2019-2021@/home/alex/dev/Bachelor/bmad-vergleichsstudie/.lizard-tmp-WOSzIR/code/seed-b-frontend/.angular/cache/22.1.3/seed-b-frontend/vite/deps/@angular_router.js","/home/alex/dev/Bachelor/bmad-vergleichsstudie/.lizard-tmp-WOSzIR/code/seed-b-frontend/.angular/cache/22.1.3/seed-b-frontend/vite/deps/@angular_router.js","createActivatedRoute","createActivatedRoute ( c )",2019,2021
4,1,19,2,4,"constructor@2025-2028@/home/alex/dev/Bachelor/bmad-vergleichsstudie/.lizard-tmp-WOSzIR/code/seed-b-frontend/.angular/cache/22.1.3/seed-b-frontend/vite/deps/@angular_router.js","/home/alex/dev/Bachelor/bmad-vergleichsstudie/.lizard-tmp-WOSzIR/code/seed-b-frontend/.angular/cache/22.1.3/seed-b-frontend/vite/deps/@angular_router.js","constructor","constructor ( redirectTo , navigationBehaviorOptions )",2025,2028
10,3,67,2,10,"redirectingNavigationError@2031-2040@/home/alex/dev/Bachelor/bmad-vergleichsstudie/.lizard-tmp-WOSzIR/code/seed-b-frontend/.angular/cache/22.1.3/seed-b-frontend/vite/deps/@angular_router.js","/home/alex/dev/Bachelor/bmad-vergleichsstudie/.lizard-tmp-WOSzIR/code/seed-b-frontend/.angular/cache/22.1.3/seed-b-frontend/vite/deps/@angular_router.js","redirectingNavigationError","redirectingNavigationError ( urlSerializer , redirect )",2031,2040
6,1,37,2,6,"navigationCancelingError@2041-2046@/home/alex/dev/Bachelor/bmad-vergleichsstudie/.lizard-tmp-WOSzIR/code/seed-b-frontend/.angular/cache/22.1.3/seed-b-frontend/vite/deps/@angular_router.js","/home/alex/dev/Bachelor/bmad-vergleichsstudie/.lizard-tmp-WOSzIR/code/seed-b-frontend/.angular/cache/22.1.3/seed-b-frontend/vite/deps/@angular_router.js","navigationCancelingError","navigationCancelingError ( message , code )",2041,2046
3,2,18,1,3,"isRedirectingNavigationCancelingError@2047-2049@/home/alex/dev/Bachelor/bmad-vergleichsstudie/.lizard-tmp-WOSzIR/code/seed-b-frontend/.angular/cache/22.1.3/seed-b-frontend/vite/deps/@angular_router.js","/home/alex/dev/Bachelor/bmad-vergleichsstudie/.lizard-tmp-WOSzIR/code/seed-b-frontend/.angular/cache/22.1.3/seed-b-frontend/vite/deps/@angular_router.js","isRedirectingNavigationCancelingError","isRedirectingNavigationCancelingError ( error )",2047,2049
3,2,15,1,3,"isNavigationCancelingError@2050-2052@/home/alex/dev/Bachelor/bmad-vergleichsstudie/.lizard-tmp-WOSzIR/code/seed-b-frontend/.angular/cache/22.1.3/seed-b-frontend/vite/deps/@angular_router.js","/home/alex/dev/Bachelor/bmad-vergleichsstudie/.lizard-tmp-WOSzIR/code/seed-b-frontend/.angular/cache/22.1.3/seed-b-frontend/vite/deps/@angular_router.js","isNavigationCancelingError","isNavigationCancelingError ( error )",2050,2052
7,1,43,5,7,"constructor@2060-2066@/home/alex/dev/Bachelor/bmad-vergleichsstudie/.lizard-tmp-WOSzIR/code/seed-b-frontend/.angular/cache/22.1.3/seed-b-frontend/vite/deps/@angular_router.js","/home/alex/dev/Bachelor/bmad-vergleichsstudie/.lizard-tmp-WOSzIR/code/seed-b-frontend/.angular/cache/22.1.3/seed-b-frontend/vite/deps/@angular_router.js","constructor","constructor ( routeReuseStrategy , futureState , currState , forwardEvent , inputBindingEnabled )",2060,2066
7,2,60,1,7,"activate@2067-2073@/home/alex/dev/Bachelor/bmad-vergleichsstudie/.lizard-tmp-WOSzIR/code/seed-b-frontend/.angular/cache/22.1.3/seed-b-frontend/vite/deps/@angular_router.js","/home/alex/dev/Bachelor/bmad-vergleichsstudie/.lizard-tmp-WOSzIR/code/seed-b-frontend/.angular/cache/22.1.3/seed-b-frontend/vite/deps/@angular_router.js","activate","activate ( parentContexts )",2067,2073
5,1,31,0,5,"(anonymous)@2076-2080@/home/alex/dev/Bachelor/bmad-vergleichsstudie/.lizard-tmp-WOSzIR/code/seed-b-frontend/.angular/cache/22.1.3/seed-b-frontend/vite/deps/@angular_router.js","/home/alex/dev/Bachelor/bmad-vergleichsstudie/.lizard-tmp-WOSzIR/code/seed-b-frontend/.angular/cache/22.1.3/seed-b-frontend/vite/deps/@angular_router.js","(anonymous)","(anonymous)",2076,2080
3,1,11,0,3,"(anonymous)@2081-2083@/home/alex/dev/Bachelor/bmad-vergleichsstudie/.lizard-tmp-WOSzIR/code/seed-b-frontend/.angular/cache/22.1.3/seed-b-frontend/vite/deps/@angular_router.js","/home/alex/dev/Bachelor/bmad-vergleichsstudie/.lizard-tmp-WOSzIR/code/seed-b-frontend/.angular/cache/22.1.3/seed-b-frontend/vite/deps/@angular_router.js","(anonymous)","(anonymous)",2081,2083
5,1,46,3,11,"deactivateChildRoutes@2074-2084@/home/alex/dev/Bachelor/bmad-vergleichsstudie/.lizard-tmp-WOSzIR/code/seed-b-frontend/.angular/cache/22.1.3/seed-b-frontend/vite/deps/@angular_router.js","/home/alex/dev/Bachelor/bmad-vergleichsstudie/.lizard-tmp-WOSzIR/code/seed-b-frontend/.angular/cache/22.1.3/seed-b-frontend/vite/deps/@angular_router.js","deactivateChildRoutes","deactivateChildRoutes ( futureNode , currNode , contexts )",2074,2084
9,6,96,3,9,"deactivateRoutes@2085-2093@/home/alex/dev/Bachelor/bmad-vergleichsstudie/.lizard-tmp-WOSzIR/code/seed-b-frontend/.angular/cache/22.1.3/seed-b-frontend/vite/deps/@angular_router.js","/home/alex/dev/Bachelor/bmad-vergleichsstudie/.lizard-tmp-WOSzIR/code/seed-b-frontend/.angular/cache/22.1.3/seed-b-frontend/vite/deps/@angular_router.js","deactivateRoutes","deactivateRoutes ( futureNode , currNode , parentContext )",2085,2093
4,3,47,2,4,"deactivateRouteAndItsChildren@2094-2097@/home/alex/dev/Bachelor/bmad-vergleichsstudie/.lizard-tmp-WOSzIR/code/seed-b-frontend/.angular/cache/22.1.3/seed-b-frontend/vite/deps/@angular_router.js","/home/alex/dev/Bachelor/bmad-vergleichsstudie/.lizard-tmp-WOSzIR/code/seed-b-frontend/.angular/cache/22.1.3/seed-b-frontend/vite/deps/@angular_router.js","deactivateRouteAndItsChildren","deactivateRouteAndItsChildren ( route , parentContexts )",2094,2097
15,6,120,2,15,"detachAndStoreRouteSubtree@2098-2112@/home/alex/dev/Bachelor/bmad-vergleichsstudie/.lizard-tmp-WOSzIR/code/seed-b-frontend/.angular/cache/22.1.3/seed-b-frontend/vite/deps/@angular_router.js","/home/alex/dev/Bachelor/bmad-vergleichsstudie/.lizard-tmp-WOSzIR/code/seed-b-frontend/.angular/cache/22.1.3/seed-b-frontend/vite/deps/@angular_router.js","detachAndStoreRouteSubtree","detachAndStoreRouteSubtree ( route , parentContexts )",2098,2112
15,6,119,2,15,"deactivateRouteAndOutlet@2113-2127@/home/alex/dev/Bachelor/bmad-vergleichsstudie/.lizard-tmp-WOSzIR/code/seed-b-frontend/.angular/cache/22.1.3/seed-b-frontend/vite/deps/@angular_router.js","/home/alex/dev/Bachelor/bmad-vergleichsstudie/.lizard-tmp-WOSzIR/code/seed-b-frontend/.angular/cache/22.1.3/seed-b-frontend/vite/deps/@angular_router.js","deactivateRouteAndOutlet","deactivateRouteAndOutlet ( route , parentContexts )",2113,2127
4,1,35,0,4,"(anonymous)@2130-2133@/home/alex/dev/Bachelor/bmad-vergleichsstudie/.lizard-tmp-WOSzIR/code/seed-b-frontend/.angular/cache/22.1.3/seed-b-frontend/vite/deps/@angular_router.js","/home/alex/dev/Bachelor/bmad-vergleichsstudie/.lizard-tmp-WOSzIR/code/seed-b-frontend/.angular/cache/22.1.3/seed-b-frontend/vite/deps/@angular_router.js","(anonymous)","(anonymous)",2130,2133
5,2,53,3,8,"activateChildRoutes@2128-2135@/home/alex/dev/Bachelor/bmad-vergleichsstudie/.lizard-tmp-WOSzIR/code/seed-b-frontend/.angular/cache/22.1.3/seed-b-frontend/vite/deps/@angular_router.js","/home/alex/dev/Bachelor/bmad-vergleichsstudie/.lizard-tmp-WOSzIR/code/seed-b-frontend/.angular/cache/22.1.3/seed-b-frontend/vite/deps/@angular_router.js","activateChildRoutes","activateChildRoutes ( futureNode , currNode , contexts )",2128,2135
34,14,333,3,34,"activateRoutes@2136-2169@/home/alex/dev/Bachelor/bmad-vergleichsstudie/.lizard-tmp-WOSzIR/code/seed-b-frontend/.angular/cache/22.1.3/seed-b-frontend/vite/deps/@angular_router.js","/home/alex/dev/Bachelor/bmad-vergleichsstudie/.lizard-tmp-WOSzIR/code/seed-b-frontend/.angular/cache/22.1.3/seed-b-frontend/vite/deps/@angular_router.js","activateRoutes","activateRoutes ( futureNode , currNode , parentContexts )",2136,2169
4,1,28,1,4,"constructor@2174-2177@/home/alex/dev/Bachelor/bmad-vergleichsstudie/.lizard-tmp-WOSzIR/code/seed-b-frontend/.angular/cache/22.1.3/seed-b-frontend/vite/deps/@angular_router.js","/home/alex/dev/Bachelor/bmad-vergleichsstudie/.lizard-tmp-WOSzIR/code/seed-b-frontend/.angular/cache/22.1.3/seed-b-frontend/vite/deps/@angular_router.js","constructor","constructor ( path )",2174,2177
4,1,19,2,4,"constructor@2182-2185@/home/alex/dev/Bachelor/bmad-vergleichsstudie/.lizard-tmp-WOSzIR/code/seed-b-frontend/.angular/cache/22.1.3/seed-b-frontend/vite/deps/@angular_router.js","/home/alex/dev/Bachelor/bmad-vergleichsstudie/.lizard-tmp-WOSzIR/code/seed-b-frontend/.angular/cache/22.1.3/seed-b-frontend/vite/deps/@angular_router.js","constructor","constructor ( component , route )",2182,2185
4,2,38,3,4,"getAllRouteGuards@2187-2190@/home/alex/dev/Bachelor/bmad-vergleichsstudie/.lizard-tmp-WOSzIR/code/seed-b-frontend/.angular/cache/22.1.3/seed-b-frontend/vite/deps/@angular_router.js","/home/alex/dev/Bachelor/bmad-vergleichsstudie/.lizard-tmp-WOSzIR/code/seed-b-frontend/.angular/cache/22.1.3/seed-b-frontend/vite/deps/@angular_router.js","getAllRouteGuards","getAllRouteGuards ( future , curr , parentContexts )",2187,2190
8,4,45,1,8,"getCanActivateChild@2191-2198@/home/alex/dev/Bachelor/bmad-vergleichsstudie/.lizard-tmp-WOSzIR/code/seed-b-frontend/.angular/cache/22.1.3/seed-b-frontend/vite/deps/@angular_router.js","/home/alex/dev/Bachelor/bmad-vergleichsstudie/.lizard-tmp-WOSzIR/code/seed-b-frontend/.angular/cache/22.1.3/seed-b-frontend/vite/deps/@angular_router.js","getCanActivateChild","getCanActivateChild ( p )",2191,2198
7,4,60,2,7,"getTokenOrFunctionIdentity@2199-2205@/home/alex/dev/Bachelor/bmad-vergleichsstudie/.lizard-tmp-WOSzIR/code/seed-b-frontend/.angular/cache/22.1.3/seed-b-frontend/vite/deps/@angular_router.js","/home/alex/dev/Bachelor/bmad-vergleichsstudie/.lizard-tmp-WOSzIR/code/seed-b-frontend/.angular/cache/22.1.3/seed-b-frontend/vite/deps/@angular_router.js","getTokenOrFunctionIdentity","getTokenOrFunctionIdentity ( tokenOrFunction , injector )",2199,2205
4,1,41,0,4,"(anonymous)@2211-2214@/home/alex/dev/Bachelor/bmad-vergleichsstudie/.lizard-tmp-WOSzIR/code/seed-b-frontend/.angular/cache/22.1.3/seed-b-frontend/vite/deps/@angular_router.js","/home/alex/dev/Bachelor/bmad-vergleichsstudie/.lizard-tmp-WOSzIR/code/seed-b-frontend/.angular/cache/22.1.3/seed-b-frontend/vite/deps/@angular_router.js","(anonymous)","(anonymous)",2211,2214
1,1,14,0,1,"(anonymous)@2215-2215@/home/alex/dev/Bachelor/bmad-vergleichsstudie/.lizard-tmp-WOSzIR/code/seed-b-frontend/.angular/cache/22.1.3/seed-b-frontend/vite/deps/@angular_router.js","/home/alex/dev/Bachelor/bmad-vergleichsstudie/.lizard-tmp-WOSzIR/code/seed-b-frontend/.angular/cache/22.1.3/seed-b-frontend/vite/deps/@angular_router.js","(anonymous)","(anonymous)",2215,2215
9,1,68,6,12,"getChildRouteGuards@2206-2217@/home/alex/dev/Bachelor/bmad-vergleichsstudie/.lizard-tmp-WOSzIR/code/seed-b-frontend/.angular/cache/22.1.3/seed-b-frontend/vite/deps/@angular_router.js","/home/alex/dev/Bachelor/bmad-vergleichsstudie/.lizard-tmp-WOSzIR/code/seed-b-frontend/.angular/cache/22.1.3/seed-b-frontend/vite/deps/@angular_router.js","getChildRouteGuards","getChildRouteGuards ( futureNode , currNode , contexts , futurePath , checks canDeactivateChecks , canActivateChecks )",2206,2217
25,15,272,6,25,"getRouteGuards@2218-2242@/home/alex/dev/Bachelor/bmad-vergleichsstudie/.lizard-tmp-WOSzIR/code/seed-b-frontend/.angular/cache/22.1.3/seed-b-frontend/vite/deps/@angular_router.js","/home/alex/dev/Bachelor/bmad-vergleichsstudie/.lizard-tmp-WOSzIR/code/seed-b-frontend/.angular/cache/22.1.3/seed-b-frontend/vite/deps/@angular_router.js","getRouteGuards","getRouteGuards ( futureNode , currNode , parentContexts , futurePath , checks canDeactivateChecks , canActivateChecks )",2218,2242
1,1,7,0,1,"(anonymous)@2244-2244@/home/alex/dev/Bachelor/bmad-vergleichsstudie/.lizard-tmp-WOSzIR/code/seed-b-frontend/.angular/cache/22.1.3/seed-b-frontend/vite/deps/@angular_router.js","/home/alex/dev/Bachelor/bmad-vergleichsstudie/.lizard-tmp-WOSzIR/code/seed-b-frontend/.angular/cache/22.1.3/seed-b-frontend/vite/deps/@angular_router.js","(anonymous)","(anonymous)",2244,2244
10,8,119,3,10,"shouldRunGuardsAndResolvers@2243-2252@/home/alex/dev/Bachelor/bmad-vergleichsstudie/.lizard-tmp-WOSzIR/code/seed-b-frontend/.angular/cache/22.1.3/seed-b-frontend/vite/deps/@angular_router.js","/home/alex/dev/Bachelor/bmad-vergleichsstudie/.lizard-tmp-WOSzIR/code/seed-b-frontend/.angular/cache/22.1.3/seed-b-frontend/vite/deps/@angular_router.js","shouldRunGuardsAndResolvers","shouldRunGuardsAndResolvers ( curr , future , mode )",2243,2252
5,3,49,0,5,"(anonymous)@2256-2260@/home/alex/dev/Bachelor/bmad-vergleichsstudie/.lizard-tmp-WOSzIR/code/seed-b-frontend/.angular/cache/22.1.3/seed-b-frontend/vite/deps/@angular_router.js","/home/alex/dev/Bachelor/bmad-vergleichsstudie/.lizard-tmp-WOSzIR/code/seed-b-frontend/.angular/cache/22.1.3/seed-b-frontend/vite/deps/@angular_router.js","(anonymous)","(anonymous)",2256,2260
8,5,116,3,12,"deactivateRouteAndItsChildren@2253-2264@/home/alex/dev/Bachelor/bmad-vergleichsstudie/.lizard-tmp-WOSzIR/code/seed-b-frontend/.angular/cache/22.1.3/seed-b-frontend/vite/deps/@angular_router.js","/home/alex/dev/Bachelor/bmad-vergleichsstudie/.lizard-tmp-WOSzIR/code/seed-b-frontend/.angular/cache/22.1.3/seed-b-frontend/vite/deps/@angular_router.js","deactivateRouteAndItsChildren","deactivateRouteAndItsChildren ( route , context , checks )",2253,2264
3,1,11,1,3,"isFunction@2265-2267@/home/alex/dev/Bachelor/bmad-vergleichsstudie/.lizard-tmp-WOSzIR/code/seed-b-frontend/.angular/cache/22.1.3/seed-b-frontend/vite/deps/@angular_router.js","/home/alex/dev/Bachelor/bmad-vergleichsstudie/.lizard-tmp-WOSzIR/code/seed-b-frontend/.angular/cache/22.1.3/seed-b-frontend/vite/deps/@angular_router.js","isFunction","isFunction ( v )",2265,2267
3,1,11,1,3,"isBoolean@2268-2270@/home/alex/dev/Bachelor/bmad-vergleichsstudie/.lizard-tmp-WOSzIR/code/seed-b-frontend/.angular/cache/22.1.3/seed-b-frontend/vite/deps/@angular_router.js","/home/alex/dev/Bachelor/bmad-vergleichsstudie/.lizard-tmp-WOSzIR/code/seed-b-frontend/.angular/cache/22.1.3/seed-b-frontend/vite/deps/@angular_router.js","isBoolean","isBoolean ( v )",2268,2270
3,2,15,1,3,"isCanLoad@2271-2273@/home/alex/dev/Bachelor/bmad-vergleichsstudie/.lizard-tmp-WOSzIR/code/seed-b-frontend/.angular/cache/22.1.3/seed-b-frontend/vite/deps/@angular_router.js","/home/alex/dev/Bachelor/bmad-vergleichsstudie/.lizard-tmp-WOSzIR/code/seed-b-frontend/.angular/cache/22.1.3/seed-b-frontend/vite/deps/@angular_router.js","isCanLoad","isCanLoad ( guard )",2271,2273
3,2,15,1,3,"isCanActivate@2274-2276@/home/alex/dev/Bachelor/bmad-vergleichsstudie/.lizard-tmp-WOSzIR/code/seed-b-frontend/.angular/cache/22.1.3/seed-b-frontend/vite/deps/@angular_router.js","/home/alex/dev/Bachelor/bmad-vergleichsstudie/.lizard-tmp-WOSzIR/code/seed-b-frontend/.angular/cache/22.1.3/seed-b-frontend/vite/deps/@angular_router.js","isCanActivate","isCanActivate ( guard )",2274,2276
3,2,15,1,3,"isCanActivateChild@2277-2279@/home/alex/dev/Bachelor/bmad-vergleichsstudie/.lizard-tmp-WOSzIR/code/seed-b-frontend/.angular/cache/22.1.3/seed-b-frontend/vite/deps/@angular_router.js","/home/alex/dev/Bachelor/bmad-vergleichsstudie/.lizard-tmp-WOSzIR/code/seed-b-frontend/.angular/cache/22.1.3/seed-b-frontend/vite/deps/@angular_router.js","isCanActivateChild","isCanActivateChild ( guard )",2277,2279
3,2,15,1,3,"isCanDeactivate@2280-2282@/home/alex/dev/Bachelor/bmad-vergleichsstudie/.lizard-tmp-WOSzIR/code/seed-b-frontend/.angular/cache/22.1.3/seed-b-frontend/vite/deps/@angular_router.js","/home/alex/dev/Bachelor/bmad-vergleichsstudie/.lizard-tmp-WOSzIR/code/seed-b-frontend/.angular/cache/22.1.3/seed-b-frontend/vite/deps/@angular_router.js","isCanDeactivate","isCanDeactivate ( guard )",2280,2282
3,2,15,1,3,"isCanMatch@2283-2285@/home/alex/dev/Bachelor/bmad-vergleichsstudie/.lizard-tmp-WOSzIR/code/seed-b-frontend/.angular/cache/22.1.3/seed-b-frontend/vite/deps/@angular_router.js","/home/alex/dev/Bachelor/bmad-vergleichsstudie/.lizard-tmp-WOSzIR/code/seed-b-frontend/.angular/cache/22.1.3/seed-b-frontend/vite/deps/@angular_router.js","isCanMatch","isCanMatch ( guard )",2283,2285
3,2,16,1,3,"isEmptyError@2286-2288@/home/alex/dev/Bachelor/bmad-vergleichsstudie/.lizard-tmp-WOSzIR/code/seed-b-frontend/.angular/cache/22.1.3/seed-b-frontend/vite/deps/@angular_router.js","/home/alex/dev/Bachelor/bmad-vergleichsstudie/.lizard-tmp-WOSzIR/code/seed-b-frontend/.angular/cache/22.1.3/seed-b-frontend/vite/deps/@angular_router.js","isEmptyError","isEmptyError ( e )",2286,2288
1,1,15,0,1,"(anonymous)@2292-2292@/home/alex/dev/Bachelor/bmad-vergleichsstudie/.lizard-tmp-WOSzIR/code/seed-b-frontend/.angular/cache/22.1.3/seed-b-frontend/vite/deps/@angular_router.js","/home/alex/dev/Bachelor/bmad-vergleichsstudie/.lizard-tmp-WOSzIR/code/seed-b-frontend/.angular/cache/22.1.3/seed-b-frontend/vite/deps/@angular_router.js","(anonymous)","(anonymous)",2292,2292
6,6,45,0,6,"(anonymous)@2292-2297@/home/alex/dev/Bachelor/bmad-vergleichsstudie/.lizard-tmp-WOSzIR/code/seed-b-frontend/.angular/cache/22.1.3/seed-b-frontend/vite/deps/@angular_router.js","/home/alex/dev/Bachelor/bmad-vergleichsstudie/.lizard-tmp-WOSzIR/code/seed-b-frontend/.angular/cache/22.1.3/seed-b-frontend/vite/deps/@angular_router.js","(anonymous)","(anonymous)",2292,2297
1,1,4,0,1,"(anonymous)@2297-2297@/home/alex/dev/Bachelor/bmad-vergleichsstudie/.lizard-tmp-WOSzIR/code/seed-b-frontend/.angular/cache/22.1.3/seed-b-frontend/vite/deps/@angular_router.js","/home/alex/dev/Bachelor/bmad-vergleichsstudie/.lizard-tmp-WOSzIR/code/seed-b-frontend/.angular/cache/22.1.3/seed-b-frontend/vite/deps/@angular_router.js","(anonymous)","(anonymous)",2297,2297
3,1,41,0,8,"(anonymous)@2291-2298@/home/alex/dev/Bachelor/bmad-vergleichsstudie/.lizard-tmp-WOSzIR/code/seed-b-frontend/.angular/cache/22.1.3/seed-b-frontend/vite/deps/@angular_router.js","/home/alex/dev/Bachelor/bmad-vergleichsstudie/.lizard-tmp-WOSzIR/code/seed-b-frontend/.angular/cache/22.1.3/seed-b-frontend/vite/deps/@angular_router.js","(anonymous)","(anonymous)",2291,2298
3,1,14,0,10,"prioritizedGuardValue@2290-2299@/home/alex/dev/Bachelor/bmad-vergleichsstudie/.lizard-tmp-WOSzIR/code/seed-b-frontend/.angular/cache/22.1.3/seed-b-frontend/vite/deps/@angular_router.js","/home/alex/dev/Bachelor/bmad-vergleichsstudie/.lizard-tmp-WOSzIR/code/seed-b-frontend/.angular/cache/22.1.3/seed-b-frontend/vite/deps/@angular_router.js","prioritizedGuardValue","prioritizedGuardValue ( )",2290,2299
3,2,15,1,3,"isRedirect@2300-2302@/home/alex/dev/Bachelor/bmad-vergleichsstudie/.lizard-tmp-WOSzIR/code/seed-b-frontend/.angular/cache/22.1.3/seed-b-frontend/vite/deps/@angular_router.js","/home/alex/dev/Bachelor/bmad-vergleichsstudie/.lizard-tmp-WOSzIR/code/seed-b-frontend/.angular/cache/22.1.3/seed-b-frontend/vite/deps/@angular_router.js","isRedirect","isRedirect ( val )",2300,2302
4,1,17,0,4,"handler@2306-2309@/home/alex/dev/Bachelor/bmad-vergleichsstudie/.lizard-tmp-WOSzIR/code/seed-b-frontend/.angular/cache/22.1.3/seed-b-frontend/vite/deps/@angular_router.js","/home/alex/dev/Bachelor/bmad-vergleichsstudie/.lizard-tmp-WOSzIR/code/seed-b-frontend/.angular/cache/22.1.3/seed-b-frontend/vite/deps/@angular_router.js","handler","handler ( )",2306,2309
1,1,9,0,1,"(anonymous)@2311-2311@/home/alex/dev/Bachelor/bmad-vergleichsstudie/.lizard-tmp-WOSzIR/code/seed-b-frontend/.angular/cache/22.1.3/seed-b-frontend/vite/deps/@angular_router.js","/home/alex/dev/Bachelor/bmad-vergleichsstudie/.lizard-tmp-WOSzIR/code/seed-b-frontend/.angular/cache/22.1.3/seed-b-frontend/vite/deps/@angular_router.js","(anonymous)","(anonymous)",2311,2311
5,1,21,0,8,"(anonymous)@2305-2312@/home/alex/dev/Bachelor/bmad-vergleichsstudie/.lizard-tmp-WOSzIR/code/seed-b-frontend/.angular/cache/22.1.3/seed-b-frontend/vite/deps/@angular_router.js","/home/alex/dev/Bachelor/bmad-vergleichsstudie/.lizard-tmp-WOSzIR/code/seed-b-frontend/.angular/cache/22.1.3/seed-b-frontend/vite/deps/@angular_router.js","(anonymous)","(anonymous)",2305,2312
4,2,37,1,11,"abortSignalToObservable@2303-2313@/home/alex/dev/Bachelor/bmad-vergleichsstudie/.lizard-tmp-WOSzIR/code/seed-b-frontend/.angular/cache/22.1.3/seed-b-frontend/vite/deps/@angular_router.js","/home/alex/dev/Bachelor/bmad-vergleichsstudie/.lizard-tmp-WOSzIR/code/seed-b-frontend/.angular/cache/22.1.3/seed-b-frontend/vite/deps/@angular_router.js","abortSignalToObservable","abortSignalToObservable ( signal )",2303,2313
3,1,14,1,3,"takeUntilAbort@2314-2316@/home/alex/dev/Bachelor/bmad-vergleichsstudie/.lizard-tmp-WOSzIR/code/seed-b-frontend/.angular/cache/22.1.3/seed-b-frontend/vite/deps/@angular_router.js","/home/alex/dev/Bachelor/bmad-vergleichsstudie/.lizard-tmp-WOSzIR/code/seed-b-frontend/.angular/cache/22.1.3/seed-b-frontend/vite/deps/@angular_router.js","takeUntilAbort","takeUntilAbort ( signal )",2314,2316
3,3,24,0,3,"(anonymous)@2324-2326@/home/alex/dev/Bachelor/bmad-vergleichsstudie/.lizard-tmp-WOSzIR/code/seed-b-frontend/.angular/cache/22.1.3/seed-b-frontend/vite/deps/@angular_router.js","/home/alex/dev/Bachelor/bmad-vergleichsstudie/.lizard-tmp-WOSzIR/code/seed-b-frontend/.angular/cache/22.1.3/seed-b-frontend/vite/deps/@angular_router.js","(anonymous)","(anonymous)",2324,2326
4,1,9,0,4,"(anonymous)@2326-2329@/home/alex/dev/Bachelor/bmad-vergleichsstudie/.lizard-tmp-WOSzIR/code/seed-b-frontend/.angular/cache/22.1.3/seed-b-frontend/vite/deps/@angular_router.js","/home/alex/dev/Bachelor/bmad-vergleichsstudie/.lizard-tmp-WOSzIR/code/seed-b-frontend/.angular/cache/22.1.3/seed-b-frontend/vite/deps/@angular_router.js","(anonymous)","(anonymous)",2326,2329
8,3,76,0,13,"(anonymous)@2318-2330@/home/alex/dev/Bachelor/bmad-vergleichsstudie/.lizard-tmp-WOSzIR/code/seed-b-frontend/.angular/cache/22.1.3/seed-b-frontend/vite/deps/@angular_router.js","/home/alex/dev/Bachelor/bmad-vergleichsstudie/.lizard-tmp-WOSzIR/code/seed-b-frontend/.angular/cache/22.1.3/seed-b-frontend/vite/deps/@angular_router.js","(anonymous)","(anonymous)",2318,2330
3,1,15,1,15,"checkGuards@2317-2331@/home/alex/dev/Bachelor/bmad-vergleichsstudie/.lizard-tmp-WOSzIR/code/seed-b-frontend/.angular/cache/22.1.3/seed-b-frontend/vite/deps/@angular_router.js","/home/alex/dev/Bachelor/bmad-vergleichsstudie/.lizard-tmp-WOSzIR/code/seed-b-frontend/.angular/cache/22.1.3/seed-b-frontend/vite/deps/@angular_router.js","checkGuards","checkGuards ( forwardEvent )",2317,2331
1,1,15,0,1,"(anonymous)@2333-2333@/home/alex/dev/Bachelor/bmad-vergleichsstudie/.lizard-tmp-WOSzIR/code/seed-b-frontend/.angular/cache/22.1.3/seed-b-frontend/vite/deps/@angular_router.js","/home/alex/dev/Bachelor/bmad-vergleichsstudie/.lizard-tmp-WOSzIR/code/seed-b-frontend/.angular/cache/22.1.3/seed-b-frontend/vite/deps/@angular_router.js","(anonymous)","(anonymous)",2333,2333
3,1,7,0,3,"(anonymous)@2333-2335@/home/alex/dev/Bachelor/bmad-vergleichsstudie/.lizard-tmp-WOSzIR/code/seed-b-frontend/.angular/cache/22.1.3/seed-b-frontend/vite/deps/@angular_router.js","/home/alex/dev/Bachelor/bmad-vergleichsstudie/.lizard-tmp-WOSzIR/code/seed-b-frontend/.angular/cache/22.1.3/seed-b-frontend/vite/deps/@angular_router.js","(anonymous)","(anonymous)",2333,2335
3,1,37,3,5,"runCanDeactivateChecks@2332-2336@/home/alex/dev/Bachelor/bmad-vergleichsstudie/.lizard-tmp-WOSzIR/code/seed-b-frontend/.angular/cache/22.1.3/seed-b-frontend/vite/deps/@angular_router.js","/home/alex/dev/Bachelor/bmad-vergleichsstudie/.lizard-tmp-WOSzIR/code/seed-b-frontend/.angular/cache/22.1.3/seed-b-frontend/vite/deps/@angular_router.js","runCanDeactivateChecks","runCanDeactivateChecks ( checks , futureRSS , currRSS )",2332,2336
3,1,44,0,3,"(anonymous)@2338-2340@/home/alex/dev/Bachelor/bmad-vergleichsstudie/.lizard-tmp-WOSzIR/code/seed-b-frontend/.angular/cache/22.1.3/seed-b-frontend/vite/deps/@angular_router.js","/home/alex/dev/Bachelor/bmad-vergleichsstudie/.lizard-tmp-WOSzIR/code/seed-b-frontend/.angular/cache/22.1.3/seed-b-frontend/vite/deps/@angular_router.js","(anonymous)","(anonymous)",2338,2340
3,1,7,0,3,"(anonymous)@2340-2342@/home/alex/dev/Bachelor/bmad-vergleichsstudie/.lizard-tmp-WOSzIR/code/seed-b-frontend/.angular/cache/22.1.3/seed-b-frontend/vite/deps/@angular_router.js","/home/alex/dev/Bachelor/bmad-vergleichsstudie/.lizard-tmp-WOSzIR/code/seed-b-frontend/.angular/cache/22.1.3/seed-b-frontend/vite/deps/@angular_router.js","(anonymous)","(anonymous)",2340,2342
3,1,38,3,7,"runCanActivateChecks@2337-2343@/home/alex/dev/Bachelor/bmad-vergleichsstudie/.lizard-tmp-WOSzIR/code/seed-b-frontend/.angular/cache/22.1.3/seed-b-frontend/vite/deps/@angular_router.js","/home/alex/dev/Bachelor/bmad-vergleichsstudie/.lizard-tmp-WOSzIR/code/seed-b-frontend/.angular/cache/22.1.3/seed-b-frontend/vite/deps/@angular_router.js","runCanActivateChecks","runCanActivateChecks ( futureSnapshot , checks , forwardEvent )",2337,2343
4,3,30,2,4,"fireActivationStart@2344-2347@/home/alex/dev/Bachelor/bmad-vergleichsstudie/.lizard-tmp-WOSzIR/code/seed-b-frontend/.angular/cache/22.1.3/seed-b-frontend/vite/deps/@angular_router.js","/home/alex/dev/Bachelor/bmad-vergleichsstudie/.lizard-tmp-WOSzIR/code/seed-b-frontend/.angular/cache/22.1.3/seed-b-frontend/vite/deps/@angular_router.js","fireActivationStart","fireActivationStart ( snapshot , forwardEvent )",2344,2347
4,3,30,2,4,"fireChildActivationStart@2348-2351@/home/alex/dev/Bachelor/bmad-vergleichsstudie/.lizard-tmp-WOSzIR/code/seed-b-frontend/.angular/cache/22.1.3/seed-b-frontend/vite/deps/@angular_router.js","/home/alex/dev/Bachelor/bmad-vergleichsstudie/.lizard-tmp-WOSzIR/code/seed-b-frontend/.angular/cache/22.1.3/seed-b-frontend/vite/deps/@angular_router.js","fireChildActivationStart","fireChildActivationStart ( snapshot , forwardEvent )",2348,2351
5,2,59,0,5,"(anonymous)@2356-2360@/home/alex/dev/Bachelor/bmad-vergleichsstudie/.lizard-tmp-WOSzIR/code/seed-b-frontend/.angular/cache/22.1.3/seed-b-frontend/vite/deps/@angular_router.js","/home/alex/dev/Bachelor/bmad-vergleichsstudie/.lizard-tmp-WOSzIR/code/seed-b-frontend/.angular/cache/22.1.3/seed-b-frontend/vite/deps/@angular_router.js","(anonymous)","(anonymous)",2356,2360
3,1,11,0,7,"(anonymous)@2355-2361@/home/alex/dev/Bachelor/bmad-vergleichsstudie/.lizard-tmp-WOSzIR/code/seed-b-frontend/.angular/cache/22.1.3/seed-b-frontend/vite/deps/@angular_router.js","/home/alex/dev/Bachelor/bmad-vergleichsstudie/.lizard-tmp-WOSzIR/code/seed-b-frontend/.angular/cache/22.1.3/seed-b-frontend/vite/deps/@angular_router.js","(anonymous)","(anonymous)",2355,2361
5,4,61,2,11,"runCanActivate@2352-2362@/home/alex/dev/Bachelor/bmad-vergleichsstudie/.lizard-tmp-WOSzIR/code/seed-b-frontend/.angular/cache/22.1.3/seed-b-frontend/vite/deps/@angular_router.js","/home/alex/dev/Bachelor/bmad-vergleichsstudie/.lizard-tmp-WOSzIR/code/seed-b-frontend/.angular/cache/22.1.3/seed-b-frontend/vite/deps/@angular_router.js","runCanActivate","runCanActivate ( futureRSS , futureARS )",2352,2362
1,1,5,0,1,"(anonymous)@2365-2365@/home/alex/dev/Bachelor/bmad-vergleichsstudie/.lizard-tmp-WOSzIR/code/seed-b-frontend/.angular/cache/22.1.3/seed-b-frontend/vite/deps/@angular_router.js","/home/alex/dev/Bachelor/bmad-vergleichsstudie/.lizard-tmp-WOSzIR/code/seed-b-frontend/.angular/cache/22.1.3/seed-b-frontend/vite/deps/@angular_router.js","(anonymous)","(anonymous)",2365,2365
1,1,4,0,1,"(anonymous)@2365-2365@/home/alex/dev/Bachelor/bmad-vergleichsstudie/.lizard-tmp-WOSzIR/code/seed-b-frontend/.angular/cache/22.1.3/seed-b-frontend/vite/deps/@angular_router.js","/home/alex/dev/Bachelor/bmad-vergleichsstudie/.lizard-tmp-WOSzIR/code/seed-b-frontend/.angular/cache/22.1.3/seed-b-frontend/vite/deps/@angular_router.js","(anonymous)","(anonymous)",2365,2365
5,2,61,0,5,"(anonymous)@2367-2371@/home/alex/dev/Bachelor/bmad-vergleichsstudie/.lizard-tmp-WOSzIR/code/seed-b-frontend/.angular/cache/22.1.3/seed-b-frontend/vite/deps/@angular_router.js","/home/alex/dev/Bachelor/bmad-vergleichsstudie/.lizard-tmp-WOSzIR/code/seed-b-frontend/.angular/cache/22.1.3/seed-b-frontend/vite/deps/@angular_router.js","(anonymous)","(anonymous)",2367,2371
3,1,26,0,7,"(anonymous)@2366-2372@/home/alex/dev/Bachelor/bmad-vergleichsstudie/.lizard-tmp-WOSzIR/code/seed-b-frontend/.angular/cache/22.1.3/seed-b-frontend/vite/deps/@angular_router.js","/home/alex/dev/Bachelor/bmad-vergleichsstudie/.lizard-tmp-WOSzIR/code/seed-b-frontend/.angular/cache/22.1.3/seed-b-frontend/vite/deps/@angular_router.js","(anonymous)","(anonymous)",2366,2372
3,1,11,0,9,"(anonymous)@2365-2373@/home/alex/dev/Bachelor/bmad-vergleichsstudie/.lizard-tmp-WOSzIR/code/seed-b-frontend/.angular/cache/22.1.3/seed-b-frontend/vite/deps/@angular_router.js","/home/alex/dev/Bachelor/bmad-vergleichsstudie/.lizard-tmp-WOSzIR/code/seed-b-frontend/.angular/cache/22.1.3/seed-b-frontend/vite/deps/@angular_router.js","(anonymous)","(anonymous)",2365,2373
4,1,72,2,12,"runCanActivateChild@2363-2374@/home/alex/dev/Bachelor/bmad-vergleichsstudie/.lizard-tmp-WOSzIR/code/seed-b-frontend/.angular/cache/22.1.3/seed-b-frontend/vite/deps/@angular_router.js","/home/alex/dev/Bachelor/bmad-vergleichsstudie/.lizard-tmp-WOSzIR/code/seed-b-frontend/.angular/cache/22.1.3/seed-b-frontend/vite/deps/@angular_router.js","runCanActivateChild","runCanActivateChild ( futureRSS , path )",2363,2374
5,2,67,0,5,"(anonymous)@2378-2382@/home/alex/dev/Bachelor/bmad-vergleichsstudie/.lizard-tmp-WOSzIR/code/seed-b-frontend/.angular/cache/22.1.3/seed-b-frontend/vite/deps/@angular_router.js","/home/alex/dev/Bachelor/bmad-vergleichsstudie/.lizard-tmp-WOSzIR/code/seed-b-frontend/.angular/cache/22.1.3/seed-b-frontend/vite/deps/@angular_router.js","(anonymous)","(anonymous)",2378,2382
5,5,67,4,9,"runCanDeactivate@2375-2383@/home/alex/dev/Bachelor/bmad-vergleichsstudie/.lizard-tmp-WOSzIR/code/seed-b-frontend/.angular/cache/22.1.3/seed-b-frontend/vite/deps/@angular_router.js","/home/alex/dev/Bachelor/bmad-vergleichsstudie/.lizard-tmp-WOSzIR/code/seed-b-frontend/.angular/cache/22.1.3/seed-b-frontend/vite/deps/@angular_router.js","runCanDeactivate","runCanDeactivate ( component , currARS , currRSS , futureRSS )",2375,2383
5,3,65,0,5,"(anonymous)@2387-2391@/home/alex/dev/Bachelor/bmad-vergleichsstudie/.lizard-tmp-WOSzIR/code/seed-b-frontend/.angular/cache/22.1.3/seed-b-frontend/vite/deps/@angular_router.js","/home/alex/dev/Bachelor/bmad-vergleichsstudie/.lizard-tmp-WOSzIR/code/seed-b-frontend/.angular/cache/22.1.3/seed-b-frontend/vite/deps/@angular_router.js","(anonymous)","(anonymous)",2387,2391
5,3,66,5,9,"runCanLoadGuards@2384-2392@/home/alex/dev/Bachelor/bmad-vergleichsstudie/.lizard-tmp-WOSzIR/code/seed-b-frontend/.angular/cache/22.1.3/seed-b-frontend/vite/deps/@angular_router.js","/home/alex/dev/Bachelor/bmad-vergleichsstudie/.lizard-tmp-WOSzIR/code/seed-b-frontend/.angular/cache/22.1.3/seed-b-frontend/vite/deps/@angular_router.js","runCanLoadGuards","runCanLoadGuards ( injector , route , segments , urlSerializer , abortSignal )",2384,2392
4,2,19,0,4,"(anonymous)@2394-2397@/home/alex/dev/Bachelor/bmad-vergleichsstudie/.lizard-tmp-WOSzIR/code/seed-b-frontend/.angular/cache/22.1.3/seed-b-frontend/vite/deps/@angular_router.js","/home/alex/dev/Bachelor/bmad-vergleichsstudie/.lizard-tmp-WOSzIR/code/seed-b-frontend/.angular/cache/22.1.3/seed-b-frontend/vite/deps/@angular_router.js","(anonymous)","(anonymous)",2394,2397
1,1,4,0,1,"(anonymous)@2397-2397@/home/alex/dev/Bachelor/bmad-vergleichsstudie/.lizard-tmp-WOSzIR/code/seed-b-frontend/.angular/cache/22.1.3/seed-b-frontend/vite/deps/@angular_router.js","/home/alex/dev/Bachelor/bmad-vergleichsstudie/.lizard-tmp-WOSzIR/code/seed-b-frontend/.angular/cache/22.1.3/seed-b-frontend/vite/deps/@angular_router.js","(anonymous)","(anonymous)",2397,2397
3,1,26,1,6,"redirectIfUrlTree@2393-2398@/home/alex/dev/Bachelor/bmad-vergleichsstudie/.lizard-tmp-WOSzIR/code/seed-b-frontend/.angular/cache/22.1.3/seed-b-frontend/vite/deps/@angular_router.js","/home/alex/dev/Bachelor/bmad-vergleichsstudie/.lizard-tmp-WOSzIR/code/seed-b-frontend/.angular/cache/22.1.3/seed-b-frontend/vite/deps/@angular_router.js","redirectIfUrlTree","redirectIfUrlTree ( urlSerializer )",2393,2398
4,2,57,0,4,"(anonymous)@2402-2405@/home/alex/dev/Bachelor/bmad-vergleichsstudie/.lizard-tmp-WOSzIR/code/seed-b-frontend/.angular/cache/22.1.3/seed-b-frontend/vite/deps/@angular_router.js","/home/alex/dev/Bachelor/bmad-vergleichsstudie/.lizard-tmp-WOSzIR/code/seed-b-frontend/.angular/cache/22.1.3/seed-b-frontend/vite/deps/@angular_router.js","(anonymous)","(anonymous)",2402,2405
5,3,66,6,8,"runCanMatchGuards@2399-2406@/home/alex/dev/Bachelor/bmad-vergleichsstudie/.lizard-tmp-WOSzIR/code/seed-b-frontend/.angular/cache/22.1.3/seed-b-frontend/vite/deps/@angular_router.js","/home/alex/dev/Bachelor/bmad-vergleichsstudie/.lizard-tmp-WOSzIR/code/seed-b-frontend/.angular/cache/22.1.3/seed-b-frontend/vite/deps/@angular_router.js","runCanMatchGuards","runCanMatchGuards ( injector , route , segments , urlSerializer , currentSnapshot , abortSignal )",2399,2406
5,2,28,1,5,"constructor@2409-2413@/home/alex/dev/Bachelor/bmad-vergleichsstudie/.lizard-tmp-WOSzIR/code/seed-b-frontend/.angular/cache/22.1.3/seed-b-frontend/vite/deps/@angular_router.js","/home/alex/dev/Bachelor/bmad-vergleichsstudie/.lizard-tmp-WOSzIR/code/seed-b-frontend/.angular/cache/22.1.3/seed-b-frontend/vite/deps/@angular_router.js","constructor","constructor ( segmentGroup )",2409,2413
5,1,26,1,5,"constructor@2417-2421@/home/alex/dev/Bachelor/bmad-vergleichsstudie/.lizard-tmp-WOSzIR/code/seed-b-frontend/.angular/cache/22.1.3/seed-b-frontend/vite/deps/@angular_router.js","/home/alex/dev/Bachelor/bmad-vergleichsstudie/.lizard-tmp-WOSzIR/code/seed-b-frontend/.angular/cache/22.1.3/seed-b-frontend/vite/deps/@angular_router.js","constructor","constructor ( urlTree )",2417,2421
3,3,29,1,3,"namedOutletsRedirect@2423-2425@/home/alex/dev/Bachelor/bmad-vergleichsstudie/.lizard-tmp-WOSzIR/code/seed-b-frontend/.angular/cache/22.1.3/seed-b-frontend/vite/deps/@angular_router.js","/home/alex/dev/Bachelor/bmad-vergleichsstudie/.lizard-tmp-WOSzIR/code/seed-b-frontend/.angular/cache/22.1.3/seed-b-frontend/vite/deps/@angular_router.js","namedOutletsRedirect","namedOutletsRedirect ( redirectTo )",2423,2425
3,3,30,1,3,"canLoadFails@2426-2428@/home/alex/dev/Bachelor/bmad-vergleichsstudie/.lizard-tmp-WOSzIR/code/seed-b-frontend/.angular/cache/22.1.3/seed-b-frontend/vite/deps/@angular_router.js","/home/alex/dev/Bachelor/bmad-vergleichsstudie/.lizard-tmp-WOSzIR/code/seed-b-frontend/.angular/cache/22.1.3/seed-b-frontend/vite/deps/@angular_router.js","canLoadFails","canLoadFails ( route )",2426,2428
4,1,19,2,4,"constructor@2432-2435@/home/alex/dev/Bachelor/bmad-vergleichsstudie/.lizard-tmp-WOSzIR/code/seed-b-frontend/.angular/cache/22.1.3/seed-b-frontend/vite/deps/@angular_router.js","/home/alex/dev/Bachelor/bmad-vergleichsstudie/.lizard-tmp-WOSzIR/code/seed-b-frontend/.angular/cache/22.1.3/seed-b-frontend/vite/deps/@angular_router.js","constructor","constructor ( urlSerializer , urlTree )",2432,2435
10,5,83,2,10,"lineralizeSegments@2436-2445@/home/alex/dev/Bachelor/bmad-vergleichsstudie/.lizard-tmp-WOSzIR/code/seed-b-frontend/.angular/cache/22.1.3/seed-b-frontend/vite/deps/@angular_router.js","/home/alex/dev/Bachelor/bmad-vergleichsstudie/.lizard-tmp-WOSzIR/code/seed-b-frontend/.angular/cache/22.1.3/seed-b-frontend/vite/deps/@angular_router.js","lineralizeSegments","lineralizeSegments ( route , urlTree )",2436,2445
7,3,81,5,7,"applyRedirectCommands@2446-2452@/home/alex/dev/Bachelor/bmad-vergleichsstudie/.lizard-tmp-WOSzIR/code/seed-b-frontend/.angular/cache/22.1.3/seed-b-frontend/vite/deps/@angular_router.js","/home/alex/dev/Bachelor/bmad-vergleichsstudie/.lizard-tmp-WOSzIR/code/seed-b-frontend/.angular/cache/22.1.3/seed-b-frontend/vite/deps/@angular_router.js","applyRedirectCommands","applyRedirectCommands ( segments , redirectTo , posParams , currentSnapshot , injector )",2446,2452
3,1,50,4,3,"applyRedirectCreateUrlTree@2453-2455@/home/alex/dev/Bachelor/bmad-vergleichsstudie/.lizard-tmp-WOSzIR/code/seed-b-frontend/.angular/cache/22.1.3/seed-b-frontend/vite/deps/@angular_router.js","/home/alex/dev/Bachelor/bmad-vergleichsstudie/.lizard-tmp-WOSzIR/code/seed-b-frontend/.angular/cache/22.1.3/seed-b-frontend/vite/deps/@angular_router.js","applyRedirectCreateUrlTree","applyRedirectCreateUrlTree ( redirectTo , urlTree , segments , posParams )",2453,2455
6,3,46,0,6,"(anonymous)@2458-2463@/home/alex/dev/Bachelor/bmad-vergleichsstudie/.lizard-tmp-WOSzIR/code/seed-b-frontend/.angular/cache/22.1.3/seed-b-frontend/vite/deps/@angular_router.js","/home/alex/dev/Bachelor/bmad-vergleichsstudie/.lizard-tmp-WOSzIR/code/seed-b-frontend/.angular/cache/22.1.3/seed-b-frontend/vite/deps/@angular_router.js","(anonymous)","(anonymous)",2458,2463
5,1,36,2,10,"createQueryParams@2456-2465@/home/alex/dev/Bachelor/bmad-vergleichsstudie/.lizard-tmp-WOSzIR/code/seed-b-frontend/.angular/cache/22.1.3/seed-b-frontend/vite/deps/@angular_router.js","/home/alex/dev/Bachelor/bmad-vergleichsstudie/.lizard-tmp-WOSzIR/code/seed-b-frontend/.angular/cache/22.1.3/seed-b-frontend/vite/deps/@angular_router.js","createQueryParams","createQueryParams ( redirectToParams , actualParams )",2456,2465
3,1,20,0,3,"(anonymous)@2469-2471@/home/alex/dev/Bachelor/bmad-vergleichsstudie/.lizard-tmp-WOSzIR/code/seed-b-frontend/.angular/cache/22.1.3/seed-b-frontend/vite/deps/@angular_router.js","/home/alex/dev/Bachelor/bmad-vergleichsstudie/.lizard-tmp-WOSzIR/code/seed-b-frontend/.angular/cache/22.1.3/seed-b-frontend/vite/deps/@angular_router.js","(anonymous)","(anonymous)",2469,2471
6,1,70,4,8,"createSegmentGroup@2466-2473@/home/alex/dev/Bachelor/bmad-vergleichsstudie/.lizard-tmp-WOSzIR/code/seed-b-frontend/.angular/cache/22.1.3/seed-b-frontend/vite/deps/@angular_router.js","/home/alex/dev/Bachelor/bmad-vergleichsstudie/.lizard-tmp-WOSzIR/code/seed-b-frontend/.angular/cache/22.1.3/seed-b-frontend/vite/deps/@angular_router.js","createSegmentGroup","createSegmentGroup ( redirectTo , group , segments , posParams )",2466,2473
1,2,29,0,1,"(anonymous)@2475-2475@/home/alex/dev/Bachelor/bmad-vergleichsstudie/.lizard-tmp-WOSzIR/code/seed-b-frontend/.angular/cache/22.1.3/seed-b-frontend/vite/deps/@angular_router.js","/home/alex/dev/Bachelor/bmad-vergleichsstudie/.lizard-tmp-WOSzIR/code/seed-b-frontend/.angular/cache/22.1.3/seed-b-frontend/vite/deps/@angular_router.js","(anonymous)","(anonymous)",2475,2475
3,1,22,4,3,"createSegments@2474-2476@/home/alex/dev/Bachelor/bmad-vergleichsstudie/.lizard-tmp-WOSzIR/code/seed-b-frontend/.angular/cache/22.1.3/seed-b-frontend/vite/deps/@angular_router.js","/home/alex/dev/Bachelor/bmad-vergleichsstudie/.lizard-tmp-WOSzIR/code/seed-b-frontend/.angular/cache/22.1.3/seed-b-frontend/vite/deps/@angular_router.js","createSegments","createSegments ( redirectTo , redirectToSegments , actualSegments , posParams )",2474,2476
5,4,60,3,5,"findPosParam@2477-2481@/home/alex/dev/Bachelor/bmad-vergleichsstudie/.lizard-tmp-WOSzIR/code/seed-b-frontend/.angular/cache/22.1.3/seed-b-frontend/vite/deps/@angular_router.js","/home/alex/dev/Bachelor/bmad-vergleichsstudie/.lizard-tmp-WOSzIR/code/seed-b-frontend/.angular/cache/22.1.3/seed-b-frontend/vite/deps/@angular_router.js","findPosParam","findPosParam ( redirectTo , redirectToUrlSegment , posParams )",2477,2481
11,3,49,2,11,"findOrReturn@2482-2492@/home/alex/dev/Bachelor/bmad-vergleichsstudie/.lizard-tmp-WOSzIR/code/seed-b-frontend/.angular/cache/22.1.3/seed-b-frontend/vite/deps/@angular_router.js","/home/alex/dev/Bachelor/bmad-vergleichsstudie/.lizard-tmp-WOSzIR/code/seed-b-frontend/.angular/cache/22.1.3/seed-b-frontend/vite/deps/@angular_router.js","findOrReturn","findOrReturn ( redirectToUrlSegment , actualSegments )",2482,2492
1,1,5,0,1,"(anonymous)@2497-2497@/home/alex/dev/Bachelor/bmad-vergleichsstudie/.lizard-tmp-WOSzIR/code/seed-b-frontend/.angular/cache/22.1.3/seed-b-frontend/vite/deps/@angular_router.js","/home/alex/dev/Bachelor/bmad-vergleichsstudie/.lizard-tmp-WOSzIR/code/seed-b-frontend/.angular/cache/22.1.3/seed-b-frontend/vite/deps/@angular_router.js","(anonymous)","(anonymous)",2497,2497
5,2,45,3,5,"getRedirectResult@2494-2498@/home/alex/dev/Bachelor/bmad-vergleichsstudie/.lizard-tmp-WOSzIR/code/seed-b-frontend/.angular/cache/22.1.3/seed-b-frontend/vite/deps/@angular_router.js","/home/alex/dev/Bachelor/bmad-vergleichsstudie/.lizard-tmp-WOSzIR/code/seed-b-frontend/.angular/cache/22.1.3/seed-b-frontend/vite/deps/@angular_router.js","getRedirectResult","getRedirectResult ( redirectTo , currentSnapshot , injector )",2494,2498
4,5,46,2,4,"getOrCreateRouteInjectorIfNeeded@2499-2502@/home/alex/dev/Bachelor/bmad-vergleichsstudie/.lizard-tmp-WOSzIR/code/seed-b-frontend/.angular/cache/22.1.3/seed-b-frontend/vite/deps/@angular_router.js","/home/alex/dev/Bachelor/bmad-vergleichsstudie/.lizard-tmp-WOSzIR/code/seed-b-frontend/.angular/cache/22.1.3/seed-b-frontend/vite/deps/@angular_router.js","getOrCreateRouteInjectorIfNeeded","getOrCreateRouteInjectorIfNeeded ( route , currentInjector )",2499,2502
6,2,53,3,6,"validateConfig@2503-2508@/home/alex/dev/Bachelor/bmad-vergleichsstudie/.lizard-tmp-WOSzIR/code/seed-b-frontend/.angular/cache/22.1.3/seed-b-frontend/vite/deps/@angular_router.js","/home/alex/dev/Bachelor/bmad-vergleichsstudie/.lizard-tmp-WOSzIR/code/seed-b-frontend/.angular/cache/22.1.3/seed-b-frontend/vite/deps/@angular_router.js","validateConfig","validateConfig ( config , parentPath , requireStandaloneComponents false )",2503,2508
4,5,57,2,4,"assertStandalone@2509-2512@/home/alex/dev/Bachelor/bmad-vergleichsstudie/.lizard-tmp-WOSzIR/code/seed-b-frontend/.angular/cache/22.1.3/seed-b-frontend/vite/deps/@angular_router.js","/home/alex/dev/Bachelor/bmad-vergleichsstudie/.lizard-tmp-WOSzIR/code/seed-b-frontend/.angular/cache/22.1.3/seed-b-frontend/vite/deps/@angular_router.js","assertStandalone","assertStandalone ( fullPath , component )",2509,2512
32,41,484,3,32,"validateNode@2513-2544@/home/alex/dev/Bachelor/bmad-vergleichsstudie/.lizard-tmp-WOSzIR/code/seed-b-frontend/.angular/cache/22.1.3/seed-b-frontend/vite/deps/@angular_router.js","/home/alex/dev/Bachelor/bmad-vergleichsstudie/.lizard-tmp-WOSzIR/code/seed-b-frontend/.angular/cache/22.1.3/seed-b-frontend/vite/deps/@angular_router.js","validateNode","validateNode ( route , fullPath , requireStandaloneComponents )",2513,2544
7,8,73,2,7,"getFullPath@2545-2551@/home/alex/dev/Bachelor/bmad-vergleichsstudie/.lizard-tmp-WOSzIR/code/seed-b-frontend/.angular/cache/22.1.3/seed-b-frontend/vite/deps/@angular_router.js","/home/alex/dev/Bachelor/bmad-vergleichsstudie/.lizard-tmp-WOSzIR/code/seed-b-frontend/.angular/cache/22.1.3/seed-b-frontend/vite/deps/@angular_router.js","getFullPath","getFullPath ( parentPath , currentRoute )",2545,2551
3,2,12,1,3,"getOutlet@2552-2554@/home/alex/dev/Bachelor/bmad-vergleichsstudie/.lizard-tmp-WOSzIR/code/seed-b-frontend/.angular/cache/22.1.3/seed-b-frontend/vite/deps/@angular_router.js","/home/alex/dev/Bachelor/bmad-vergleichsstudie/.lizard-tmp-WOSzIR/code/seed-b-frontend/.angular/cache/22.1.3/seed-b-frontend/vite/deps/@angular_router.js","getOutlet","getOutlet ( route )",2552,2554
1,1,7,0,1,"(anonymous)@2556-2556@/home/alex/dev/Bachelor/bmad-vergleichsstudie/.lizard-tmp-WOSzIR/code/seed-b-frontend/.angular/cache/22.1.3/seed-b-frontend/vite/deps/@angular_router.js","/home/alex/dev/Bachelor/bmad-vergleichsstudie/.lizard-tmp-WOSzIR/code/seed-b-frontend/.angular/cache/22.1.3/seed-b-frontend/vite/deps/@angular_router.js","(anonymous)","(anonymous)",2556,2556
1,1,7,0,1,"(anonymous)@2557-2557@/home/alex/dev/Bachelor/bmad-vergleichsstudie/.lizard-tmp-WOSzIR/code/seed-b-frontend/.angular/cache/22.1.3/seed-b-frontend/vite/deps/@angular_router.js","/home/alex/dev/Bachelor/bmad-vergleichsstudie/.lizard-tmp-WOSzIR/code/seed-b-frontend/.angular/cache/22.1.3/seed-b-frontend/vite/deps/@angular_router.js","(anonymous)","(anonymous)",2557,2557
5,1,39,2,5,"sortByMatchingOutlets@2555-2559@/home/alex/dev/Bachelor/bmad-vergleichsstudie/.lizard-tmp-WOSzIR/code/seed-b-frontend/.angular/cache/22.1.3/seed-b-frontend/vite/deps/@angular_router.js","/home/alex/dev/Bachelor/bmad-vergleichsstudie/.lizard-tmp-WOSzIR/code/seed-b-frontend/.angular/cache/22.1.3/seed-b-frontend/vite/deps/@angular_router.js","sortByMatchingOutlets","sortByMatchingOutlets ( routes , outletName )",2555,2559
14,1,68,1,14,"createPreMatchRouteSnapshot@2567-2580@/home/alex/dev/Bachelor/bmad-vergleichsstudie/.lizard-tmp-WOSzIR/code/seed-b-frontend/.angular/cache/22.1.3/seed-b-frontend/vite/deps/@angular_router.js","/home/alex/dev/Bachelor/bmad-vergleichsstudie/.lizard-tmp-WOSzIR/code/seed-b-frontend/.angular/cache/22.1.3/seed-b-frontend/vite/deps/@angular_router.js","createPreMatchRouteSnapshot","createPreMatchRouteSnapshot ( snapshot )",2567,2580
1,2,11,0,1,"(anonymous)@2586-2586@/home/alex/dev/Bachelor/bmad-vergleichsstudie/.lizard-tmp-WOSzIR/code/seed-b-frontend/.angular/cache/22.1.3/seed-b-frontend/vite/deps/@angular_router.js","/home/alex/dev/Bachelor/bmad-vergleichsstudie/.lizard-tmp-WOSzIR/code/seed-b-frontend/.angular/cache/22.1.3/seed-b-frontend/vite/deps/@angular_router.js","(anonymous)","(anonymous)",2586,2586
7,2,89,7,7,"matchWithChecks@2581-2587@/home/alex/dev/Bachelor/bmad-vergleichsstudie/.lizard-tmp-WOSzIR/code/seed-b-frontend/.angular/cache/22.1.3/seed-b-frontend/vite/deps/@angular_router.js","/home/alex/dev/Bachelor/bmad-vergleichsstudie/.lizard-tmp-WOSzIR/code/seed-b-frontend/.angular/cache/22.1.3/seed-b-frontend/vite/deps/@angular_router.js","matchWithChecks","matchWithChecks ( segmentGroup , route , segments , injector , urlSerializer , createSnapshot , abortSignal )",2581,2587
3,1,11,0,3,"(anonymous)@2602-2604@/home/alex/dev/Bachelor/bmad-vergleichsstudie/.lizard-tmp-WOSzIR/code/seed-b-frontend/.angular/cache/22.1.3/seed-b-frontend/vite/deps/@angular_router.js","/home/alex/dev/Bachelor/bmad-vergleichsstudie/.lizard-tmp-WOSzIR/code/seed-b-frontend/.angular/cache/22.1.3/seed-b-frontend/vite/deps/@angular_router.js","(anonymous)","(anonymous)",2602,2604
27,11,199,3,29,"match@2588-2616@/home/alex/dev/Bachelor/bmad-vergleichsstudie/.lizard-tmp-WOSzIR/code/seed-b-frontend/.angular/cache/22.1.3/seed-b-frontend/vite/deps/@angular_router.js","/home/alex/dev/Bachelor/bmad-vergleichsstudie/.lizard-tmp-WOSzIR/code/seed-b-frontend/.angular/cache/22.1.3/seed-b-frontend/vite/deps/@angular_router.js","match","match ( segmentGroup , route , segments )",2588,2616
14,5,127,5,14,"split@2617-2630@/home/alex/dev/Bachelor/bmad-vergleichsstudie/.lizard-tmp-WOSzIR/code/seed-b-frontend/.angular/cache/22.1.3/seed-b-frontend/vite/deps/@angular_router.js","/home/alex/dev/Bachelor/bmad-vergleichsstudie/.lizard-tmp-WOSzIR/code/seed-b-frontend/.angular/cache/22.1.3/seed-b-frontend/vite/deps/@angular_router.js","split","split ( segmentGroup , consumedSegments , slicedSegments , config , outlet )",2617,2630
11,4,78,4,11,"addEmptyPathsToChildrenIfNeeded@2631-2641@/home/alex/dev/Bachelor/bmad-vergleichsstudie/.lizard-tmp-WOSzIR/code/seed-b-frontend/.angular/cache/22.1.3/seed-b-frontend/vite/deps/@angular_router.js","/home/alex/dev/Bachelor/bmad-vergleichsstudie/.lizard-tmp-WOSzIR/code/seed-b-frontend/.angular/cache/22.1.3/seed-b-frontend/vite/deps/@angular_router.js","addEmptyPathsToChildrenIfNeeded","addEmptyPathsToChildrenIfNeeded ( segmentGroup , slicedSegments , routes , children )",2631,2641
9,4,70,2,9,"createChildrenForEmptyPaths@2642-2650@/home/alex/dev/Bachelor/bmad-vergleichsstudie/.lizard-tmp-WOSzIR/code/seed-b-frontend/.angular/cache/22.1.3/seed-b-frontend/vite/deps/@angular_router.js","/home/alex/dev/Bachelor/bmad-vergleichsstudie/.lizard-tmp-WOSzIR/code/seed-b-frontend/.angular/cache/22.1.3/seed-b-frontend/vite/deps/@angular_router.js","createChildrenForEmptyPaths","createChildrenForEmptyPaths ( routes , primarySegment )",2642,2650
5,4,48,0,5,"(anonymous)@2652-2656@/home/alex/dev/Bachelor/bmad-vergleichsstudie/.lizard-tmp-WOSzIR/code/seed-b-frontend/.angular/cache/22.1.3/seed-b-frontend/vite/deps/@angular_router.js","/home/alex/dev/Bachelor/bmad-vergleichsstudie/.lizard-tmp-WOSzIR/code/seed-b-frontend/.angular/cache/22.1.3/seed-b-frontend/vite/deps/@angular_router.js","(anonymous)","(anonymous)",2652,2656
3,1,23,4,7,"containsEmptyPathMatchesWithNamedOutlets@2651-2657@/home/alex/dev/Bachelor/bmad-vergleichsstudie/.lizard-tmp-WOSzIR/code/seed-b-frontend/.angular/cache/22.1.3/seed-b-frontend/vite/deps/@angular_router.js","/home/alex/dev/Bachelor/bmad-vergleichsstudie/.lizard-tmp-WOSzIR/code/seed-b-frontend/.angular/cache/22.1.3/seed-b-frontend/vite/deps/@angular_router.js","containsEmptyPathMatchesWithNamedOutlets","containsEmptyPathMatchesWithNamedOutlets ( segmentGroup , slicedSegments , routes , outlet )",2651,2657
1,1,9,0,1,"(anonymous)@2659-2659@/home/alex/dev/Bachelor/bmad-vergleichsstudie/.lizard-tmp-WOSzIR/code/seed-b-frontend/.angular/cache/22.1.3/seed-b-frontend/vite/deps/@angular_router.js","/home/alex/dev/Bachelor/bmad-vergleichsstudie/.lizard-tmp-WOSzIR/code/seed-b-frontend/.angular/cache/22.1.3/seed-b-frontend/vite/deps/@angular_router.js","(anonymous)","(anonymous)",2659,2659
3,1,20,3,3,"containsEmptyPathMatches@2658-2660@/home/alex/dev/Bachelor/bmad-vergleichsstudie/.lizard-tmp-WOSzIR/code/seed-b-frontend/.angular/cache/22.1.3/seed-b-frontend/vite/deps/@angular_router.js","/home/alex/dev/Bachelor/bmad-vergleichsstudie/.lizard-tmp-WOSzIR/code/seed-b-frontend/.angular/cache/22.1.3/seed-b-frontend/vite/deps/@angular_router.js","containsEmptyPathMatches","containsEmptyPathMatches ( segmentGroup , slicedSegments , routes )",2658,2660
4,4,41,3,4,"emptyPathMatch@2661-2664@/home/alex/dev/Bachelor/bmad-vergleichsstudie/.lizard-tmp-WOSzIR/code/seed-b-frontend/.angular/cache/22.1.3/seed-b-frontend/vite/deps/@angular_router.js","/home/alex/dev/Bachelor/bmad-vergleichsstudie/.lizard-tmp-WOSzIR/code/seed-b-frontend/.angular/cache/22.1.3/seed-b-frontend/vite/deps/@angular_router.js","emptyPathMatch","emptyPathMatch ( segmentGroup , slicedSegments , r )",2661,2664
3,2,24,3,3,"noLeftoversInUrl@2665-2667@/home/alex/dev/Bachelor/bmad-vergleichsstudie/.lizard-tmp-WOSzIR/code/seed-b-frontend/.angular/cache/22.1.3/seed-b-frontend/vite/deps/@angular_router.js","/home/alex/dev/Bachelor/bmad-vergleichsstudie/.lizard-tmp-WOSzIR/code/seed-b-frontend/.angular/cache/22.1.3/seed-b-frontend/vite/deps/@angular_router.js","noLeftoversInUrl","noLeftoversInUrl ( segmentGroup , segments , outlet )",2665,2667
3,1,44,8,3,"$1@2669-2671@/home/alex/dev/Bachelor/bmad-vergleichsstudie/.lizard-tmp-WOSzIR/code/seed-b-frontend/.angular/cache/22.1.3/seed-b-frontend/vite/deps/@angular_router.js","/home/alex/dev/Bachelor/bmad-vergleichsstudie/.lizard-tmp-WOSzIR/code/seed-b-frontend/.angular/cache/22.1.3/seed-b-frontend/vite/deps/@angular_router.js","$1","$1 ( injector , configLoader , rootComponentType , config , urlTree , urlSerializer , paramsInheritanceStrategy , abortSignal )",2669,2671
11,1,83,8,11,"constructor@2685-2695@/home/alex/dev/Bachelor/bmad-vergleichsstudie/.lizard-tmp-WOSzIR/code/seed-b-frontend/.angular/cache/22.1.3/seed-b-frontend/vite/deps/@angular_router.js","/home/alex/dev/Bachelor/bmad-vergleichsstudie/.lizard-tmp-WOSzIR/code/seed-b-frontend/.angular/cache/22.1.3/seed-b-frontend/vite/deps/@angular_router.js","constructor","constructor ( injector , configLoader , rootComponentType , config , urlTree , paramsInheritanceStrategy , urlSerializer , abortSignal )",2685,2695
3,3,35,1,3,"noMatchError@2696-2698@/home/alex/dev/Bachelor/bmad-vergleichsstudie/.lizard-tmp-WOSzIR/code/seed-b-frontend/.angular/cache/22.1.3/seed-b-frontend/vite/deps/@angular_router.js","/home/alex/dev/Bachelor/bmad-vergleichsstudie/.lizard-tmp-WOSzIR/code/seed-b-frontend/.angular/cache/22.1.3/seed-b-frontend/vite/deps/@angular_router.js","noMatchError","noMatchError ( e )",2696,2698
12,1,115,0,12,"recognize@2699-2710@/home/alex/dev/Bachelor/bmad-vergleichsstudie/.lizard-tmp-WOSzIR/code/seed-b-frontend/.angular/cache/22.1.3/seed-b-frontend/vite/deps/@angular_router.js","/home/alex/dev/Bachelor/bmad-vergleichsstudie/.lizard-tmp-WOSzIR/code/seed-b-frontend/.angular/cache/22.1.3/seed-b-frontend/vite/deps/@angular_router.js","recognize","recognize ( )",2699,2710
16,4,147,1,16,"match@2711-2726@/home/alex/dev/Bachelor/bmad-vergleichsstudie/.lizard-tmp-WOSzIR/code/seed-b-frontend/.angular/cache/22.1.3/seed-b-frontend/vite/deps/@angular_router.js","/home/alex/dev/Bachelor/bmad-vergleichsstudie/.lizard-tmp-WOSzIR/code/seed-b-frontend/.angular/cache/22.1.3/seed-b-frontend/vite/deps/@angular_router.js","match","match ( rootSegmentGroup )",2711,2726
5,4,80,5,5,"processSegmentGroup@2727-2731@/home/alex/dev/Bachelor/bmad-vergleichsstudie/.lizard-tmp-WOSzIR/code/seed-b-frontend/.angular/cache/22.1.3/seed-b-frontend/vite/deps/@angular_router.js","/home/alex/dev/Bachelor/bmad-vergleichsstudie/.lizard-tmp-WOSzIR/code/seed-b-frontend/.angular/cache/22.1.3/seed-b-frontend/vite/deps/@angular_router.js","processSegmentGroup","processSegmentGroup ( injector , config , segmentGroup , outlet , parentRoute )",2727,2731
16,6,144,4,16,"processChildren@2732-2747@/home/alex/dev/Bachelor/bmad-vergleichsstudie/.lizard-tmp-WOSzIR/code/seed-b-frontend/.angular/cache/22.1.3/seed-b-frontend/vite/deps/@angular_router.js","/home/alex/dev/Bachelor/bmad-vergleichsstudie/.lizard-tmp-WOSzIR/code/seed-b-frontend/.angular/cache/22.1.3/seed-b-frontend/vite/deps/@angular_router.js","processChildren","processChildren ( injector , config , segmentGroup , parentRoute )",2732,2747
10,8,101,7,10,"processSegment@2748-2757@/home/alex/dev/Bachelor/bmad-vergleichsstudie/.lizard-tmp-WOSzIR/code/seed-b-frontend/.angular/cache/22.1.3/seed-b-frontend/vite/deps/@angular_router.js","/home/alex/dev/Bachelor/bmad-vergleichsstudie/.lizard-tmp-WOSzIR/code/seed-b-frontend/.angular/cache/22.1.3/seed-b-frontend/vite/deps/@angular_router.js","processSegment","processSegment ( injector , routes , segmentGroup , segments , outlet , allowRedirects , parentRoute )",2748,2757
6,7,113,8,6,"processSegmentAgainstRoute@2758-2763@/home/alex/dev/Bachelor/bmad-vergleichsstudie/.lizard-tmp-WOSzIR/code/seed-b-frontend/.angular/cache/22.1.3/seed-b-frontend/vite/deps/@angular_router.js","/home/alex/dev/Bachelor/bmad-vergleichsstudie/.lizard-tmp-WOSzIR/code/seed-b-frontend/.angular/cache/22.1.3/seed-b-frontend/vite/deps/@angular_router.js","processSegmentAgainstRoute","processSegmentAgainstRoute ( injector , routes , route , rawSegment , segments , outlet , allowRedirects , parentRoute )",2758,2763
16,7,218,7,16,"expandSegmentAgainstRouteUsingRedirect@2764-2779@/home/alex/dev/Bachelor/bmad-vergleichsstudie/.lizard-tmp-WOSzIR/code/seed-b-frontend/.angular/cache/22.1.3/seed-b-frontend/vite/deps/@angular_router.js","/home/alex/dev/Bachelor/bmad-vergleichsstudie/.lizard-tmp-WOSzIR/code/seed-b-frontend/.angular/cache/22.1.3/seed-b-frontend/vite/deps/@angular_router.js","expandSegmentAgainstRouteUsingRedirect","expandSegmentAgainstRouteUsingRedirect ( injector , segmentGroup , routes , route , segments , outlet , parentRoute )",2764,2779
7,5,118,5,7,"createSnapshot@2780-2786@/home/alex/dev/Bachelor/bmad-vergleichsstudie/.lizard-tmp-WOSzIR/code/seed-b-frontend/.angular/cache/22.1.3/seed-b-frontend/vite/deps/@angular_router.js","/home/alex/dev/Bachelor/bmad-vergleichsstudie/.lizard-tmp-WOSzIR/code/seed-b-frontend/.angular/cache/22.1.3/seed-b-frontend/vite/deps/@angular_router.js","createSnapshot","createSnapshot ( injector , route , segments , parameters , parentRoute )",2780,2786
1,1,23,1,1,"createSnapshot@2789-2789@/home/alex/dev/Bachelor/bmad-vergleichsstudie/.lizard-tmp-WOSzIR/code/seed-b-frontend/.angular/cache/22.1.3/seed-b-frontend/vite/deps/@angular_router.js","/home/alex/dev/Bachelor/bmad-vergleichsstudie/.lizard-tmp-WOSzIR/code/seed-b-frontend/.angular/cache/22.1.3/seed-b-frontend/vite/deps/@angular_router.js","createSnapshot","createSnapshot ( result )",2789,2789
18,14,296,6,18,"matchSegmentAgainstRoute@2787-2804@/home/alex/dev/Bachelor/bmad-vergleichsstudie/.lizard-tmp-WOSzIR/code/seed-b-frontend/.angular/cache/22.1.3/seed-b-frontend/vite/deps/@angular_router.js","/home/alex/dev/Bachelor/bmad-vergleichsstudie/.lizard-tmp-WOSzIR/code/seed-b-frontend/.angular/cache/22.1.3/seed-b-frontend/vite/deps/@angular_router.js","matchSegmentAgainstRoute","matchSegmentAgainstRoute ( injector , rawSegment , route , segments , outlet , parentRoute )",2787,2804
29,8,191,3,29,"getChildConfig@2805-2833@/home/alex/dev/Bachelor/bmad-vergleichsstudie/.lizard-tmp-WOSzIR/code/seed-b-frontend/.angular/cache/22.1.3/seed-b-frontend/vite/deps/@angular_router.js","/home/alex/dev/Bachelor/bmad-vergleichsstudie/.lizard-tmp-WOSzIR/code/seed-b-frontend/.angular/cache/22.1.3/seed-b-frontend/vite/deps/@angular_router.js","getChildConfig","getChildConfig ( injector , route , segments )",2805,2833
5,3,45,0,5,"(anonymous)@2836-2840@/home/alex/dev/Bachelor/bmad-vergleichsstudie/.lizard-tmp-WOSzIR/code/seed-b-frontend/.angular/cache/22.1.3/seed-b-frontend/vite/deps/@angular_router.js","/home/alex/dev/Bachelor/bmad-vergleichsstudie/.lizard-tmp-WOSzIR/code/seed-b-frontend/.angular/cache/22.1.3/seed-b-frontend/vite/deps/@angular_router.js","(anonymous)","(anonymous)",2836,2840
3,1,18,1,7,"sortActivatedRouteSnapshots@2835-2841@/home/alex/dev/Bachelor/bmad-vergleichsstudie/.lizard-tmp-WOSzIR/code/seed-b-frontend/.angular/cache/22.1.3/seed-b-frontend/vite/deps/@angular_router.js","/home/alex/dev/Bachelor/bmad-vergleichsstudie/.lizard-tmp-WOSzIR/code/seed-b-frontend/.angular/cache/22.1.3/seed-b-frontend/vite/deps/@angular_router.js","sortActivatedRouteSnapshots","sortActivatedRouteSnapshots ( nodes )",2835,2841
4,2,23,1,4,"hasEmptyPathConfig@2842-2845@/home/alex/dev/Bachelor/bmad-vergleichsstudie/.lizard-tmp-WOSzIR/code/seed-b-frontend/.angular/cache/22.1.3/seed-b-frontend/vite/deps/@angular_router.js","/home/alex/dev/Bachelor/bmad-vergleichsstudie/.lizard-tmp-WOSzIR/code/seed-b-frontend/.angular/cache/22.1.3/seed-b-frontend/vite/deps/@angular_router.js","hasEmptyPathConfig","hasEmptyPathConfig ( node )",2842,2845
1,1,12,0,1,"(anonymous)@2854-2854@/home/alex/dev/Bachelor/bmad-vergleichsstudie/.lizard-tmp-WOSzIR/code/seed-b-frontend/.angular/cache/22.1.3/seed-b-frontend/vite/deps/@angular_router.js","/home/alex/dev/Bachelor/bmad-vergleichsstudie/.lizard-tmp-WOSzIR/code/seed-b-frontend/.angular/cache/22.1.3/seed-b-frontend/vite/deps/@angular_router.js","(anonymous)","(anonymous)",2854,2854
1,1,8,0,1,"(anonymous)@2864-2864@/home/alex/dev/Bachelor/bmad-vergleichsstudie/.lizard-tmp-WOSzIR/code/seed-b-frontend/.angular/cache/22.1.3/seed-b-frontend/vite/deps/@angular_router.js","/home/alex/dev/Bachelor/bmad-vergleichsstudie/.lizard-tmp-WOSzIR/code/seed-b-frontend/.angular/cache/22.1.3/seed-b-frontend/vite/deps/@angular_router.js","(anonymous)","(anonymous)",2864,2864
20,5,141,1,20,"mergeEmptyPathMatches@2846-2865@/home/alex/dev/Bachelor/bmad-vergleichsstudie/.lizard-tmp-WOSzIR/code/seed-b-frontend/.angular/cache/22.1.3/seed-b-frontend/vite/deps/@angular_router.js","/home/alex/dev/Bachelor/bmad-vergleichsstudie/.lizard-tmp-WOSzIR/code/seed-b-frontend/.angular/cache/22.1.3/seed-b-frontend/vite/deps/@angular_router.js","mergeEmptyPathMatches","mergeEmptyPathMatches ( nodes )",2846,2865
1,1,6,0,1,"(anonymous)@2871-2871@/home/alex/dev/Bachelor/bmad-vergleichsstudie/.lizard-tmp-WOSzIR/code/seed-b-frontend/.angular/cache/22.1.3/seed-b-frontend/vite/deps/@angular_router.js","/home/alex/dev/Bachelor/bmad-vergleichsstudie/.lizard-tmp-WOSzIR/code/seed-b-frontend/.angular/cache/22.1.3/seed-b-frontend/vite/deps/@angular_router.js","(anonymous)","(anonymous)",2871,2871
1,1,6,0,1,"(anonymous)@2872-2872@/home/alex/dev/Bachelor/bmad-vergleichsstudie/.lizard-tmp-WOSzIR/code/seed-b-frontend/.angular/cache/22.1.3/seed-b-frontend/vite/deps/@angular_router.js","/home/alex/dev/Bachelor/bmad-vergleichsstudie/.lizard-tmp-WOSzIR/code/seed-b-frontend/.angular/cache/22.1.3/seed-b-frontend/vite/deps/@angular_router.js","(anonymous)","(anonymous)",2872,2872
9,4,103,0,9,"(anonymous)@2868-2876@/home/alex/dev/Bachelor/bmad-vergleichsstudie/.lizard-tmp-WOSzIR/code/seed-b-frontend/.angular/cache/22.1.3/seed-b-frontend/vite/deps/@angular_router.js","/home/alex/dev/Bachelor/bmad-vergleichsstudie/.lizard-tmp-WOSzIR/code/seed-b-frontend/.angular/cache/22.1.3/seed-b-frontend/vite/deps/@angular_router.js","(anonymous)","(anonymous)",2868,2876
4,1,22,1,12,"checkOutletNameUniqueness@2866-2877@/home/alex/dev/Bachelor/bmad-vergleichsstudie/.lizard-tmp-WOSzIR/code/seed-b-frontend/.angular/cache/22.1.3/seed-b-frontend/vite/deps/@angular_router.js","/home/alex/dev/Bachelor/bmad-vergleichsstudie/.lizard-tmp-WOSzIR/code/seed-b-frontend/.angular/cache/22.1.3/seed-b-frontend/vite/deps/@angular_router.js","checkOutletNameUniqueness","checkOutletNameUniqueness ( nodes )",2866,2877
3,2,13,1,3,"getData@2878-2880@/home/alex/dev/Bachelor/bmad-vergleichsstudie/.lizard-tmp-WOSzIR/code/seed-b-frontend/.angular/cache/22.1.3/seed-b-frontend/vite/deps/@angular_router.js","/home/alex/dev/Bachelor/bmad-vergleichsstudie/.lizard-tmp-WOSzIR/code/seed-b-frontend/.angular/cache/22.1.3/seed-b-frontend/vite/deps/@angular_router.js","getData","getData ( route )",2878,2880
3,2,13,1,3,"getResolve@2881-2883@/home/alex/dev/Bachelor/bmad-vergleichsstudie/.lizard-tmp-WOSzIR/code/seed-b-frontend/.angular/cache/22.1.3/seed-b-frontend/vite/deps/@angular_router.js","/home/alex/dev/Bachelor/bmad-vergleichsstudie/.lizard-tmp-WOSzIR/code/seed-b-frontend/.angular/cache/22.1.3/seed-b-frontend/vite/deps/@angular_router.js","getResolve","getResolve ( route )",2881,2883
8,1,46,0,8,"(anonymous)@2885-2892@/home/alex/dev/Bachelor/bmad-vergleichsstudie/.lizard-tmp-WOSzIR/code/seed-b-frontend/.angular/cache/22.1.3/seed-b-frontend/vite/deps/@angular_router.js","/home/alex/dev/Bachelor/bmad-vergleichsstudie/.lizard-tmp-WOSzIR/code/seed-b-frontend/.angular/cache/22.1.3/seed-b-frontend/vite/deps/@angular_router.js","(anonymous)","(anonymous)",2885,2892
3,1,28,7,10,"recognize@2884-2893@/home/alex/dev/Bachelor/bmad-vergleichsstudie/.lizard-tmp-WOSzIR/code/seed-b-frontend/.angular/cache/22.1.3/seed-b-frontend/vite/deps/@angular_router.js","/home/alex/dev/Bachelor/bmad-vergleichsstudie/.lizard-tmp-WOSzIR/code/seed-b-frontend/.angular/cache/22.1.3/seed-b-frontend/vite/deps/@angular_router.js","recognize","recognize ( injector , configLoader , rootComponentType , config , serializer , paramsInheritanceStrategy , abortSignal )",2884,2893
1,1,4,0,1,"(anonymous)@2898-2898@/home/alex/dev/Bachelor/bmad-vergleichsstudie/.lizard-tmp-WOSzIR/code/seed-b-frontend/.angular/cache/22.1.3/seed-b-frontend/vite/deps/@angular_router.js","/home/alex/dev/Bachelor/bmad-vergleichsstudie/.lizard-tmp-WOSzIR/code/seed-b-frontend/.angular/cache/22.1.3/seed-b-frontend/vite/deps/@angular_router.js","(anonymous)","(anonymous)",2898,2898
7,2,48,0,7,"(anonymous)@2905-2911@/home/alex/dev/Bachelor/bmad-vergleichsstudie/.lizard-tmp-WOSzIR/code/seed-b-frontend/.angular/cache/22.1.3/seed-b-frontend/vite/deps/@angular_router.js","/home/alex/dev/Bachelor/bmad-vergleichsstudie/.lizard-tmp-WOSzIR/code/seed-b-frontend/.angular/cache/22.1.3/seed-b-frontend/vite/deps/@angular_router.js","(anonymous)","(anonymous)",2905,2911
1,1,3,0,1,"(anonymous)@2911-2911@/home/alex/dev/Bachelor/bmad-vergleichsstudie/.lizard-tmp-WOSzIR/code/seed-b-frontend/.angular/cache/22.1.3/seed-b-frontend/vite/deps/@angular_router.js","/home/alex/dev/Bachelor/bmad-vergleichsstudie/.lizard-tmp-WOSzIR/code/seed-b-frontend/.angular/cache/22.1.3/seed-b-frontend/vite/deps/@angular_router.js","(anonymous)","(anonymous)",2911,2911
1,2,13,0,1,"(anonymous)@2911-2911@/home/alex/dev/Bachelor/bmad-vergleichsstudie/.lizard-tmp-WOSzIR/code/seed-b-frontend/.angular/cache/22.1.3/seed-b-frontend/vite/deps/@angular_router.js","/home/alex/dev/Bachelor/bmad-vergleichsstudie/.lizard-tmp-WOSzIR/code/seed-b-frontend/.angular/cache/22.1.3/seed-b-frontend/vite/deps/@angular_router.js","(anonymous)","(anonymous)",2911,2911
12,5,133,0,18,"(anonymous)@2895-2912@/home/alex/dev/Bachelor/bmad-vergleichsstudie/.lizard-tmp-WOSzIR/code/seed-b-frontend/.angular/cache/22.1.3/seed-b-frontend/vite/deps/@angular_router.js","/home/alex/dev/Bachelor/bmad-vergleichsstudie/.lizard-tmp-WOSzIR/code/seed-b-frontend/.angular/cache/22.1.3/seed-b-frontend/vite/deps/@angular_router.js","(anonymous)","(anonymous)",2895,2912
3,1,15,1,20,"resolveData@2894-2913@/home/alex/dev/Bachelor/bmad-vergleichsstudie/.lizard-tmp-WOSzIR/code/seed-b-frontend/.angular/cache/22.1.3/seed-b-frontend/vite/deps/@angular_router.js","/home/alex/dev/Bachelor/bmad-vergleichsstudie/.lizard-tmp-WOSzIR/code/seed-b-frontend/.angular/cache/22.1.3/seed-b-frontend/vite/deps/@angular_router.js","resolveData","resolveData ( paramsInheritanceStrategy )",2894,2913
1,1,5,0,1,"(anonymous)@2915-2915@/home/alex/dev/Bachelor/bmad-vergleichsstudie/.lizard-tmp-WOSzIR/code/seed-b-frontend/.angular/cache/22.1.3/seed-b-frontend/vite/deps/@angular_router.js","/home/alex/dev/Bachelor/bmad-vergleichsstudie/.lizard-tmp-WOSzIR/code/seed-b-frontend/.angular/cache/22.1.3/seed-b-frontend/vite/deps/@angular_router.js","(anonymous)","(anonymous)",2915,2915
3,1,27,1,3,"flattenRouteTree@2914-2916@/home/alex/dev/Bachelor/bmad-vergleichsstudie/.lizard-tmp-WOSzIR/code/seed-b-frontend/.angular/cache/22.1.3/seed-b-frontend/vite/deps/@angular_router.js","/home/alex/dev/Bachelor/bmad-vergleichsstudie/.lizard-tmp-WOSzIR/code/seed-b-frontend/.angular/cache/22.1.3/seed-b-frontend/vite/deps/@angular_router.js","flattenRouteTree","flattenRouteTree ( route )",2914,2916
8,1,25,0,8,"(anonymous)@2923-2930@/home/alex/dev/Bachelor/bmad-vergleichsstudie/.lizard-tmp-WOSzIR/code/seed-b-frontend/.angular/cache/22.1.3/seed-b-frontend/vite/deps/@angular_router.js","/home/alex/dev/Bachelor/bmad-vergleichsstudie/.lizard-tmp-WOSzIR/code/seed-b-frontend/.angular/cache/22.1.3/seed-b-frontend/vite/deps/@angular_router.js","(anonymous)","(anonymous)",2923,2930
4,1,41,0,11,"(anonymous)@2921-2931@/home/alex/dev/Bachelor/bmad-vergleichsstudie/.lizard-tmp-WOSzIR/code/seed-b-frontend/.angular/cache/22.1.3/seed-b-frontend/vite/deps/@angular_router.js","/home/alex/dev/Bachelor/bmad-vergleichsstudie/.lizard-tmp-WOSzIR/code/seed-b-frontend/.angular/cache/22.1.3/seed-b-frontend/vite/deps/@angular_router.js","(anonymous)","(anonymous)",2921,2931
6,3,56,3,16,"runResolve@2917-2932@/home/alex/dev/Bachelor/bmad-vergleichsstudie/.lizard-tmp-WOSzIR/code/seed-b-frontend/.angular/cache/22.1.3/seed-b-frontend/vite/deps/@angular_router.js","/home/alex/dev/Bachelor/bmad-vergleichsstudie/.lizard-tmp-WOSzIR/code/seed-b-frontend/.angular/cache/22.1.3/seed-b-frontend/vite/deps/@angular_router.js","runResolve","runResolve ( futureARS , futureRSS , paramsInheritanceStrategy )",2917,2932
4,2,26,0,4,"(anonymous)@2937-2940@/home/alex/dev/Bachelor/bmad-vergleichsstudie/.lizard-tmp-WOSzIR/code/seed-b-frontend/.angular/cache/22.1.3/seed-b-frontend/vite/deps/@angular_router.js","/home/alex/dev/Bachelor/bmad-vergleichsstudie/.lizard-tmp-WOSzIR/code/seed-b-frontend/.angular/cache/22.1.3/seed-b-frontend/vite/deps/@angular_router.js","(anonymous)","(anonymous)",2937,2940
1,1,28,0,4,"(anonymous)@2937-2940@/home/alex/dev/Bachelor/bmad-vergleichsstudie/.lizard-tmp-WOSzIR/code/seed-b-frontend/.angular/cache/22.1.3/seed-b-frontend/vite/deps/@angular_router.js","/home/alex/dev/Bachelor/bmad-vergleichsstudie/.lizard-tmp-WOSzIR/code/seed-b-frontend/.angular/cache/22.1.3/seed-b-frontend/vite/deps/@angular_router.js","(anonymous)","(anonymous)",2937,2940
1,1,2,0,1,"(anonymous)@2940-2940@/home/alex/dev/Bachelor/bmad-vergleichsstudie/.lizard-tmp-WOSzIR/code/seed-b-frontend/.angular/cache/22.1.3/seed-b-frontend/vite/deps/@angular_router.js","/home/alex/dev/Bachelor/bmad-vergleichsstudie/.lizard-tmp-WOSzIR/code/seed-b-frontend/.angular/cache/22.1.3/seed-b-frontend/vite/deps/@angular_router.js","(anonymous)","(anonymous)",2940,2940
1,2,12,0,1,"(anonymous)@2940-2940@/home/alex/dev/Bachelor/bmad-vergleichsstudie/.lizard-tmp-WOSzIR/code/seed-b-frontend/.angular/cache/22.1.3/seed-b-frontend/vite/deps/@angular_router.js","/home/alex/dev/Bachelor/bmad-vergleichsstudie/.lizard-tmp-WOSzIR/code/seed-b-frontend/.angular/cache/22.1.3/seed-b-frontend/vite/deps/@angular_router.js","(anonymous)","(anonymous)",2940,2940
6,2,75,3,9,"resolveNode@2933-2941@/home/alex/dev/Bachelor/bmad-vergleichsstudie/.lizard-tmp-WOSzIR/code/seed-b-frontend/.angular/cache/22.1.3/seed-b-frontend/vite/deps/@angular_router.js","/home/alex/dev/Bachelor/bmad-vergleichsstudie/.lizard-tmp-WOSzIR/code/seed-b-frontend/.angular/cache/22.1.3/seed-b-frontend/vite/deps/@angular_router.js","resolveNode","resolveNode ( resolve , futureARS , futureRSS )",2933,2941
5,2,58,3,5,"getResolver@2942-2946@/home/alex/dev/Bachelor/bmad-vergleichsstudie/.lizard-tmp-WOSzIR/code/seed-b-frontend/.angular/cache/22.1.3/seed-b-frontend/vite/deps/@angular_router.js","/home/alex/dev/Bachelor/bmad-vergleichsstudie/.lizard-tmp-WOSzIR/code/seed-b-frontend/.angular/cache/22.1.3/seed-b-frontend/vite/deps/@angular_router.js","getResolver","getResolver ( injectionToken , futureARS , futureRSS )",2942,2946
1,1,2,0,1,"(anonymous)@2950-2950@/home/alex/dev/Bachelor/bmad-vergleichsstudie/.lizard-tmp-WOSzIR/code/seed-b-frontend/.angular/cache/22.1.3/seed-b-frontend/vite/deps/@angular_router.js","/home/alex/dev/Bachelor/bmad-vergleichsstudie/.lizard-tmp-WOSzIR/code/seed-b-frontend/.angular/cache/22.1.3/seed-b-frontend/vite/deps/@angular_router.js","(anonymous)","(anonymous)",2950,2950
5,2,36,0,5,"(anonymous)@2948-2952@/home/alex/dev/Bachelor/bmad-vergleichsstudie/.lizard-tmp-WOSzIR/code/seed-b-frontend/.angular/cache/22.1.3/seed-b-frontend/vite/deps/@angular_router.js","/home/alex/dev/Bachelor/bmad-vergleichsstudie/.lizard-tmp-WOSzIR/code/seed-b-frontend/.angular/cache/22.1.3/seed-b-frontend/vite/deps/@angular_router.js","(anonymous)","(anonymous)",2948,2952
3,1,15,1,7,"switchTap@2947-2953@/home/alex/dev/Bachelor/bmad-vergleichsstudie/.lizard-tmp-WOSzIR/code/seed-b-frontend/.angular/cache/22.1.3/seed-b-frontend/vite/deps/@angular_router.js","/home/alex/dev/Bachelor/bmad-vergleichsstudie/.lizard-tmp-WOSzIR/code/seed-b-frontend/.angular/cache/22.1.3/seed-b-frontend/vite/deps/@angular_router.js","switchTap","switchTap ( next )",2947,2953
1,1,6,0,1,"(anonymous)@2960-2960@/home/alex/dev/Bachelor/bmad-vergleichsstudie/.lizard-tmp-WOSzIR/code/seed-b-frontend/.angular/cache/22.1.3/seed-b-frontend/vite/deps/@angular_router.js","/home/alex/dev/Bachelor/bmad-vergleichsstudie/.lizard-tmp-WOSzIR/code/seed-b-frontend/.angular/cache/22.1.3/seed-b-frontend/vite/deps/@angular_router.js","(anonymous)","(anonymous)",2960,2960
9,4,53,1,9,"buildTitle@2955-2963@/home/alex/dev/Bachelor/bmad-vergleichsstudie/.lizard-tmp-WOSzIR/code/seed-b-frontend/.angular/cache/22.1.3/seed-b-frontend/vite/deps/@angular_router.js","/home/alex/dev/Bachelor/bmad-vergleichsstudie/.lizard-tmp-WOSzIR/code/seed-b-frontend/.angular/cache/22.1.3/seed-b-frontend/vite/deps/@angular_router.js","buildTitle","buildTitle ( snapshot )",2955,2963
3,1,13,1,3,"getResolvedTitleForRoute@2964-2966@/home/alex/dev/Bachelor/bmad-vergleichsstudie/.lizard-tmp-WOSzIR/code/seed-b-frontend/.angular/cache/22.1.3/seed-b-frontend/vite/deps/@angular_router.js","/home/alex/dev/Bachelor/bmad-vergleichsstudie/.lizard-tmp-WOSzIR/code/seed-b-frontend/.angular/cache/22.1.3/seed-b-frontend/vite/deps/@angular_router.js","getResolvedTitleForRoute","getResolvedTitleForRoute ( snapshot )",2964,2966
3,2,15,0,3,"TitleStrategy_Factory@2967-2969@/home/alex/dev/Bachelor/bmad-vergleichsstudie/.lizard-tmp-WOSzIR/code/seed-b-frontend/.angular/cache/22.1.3/seed-b-frontend/vite/deps/@angular_router.js","/home/alex/dev/Bachelor/bmad-vergleichsstudie/.lizard-tmp-WOSzIR/code/seed-b-frontend/.angular/cache/22.1.3/seed-b-frontend/vite/deps/@angular_router.js","TitleStrategy_Factory","TitleStrategy_Factory ( )",2967,2969
6,3,44,0,6,"(anonymous)@2975-2980@/home/alex/dev/Bachelor/bmad-vergleichsstudie/.lizard-tmp-WOSzIR/code/seed-b-frontend/.angular/cache/22.1.3/seed-b-frontend/vite/deps/@angular_router.js","/home/alex/dev/Bachelor/bmad-vergleichsstudie/.lizard-tmp-WOSzIR/code/seed-b-frontend/.angular/cache/22.1.3/seed-b-frontend/vite/deps/@angular_router.js","(anonymous)","(anonymous)",2975,2980
4,1,15,1,4,"constructor@2983-2986@/home/alex/dev/Bachelor/bmad-vergleichsstudie/.lizard-tmp-WOSzIR/code/seed-b-frontend/.angular/cache/22.1.3/seed-b-frontend/vite/deps/@angular_router.js","/home/alex/dev/Bachelor/bmad-vergleichsstudie/.lizard-tmp-WOSzIR/code/seed-b-frontend/.angular/cache/22.1.3/seed-b-frontend/vite/deps/@angular_router.js","constructor","constructor ( title )",2983,2986
4,2,31,1,4,"updateTitle@2987-2990@/home/alex/dev/Bachelor/bmad-vergleichsstudie/.lizard-tmp-WOSzIR/code/seed-b-frontend/.angular/cache/22.1.3/seed-b-frontend/vite/deps/@angular_router.js","/home/alex/dev/Bachelor/bmad-vergleichsstudie/.lizard-tmp-WOSzIR/code/seed-b-frontend/.angular/cache/22.1.3/seed-b-frontend/vite/deps/@angular_router.js","updateTitle","updateTitle ( snapshot )",2987,2990
3,2,19,0,3,"DefaultTitleStrategy_Factory@2991-2993@/home/alex/dev/Bachelor/bmad-vergleichsstudie/.lizard-tmp-WOSzIR/code/seed-b-frontend/.angular/cache/22.1.3/seed-b-frontend/vite/deps/@angular_router.js","/home/alex/dev/Bachelor/bmad-vergleichsstudie/.lizard-tmp-WOSzIR/code/seed-b-frontend/.angular/cache/22.1.3/seed-b-frontend/vite/deps/@angular_router.js","DefaultTitleStrategy_Factory","DefaultTitleStrategy_Factory ( )",2991,2993
1,1,6,0,1,"(anonymous)@3004-3004@/home/alex/dev/Bachelor/bmad-vergleichsstudie/.lizard-tmp-WOSzIR/code/seed-b-frontend/.angular/cache/22.1.3/seed-b-frontend/vite/deps/@angular_router.js","/home/alex/dev/Bachelor/bmad-vergleichsstudie/.lizard-tmp-WOSzIR/code/seed-b-frontend/.angular/cache/22.1.3/seed-b-frontend/vite/deps/@angular_router.js","(anonymous)","(anonymous)",3004,3004
6,3,42,0,6,"(anonymous)@3000-3005@/home/alex/dev/Bachelor/bmad-vergleichsstudie/.lizard-tmp-WOSzIR/code/seed-b-frontend/.angular/cache/22.1.3/seed-b-frontend/vite/deps/@angular_router.js","/home/alex/dev/Bachelor/bmad-vergleichsstudie/.lizard-tmp-WOSzIR/code/seed-b-frontend/.angular/cache/22.1.3/seed-b-frontend/vite/deps/@angular_router.js","(anonymous)","(anonymous)",3000,3005
1,1,8,0,1,"factory@3006-3006@/home/alex/dev/Bachelor/bmad-vergleichsstudie/.lizard-tmp-WOSzIR/code/seed-b-frontend/.angular/cache/22.1.3/seed-b-frontend/vite/deps/@angular_router.js","/home/alex/dev/Bachelor/bmad-vergleichsstudie/.lizard-tmp-WOSzIR/code/seed-b-frontend/.angular/cache/22.1.3/seed-b-frontend/vite/deps/@angular_router.js","factory","factory ( )",3006,3006
1,1,6,0,1,"(anonymous)@3020-3020@/home/alex/dev/Bachelor/bmad-vergleichsstudie/.lizard-tmp-WOSzIR/code/seed-b-frontend/.angular/cache/22.1.3/seed-b-frontend/vite/deps/@angular_router.js","/home/alex/dev/Bachelor/bmad-vergleichsstudie/.lizard-tmp-WOSzIR/code/seed-b-frontend/.angular/cache/22.1.3/seed-b-frontend/vite/deps/@angular_router.js","(anonymous)","(anonymous)",3020,3020
11,6,88,1,11,"loader@3018-3028@/home/alex/dev/Bachelor/bmad-vergleichsstudie/.lizard-tmp-WOSzIR/code/seed-b-frontend/.angular/cache/22.1.3/seed-b-frontend/vite/deps/@angular_router.js","/home/alex/dev/Bachelor/bmad-vergleichsstudie/.lizard-tmp-WOSzIR/code/seed-b-frontend/.angular/cache/22.1.3/seed-b-frontend/vite/deps/@angular_router.js","loader","loader ( async ( )",3018,3028
5,4,62,2,15,"loadComponent@3014-3028@/home/alex/dev/Bachelor/bmad-vergleichsstudie/.lizard-tmp-WOSzIR/code/seed-b-frontend/.angular/cache/22.1.3/seed-b-frontend/vite/deps/@angular_router.js","/home/alex/dev/Bachelor/bmad-vergleichsstudie/.lizard-tmp-WOSzIR/code/seed-b-frontend/.angular/cache/22.1.3/seed-b-frontend/vite/deps/@angular_router.js","loadComponent","loadComponent ( injector , route )",3014,3028
11,1,68,1,11,"loader@3039-3049@/home/alex/dev/Bachelor/bmad-vergleichsstudie/.lizard-tmp-WOSzIR/code/seed-b-frontend/.angular/cache/22.1.3/seed-b-frontend/vite/deps/@angular_router.js","/home/alex/dev/Bachelor/bmad-vergleichsstudie/.lizard-tmp-WOSzIR/code/seed-b-frontend/.angular/cache/22.1.3/seed-b-frontend/vite/deps/@angular_router.js","loader","loader ( async ( )",3039,3049
3,2,15,0,3,"RouterConfigLoader_Factory@3053-3055@/home/alex/dev/Bachelor/bmad-vergleichsstudie/.lizard-tmp-WOSzIR/code/seed-b-frontend/.angular/cache/22.1.3/seed-b-frontend/vite/deps/@angular_router.js","/home/alex/dev/Bachelor/bmad-vergleichsstudie/.lizard-tmp-WOSzIR/code/seed-b-frontend/.angular/cache/22.1.3/seed-b-frontend/vite/deps/@angular_router.js","RouterConfigLoader_Factory","RouterConfigLoader_Factory ( )",3053,3055
3,3,28,0,3,"(anonymous)@3061-3063@/home/alex/dev/Bachelor/bmad-vergleichsstudie/.lizard-tmp-WOSzIR/code/seed-b-frontend/.angular/cache/22.1.3/seed-b-frontend/vite/deps/@angular_router.js","/home/alex/dev/Bachelor/bmad-vergleichsstudie/.lizard-tmp-WOSzIR/code/seed-b-frontend/.angular/cache/22.1.3/seed-b-frontend/vite/deps/@angular_router.js","(anonymous)","(anonymous)",3061,3063
1,1,6,0,1,"(anonymous)@3065-3065@/home/alex/dev/Bachelor/bmad-vergleichsstudie/.lizard-tmp-WOSzIR/code/seed-b-frontend/.angular/cache/22.1.3/seed-b-frontend/vite/deps/@angular_router.js","/home/alex/dev/Bachelor/bmad-vergleichsstudie/.lizard-tmp-WOSzIR/code/seed-b-frontend/.angular/cache/22.1.3/seed-b-frontend/vite/deps/@angular_router.js","(anonymous)","(anonymous)",3065,3065
29,7,194,4,29,"loadChildren@3064-3092@/home/alex/dev/Bachelor/bmad-vergleichsstudie/.lizard-tmp-WOSzIR/code/seed-b-frontend/.angular/cache/22.1.3/seed-b-frontend/vite/deps/@angular_router.js","/home/alex/dev/Bachelor/bmad-vergleichsstudie/.lizard-tmp-WOSzIR/code/seed-b-frontend/.angular/cache/22.1.3/seed-b-frontend/vite/deps/@angular_router.js","loadChildren","loadChildren ( route , compiler , parentInjector , onLoadEndListener )",3064,3092
3,1,8,1,3,"maybeResolveResources@3093-3095@/home/alex/dev/Bachelor/bmad-vergleichsstudie/.lizard-tmp-WOSzIR/code/seed-b-frontend/.angular/cache/22.1.3/seed-b-frontend/vite/deps/@angular_router.js","/home/alex/dev/Bachelor/bmad-vergleichsstudie/.lizard-tmp-WOSzIR/code/seed-b-frontend/.angular/cache/22.1.3/seed-b-frontend/vite/deps/@angular_router.js","maybeResolveResources","maybeResolveResources ( value )",3093,3095
3,2,15,0,3,"UrlHandlingStrategy_Factory@3097-3099@/home/alex/dev/Bachelor/bmad-vergleichsstudie/.lizard-tmp-WOSzIR/code/seed-b-frontend/.angular/cache/22.1.3/seed-b-frontend/vite/deps/@angular_router.js","/home/alex/dev/Bachelor/bmad-vergleichsstudie/.lizard-tmp-WOSzIR/code/seed-b-frontend/.angular/cache/22.1.3/seed-b-frontend/vite/deps/@angular_router.js","UrlHandlingStrategy_Factory","UrlHandlingStrategy_Factory ( )",3097,3099
6,3,44,0,6,"(anonymous)@3105-3110@/home/alex/dev/Bachelor/bmad-vergleichsstudie/.lizard-tmp-WOSzIR/code/seed-b-frontend/.angular/cache/22.1.3/seed-b-frontend/vite/deps/@angular_router.js","/home/alex/dev/Bachelor/bmad-vergleichsstudie/.lizard-tmp-WOSzIR/code/seed-b-frontend/.angular/cache/22.1.3/seed-b-frontend/vite/deps/@angular_router.js","(anonymous)","(anonymous)",3105,3110
3,1,8,1,3,"shouldProcessUrl@3112-3114@/home/alex/dev/Bachelor/bmad-vergleichsstudie/.lizard-tmp-WOSzIR/code/seed-b-frontend/.angular/cache/22.1.3/seed-b-frontend/vite/deps/@angular_router.js","/home/alex/dev/Bachelor/bmad-vergleichsstudie/.lizard-tmp-WOSzIR/code/seed-b-frontend/.angular/cache/22.1.3/seed-b-frontend/vite/deps/@angular_router.js","shouldProcessUrl","shouldProcessUrl ( url )",3112,3114
3,1,8,1,3,"extract@3115-3117@/home/alex/dev/Bachelor/bmad-vergleichsstudie/.lizard-tmp-WOSzIR/code/seed-b-frontend/.angular/cache/22.1.3/seed-b-frontend/vite/deps/@angular_router.js","/home/alex/dev/Bachelor/bmad-vergleichsstudie/.lizard-tmp-WOSzIR/code/seed-b-frontend/.angular/cache/22.1.3/seed-b-frontend/vite/deps/@angular_router.js","extract","extract ( url )",3115,3117
3,1,10,2,3,"merge@3118-3120@/home/alex/dev/Bachelor/bmad-vergleichsstudie/.lizard-tmp-WOSzIR/code/seed-b-frontend/.angular/cache/22.1.3/seed-b-frontend/vite/deps/@angular_router.js","/home/alex/dev/Bachelor/bmad-vergleichsstudie/.lizard-tmp-WOSzIR/code/seed-b-frontend/.angular/cache/22.1.3/seed-b-frontend/vite/deps/@angular_router.js","merge","merge ( newUrlPart , wholeUrl )",3118,3120
3,2,15,0,3,"DefaultUrlHandlingStrategy_Factory@3121-3123@/home/alex/dev/Bachelor/bmad-vergleichsstudie/.lizard-tmp-WOSzIR/code/seed-b-frontend/.angular/cache/22.1.3/seed-b-frontend/vite/deps/@angular_router.js","/home/alex/dev/Bachelor/bmad-vergleichsstudie/.lizard-tmp-WOSzIR/code/seed-b-frontend/.angular/cache/22.1.3/seed-b-frontend/vite/deps/@angular_router.js","DefaultUrlHandlingStrategy_Factory","DefaultUrlHandlingStrategy_Factory ( )",3121,3123
3,3,28,0,3,"(anonymous)@3129-3131@/home/alex/dev/Bachelor/bmad-vergleichsstudie/.lizard-tmp-WOSzIR/code/seed-b-frontend/.angular/cache/22.1.3/seed-b-frontend/vite/deps/@angular_router.js","/home/alex/dev/Bachelor/bmad-vergleichsstudie/.lizard-tmp-WOSzIR/code/seed-b-frontend/.angular/cache/22.1.3/seed-b-frontend/vite/deps/@angular_router.js","(anonymous)","(anonymous)",3129,3131
1,1,5,0,1,"(anonymous)@3139-3139@/home/alex/dev/Bachelor/bmad-vergleichsstudie/.lizard-tmp-WOSzIR/code/seed-b-frontend/.angular/cache/22.1.3/seed-b-frontend/vite/deps/@angular_router.js","/home/alex/dev/Bachelor/bmad-vergleichsstudie/.lizard-tmp-WOSzIR/code/seed-b-frontend/.angular/cache/22.1.3/seed-b-frontend/vite/deps/@angular_router.js","(anonymous)","(anonymous)",3139,3139
3,1,6,0,3,"(anonymous)@3142-3144@/home/alex/dev/Bachelor/bmad-vergleichsstudie/.lizard-tmp-WOSzIR/code/seed-b-frontend/.angular/cache/22.1.3/seed-b-frontend/vite/deps/@angular_router.js","/home/alex/dev/Bachelor/bmad-vergleichsstudie/.lizard-tmp-WOSzIR/code/seed-b-frontend/.angular/cache/22.1.3/seed-b-frontend/vite/deps/@angular_router.js","(anonymous)","(anonymous)",3142,3144
4,1,12,0,4,"(anonymous)@3145-3148@/home/alex/dev/Bachelor/bmad-vergleichsstudie/.lizard-tmp-WOSzIR/code/seed-b-frontend/.angular/cache/22.1.3/seed-b-frontend/vite/deps/@angular_router.js","/home/alex/dev/Bachelor/bmad-vergleichsstudie/.lizard-tmp-WOSzIR/code/seed-b-frontend/.angular/cache/22.1.3/seed-b-frontend/vite/deps/@angular_router.js","(anonymous)","(anonymous)",3145,3148
3,3,18,0,3,"(anonymous)@3149-3151@/home/alex/dev/Bachelor/bmad-vergleichsstudie/.lizard-tmp-WOSzIR/code/seed-b-frontend/.angular/cache/22.1.3/seed-b-frontend/vite/deps/@angular_router.js","/home/alex/dev/Bachelor/bmad-vergleichsstudie/.lizard-tmp-WOSzIR/code/seed-b-frontend/.angular/cache/22.1.3/seed-b-frontend/vite/deps/@angular_router.js","(anonymous)","(anonymous)",3149,3151
3,3,18,0,3,"(anonymous)@3152-3154@/home/alex/dev/Bachelor/bmad-vergleichsstudie/.lizard-tmp-WOSzIR/code/seed-b-frontend/.angular/cache/22.1.3/seed-b-frontend/vite/deps/@angular_router.js","/home/alex/dev/Bachelor/bmad-vergleichsstudie/.lizard-tmp-WOSzIR/code/seed-b-frontend/.angular/cache/22.1.3/seed-b-frontend/vite/deps/@angular_router.js","(anonymous)","(anonymous)",3152,3154
3,3,18,0,3,"(anonymous)@3155-3157@/home/alex/dev/Bachelor/bmad-vergleichsstudie/.lizard-tmp-WOSzIR/code/seed-b-frontend/.angular/cache/22.1.3/seed-b-frontend/vite/deps/@angular_router.js","/home/alex/dev/Bachelor/bmad-vergleichsstudie/.lizard-tmp-WOSzIR/code/seed-b-frontend/.angular/cache/22.1.3/seed-b-frontend/vite/deps/@angular_router.js","(anonymous)","(anonymous)",3155,3157
5,1,11,0,5,"(anonymous)@3159-3163@/home/alex/dev/Bachelor/bmad-vergleichsstudie/.lizard-tmp-WOSzIR/code/seed-b-frontend/.angular/cache/22.1.3/seed-b-frontend/vite/deps/@angular_router.js","/home/alex/dev/Bachelor/bmad-vergleichsstudie/.lizard-tmp-WOSzIR/code/seed-b-frontend/.angular/cache/22.1.3/seed-b-frontend/vite/deps/@angular_router.js","(anonymous)","(anonymous)",3159,3163
17,7,149,3,32,"createViewTransition@3134-3165@/home/alex/dev/Bachelor/bmad-vergleichsstudie/.lizard-tmp-WOSzIR/code/seed-b-frontend/.angular/cache/22.1.3/seed-b-frontend/vite/deps/@angular_router.js","/home/alex/dev/Bachelor/bmad-vergleichsstudie/.lizard-tmp-WOSzIR/code/seed-b-frontend/.angular/cache/22.1.3/seed-b-frontend/vite/deps/@angular_router.js","createViewTransition","createViewTransition ( injector , from , to )",3134,3165
1,1,8,0,1,"read@3168-3168@/home/alex/dev/Bachelor/bmad-vergleichsstudie/.lizard-tmp-WOSzIR/code/seed-b-frontend/.angular/cache/22.1.3/seed-b-frontend/vite/deps/@angular_router.js","/home/alex/dev/Bachelor/bmad-vergleichsstudie/.lizard-tmp-WOSzIR/code/seed-b-frontend/.angular/cache/22.1.3/seed-b-frontend/vite/deps/@angular_router.js","read","read ( )",3168,3168
3,1,14,0,3,"(anonymous)@3167-3169@/home/alex/dev/Bachelor/bmad-vergleichsstudie/.lizard-tmp-WOSzIR/code/seed-b-frontend/.angular/cache/22.1.3/seed-b-frontend/vite/deps/@angular_router.js","/home/alex/dev/Bachelor/bmad-vergleichsstudie/.lizard-tmp-WOSzIR/code/seed-b-frontend/.angular/cache/22.1.3/seed-b-frontend/vite/deps/@angular_router.js","(anonymous)","(anonymous)",3167,3169
3,1,16,1,5,"createRenderPromise@3166-3170@/home/alex/dev/Bachelor/bmad-vergleichsstudie/.lizard-tmp-WOSzIR/code/seed-b-frontend/.angular/cache/22.1.3/seed-b-frontend/vite/deps/@angular_router.js","/home/alex/dev/Bachelor/bmad-vergleichsstudie/.lizard-tmp-WOSzIR/code/seed-b-frontend/.angular/cache/22.1.3/seed-b-frontend/vite/deps/@angular_router.js","createRenderPromise","createRenderPromise ( injector )",3166,3170
1,1,5,0,1,"noop@3172-3172@/home/alex/dev/Bachelor/bmad-vergleichsstudie/.lizard-tmp-WOSzIR/code/seed-b-frontend/.angular/cache/22.1.3/seed-b-frontend/vite/deps/@angular_router.js","/home/alex/dev/Bachelor/bmad-vergleichsstudie/.lizard-tmp-WOSzIR/code/seed-b-frontend/.angular/cache/22.1.3/seed-b-frontend/vite/deps/@angular_router.js","noop","noop ( )",3172,3172
4,2,23,3,4,"signal@3175-3178@/home/alex/dev/Bachelor/bmad-vergleichsstudie/.lizard-tmp-WOSzIR/code/seed-b-frontend/.angular/cache/22.1.3/seed-b-frontend/vite/deps/@angular_router.js","/home/alex/dev/Bachelor/bmad-vergleichsstudie/.lizard-tmp-WOSzIR/code/seed-b-frontend/.angular/cache/22.1.3/seed-b-frontend/vite/deps/@angular_router.js","signal","signal ( null , ngDevMode debugName , equal ( )",3175,3178
1,1,9,0,1,"afterPreactivation@3202-3202@/home/alex/dev/Bachelor/bmad-vergleichsstudie/.lizard-tmp-WOSzIR/code/seed-b-frontend/.angular/cache/22.1.3/seed-b-frontend/vite/deps/@angular_router.js","/home/alex/dev/Bachelor/bmad-vergleichsstudie/.lizard-tmp-WOSzIR/code/seed-b-frontend/.angular/cache/22.1.3/seed-b-frontend/vite/deps/@angular_router.js","afterPreactivation","afterPreactivation ( )",3202,3202
1,1,17,1,1,"onLoadStart@3206-3206@/home/alex/dev/Bachelor/bmad-vergleichsstudie/.lizard-tmp-WOSzIR/code/seed-b-frontend/.angular/cache/22.1.3/seed-b-frontend/vite/deps/@angular_router.js","/home/alex/dev/Bachelor/bmad-vergleichsstudie/.lizard-tmp-WOSzIR/code/seed-b-frontend/.angular/cache/22.1.3/seed-b-frontend/vite/deps/@angular_router.js","onLoadStart","onLoadStart ( r )",3206,3206
1,1,17,1,1,"onLoadEnd@3207-3207@/home/alex/dev/Bachelor/bmad-vergleichsstudie/.lizard-tmp-WOSzIR/code/seed-b-frontend/.angular/cache/22.1.3/seed-b-frontend/vite/deps/@angular_router.js","/home/alex/dev/Bachelor/bmad-vergleichsstudie/.lizard-tmp-WOSzIR/code/seed-b-frontend/.angular/cache/22.1.3/seed-b-frontend/vite/deps/@angular_router.js","onLoadEnd","onLoadEnd ( r )",3207,3207
3,1,8,0,3,"(anonymous)@3210-3212@/home/alex/dev/Bachelor/bmad-vergleichsstudie/.lizard-tmp-WOSzIR/code/seed-b-frontend/.angular/cache/22.1.3/seed-b-frontend/vite/deps/@angular_router.js","/home/alex/dev/Bachelor/bmad-vergleichsstudie/.lizard-tmp-WOSzIR/code/seed-b-frontend/.angular/cache/22.1.3/seed-b-frontend/vite/deps/@angular_router.js","(anonymous)","(anonymous)",3210,3212
16,1,69,0,16,"untracked@3219-3234@/home/alex/dev/Bachelor/bmad-vergleichsstudie/.lizard-tmp-WOSzIR/code/seed-b-frontend/.angular/cache/22.1.3/seed-b-frontend/vite/deps/@angular_router.js","/home/alex/dev/Bachelor/bmad-vergleichsstudie/.lizard-tmp-WOSzIR/code/seed-b-frontend/.angular/cache/22.1.3/seed-b-frontend/vite/deps/@angular_router.js","untracked","untracked ( ( )",3219,3234
1,1,4,0,1,"(anonymous)@3238-3238@/home/alex/dev/Bachelor/bmad-vergleichsstudie/.lizard-tmp-WOSzIR/code/seed-b-frontend/.angular/cache/22.1.3/seed-b-frontend/vite/deps/@angular_router.js","/home/alex/dev/Bachelor/bmad-vergleichsstudie/.lizard-tmp-WOSzIR/code/seed-b-frontend/.angular/cache/22.1.3/seed-b-frontend/vite/deps/@angular_router.js","(anonymous)","(anonymous)",3238,3238
3,2,19,0,3,"shouldContinueNavigation@3242-3244@/home/alex/dev/Bachelor/bmad-vergleichsstudie/.lizard-tmp-WOSzIR/code/seed-b-frontend/.angular/cache/22.1.3/seed-b-frontend/vite/deps/@angular_router.js","/home/alex/dev/Bachelor/bmad-vergleichsstudie/.lizard-tmp-WOSzIR/code/seed-b-frontend/.angular/cache/22.1.3/seed-b-frontend/vite/deps/@angular_router.js","shouldContinueNavigation","shouldContinueNavigation ( )",3242,3244
2,1,10,0,2,"abort@3264-3265@/home/alex/dev/Bachelor/bmad-vergleichsstudie/.lizard-tmp-WOSzIR/code/seed-b-frontend/.angular/cache/22.1.3/seed-b-frontend/vite/deps/@angular_router.js","/home/alex/dev/Bachelor/bmad-vergleichsstudie/.lizard-tmp-WOSzIR/code/seed-b-frontend/.angular/cache/22.1.3/seed-b-frontend/vite/deps/@angular_router.js","abort","abort ( )",3264,3265
5,2,57,0,5,"(anonymous)@3276-3280@/home/alex/dev/Bachelor/bmad-vergleichsstudie/.lizard-tmp-WOSzIR/code/seed-b-frontend/.angular/cache/22.1.3/seed-b-frontend/vite/deps/@angular_router.js","/home/alex/dev/Bachelor/bmad-vergleichsstudie/.lizard-tmp-WOSzIR/code/seed-b-frontend/.angular/cache/22.1.3/seed-b-frontend/vite/deps/@angular_router.js","(anonymous)","(anonymous)",3276,3280
4,1,13,0,4,"(anonymous)@3283-3286@/home/alex/dev/Bachelor/bmad-vergleichsstudie/.lizard-tmp-WOSzIR/code/seed-b-frontend/.angular/cache/22.1.3/seed-b-frontend/vite/deps/@angular_router.js","/home/alex/dev/Bachelor/bmad-vergleichsstudie/.lizard-tmp-WOSzIR/code/seed-b-frontend/.angular/cache/22.1.3/seed-b-frontend/vite/deps/@angular_router.js","(anonymous)","(anonymous)",3283,3286
6,1,43,0,9,"(anonymous)@3280-3288@/home/alex/dev/Bachelor/bmad-vergleichsstudie/.lizard-tmp-WOSzIR/code/seed-b-frontend/.angular/cache/22.1.3/seed-b-frontend/vite/deps/@angular_router.js","/home/alex/dev/Bachelor/bmad-vergleichsstudie/.lizard-tmp-WOSzIR/code/seed-b-frontend/.angular/cache/22.1.3/seed-b-frontend/vite/deps/@angular_router.js","(anonymous)","(anonymous)",3280,3288
1,1,2,0,1,"(anonymous)@3288-3288@/home/alex/dev/Bachelor/bmad-vergleichsstudie/.lizard-tmp-WOSzIR/code/seed-b-frontend/.angular/cache/22.1.3/seed-b-frontend/vite/deps/@angular_router.js","/home/alex/dev/Bachelor/bmad-vergleichsstudie/.lizard-tmp-WOSzIR/code/seed-b-frontend/.angular/cache/22.1.3/seed-b-frontend/vite/deps/@angular_router.js","(anonymous)","(anonymous)",3288,3288
1,3,26,0,1,"(anonymous)@3288-3288@/home/alex/dev/Bachelor/bmad-vergleichsstudie/.lizard-tmp-WOSzIR/code/seed-b-frontend/.angular/cache/22.1.3/seed-b-frontend/vite/deps/@angular_router.js","/home/alex/dev/Bachelor/bmad-vergleichsstudie/.lizard-tmp-WOSzIR/code/seed-b-frontend/.angular/cache/22.1.3/seed-b-frontend/vite/deps/@angular_router.js","(anonymous)","(anonymous)",3288,3288
4,1,48,0,4,"(anonymous)@3288-3291@/home/alex/dev/Bachelor/bmad-vergleichsstudie/.lizard-tmp-WOSzIR/code/seed-b-frontend/.angular/cache/22.1.3/seed-b-frontend/vite/deps/@angular_router.js","/home/alex/dev/Bachelor/bmad-vergleichsstudie/.lizard-tmp-WOSzIR/code/seed-b-frontend/.angular/cache/22.1.3/seed-b-frontend/vite/deps/@angular_router.js","(anonymous)","(anonymous)",3288,3291
4,1,11,0,4,"(anonymous)@3307-3310@/home/alex/dev/Bachelor/bmad-vergleichsstudie/.lizard-tmp-WOSzIR/code/seed-b-frontend/.angular/cache/22.1.3/seed-b-frontend/vite/deps/@angular_router.js","/home/alex/dev/Bachelor/bmad-vergleichsstudie/.lizard-tmp-WOSzIR/code/seed-b-frontend/.angular/cache/22.1.3/seed-b-frontend/vite/deps/@angular_router.js","(anonymous)","(anonymous)",3307,3310
55,19,561,0,74,"(anonymous)@3245-3318@/home/alex/dev/Bachelor/bmad-vergleichsstudie/.lizard-tmp-WOSzIR/code/seed-b-frontend/.angular/cache/22.1.3/seed-b-frontend/vite/deps/@angular_router.js","/home/alex/dev/Bachelor/bmad-vergleichsstudie/.lizard-tmp-WOSzIR/code/seed-b-frontend/.angular/cache/22.1.3/seed-b-frontend/vite/deps/@angular_router.js","(anonymous)","(anonymous)",3245,3318
9,1,79,0,9,"(anonymous)@3318-3326@/home/alex/dev/Bachelor/bmad-vergleichsstudie/.lizard-tmp-WOSzIR/code/seed-b-frontend/.angular/cache/22.1.3/seed-b-frontend/vite/deps/@angular_router.js","/home/alex/dev/Bachelor/bmad-vergleichsstudie/.lizard-tmp-WOSzIR/code/seed-b-frontend/.angular/cache/22.1.3/seed-b-frontend/vite/deps/@angular_router.js","(anonymous)","(anonymous)",3318,3326
1,1,9,0,1,"(anonymous)@3326-3326@/home/alex/dev/Bachelor/bmad-vergleichsstudie/.lizard-tmp-WOSzIR/code/seed-b-frontend/.angular/cache/22.1.3/seed-b-frontend/vite/deps/@angular_router.js","/home/alex/dev/Bachelor/bmad-vergleichsstudie/.lizard-tmp-WOSzIR/code/seed-b-frontend/.angular/cache/22.1.3/seed-b-frontend/vite/deps/@angular_router.js","(anonymous)","(anonymous)",3326,3326
5,1,55,0,5,"next@3342-3346@/home/alex/dev/Bachelor/bmad-vergleichsstudie/.lizard-tmp-WOSzIR/code/seed-b-frontend/.angular/cache/22.1.3/seed-b-frontend/vite/deps/@angular_router.js","/home/alex/dev/Bachelor/bmad-vergleichsstudie/.lizard-tmp-WOSzIR/code/seed-b-frontend/.angular/cache/22.1.3/seed-b-frontend/vite/deps/@angular_router.js","next","next ( )",3342,3346
3,4,34,0,3,"complete@3347-3349@/home/alex/dev/Bachelor/bmad-vergleichsstudie/.lizard-tmp-WOSzIR/code/seed-b-frontend/.angular/cache/22.1.3/seed-b-frontend/vite/deps/@angular_router.js","/home/alex/dev/Bachelor/bmad-vergleichsstudie/.lizard-tmp-WOSzIR/code/seed-b-frontend/.angular/cache/22.1.3/seed-b-frontend/vite/deps/@angular_router.js","complete","complete ( )",3347,3349
20,7,230,0,26,"(anonymous)@3326-3351@/home/alex/dev/Bachelor/bmad-vergleichsstudie/.lizard-tmp-WOSzIR/code/seed-b-frontend/.angular/cache/22.1.3/seed-b-frontend/vite/deps/@angular_router.js","/home/alex/dev/Bachelor/bmad-vergleichsstudie/.lizard-tmp-WOSzIR/code/seed-b-frontend/.angular/cache/22.1.3/seed-b-frontend/vite/deps/@angular_router.js","(anonymous)","(anonymous)",3326,3351
3,1,8,0,3,"(anonymous)@3357-3359@/home/alex/dev/Bachelor/bmad-vergleichsstudie/.lizard-tmp-WOSzIR/code/seed-b-frontend/.angular/cache/22.1.3/seed-b-frontend/vite/deps/@angular_router.js","/home/alex/dev/Bachelor/bmad-vergleichsstudie/.lizard-tmp-WOSzIR/code/seed-b-frontend/.angular/cache/22.1.3/seed-b-frontend/vite/deps/@angular_router.js","(anonymous)","(anonymous)",3357,3359
10,4,98,1,12,"loadComponents@3352-3363@/home/alex/dev/Bachelor/bmad-vergleichsstudie/.lizard-tmp-WOSzIR/code/seed-b-frontend/.angular/cache/22.1.3/seed-b-frontend/vite/deps/@angular_router.js","/home/alex/dev/Bachelor/bmad-vergleichsstudie/.lizard-tmp-WOSzIR/code/seed-b-frontend/.angular/cache/22.1.3/seed-b-frontend/vite/deps/@angular_router.js","loadComponents","loadComponents ( route )",3352,3363
5,2,49,0,16,"(anonymous)@3351-3366@/home/alex/dev/Bachelor/bmad-vergleichsstudie/.lizard-tmp-WOSzIR/code/seed-b-frontend/.angular/cache/22.1.3/seed-b-frontend/vite/deps/@angular_router.js","/home/alex/dev/Bachelor/bmad-vergleichsstudie/.lizard-tmp-WOSzIR/code/seed-b-frontend/.angular/cache/22.1.3/seed-b-frontend/vite/deps/@angular_router.js","(anonymous)","(anonymous)",3351,3366
4,1,11,0,4,"(anonymous)@3373-3376@/home/alex/dev/Bachelor/bmad-vergleichsstudie/.lizard-tmp-WOSzIR/code/seed-b-frontend/.angular/cache/22.1.3/seed-b-frontend/vite/deps/@angular_router.js","/home/alex/dev/Bachelor/bmad-vergleichsstudie/.lizard-tmp-WOSzIR/code/seed-b-frontend/.angular/cache/22.1.3/seed-b-frontend/vite/deps/@angular_router.js","(anonymous)","(anonymous)",3373,3376
10,1,62,0,13,"(anonymous)@3366-3378@/home/alex/dev/Bachelor/bmad-vergleichsstudie/.lizard-tmp-WOSzIR/code/seed-b-frontend/.angular/cache/22.1.3/seed-b-frontend/vite/deps/@angular_router.js","/home/alex/dev/Bachelor/bmad-vergleichsstudie/.lizard-tmp-WOSzIR/code/seed-b-frontend/.angular/cache/22.1.3/seed-b-frontend/vite/deps/@angular_router.js","(anonymous)","(anonymous)",3366,3378
1,1,2,0,1,"(anonymous)@3378-3378@/home/alex/dev/Bachelor/bmad-vergleichsstudie/.lizard-tmp-WOSzIR/code/seed-b-frontend/.angular/cache/22.1.3/seed-b-frontend/vite/deps/@angular_router.js","/home/alex/dev/Bachelor/bmad-vergleichsstudie/.lizard-tmp-WOSzIR/code/seed-b-frontend/.angular/cache/22.1.3/seed-b-frontend/vite/deps/@angular_router.js","(anonymous)","(anonymous)",3378,3378
1,1,6,0,1,"(anonymous)@3378-3378@/home/alex/dev/Bachelor/bmad-vergleichsstudie/.lizard-tmp-WOSzIR/code/seed-b-frontend/.angular/cache/22.1.3/seed-b-frontend/vite/deps/@angular_router.js","/home/alex/dev/Bachelor/bmad-vergleichsstudie/.lizard-tmp-WOSzIR/code/seed-b-frontend/.angular/cache/22.1.3/seed-b-frontend/vite/deps/@angular_router.js","(anonymous)","(anonymous)",3378,3378
3,1,30,0,3,"(anonymous)@3378-3380@/home/alex/dev/Bachelor/bmad-vergleichsstudie/.lizard-tmp-WOSzIR/code/seed-b-frontend/.angular/cache/22.1.3/seed-b-frontend/vite/deps/@angular_router.js","/home/alex/dev/Bachelor/bmad-vergleichsstudie/.lizard-tmp-WOSzIR/code/seed-b-frontend/.angular/cache/22.1.3/seed-b-frontend/vite/deps/@angular_router.js","(anonymous)","(anonymous)",3378,3380
1,1,2,0,1,"(anonymous)@3381-3381@/home/alex/dev/Bachelor/bmad-vergleichsstudie/.lizard-tmp-WOSzIR/code/seed-b-frontend/.angular/cache/22.1.3/seed-b-frontend/vite/deps/@angular_router.js","/home/alex/dev/Bachelor/bmad-vergleichsstudie/.lizard-tmp-WOSzIR/code/seed-b-frontend/.angular/cache/22.1.3/seed-b-frontend/vite/deps/@angular_router.js","(anonymous)","(anonymous)",3381,3381
1,1,2,0,1,"(anonymous)@3386-3386@/home/alex/dev/Bachelor/bmad-vergleichsstudie/.lizard-tmp-WOSzIR/code/seed-b-frontend/.angular/cache/22.1.3/seed-b-frontend/vite/deps/@angular_router.js","/home/alex/dev/Bachelor/bmad-vergleichsstudie/.lizard-tmp-WOSzIR/code/seed-b-frontend/.angular/cache/22.1.3/seed-b-frontend/vite/deps/@angular_router.js","(anonymous)","(anonymous)",3386,3386
6,2,47,0,6,"(anonymous)@3382-3387@/home/alex/dev/Bachelor/bmad-vergleichsstudie/.lizard-tmp-WOSzIR/code/seed-b-frontend/.angular/cache/22.1.3/seed-b-frontend/vite/deps/@angular_router.js","/home/alex/dev/Bachelor/bmad-vergleichsstudie/.lizard-tmp-WOSzIR/code/seed-b-frontend/.angular/cache/22.1.3/seed-b-frontend/vite/deps/@angular_router.js","(anonymous)","(anonymous)",3382,3387
1,1,13,0,1,"(anonymous)@3388-3388@/home/alex/dev/Bachelor/bmad-vergleichsstudie/.lizard-tmp-WOSzIR/code/seed-b-frontend/.angular/cache/22.1.3/seed-b-frontend/vite/deps/@angular_router.js","/home/alex/dev/Bachelor/bmad-vergleichsstudie/.lizard-tmp-WOSzIR/code/seed-b-frontend/.angular/cache/22.1.3/seed-b-frontend/vite/deps/@angular_router.js","(anonymous)","(anonymous)",3388,3388
4,1,11,0,4,"(anonymous)@3392-3395@/home/alex/dev/Bachelor/bmad-vergleichsstudie/.lizard-tmp-WOSzIR/code/seed-b-frontend/.angular/cache/22.1.3/seed-b-frontend/vite/deps/@angular_router.js","/home/alex/dev/Bachelor/bmad-vergleichsstudie/.lizard-tmp-WOSzIR/code/seed-b-frontend/.angular/cache/22.1.3/seed-b-frontend/vite/deps/@angular_router.js","(anonymous)","(anonymous)",3392,3395
11,2,135,0,14,"(anonymous)@3387-3400@/home/alex/dev/Bachelor/bmad-vergleichsstudie/.lizard-tmp-WOSzIR/code/seed-b-frontend/.angular/cache/22.1.3/seed-b-frontend/vite/deps/@angular_router.js","/home/alex/dev/Bachelor/bmad-vergleichsstudie/.lizard-tmp-WOSzIR/code/seed-b-frontend/.angular/cache/22.1.3/seed-b-frontend/vite/deps/@angular_router.js","(anonymous)","(anonymous)",3387,3400
1,2,5,0,1,"(anonymous)@3400-3400@/home/alex/dev/Bachelor/bmad-vergleichsstudie/.lizard-tmp-WOSzIR/code/seed-b-frontend/.angular/cache/22.1.3/seed-b-frontend/vite/deps/@angular_router.js","/home/alex/dev/Bachelor/bmad-vergleichsstudie/.lizard-tmp-WOSzIR/code/seed-b-frontend/.angular/cache/22.1.3/seed-b-frontend/vite/deps/@angular_router.js","(anonymous)","(anonymous)",3400,3400
3,1,21,0,3,"(anonymous)@3400-3402@/home/alex/dev/Bachelor/bmad-vergleichsstudie/.lizard-tmp-WOSzIR/code/seed-b-frontend/.angular/cache/22.1.3/seed-b-frontend/vite/deps/@angular_router.js","/home/alex/dev/Bachelor/bmad-vergleichsstudie/.lizard-tmp-WOSzIR/code/seed-b-frontend/.angular/cache/22.1.3/seed-b-frontend/vite/deps/@angular_router.js","(anonymous)","(anonymous)",3400,3402
3,1,9,0,3,"complete@3402-3404@/home/alex/dev/Bachelor/bmad-vergleichsstudie/.lizard-tmp-WOSzIR/code/seed-b-frontend/.angular/cache/22.1.3/seed-b-frontend/vite/deps/@angular_router.js","/home/alex/dev/Bachelor/bmad-vergleichsstudie/.lizard-tmp-WOSzIR/code/seed-b-frontend/.angular/cache/22.1.3/seed-b-frontend/vite/deps/@angular_router.js","complete","complete ( )",3402,3404
3,1,5,0,3,"(anonymous)@3404-3406@/home/alex/dev/Bachelor/bmad-vergleichsstudie/.lizard-tmp-WOSzIR/code/seed-b-frontend/.angular/cache/22.1.3/seed-b-frontend/vite/deps/@angular_router.js","/home/alex/dev/Bachelor/bmad-vergleichsstudie/.lizard-tmp-WOSzIR/code/seed-b-frontend/.angular/cache/22.1.3/seed-b-frontend/vite/deps/@angular_router.js","(anonymous)","(anonymous)",3404,3406
11,5,80,0,11,"(anonymous)@3406-3416@/home/alex/dev/Bachelor/bmad-vergleichsstudie/.lizard-tmp-WOSzIR/code/seed-b-frontend/.angular/cache/22.1.3/seed-b-frontend/vite/deps/@angular_router.js","/home/alex/dev/Bachelor/bmad-vergleichsstudie/.lizard-tmp-WOSzIR/code/seed-b-frontend/.angular/cache/22.1.3/seed-b-frontend/vite/deps/@angular_router.js","(anonymous)","(anonymous)",3406,3416
1,1,7,0,1,"(anonymous)@3430-3430@/home/alex/dev/Bachelor/bmad-vergleichsstudie/.lizard-tmp-WOSzIR/code/seed-b-frontend/.angular/cache/22.1.3/seed-b-frontend/vite/deps/@angular_router.js","/home/alex/dev/Bachelor/bmad-vergleichsstudie/.lizard-tmp-WOSzIR/code/seed-b-frontend/.angular/cache/22.1.3/seed-b-frontend/vite/deps/@angular_router.js","(anonymous)","(anonymous)",3430,3430
28,9,276,0,28,"(anonymous)@3416-3443@/home/alex/dev/Bachelor/bmad-vergleichsstudie/.lizard-tmp-WOSzIR/code/seed-b-frontend/.angular/cache/22.1.3/seed-b-frontend/vite/deps/@angular_router.js","/home/alex/dev/Bachelor/bmad-vergleichsstudie/.lizard-tmp-WOSzIR/code/seed-b-frontend/.angular/cache/22.1.3/seed-b-frontend/vite/deps/@angular_router.js","(anonymous)","(anonymous)",3416,3443
10,4,240,0,208,"(anonymous)@3238-3445@/home/alex/dev/Bachelor/bmad-vergleichsstudie/.lizard-tmp-WOSzIR/code/seed-b-frontend/.angular/cache/22.1.3/seed-b-frontend/vite/deps/@angular_router.js","/home/alex/dev/Bachelor/bmad-vergleichsstudie/.lizard-tmp-WOSzIR/code/seed-b-frontend/.angular/cache/22.1.3/seed-b-frontend/vite/deps/@angular_router.js","(anonymous)","(anonymous)",3238,3445
3,2,15,0,3,"NavigationTransitions_Factory@3463-3465@/home/alex/dev/Bachelor/bmad-vergleichsstudie/.lizard-tmp-WOSzIR/code/seed-b-frontend/.angular/cache/22.1.3/seed-b-frontend/vite/deps/@angular_router.js","/home/alex/dev/Bachelor/bmad-vergleichsstudie/.lizard-tmp-WOSzIR/code/seed-b-frontend/.angular/cache/22.1.3/seed-b-frontend/vite/deps/@angular_router.js","NavigationTransitions_Factory","NavigationTransitions_Factory ( )",3463,3465
1,1,5,0,1,"(anonymous)@3472-3472@/home/alex/dev/Bachelor/bmad-vergleichsstudie/.lizard-tmp-WOSzIR/code/seed-b-frontend/.angular/cache/22.1.3/seed-b-frontend/vite/deps/@angular_router.js","/home/alex/dev/Bachelor/bmad-vergleichsstudie/.lizard-tmp-WOSzIR/code/seed-b-frontend/.angular/cache/22.1.3/seed-b-frontend/vite/deps/@angular_router.js","(anonymous)","(anonymous)",3472,3472
3,3,28,0,3,"(anonymous)@3471-3473@/home/alex/dev/Bachelor/bmad-vergleichsstudie/.lizard-tmp-WOSzIR/code/seed-b-frontend/.angular/cache/22.1.3/seed-b-frontend/vite/deps/@angular_router.js","/home/alex/dev/Bachelor/bmad-vergleichsstudie/.lizard-tmp-WOSzIR/code/seed-b-frontend/.angular/cache/22.1.3/seed-b-frontend/vite/deps/@angular_router.js","(anonymous)","(anonymous)",3471,3473
3,1,10,1,3,"isBrowserTriggeredNavigation@3474-3476@/home/alex/dev/Bachelor/bmad-vergleichsstudie/.lizard-tmp-WOSzIR/code/seed-b-frontend/.angular/cache/22.1.3/seed-b-frontend/vite/deps/@angular_router.js","/home/alex/dev/Bachelor/bmad-vergleichsstudie/.lizard-tmp-WOSzIR/code/seed-b-frontend/.angular/cache/22.1.3/seed-b-frontend/vite/deps/@angular_router.js","isBrowserTriggeredNavigation","isBrowserTriggeredNavigation ( source )",3474,3476
4,3,31,1,4,"discardNewActivatedRoutes@3477-3480@/home/alex/dev/Bachelor/bmad-vergleichsstudie/.lizard-tmp-WOSzIR/code/seed-b-frontend/.angular/cache/22.1.3/seed-b-frontend/vite/deps/@angular_router.js","/home/alex/dev/Bachelor/bmad-vergleichsstudie/.lizard-tmp-WOSzIR/code/seed-b-frontend/.angular/cache/22.1.3/seed-b-frontend/vite/deps/@angular_router.js","discardNewActivatedRoutes","discardNewActivatedRoutes ( t )",3477,3480
4,2,44,3,4,"routeInjectorCleanup@3482-3485@/home/alex/dev/Bachelor/bmad-vergleichsstudie/.lizard-tmp-WOSzIR/code/seed-b-frontend/.angular/cache/22.1.3/seed-b-frontend/vite/deps/@angular_router.js","/home/alex/dev/Bachelor/bmad-vergleichsstudie/.lizard-tmp-WOSzIR/code/seed-b-frontend/.angular/cache/22.1.3/seed-b-frontend/vite/deps/@angular_router.js","routeInjectorCleanup","routeInjectorCleanup ( routeReuseStrategy , routerState , config )",3482,3485
4,3,38,2,4,"collectDescendants@3494-3497@/home/alex/dev/Bachelor/bmad-vergleichsstudie/.lizard-tmp-WOSzIR/code/seed-b-frontend/.angular/cache/22.1.3/seed-b-frontend/vite/deps/@angular_router.js","/home/alex/dev/Bachelor/bmad-vergleichsstudie/.lizard-tmp-WOSzIR/code/seed-b-frontend/.angular/cache/22.1.3/seed-b-frontend/vite/deps/@angular_router.js","collectDescendants","collectDescendants ( snapshot , activeRoutes )",3494,3497
16,14,153,4,16,"destroyUnusedInjectors@3498-3513@/home/alex/dev/Bachelor/bmad-vergleichsstudie/.lizard-tmp-WOSzIR/code/seed-b-frontend/.angular/cache/22.1.3/seed-b-frontend/vite/deps/@angular_router.js","/home/alex/dev/Bachelor/bmad-vergleichsstudie/.lizard-tmp-WOSzIR/code/seed-b-frontend/.angular/cache/22.1.3/seed-b-frontend/vite/deps/@angular_router.js","destroyUnusedInjectors","destroyUnusedInjectors ( routes , activeRoutes , strategy , inheritedForceDestroy )",3498,3513
7,3,40,1,7,"destroyDetachedRouteHandle@3515-3521@/home/alex/dev/Bachelor/bmad-vergleichsstudie/.lizard-tmp-WOSzIR/code/seed-b-frontend/.angular/cache/22.1.3/seed-b-frontend/vite/deps/@angular_router.js","/home/alex/dev/Bachelor/bmad-vergleichsstudie/.lizard-tmp-WOSzIR/code/seed-b-frontend/.angular/cache/22.1.3/seed-b-frontend/vite/deps/@angular_router.js","destroyDetachedRouteHandle","destroyDetachedRouteHandle ( handle )",3515,3521
3,2,15,0,3,"RouteReuseStrategy_Factory@3523-3525@/home/alex/dev/Bachelor/bmad-vergleichsstudie/.lizard-tmp-WOSzIR/code/seed-b-frontend/.angular/cache/22.1.3/seed-b-frontend/vite/deps/@angular_router.js","/home/alex/dev/Bachelor/bmad-vergleichsstudie/.lizard-tmp-WOSzIR/code/seed-b-frontend/.angular/cache/22.1.3/seed-b-frontend/vite/deps/@angular_router.js","RouteReuseStrategy_Factory","RouteReuseStrategy_Factory ( )",3523,3525
6,3,44,0,6,"(anonymous)@3531-3536@/home/alex/dev/Bachelor/bmad-vergleichsstudie/.lizard-tmp-WOSzIR/code/seed-b-frontend/.angular/cache/22.1.3/seed-b-frontend/vite/deps/@angular_router.js","/home/alex/dev/Bachelor/bmad-vergleichsstudie/.lizard-tmp-WOSzIR/code/seed-b-frontend/.angular/cache/22.1.3/seed-b-frontend/vite/deps/@angular_router.js","(anonymous)","(anonymous)",3531,3536
3,1,8,1,3,"shouldDetach@3538-3540@/home/alex/dev/Bachelor/bmad-vergleichsstudie/.lizard-tmp-WOSzIR/code/seed-b-frontend/.angular/cache/22.1.3/seed-b-frontend/vite/deps/@angular_router.js","/home/alex/dev/Bachelor/bmad-vergleichsstudie/.lizard-tmp-WOSzIR/code/seed-b-frontend/.angular/cache/22.1.3/seed-b-frontend/vite/deps/@angular_router.js","shouldDetach","shouldDetach ( route )",3538,3540
1,1,7,2,1,"store@3541-3541@/home/alex/dev/Bachelor/bmad-vergleichsstudie/.lizard-tmp-WOSzIR/code/seed-b-frontend/.angular/cache/22.1.3/seed-b-frontend/vite/deps/@angular_router.js","/home/alex/dev/Bachelor/bmad-vergleichsstudie/.lizard-tmp-WOSzIR/code/seed-b-frontend/.angular/cache/22.1.3/seed-b-frontend/vite/deps/@angular_router.js","store","store ( route , detachedTree )",3541,3541
3,1,8,1,3,"shouldAttach@3542-3544@/home/alex/dev/Bachelor/bmad-vergleichsstudie/.lizard-tmp-WOSzIR/code/seed-b-frontend/.angular/cache/22.1.3/seed-b-frontend/vite/deps/@angular_router.js","/home/alex/dev/Bachelor/bmad-vergleichsstudie/.lizard-tmp-WOSzIR/code/seed-b-frontend/.angular/cache/22.1.3/seed-b-frontend/vite/deps/@angular_router.js","shouldAttach","shouldAttach ( route )",3542,3544
3,1,8,1,3,"retrieve@3545-3547@/home/alex/dev/Bachelor/bmad-vergleichsstudie/.lizard-tmp-WOSzIR/code/seed-b-frontend/.angular/cache/22.1.3/seed-b-frontend/vite/deps/@angular_router.js","/home/alex/dev/Bachelor/bmad-vergleichsstudie/.lizard-tmp-WOSzIR/code/seed-b-frontend/.angular/cache/22.1.3/seed-b-frontend/vite/deps/@angular_router.js","retrieve","retrieve ( route )",3545,3547
3,1,16,2,3,"shouldReuseRoute@3548-3550@/home/alex/dev/Bachelor/bmad-vergleichsstudie/.lizard-tmp-WOSzIR/code/seed-b-frontend/.angular/cache/22.1.3/seed-b-frontend/vite/deps/@angular_router.js","/home/alex/dev/Bachelor/bmad-vergleichsstudie/.lizard-tmp-WOSzIR/code/seed-b-frontend/.angular/cache/22.1.3/seed-b-frontend/vite/deps/@angular_router.js","shouldReuseRoute","shouldReuseRoute ( future , curr )",3548,3550
3,1,8,1,3,"shouldDestroyInjector@3551-3553@/home/alex/dev/Bachelor/bmad-vergleichsstudie/.lizard-tmp-WOSzIR/code/seed-b-frontend/.angular/cache/22.1.3/seed-b-frontend/vite/deps/@angular_router.js","/home/alex/dev/Bachelor/bmad-vergleichsstudie/.lizard-tmp-WOSzIR/code/seed-b-frontend/.angular/cache/22.1.3/seed-b-frontend/vite/deps/@angular_router.js","shouldDestroyInjector","shouldDestroyInjector ( route )",3551,3553
3,2,15,0,3,"DefaultRouteReuseStrategy_Factory@3556-3558@/home/alex/dev/Bachelor/bmad-vergleichsstudie/.lizard-tmp-WOSzIR/code/seed-b-frontend/.angular/cache/22.1.3/seed-b-frontend/vite/deps/@angular_router.js","/home/alex/dev/Bachelor/bmad-vergleichsstudie/.lizard-tmp-WOSzIR/code/seed-b-frontend/.angular/cache/22.1.3/seed-b-frontend/vite/deps/@angular_router.js","DefaultRouteReuseStrategy_Factory","DefaultRouteReuseStrategy_Factory ( )",3556,3558
3,3,28,0,3,"(anonymous)@3564-3566@/home/alex/dev/Bachelor/bmad-vergleichsstudie/.lizard-tmp-WOSzIR/code/seed-b-frontend/.angular/cache/22.1.3/seed-b-frontend/vite/deps/@angular_router.js","/home/alex/dev/Bachelor/bmad-vergleichsstudie/.lizard-tmp-WOSzIR/code/seed-b-frontend/.angular/cache/22.1.3/seed-b-frontend/vite/deps/@angular_router.js","(anonymous)","(anonymous)",3564,3566
3,1,9,0,3,"getCurrentUrlTree@3575-3577@/home/alex/dev/Bachelor/bmad-vergleichsstudie/.lizard-tmp-WOSzIR/code/seed-b-frontend/.angular/cache/22.1.3/seed-b-frontend/vite/deps/@angular_router.js","/home/alex/dev/Bachelor/bmad-vergleichsstudie/.lizard-tmp-WOSzIR/code/seed-b-frontend/.angular/cache/22.1.3/seed-b-frontend/vite/deps/@angular_router.js","getCurrentUrlTree","getCurrentUrlTree ( )",3575,3577
3,1,9,0,3,"getRawUrlTree@3579-3581@/home/alex/dev/Bachelor/bmad-vergleichsstudie/.lizard-tmp-WOSzIR/code/seed-b-frontend/.angular/cache/22.1.3/seed-b-frontend/vite/deps/@angular_router.js","/home/alex/dev/Bachelor/bmad-vergleichsstudie/.lizard-tmp-WOSzIR/code/seed-b-frontend/.angular/cache/22.1.3/seed-b-frontend/vite/deps/@angular_router.js","getRawUrlTree","getRawUrlTree ( )",3579,3581
5,5,56,3,5,"createBrowserPath@3582-3586@/home/alex/dev/Bachelor/bmad-vergleichsstudie/.lizard-tmp-WOSzIR/code/seed-b-frontend/.angular/cache/22.1.3/seed-b-frontend/vite/deps/@angular_router.js","/home/alex/dev/Bachelor/bmad-vergleichsstudie/.lizard-tmp-WOSzIR/code/seed-b-frontend/.angular/cache/22.1.3/seed-b-frontend/vite/deps/@angular_router.js","createBrowserPath","createBrowserPath ( finalUrl , initialUrl , targetBrowserUrl )",3582,3586
4,3,41,1,4,"routerUrlState@3587-3590@/home/alex/dev/Bachelor/bmad-vergleichsstudie/.lizard-tmp-WOSzIR/code/seed-b-frontend/.angular/cache/22.1.3/seed-b-frontend/vite/deps/@angular_router.js","/home/alex/dev/Bachelor/bmad-vergleichsstudie/.lizard-tmp-WOSzIR/code/seed-b-frontend/.angular/cache/22.1.3/seed-b-frontend/vite/deps/@angular_router.js","routerUrlState","routerUrlState ( navigation )",3587,3590
7,3,53,3,7,"commitTransition@3591-3597@/home/alex/dev/Bachelor/bmad-vergleichsstudie/.lizard-tmp-WOSzIR/code/seed-b-frontend/.angular/cache/22.1.3/seed-b-frontend/vite/deps/@angular_router.js","/home/alex/dev/Bachelor/bmad-vergleichsstudie/.lizard-tmp-WOSzIR/code/seed-b-frontend/.angular/cache/22.1.3/seed-b-frontend/vite/deps/@angular_router.js","commitTransition","commitTransition ( targetRouterState , finalUrl , initialUrl )",3591,3597
3,2,15,0,3,"StateManager_Factory@3619-3621@/home/alex/dev/Bachelor/bmad-vergleichsstudie/.lizard-tmp-WOSzIR/code/seed-b-frontend/.angular/cache/22.1.3/seed-b-frontend/vite/deps/@angular_router.js","/home/alex/dev/Bachelor/bmad-vergleichsstudie/.lizard-tmp-WOSzIR/code/seed-b-frontend/.angular/cache/22.1.3/seed-b-frontend/vite/deps/@angular_router.js","StateManager_Factory","StateManager_Factory ( )",3619,3621
1,1,5,0,1,"(anonymous)@3624-3624@/home/alex/dev/Bachelor/bmad-vergleichsstudie/.lizard-tmp-WOSzIR/code/seed-b-frontend/.angular/cache/22.1.3/seed-b-frontend/vite/deps/@angular_router.js","/home/alex/dev/Bachelor/bmad-vergleichsstudie/.lizard-tmp-WOSzIR/code/seed-b-frontend/.angular/cache/22.1.3/seed-b-frontend/vite/deps/@angular_router.js","(anonymous)","(anonymous)",3624,3624
2,1,11,0,2,"factory@3624-3625@/home/alex/dev/Bachelor/bmad-vergleichsstudie/.lizard-tmp-WOSzIR/code/seed-b-frontend/.angular/cache/22.1.3/seed-b-frontend/vite/deps/@angular_router.js","/home/alex/dev/Bachelor/bmad-vergleichsstudie/.lizard-tmp-WOSzIR/code/seed-b-frontend/.angular/cache/22.1.3/seed-b-frontend/vite/deps/@angular_router.js","factory","factory ( )",3624,3625
6,3,44,0,6,"(anonymous)@3627-3632@/home/alex/dev/Bachelor/bmad-vergleichsstudie/.lizard-tmp-WOSzIR/code/seed-b-frontend/.angular/cache/22.1.3/seed-b-frontend/vite/deps/@angular_router.js","/home/alex/dev/Bachelor/bmad-vergleichsstudie/.lizard-tmp-WOSzIR/code/seed-b-frontend/.angular/cache/22.1.3/seed-b-frontend/vite/deps/@angular_router.js","(anonymous)","(anonymous)",3627,3632
4,5,32,0,4,"get browserPageId@3636-3639@/home/alex/dev/Bachelor/bmad-vergleichsstudie/.lizard-tmp-WOSzIR/code/seed-b-frontend/.angular/cache/22.1.3/seed-b-frontend/vite/deps/@angular_router.js","/home/alex/dev/Bachelor/bmad-vergleichsstudie/.lizard-tmp-WOSzIR/code/seed-b-frontend/.angular/cache/22.1.3/seed-b-frontend/vite/deps/@angular_router.js","get browserPageId","get browserPageId ( )",3636,3639
3,1,22,0,3,"(anonymous)@3642-3644@/home/alex/dev/Bachelor/bmad-vergleichsstudie/.lizard-tmp-WOSzIR/code/seed-b-frontend/.angular/cache/22.1.3/seed-b-frontend/vite/deps/@angular_router.js","/home/alex/dev/Bachelor/bmad-vergleichsstudie/.lizard-tmp-WOSzIR/code/seed-b-frontend/.angular/cache/22.1.3/seed-b-frontend/vite/deps/@angular_router.js","(anonymous)","(anonymous)",3642,3644
3,2,19,0,5,"(anonymous)@3641-3645@/home/alex/dev/Bachelor/bmad-vergleichsstudie/.lizard-tmp-WOSzIR/code/seed-b-frontend/.angular/cache/22.1.3/seed-b-frontend/vite/deps/@angular_router.js","/home/alex/dev/Bachelor/bmad-vergleichsstudie/.lizard-tmp-WOSzIR/code/seed-b-frontend/.angular/cache/22.1.3/seed-b-frontend/vite/deps/@angular_router.js","(anonymous)","(anonymous)",3641,3645
3,1,19,1,7,"registerNonRouterCurrentEntryChangeListener@3640-3646@/home/alex/dev/Bachelor/bmad-vergleichsstudie/.lizard-tmp-WOSzIR/code/seed-b-frontend/.angular/cache/22.1.3/seed-b-frontend/vite/deps/@angular_router.js","/home/alex/dev/Bachelor/bmad-vergleichsstudie/.lizard-tmp-WOSzIR/code/seed-b-frontend/.angular/cache/22.1.3/seed-b-frontend/vite/deps/@angular_router.js","registerNonRouterCurrentEntryChangeListener","registerNonRouterCurrentEntryChangeListener ( listener )",3640,3646
17,13,181,2,17,"handleRouterEvent@3647-3663@/home/alex/dev/Bachelor/bmad-vergleichsstudie/.lizard-tmp-WOSzIR/code/seed-b-frontend/.angular/cache/22.1.3/seed-b-frontend/vite/deps/@angular_router.js","/home/alex/dev/Bachelor/bmad-vergleichsstudie/.lizard-tmp-WOSzIR/code/seed-b-frontend/.angular/cache/22.1.3/seed-b-frontend/vite/deps/@angular_router.js","handleRouterEvent","handleRouterEvent ( e , currentTransition )",3647,3663
18,3,122,2,18,"setBrowserUrl@3664-3681@/home/alex/dev/Bachelor/bmad-vergleichsstudie/.lizard-tmp-WOSzIR/code/seed-b-frontend/.angular/cache/22.1.3/seed-b-frontend/vite/deps/@angular_router.js","/home/alex/dev/Bachelor/bmad-vergleichsstudie/.lizard-tmp-WOSzIR/code/seed-b-frontend/.angular/cache/22.1.3/seed-b-frontend/vite/deps/@angular_router.js","setBrowserUrl","setBrowserUrl ( path , navigation )",3664,3681
14,7,110,2,14,"restoreHistory@3682-3695@/home/alex/dev/Bachelor/bmad-vergleichsstudie/.lizard-tmp-WOSzIR/code/seed-b-frontend/.angular/cache/22.1.3/seed-b-frontend/vite/deps/@angular_router.js","/home/alex/dev/Bachelor/bmad-vergleichsstudie/.lizard-tmp-WOSzIR/code/seed-b-frontend/.angular/cache/22.1.3/seed-b-frontend/vite/deps/@angular_router.js","restoreHistory","restoreHistory ( navigation , restoringFromCaughtError false )",3682,3695
5,3,49,1,5,"resetInternalState@3696-3700@/home/alex/dev/Bachelor/bmad-vergleichsstudie/.lizard-tmp-WOSzIR/code/seed-b-frontend/.angular/cache/22.1.3/seed-b-frontend/vite/deps/@angular_router.js","/home/alex/dev/Bachelor/bmad-vergleichsstudie/.lizard-tmp-WOSzIR/code/seed-b-frontend/.angular/cache/22.1.3/seed-b-frontend/vite/deps/@angular_router.js","resetInternalState","resetInternalState ( finalUrl )",3696,3700
3,1,39,0,3,"resetUrlToCurrentUrlTree@3701-3703@/home/alex/dev/Bachelor/bmad-vergleichsstudie/.lizard-tmp-WOSzIR/code/seed-b-frontend/.angular/cache/22.1.3/seed-b-frontend/vite/deps/@angular_router.js","/home/alex/dev/Bachelor/bmad-vergleichsstudie/.lizard-tmp-WOSzIR/code/seed-b-frontend/.angular/cache/22.1.3/seed-b-frontend/vite/deps/@angular_router.js","resetUrlToCurrentUrlTree","resetUrlToCurrentUrlTree ( )",3701,3703
11,2,47,3,11,"generateNgRouterState@3704-3714@/home/alex/dev/Bachelor/bmad-vergleichsstudie/.lizard-tmp-WOSzIR/code/seed-b-frontend/.angular/cache/22.1.3/seed-b-frontend/vite/deps/@angular_router.js","/home/alex/dev/Bachelor/bmad-vergleichsstudie/.lizard-tmp-WOSzIR/code/seed-b-frontend/.angular/cache/22.1.3/seed-b-frontend/vite/deps/@angular_router.js","generateNgRouterState","generateNgRouterState ( navigationId , routerPageId , navigation )",3704,3714
3,2,15,0,3,"HistoryStateManager_Factory@3715-3717@/home/alex/dev/Bachelor/bmad-vergleichsstudie/.lizard-tmp-WOSzIR/code/seed-b-frontend/.angular/cache/22.1.3/seed-b-frontend/vite/deps/@angular_router.js","/home/alex/dev/Bachelor/bmad-vergleichsstudie/.lizard-tmp-WOSzIR/code/seed-b-frontend/.angular/cache/22.1.3/seed-b-frontend/vite/deps/@angular_router.js","HistoryStateManager_Factory","HistoryStateManager_Factory ( )",3715,3717
3,3,28,0,3,"(anonymous)@3723-3725@/home/alex/dev/Bachelor/bmad-vergleichsstudie/.lizard-tmp-WOSzIR/code/seed-b-frontend/.angular/cache/22.1.3/seed-b-frontend/vite/deps/@angular_router.js","/home/alex/dev/Bachelor/bmad-vergleichsstudie/.lizard-tmp-WOSzIR/code/seed-b-frontend/.angular/cache/22.1.3/seed-b-frontend/vite/deps/@angular_router.js","(anonymous)","(anonymous)",3723,3725
1,4,16,0,1,"(anonymous)@3727-3727@/home/alex/dev/Bachelor/bmad-vergleichsstudie/.lizard-tmp-WOSzIR/code/seed-b-frontend/.angular/cache/22.1.3/seed-b-frontend/vite/deps/@angular_router.js","/home/alex/dev/Bachelor/bmad-vergleichsstudie/.lizard-tmp-WOSzIR/code/seed-b-frontend/.angular/cache/22.1.3/seed-b-frontend/vite/deps/@angular_router.js","(anonymous)","(anonymous)",3727,3727
4,6,44,0,4,"(anonymous)@3727-3730@/home/alex/dev/Bachelor/bmad-vergleichsstudie/.lizard-tmp-WOSzIR/code/seed-b-frontend/.angular/cache/22.1.3/seed-b-frontend/vite/deps/@angular_router.js","/home/alex/dev/Bachelor/bmad-vergleichsstudie/.lizard-tmp-WOSzIR/code/seed-b-frontend/.angular/cache/22.1.3/seed-b-frontend/vite/deps/@angular_router.js","(anonymous)","(anonymous)",3727,3730
1,1,4,0,1,"(anonymous)@3730-3730@/home/alex/dev/Bachelor/bmad-vergleichsstudie/.lizard-tmp-WOSzIR/code/seed-b-frontend/.angular/cache/22.1.3/seed-b-frontend/vite/deps/@angular_router.js","/home/alex/dev/Bachelor/bmad-vergleichsstudie/.lizard-tmp-WOSzIR/code/seed-b-frontend/.angular/cache/22.1.3/seed-b-frontend/vite/deps/@angular_router.js","(anonymous)","(anonymous)",3730,3730
3,1,6,0,3,"(anonymous)@3730-3732@/home/alex/dev/Bachelor/bmad-vergleichsstudie/.lizard-tmp-WOSzIR/code/seed-b-frontend/.angular/cache/22.1.3/seed-b-frontend/vite/deps/@angular_router.js","/home/alex/dev/Bachelor/bmad-vergleichsstudie/.lizard-tmp-WOSzIR/code/seed-b-frontend/.angular/cache/22.1.3/seed-b-frontend/vite/deps/@angular_router.js","(anonymous)","(anonymous)",3730,3732
3,1,52,2,8,"afterNextNavigation@3726-3733@/home/alex/dev/Bachelor/bmad-vergleichsstudie/.lizard-tmp-WOSzIR/code/seed-b-frontend/.angular/cache/22.1.3/seed-b-frontend/vite/deps/@angular_router.js","/home/alex/dev/Bachelor/bmad-vergleichsstudie/.lizard-tmp-WOSzIR/code/seed-b-frontend/.angular/cache/22.1.3/seed-b-frontend/vite/deps/@angular_router.js","afterNextNavigation","afterNextNavigation ( router , action )",3726,3733
3,1,13,0,3,"get currentUrlTree@3735-3737@/home/alex/dev/Bachelor/bmad-vergleichsstudie/.lizard-tmp-WOSzIR/code/seed-b-frontend/.angular/cache/22.1.3/seed-b-frontend/vite/deps/@angular_router.js","/home/alex/dev/Bachelor/bmad-vergleichsstudie/.lizard-tmp-WOSzIR/code/seed-b-frontend/.angular/cache/22.1.3/seed-b-frontend/vite/deps/@angular_router.js","get currentUrlTree","get currentUrlTree ( )",3735,3737
3,1,13,0,3,"get rawUrlTree@3738-3740@/home/alex/dev/Bachelor/bmad-vergleichsstudie/.lizard-tmp-WOSzIR/code/seed-b-frontend/.angular/cache/22.1.3/seed-b-frontend/vite/deps/@angular_router.js","/home/alex/dev/Bachelor/bmad-vergleichsstudie/.lizard-tmp-WOSzIR/code/seed-b-frontend/.angular/cache/22.1.3/seed-b-frontend/vite/deps/@angular_router.js","get rawUrlTree","get rawUrlTree ( )",3738,3740
3,1,9,0,3,"get events@3754-3756@/home/alex/dev/Bachelor/bmad-vergleichsstudie/.lizard-tmp-WOSzIR/code/seed-b-frontend/.angular/cache/22.1.3/seed-b-frontend/vite/deps/@angular_router.js","/home/alex/dev/Bachelor/bmad-vergleichsstudie/.lizard-tmp-WOSzIR/code/seed-b-frontend/.angular/cache/22.1.3/seed-b-frontend/vite/deps/@angular_router.js","get events","get events ( )",3754,3756
3,1,13,0,3,"get routerState@3757-3759@/home/alex/dev/Bachelor/bmad-vergleichsstudie/.lizard-tmp-WOSzIR/code/seed-b-frontend/.angular/cache/22.1.3/seed-b-frontend/vite/deps/@angular_router.js","/home/alex/dev/Bachelor/bmad-vergleichsstudie/.lizard-tmp-WOSzIR/code/seed-b-frontend/.angular/cache/22.1.3/seed-b-frontend/vite/deps/@angular_router.js","get routerState","get routerState ( )",3757,3759
1,1,6,1,1,"error@3769-3769@/home/alex/dev/Bachelor/bmad-vergleichsstudie/.lizard-tmp-WOSzIR/code/seed-b-frontend/.angular/cache/22.1.3/seed-b-frontend/vite/deps/@angular_router.js","/home/alex/dev/Bachelor/bmad-vergleichsstudie/.lizard-tmp-WOSzIR/code/seed-b-frontend/.angular/cache/22.1.3/seed-b-frontend/vite/deps/@angular_router.js","error","error ( e )",3769,3769
5,1,37,0,5,"constructor@3767-3771@/home/alex/dev/Bachelor/bmad-vergleichsstudie/.lizard-tmp-WOSzIR/code/seed-b-frontend/.angular/cache/22.1.3/seed-b-frontend/vite/deps/@angular_router.js","/home/alex/dev/Bachelor/bmad-vergleichsstudie/.lizard-tmp-WOSzIR/code/seed-b-frontend/.angular/cache/22.1.3/seed-b-frontend/vite/deps/@angular_router.js","constructor","constructor ( )",3767,3771
30,11,253,0,30,"(anonymous)@3774-3803@/home/alex/dev/Bachelor/bmad-vergleichsstudie/.lizard-tmp-WOSzIR/code/seed-b-frontend/.angular/cache/22.1.3/seed-b-frontend/vite/deps/@angular_router.js","/home/alex/dev/Bachelor/bmad-vergleichsstudie/.lizard-tmp-WOSzIR/code/seed-b-frontend/.angular/cache/22.1.3/seed-b-frontend/vite/deps/@angular_router.js","(anonymous)","(anonymous)",3774,3803
5,2,38,0,34,"subscribeToNavigationEvents@3773-3806@/home/alex/dev/Bachelor/bmad-vergleichsstudie/.lizard-tmp-WOSzIR/code/seed-b-frontend/.angular/cache/22.1.3/seed-b-frontend/vite/deps/@angular_router.js","/home/alex/dev/Bachelor/bmad-vergleichsstudie/.lizard-tmp-WOSzIR/code/seed-b-frontend/.angular/cache/22.1.3/seed-b-frontend/vite/deps/@angular_router.js","subscribeToNavigationEvents","subscribeToNavigationEvents ( )",3773,3806
3,1,15,0,3,"(anonymous)@3818-3820@/home/alex/dev/Bachelor/bmad-vergleichsstudie/.lizard-tmp-WOSzIR/code/seed-b-frontend/.angular/cache/22.1.3/seed-b-frontend/vite/deps/@angular_router.js","/home/alex/dev/Bachelor/bmad-vergleichsstudie/.lizard-tmp-WOSzIR/code/seed-b-frontend/.angular/cache/22.1.3/seed-b-frontend/vite/deps/@angular_router.js","(anonymous)","(anonymous)",3818,3820
4,2,22,0,4,"(anonymous)@3837-3840@/home/alex/dev/Bachelor/bmad-vergleichsstudie/.lizard-tmp-WOSzIR/code/seed-b-frontend/.angular/cache/22.1.3/seed-b-frontend/vite/deps/@angular_router.js","/home/alex/dev/Bachelor/bmad-vergleichsstudie/.lizard-tmp-WOSzIR/code/seed-b-frontend/.angular/cache/22.1.3/seed-b-frontend/vite/deps/@angular_router.js","(anonymous)","(anonymous)",3837,3840
4,3,23,0,4,"(anonymous)@3926-3929@/home/alex/dev/Bachelor/bmad-vergleichsstudie/.lizard-tmp-WOSzIR/code/seed-b-frontend/.angular/cache/22.1.3/seed-b-frontend/vite/deps/@angular_router.js","/home/alex/dev/Bachelor/bmad-vergleichsstudie/.lizard-tmp-WOSzIR/code/seed-b-frontend/.angular/cache/22.1.3/seed-b-frontend/vite/deps/@angular_router.js","(anonymous)","(anonymous)",3926,3929
4,1,10,0,4,"(anonymous)@3940-3943@/home/alex/dev/Bachelor/bmad-vergleichsstudie/.lizard-tmp-WOSzIR/code/seed-b-frontend/.angular/cache/22.1.3/seed-b-frontend/vite/deps/@angular_router.js","/home/alex/dev/Bachelor/bmad-vergleichsstudie/.lizard-tmp-WOSzIR/code/seed-b-frontend/.angular/cache/22.1.3/seed-b-frontend/vite/deps/@angular_router.js","(anonymous)","(anonymous)",3940,3943
1,1,9,0,1,"(anonymous)@3946-3946@/home/alex/dev/Bachelor/bmad-vergleichsstudie/.lizard-tmp-WOSzIR/code/seed-b-frontend/.angular/cache/22.1.3/seed-b-frontend/vite/deps/@angular_router.js","/home/alex/dev/Bachelor/bmad-vergleichsstudie/.lizard-tmp-WOSzIR/code/seed-b-frontend/.angular/cache/22.1.3/seed-b-frontend/vite/deps/@angular_router.js","(anonymous)","(anonymous)",3946,3946
3,1,15,1,3,"afterNextNavigation@3945-3947@/home/alex/dev/Bachelor/bmad-vergleichsstudie/.lizard-tmp-WOSzIR/code/seed-b-frontend/.angular/cache/22.1.3/seed-b-frontend/vite/deps/@angular_router.js","/home/alex/dev/Bachelor/bmad-vergleichsstudie/.lizard-tmp-WOSzIR/code/seed-b-frontend/.angular/cache/22.1.3/seed-b-frontend/vite/deps/@angular_router.js","afterNextNavigation","afterNextNavigation ( this , ( )",3945,3947
3,2,15,0,3,"Router_Factory@3963-3965@/home/alex/dev/Bachelor/bmad-vergleichsstudie/.lizard-tmp-WOSzIR/code/seed-b-frontend/.angular/cache/22.1.3/seed-b-frontend/vite/deps/@angular_router.js","/home/alex/dev/Bachelor/bmad-vergleichsstudie/.lizard-tmp-WOSzIR/code/seed-b-frontend/.angular/cache/22.1.3/seed-b-frontend/vite/deps/@angular_router.js","Router_Factory","Router_Factory ( )",3963,3965
1,1,5,0,1,"(anonymous)@3972-3972@/home/alex/dev/Bachelor/bmad-vergleichsstudie/.lizard-tmp-WOSzIR/code/seed-b-frontend/.angular/cache/22.1.3/seed-b-frontend/vite/deps/@angular_router.js","/home/alex/dev/Bachelor/bmad-vergleichsstudie/.lizard-tmp-WOSzIR/code/seed-b-frontend/.angular/cache/22.1.3/seed-b-frontend/vite/deps/@angular_router.js","(anonymous)","(anonymous)",3972,3972
3,3,28,0,3,"(anonymous)@3971-3973@/home/alex/dev/Bachelor/bmad-vergleichsstudie/.lizard-tmp-WOSzIR/code/seed-b-frontend/.angular/cache/22.1.3/seed-b-frontend/vite/deps/@angular_router.js","/home/alex/dev/Bachelor/bmad-vergleichsstudie/.lizard-tmp-WOSzIR/code/seed-b-frontend/.angular/cache/22.1.3/seed-b-frontend/vite/deps/@angular_router.js","(anonymous)","(anonymous)",3971,3973
6,5,64,1,6,"validateCommands@3974-3979@/home/alex/dev/Bachelor/bmad-vergleichsstudie/.lizard-tmp-WOSzIR/code/seed-b-frontend/.angular/cache/22.1.3/seed-b-frontend/vite/deps/@angular_router.js","/home/alex/dev/Bachelor/bmad-vergleichsstudie/.lizard-tmp-WOSzIR/code/seed-b-frontend/.angular/cache/22.1.3/seed-b-frontend/vite/deps/@angular_router.js","validateCommands","validateCommands ( commands )",3974,3979
3,2,14,0,3,"(anonymous)@3996-3998@/home/alex/dev/Bachelor/bmad-vergleichsstudie/.lizard-tmp-WOSzIR/code/seed-b-frontend/.angular/cache/22.1.3/seed-b-frontend/vite/deps/@angular_router.js","/home/alex/dev/Bachelor/bmad-vergleichsstudie/.lizard-tmp-WOSzIR/code/seed-b-frontend/.angular/cache/22.1.3/seed-b-frontend/vite/deps/@angular_router.js","(anonymous)","(anonymous)",3996,3998
4,1,25,0,6,"constructor@3994-3999@/home/alex/dev/Bachelor/bmad-vergleichsstudie/.lizard-tmp-WOSzIR/code/seed-b-frontend/.angular/cache/22.1.3/seed-b-frontend/vite/deps/@angular_router.js","/home/alex/dev/Bachelor/bmad-vergleichsstudie/.lizard-tmp-WOSzIR/code/seed-b-frontend/.angular/cache/22.1.3/seed-b-frontend/vite/deps/@angular_router.js","constructor","constructor ( )",3994,3999
6,1,59,0,6,"updateState@4000-4005@/home/alex/dev/Bachelor/bmad-vergleichsstudie/.lizard-tmp-WOSzIR/code/seed-b-frontend/.angular/cache/22.1.3/seed-b-frontend/vite/deps/@angular_router.js","/home/alex/dev/Bachelor/bmad-vergleichsstudie/.lizard-tmp-WOSzIR/code/seed-b-frontend/.angular/cache/22.1.3/seed-b-frontend/vite/deps/@angular_router.js","updateState","updateState ( )",4000,4005
3,2,15,0,3,"ReactiveRouterState_Factory@4006-4008@/home/alex/dev/Bachelor/bmad-vergleichsstudie/.lizard-tmp-WOSzIR/code/seed-b-frontend/.angular/cache/22.1.3/seed-b-frontend/vite/deps/@angular_router.js","/home/alex/dev/Bachelor/bmad-vergleichsstudie/.lizard-tmp-WOSzIR/code/seed-b-frontend/.angular/cache/22.1.3/seed-b-frontend/vite/deps/@angular_router.js","ReactiveRouterState_Factory","ReactiveRouterState_Factory ( )",4006,4008
1,1,5,0,1,"(anonymous)@4015-4015@/home/alex/dev/Bachelor/bmad-vergleichsstudie/.lizard-tmp-WOSzIR/code/seed-b-frontend/.angular/cache/22.1.3/seed-b-frontend/vite/deps/@angular_router.js","/home/alex/dev/Bachelor/bmad-vergleichsstudie/.lizard-tmp-WOSzIR/code/seed-b-frontend/.angular/cache/22.1.3/seed-b-frontend/vite/deps/@angular_router.js","(anonymous)","(anonymous)",4015,4015
3,3,28,0,3,"(anonymous)@4014-4016@/home/alex/dev/Bachelor/bmad-vergleichsstudie/.lizard-tmp-WOSzIR/code/seed-b-frontend/.angular/cache/22.1.3/seed-b-frontend/vite/deps/@angular_router.js","/home/alex/dev/Bachelor/bmad-vergleichsstudie/.lizard-tmp-WOSzIR/code/seed-b-frontend/.angular/cache/22.1.3/seed-b-frontend/vite/deps/@angular_router.js","(anonymous)","(anonymous)",4014,4016
4,2,26,0,4,"(anonymous)@4025-4028@/home/alex/dev/Bachelor/bmad-vergleichsstudie/.lizard-tmp-WOSzIR/code/seed-b-frontend/.angular/cache/22.1.3/seed-b-frontend/vite/deps/@angular_router.js","/home/alex/dev/Bachelor/bmad-vergleichsstudie/.lizard-tmp-WOSzIR/code/seed-b-frontend/.angular/cache/22.1.3/seed-b-frontend/vite/deps/@angular_router.js","(anonymous)","(anonymous)",4025,4028
2,1,5,0,2,"equal@4050-4051@/home/alex/dev/Bachelor/bmad-vergleichsstudie/.lizard-tmp-WOSzIR/code/seed-b-frontend/.angular/cache/22.1.3/seed-b-frontend/vite/deps/@angular_router.js","/home/alex/dev/Bachelor/bmad-vergleichsstudie/.lizard-tmp-WOSzIR/code/seed-b-frontend/.angular/cache/22.1.3/seed-b-frontend/vite/deps/@angular_router.js","equal","equal ( )",4050,4051
2,1,5,0,2,"equal@4074-4075@/home/alex/dev/Bachelor/bmad-vergleichsstudie/.lizard-tmp-WOSzIR/code/seed-b-frontend/.angular/cache/22.1.3/seed-b-frontend/vite/deps/@angular_router.js","/home/alex/dev/Bachelor/bmad-vergleichsstudie/.lizard-tmp-WOSzIR/code/seed-b-frontend/.angular/cache/22.1.3/seed-b-frontend/vite/deps/@angular_router.js","equal","equal ( )",4074,4075
2,1,5,0,2,"equal@4084-4085@/home/alex/dev/Bachelor/bmad-vergleichsstudie/.lizard-tmp-WOSzIR/code/seed-b-frontend/.angular/cache/22.1.3/seed-b-frontend/vite/deps/@angular_router.js","/home/alex/dev/Bachelor/bmad-vergleichsstudie/.lizard-tmp-WOSzIR/code/seed-b-frontend/.angular/cache/22.1.3/seed-b-frontend/vite/deps/@angular_router.js","equal","equal ( )",4084,4085
3,7,57,0,3,"(anonymous)@4129-4131@/home/alex/dev/Bachelor/bmad-vergleichsstudie/.lizard-tmp-WOSzIR/code/seed-b-frontend/.angular/cache/22.1.3/seed-b-frontend/vite/deps/@angular_router.js","/home/alex/dev/Bachelor/bmad-vergleichsstudie/.lizard-tmp-WOSzIR/code/seed-b-frontend/.angular/cache/22.1.3/seed-b-frontend/vite/deps/@angular_router.js","(anonymous)","(anonymous)",4129,4131
3,1,9,0,3,"(anonymous)@4166-4168@/home/alex/dev/Bachelor/bmad-vergleichsstudie/.lizard-tmp-WOSzIR/code/seed-b-frontend/.angular/cache/22.1.3/seed-b-frontend/vite/deps/@angular_router.js","/home/alex/dev/Bachelor/bmad-vergleichsstudie/.lizard-tmp-WOSzIR/code/seed-b-frontend/.angular/cache/22.1.3/seed-b-frontend/vite/deps/@angular_router.js","(anonymous)","(anonymous)",4166,4168
1,2,12,1,1,"shouldTrackParams@4181-4181@/home/alex/dev/Bachelor/bmad-vergleichsstudie/.lizard-tmp-WOSzIR/code/seed-b-frontend/.angular/cache/22.1.3/seed-b-frontend/vite/deps/@angular_router.js","/home/alex/dev/Bachelor/bmad-vergleichsstudie/.lizard-tmp-WOSzIR/code/seed-b-frontend/.angular/cache/22.1.3/seed-b-frontend/vite/deps/@angular_router.js","shouldTrackParams","shouldTrackParams ( handling )",4181,4181
16,8,159,0,16,"(anonymous)@4178-4193@/home/alex/dev/Bachelor/bmad-vergleichsstudie/.lizard-tmp-WOSzIR/code/seed-b-frontend/.angular/cache/22.1.3/seed-b-frontend/vite/deps/@angular_router.js","/home/alex/dev/Bachelor/bmad-vergleichsstudie/.lizard-tmp-WOSzIR/code/seed-b-frontend/.angular/cache/22.1.3/seed-b-frontend/vite/deps/@angular_router.js","(anonymous)","(anonymous)",4178,4193
2,1,20,2,2,"equal@4195-4196@/home/alex/dev/Bachelor/bmad-vergleichsstudie/.lizard-tmp-WOSzIR/code/seed-b-frontend/.angular/cache/22.1.3/seed-b-frontend/vite/deps/@angular_router.js","/home/alex/dev/Bachelor/bmad-vergleichsstudie/.lizard-tmp-WOSzIR/code/seed-b-frontend/.angular/cache/22.1.3/seed-b-frontend/vite/deps/@angular_router.js","equal","equal ( a , b )",4195,4196
3,2,44,0,3,"RouterLink_Factory@4203-4205@/home/alex/dev/Bachelor/bmad-vergleichsstudie/.lizard-tmp-WOSzIR/code/seed-b-frontend/.angular/cache/22.1.3/seed-b-frontend/vite/deps/@angular_router.js","/home/alex/dev/Bachelor/bmad-vergleichsstudie/.lizard-tmp-WOSzIR/code/seed-b-frontend/.angular/cache/22.1.3/seed-b-frontend/vite/deps/@angular_router.js","RouterLink_Factory","RouterLink_Factory ( )",4203,4205
3,1,31,0,3,"RouterLink_click_HostBindingHandler@4215-4217@/home/alex/dev/Bachelor/bmad-vergleichsstudie/.lizard-tmp-WOSzIR/code/seed-b-frontend/.angular/cache/22.1.3/seed-b-frontend/vite/deps/@angular_router.js","/home/alex/dev/Bachelor/bmad-vergleichsstudie/.lizard-tmp-WOSzIR/code/seed-b-frontend/.angular/cache/22.1.3/seed-b-frontend/vite/deps/@angular_router.js","RouterLink_click_HostBindingHandler","RouterLink_click_HostBindingHandler ( )",4215,4217
4,3,50,2,6,"RouterLink_HostBindings@4214-4219@/home/alex/dev/Bachelor/bmad-vergleichsstudie/.lizard-tmp-WOSzIR/code/seed-b-frontend/.angular/cache/22.1.3/seed-b-frontend/vite/deps/@angular_router.js","/home/alex/dev/Bachelor/bmad-vergleichsstudie/.lizard-tmp-WOSzIR/code/seed-b-frontend/.angular/cache/22.1.3/seed-b-frontend/vite/deps/@angular_router.js","RouterLink_HostBindings","RouterLink_HostBindings ( rf , ctx )",4214,4219
2,1,6,0,2,"(anonymous)@4262-4263@/home/alex/dev/Bachelor/bmad-vergleichsstudie/.lizard-tmp-WOSzIR/code/seed-b-frontend/.angular/cache/22.1.3/seed-b-frontend/vite/deps/@angular_router.js","/home/alex/dev/Bachelor/bmad-vergleichsstudie/.lizard-tmp-WOSzIR/code/seed-b-frontend/.angular/cache/22.1.3/seed-b-frontend/vite/deps/@angular_router.js","(anonymous)","(anonymous)",4262,4263
62,3,294,0,63,"(anonymous)@4252-4314@/home/alex/dev/Bachelor/bmad-vergleichsstudie/.lizard-tmp-WOSzIR/code/seed-b-frontend/.angular/cache/22.1.3/seed-b-frontend/vite/deps/@angular_router.js","/home/alex/dev/Bachelor/bmad-vergleichsstudie/.lizard-tmp-WOSzIR/code/seed-b-frontend/.angular/cache/22.1.3/seed-b-frontend/vite/deps/@angular_router.js","(anonymous)","(anonymous)",4252,4314
3,1,9,0,3,"get isActive@4326-4328@/home/alex/dev/Bachelor/bmad-vergleichsstudie/.lizard-tmp-WOSzIR/code/seed-b-frontend/.angular/cache/22.1.3/seed-b-frontend/vite/deps/@angular_router.js","/home/alex/dev/Bachelor/bmad-vergleichsstudie/.lizard-tmp-WOSzIR/code/seed-b-frontend/.angular/cache/22.1.3/seed-b-frontend/vite/deps/@angular_router.js","get isActive","get isActive ( )",4326,4328
3,2,14,0,3,"(anonymous)@4338-4340@/home/alex/dev/Bachelor/bmad-vergleichsstudie/.lizard-tmp-WOSzIR/code/seed-b-frontend/.angular/cache/22.1.3/seed-b-frontend/vite/deps/@angular_router.js","/home/alex/dev/Bachelor/bmad-vergleichsstudie/.lizard-tmp-WOSzIR/code/seed-b-frontend/.angular/cache/22.1.3/seed-b-frontend/vite/deps/@angular_router.js","(anonymous)","(anonymous)",4338,4340
7,1,52,4,9,"constructor@4333-4341@/home/alex/dev/Bachelor/bmad-vergleichsstudie/.lizard-tmp-WOSzIR/code/seed-b-frontend/.angular/cache/22.1.3/seed-b-frontend/vite/deps/@angular_router.js","/home/alex/dev/Bachelor/bmad-vergleichsstudie/.lizard-tmp-WOSzIR/code/seed-b-frontend/.angular/cache/22.1.3/seed-b-frontend/vite/deps/@angular_router.js","constructor","constructor ( router , element , renderer , cdr )",4333,4341
4,1,14,0,4,"(anonymous)@4343-4346@/home/alex/dev/Bachelor/bmad-vergleichsstudie/.lizard-tmp-WOSzIR/code/seed-b-frontend/.angular/cache/22.1.3/seed-b-frontend/vite/deps/@angular_router.js","/home/alex/dev/Bachelor/bmad-vergleichsstudie/.lizard-tmp-WOSzIR/code/seed-b-frontend/.angular/cache/22.1.3/seed-b-frontend/vite/deps/@angular_router.js","(anonymous)","(anonymous)",4343,4346
3,1,34,0,6,"ngAfterContentInit@4342-4347@/home/alex/dev/Bachelor/bmad-vergleichsstudie/.lizard-tmp-WOSzIR/code/seed-b-frontend/.angular/cache/22.1.3/seed-b-frontend/vite/deps/@angular_router.js","/home/alex/dev/Bachelor/bmad-vergleichsstudie/.lizard-tmp-WOSzIR/code/seed-b-frontend/.angular/cache/22.1.3/seed-b-frontend/vite/deps/@angular_router.js","ngAfterContentInit","ngAfterContentInit ( )",4342,4347
1,1,4,0,1,"(anonymous)@4350-4350@/home/alex/dev/Bachelor/bmad-vergleichsstudie/.lizard-tmp-WOSzIR/code/seed-b-frontend/.angular/cache/22.1.3/seed-b-frontend/vite/deps/@angular_router.js","/home/alex/dev/Bachelor/bmad-vergleichsstudie/.lizard-tmp-WOSzIR/code/seed-b-frontend/.angular/cache/22.1.3/seed-b-frontend/vite/deps/@angular_router.js","(anonymous)","(anonymous)",4350,4350
1,1,4,0,1,"(anonymous)@4350-4350@/home/alex/dev/Bachelor/bmad-vergleichsstudie/.lizard-tmp-WOSzIR/code/seed-b-frontend/.angular/cache/22.1.3/seed-b-frontend/vite/deps/@angular_router.js","/home/alex/dev/Bachelor/bmad-vergleichsstudie/.lizard-tmp-WOSzIR/code/seed-b-frontend/.angular/cache/22.1.3/seed-b-frontend/vite/deps/@angular_router.js","(anonymous)","(anonymous)",4350,4350
3,2,26,0,3,"(anonymous)@4351-4353@/home/alex/dev/Bachelor/bmad-vergleichsstudie/.lizard-tmp-WOSzIR/code/seed-b-frontend/.angular/cache/22.1.3/seed-b-frontend/vite/deps/@angular_router.js","/home/alex/dev/Bachelor/bmad-vergleichsstudie/.lizard-tmp-WOSzIR/code/seed-b-frontend/.angular/cache/22.1.3/seed-b-frontend/vite/deps/@angular_router.js","(anonymous)","(anonymous)",4351,4353
5,1,71,0,7,"subscribeToEachLinkOnChanges@4348-4354@/home/alex/dev/Bachelor/bmad-vergleichsstudie/.lizard-tmp-WOSzIR/code/seed-b-frontend/.angular/cache/22.1.3/seed-b-frontend/vite/deps/@angular_router.js","/home/alex/dev/Bachelor/bmad-vergleichsstudie/.lizard-tmp-WOSzIR/code/seed-b-frontend/.angular/cache/22.1.3/seed-b-frontend/vite/deps/@angular_router.js","subscribeToEachLinkOnChanges","subscribeToEachLinkOnChanges ( )",4348,4354
1,1,4,0,1,"(anonymous)@4361-4361@/home/alex/dev/Bachelor/bmad-vergleichsstudie/.lizard-tmp-WOSzIR/code/seed-b-frontend/.angular/cache/22.1.3/seed-b-frontend/vite/deps/@angular_router.js","/home/alex/dev/Bachelor/bmad-vergleichsstudie/.lizard-tmp-WOSzIR/code/seed-b-frontend/.angular/cache/22.1.3/seed-b-frontend/vite/deps/@angular_router.js","(anonymous)","(anonymous)",4361,4361
8,3,55,1,8,"set routerLinkActive@4355-4362@/home/alex/dev/Bachelor/bmad-vergleichsstudie/.lizard-tmp-WOSzIR/code/seed-b-frontend/.angular/cache/22.1.3/seed-b-frontend/vite/deps/@angular_router.js","/home/alex/dev/Bachelor/bmad-vergleichsstudie/.lizard-tmp-WOSzIR/code/seed-b-frontend/.angular/cache/22.1.3/seed-b-frontend/vite/deps/@angular_router.js","set routerLinkActive","set routerLinkActive ( data )",4355,4362
3,1,11,1,3,"ngOnChanges@4363-4365@/home/alex/dev/Bachelor/bmad-vergleichsstudie/.lizard-tmp-WOSzIR/code/seed-b-frontend/.angular/cache/22.1.3/seed-b-frontend/vite/deps/@angular_router.js","/home/alex/dev/Bachelor/bmad-vergleichsstudie/.lizard-tmp-WOSzIR/code/seed-b-frontend/.angular/cache/22.1.3/seed-b-frontend/vite/deps/@angular_router.js","ngOnChanges","ngOnChanges ( changes )",4363,4365
4,1,20,0,4,"ngOnDestroy@4366-4369@/home/alex/dev/Bachelor/bmad-vergleichsstudie/.lizard-tmp-WOSzIR/code/seed-b-frontend/.angular/cache/22.1.3/seed-b-frontend/vite/deps/@angular_router.js","/home/alex/dev/Bachelor/bmad-vergleichsstudie/.lizard-tmp-WOSzIR/code/seed-b-frontend/.angular/cache/22.1.3/seed-b-frontend/vite/deps/@angular_router.js","ngOnDestroy","ngOnDestroy ( )",4366,4369
4,2,37,0,4,"(anonymous)@4375-4378@/home/alex/dev/Bachelor/bmad-vergleichsstudie/.lizard-tmp-WOSzIR/code/seed-b-frontend/.angular/cache/22.1.3/seed-b-frontend/vite/deps/@angular_router.js","/home/alex/dev/Bachelor/bmad-vergleichsstudie/.lizard-tmp-WOSzIR/code/seed-b-frontend/.angular/cache/22.1.3/seed-b-frontend/vite/deps/@angular_router.js","(anonymous)","(anonymous)",4375,4378
11,4,107,0,14,"(anonymous)@4373-4386@/home/alex/dev/Bachelor/bmad-vergleichsstudie/.lizard-tmp-WOSzIR/code/seed-b-frontend/.angular/cache/22.1.3/seed-b-frontend/vite/deps/@angular_router.js","/home/alex/dev/Bachelor/bmad-vergleichsstudie/.lizard-tmp-WOSzIR/code/seed-b-frontend/.angular/cache/22.1.3/seed-b-frontend/vite/deps/@angular_router.js","(anonymous)","(anonymous)",4373,4386
5,5,43,0,18,"update@4370-4387@/home/alex/dev/Bachelor/bmad-vergleichsstudie/.lizard-tmp-WOSzIR/code/seed-b-frontend/.angular/cache/22.1.3/seed-b-frontend/vite/deps/@angular_router.js","/home/alex/dev/Bachelor/bmad-vergleichsstudie/.lizard-tmp-WOSzIR/code/seed-b-frontend/.angular/cache/22.1.3/seed-b-frontend/vite/deps/@angular_router.js","update","update ( )",4370,4387
1,1,2,0,1,"(anonymous)@4390-4390@/home/alex/dev/Bachelor/bmad-vergleichsstudie/.lizard-tmp-WOSzIR/code/seed-b-frontend/.angular/cache/22.1.3/seed-b-frontend/vite/deps/@angular_router.js","/home/alex/dev/Bachelor/bmad-vergleichsstudie/.lizard-tmp-WOSzIR/code/seed-b-frontend/.angular/cache/22.1.3/seed-b-frontend/vite/deps/@angular_router.js","(anonymous)","(anonymous)",4390,4390
4,2,26,0,4,"(anonymous)@4396-4399@/home/alex/dev/Bachelor/bmad-vergleichsstudie/.lizard-tmp-WOSzIR/code/seed-b-frontend/.angular/cache/22.1.3/seed-b-frontend/vite/deps/@angular_router.js","/home/alex/dev/Bachelor/bmad-vergleichsstudie/.lizard-tmp-WOSzIR/code/seed-b-frontend/.angular/cache/22.1.3/seed-b-frontend/vite/deps/@angular_router.js","(anonymous)","(anonymous)",4396,4399
10,7,84,1,13,"isLinkActive@4388-4400@/home/alex/dev/Bachelor/bmad-vergleichsstudie/.lizard-tmp-WOSzIR/code/seed-b-frontend/.angular/cache/22.1.3/seed-b-frontend/vite/deps/@angular_router.js","/home/alex/dev/Bachelor/bmad-vergleichsstudie/.lizard-tmp-WOSzIR/code/seed-b-frontend/.angular/cache/22.1.3/seed-b-frontend/vite/deps/@angular_router.js","isLinkActive","isLinkActive ( router )",4388,4400
4,3,37,0,4,"hasActiveLinks@4401-4404@/home/alex/dev/Bachelor/bmad-vergleichsstudie/.lizard-tmp-WOSzIR/code/seed-b-frontend/.angular/cache/22.1.3/seed-b-frontend/vite/deps/@angular_router.js","/home/alex/dev/Bachelor/bmad-vergleichsstudie/.lizard-tmp-WOSzIR/code/seed-b-frontend/.angular/cache/22.1.3/seed-b-frontend/vite/deps/@angular_router.js","hasActiveLinks","hasActiveLinks ( )",4401,4404
3,2,34,0,3,"RouterLinkActive_Factory@4405-4407@/home/alex/dev/Bachelor/bmad-vergleichsstudie/.lizard-tmp-WOSzIR/code/seed-b-frontend/.angular/cache/22.1.3/seed-b-frontend/vite/deps/@angular_router.js","/home/alex/dev/Bachelor/bmad-vergleichsstudie/.lizard-tmp-WOSzIR/code/seed-b-frontend/.angular/cache/22.1.3/seed-b-frontend/vite/deps/@angular_router.js","RouterLinkActive_Factory","RouterLinkActive_Factory ( )",4405,4407
14,4,74,5,14,"ɵɵdefineDirective@4408-4421@/home/alex/dev/Bachelor/bmad-vergleichsstudie/.lizard-tmp-WOSzIR/code/seed-b-frontend/.angular/cache/22.1.3/seed-b-frontend/vite/deps/@angular_router.js","/home/alex/dev/Bachelor/bmad-vergleichsstudie/.lizard-tmp-WOSzIR/code/seed-b-frontend/.angular/cache/22.1.3/seed-b-frontend/vite/deps/@angular_router.js","ɵɵdefineDirective","ɵɵdefineDirective ( type RouterLinkActive , selectors , , , contentQueries function RouterLinkActive_ContentQueries ( rf , ctx , dirIndex )",4408,4421
2,1,6,0,2,"(anonymous)@4439-4440@/home/alex/dev/Bachelor/bmad-vergleichsstudie/.lizard-tmp-WOSzIR/code/seed-b-frontend/.angular/cache/22.1.3/seed-b-frontend/vite/deps/@angular_router.js","/home/alex/dev/Bachelor/bmad-vergleichsstudie/.lizard-tmp-WOSzIR/code/seed-b-frontend/.angular/cache/22.1.3/seed-b-frontend/vite/deps/@angular_router.js","(anonymous)","(anonymous)",4439,4440
21,3,124,0,22,"(anonymous)@4432-4453@/home/alex/dev/Bachelor/bmad-vergleichsstudie/.lizard-tmp-WOSzIR/code/seed-b-frontend/.angular/cache/22.1.3/seed-b-frontend/vite/deps/@angular_router.js","/home/alex/dev/Bachelor/bmad-vergleichsstudie/.lizard-tmp-WOSzIR/code/seed-b-frontend/.angular/cache/22.1.3/seed-b-frontend/vite/deps/@angular_router.js","(anonymous)","(anonymous)",4432,4453
4,4,31,1,4,"isActiveMatchOptions@4455-4458@/home/alex/dev/Bachelor/bmad-vergleichsstudie/.lizard-tmp-WOSzIR/code/seed-b-frontend/.angular/cache/22.1.3/seed-b-frontend/vite/deps/@angular_router.js","/home/alex/dev/Bachelor/bmad-vergleichsstudie/.lizard-tmp-WOSzIR/code/seed-b-frontend/.angular/cache/22.1.3/seed-b-frontend/vite/deps/@angular_router.js","isActiveMatchOptions","isActiveMatchOptions ( options )",4455,4458
1,1,5,0,1,"(anonymous)@4462-4462@/home/alex/dev/Bachelor/bmad-vergleichsstudie/.lizard-tmp-WOSzIR/code/seed-b-frontend/.angular/cache/22.1.3/seed-b-frontend/vite/deps/@angular_router.js","/home/alex/dev/Bachelor/bmad-vergleichsstudie/.lizard-tmp-WOSzIR/code/seed-b-frontend/.angular/cache/22.1.3/seed-b-frontend/vite/deps/@angular_router.js","(anonymous)","(anonymous)",4462,4462
3,1,22,2,3,"preload@4461-4463@/home/alex/dev/Bachelor/bmad-vergleichsstudie/.lizard-tmp-WOSzIR/code/seed-b-frontend/.angular/cache/22.1.3/seed-b-frontend/vite/deps/@angular_router.js","/home/alex/dev/Bachelor/bmad-vergleichsstudie/.lizard-tmp-WOSzIR/code/seed-b-frontend/.angular/cache/22.1.3/seed-b-frontend/vite/deps/@angular_router.js","preload","preload ( route , fn )",4461,4463
3,2,15,0,3,"PreloadAllModules_Factory@4464-4466@/home/alex/dev/Bachelor/bmad-vergleichsstudie/.lizard-tmp-WOSzIR/code/seed-b-frontend/.angular/cache/22.1.3/seed-b-frontend/vite/deps/@angular_router.js","/home/alex/dev/Bachelor/bmad-vergleichsstudie/.lizard-tmp-WOSzIR/code/seed-b-frontend/.angular/cache/22.1.3/seed-b-frontend/vite/deps/@angular_router.js","PreloadAllModules_Factory","PreloadAllModules_Factory ( )",4464,4466
3,3,28,0,3,"(anonymous)@4472-4474@/home/alex/dev/Bachelor/bmad-vergleichsstudie/.lizard-tmp-WOSzIR/code/seed-b-frontend/.angular/cache/22.1.3/seed-b-frontend/vite/deps/@angular_router.js","/home/alex/dev/Bachelor/bmad-vergleichsstudie/.lizard-tmp-WOSzIR/code/seed-b-frontend/.angular/cache/22.1.3/seed-b-frontend/vite/deps/@angular_router.js","(anonymous)","(anonymous)",4472,4474
3,1,13,2,3,"preload@4476-4478@/home/alex/dev/Bachelor/bmad-vergleichsstudie/.lizard-tmp-WOSzIR/code/seed-b-frontend/.angular/cache/22.1.3/seed-b-frontend/vite/deps/@angular_router.js","/home/alex/dev/Bachelor/bmad-vergleichsstudie/.lizard-tmp-WOSzIR/code/seed-b-frontend/.angular/cache/22.1.3/seed-b-frontend/vite/deps/@angular_router.js","preload","preload ( route , fn )",4476,4478
3,2,15,0,3,"NoPreloading_Factory@4479-4481@/home/alex/dev/Bachelor/bmad-vergleichsstudie/.lizard-tmp-WOSzIR/code/seed-b-frontend/.angular/cache/22.1.3/seed-b-frontend/vite/deps/@angular_router.js","/home/alex/dev/Bachelor/bmad-vergleichsstudie/.lizard-tmp-WOSzIR/code/seed-b-frontend/.angular/cache/22.1.3/seed-b-frontend/vite/deps/@angular_router.js","NoPreloading_Factory","NoPreloading_Factory ( )",4479,4481
3,3,28,0,3,"(anonymous)@4487-4489@/home/alex/dev/Bachelor/bmad-vergleichsstudie/.lizard-tmp-WOSzIR/code/seed-b-frontend/.angular/cache/22.1.3/seed-b-frontend/vite/deps/@angular_router.js","/home/alex/dev/Bachelor/bmad-vergleichsstudie/.lizard-tmp-WOSzIR/code/seed-b-frontend/.angular/cache/22.1.3/seed-b-frontend/vite/deps/@angular_router.js","(anonymous)","(anonymous)",4487,4489
6,1,35,4,6,"constructor@4496-4501@/home/alex/dev/Bachelor/bmad-vergleichsstudie/.lizard-tmp-WOSzIR/code/seed-b-frontend/.angular/cache/22.1.3/seed-b-frontend/vite/deps/@angular_router.js","/home/alex/dev/Bachelor/bmad-vergleichsstudie/.lizard-tmp-WOSzIR/code/seed-b-frontend/.angular/cache/22.1.3/seed-b-frontend/vite/deps/@angular_router.js","constructor","constructor ( router , injector , preloadingStrategy , loader )",4496,4501
1,1,4,0,1,"(anonymous)@4503-4503@/home/alex/dev/Bachelor/bmad-vergleichsstudie/.lizard-tmp-WOSzIR/code/seed-b-frontend/.angular/cache/22.1.3/seed-b-frontend/vite/deps/@angular_router.js","/home/alex/dev/Bachelor/bmad-vergleichsstudie/.lizard-tmp-WOSzIR/code/seed-b-frontend/.angular/cache/22.1.3/seed-b-frontend/vite/deps/@angular_router.js","(anonymous)","(anonymous)",4503,4503
1,1,6,0,1,"(anonymous)@4503-4503@/home/alex/dev/Bachelor/bmad-vergleichsstudie/.lizard-tmp-WOSzIR/code/seed-b-frontend/.angular/cache/22.1.3/seed-b-frontend/vite/deps/@angular_router.js","/home/alex/dev/Bachelor/bmad-vergleichsstudie/.lizard-tmp-WOSzIR/code/seed-b-frontend/.angular/cache/22.1.3/seed-b-frontend/vite/deps/@angular_router.js","(anonymous)","(anonymous)",4503,4503
1,1,2,0,1,"(anonymous)@4503-4503@/home/alex/dev/Bachelor/bmad-vergleichsstudie/.lizard-tmp-WOSzIR/code/seed-b-frontend/.angular/cache/22.1.3/seed-b-frontend/vite/deps/@angular_router.js","/home/alex/dev/Bachelor/bmad-vergleichsstudie/.lizard-tmp-WOSzIR/code/seed-b-frontend/.angular/cache/22.1.3/seed-b-frontend/vite/deps/@angular_router.js","(anonymous)","(anonymous)",4503,4503
3,1,40,0,3,"setUpPreloading@4502-4504@/home/alex/dev/Bachelor/bmad-vergleichsstudie/.lizard-tmp-WOSzIR/code/seed-b-frontend/.angular/cache/22.1.3/seed-b-frontend/vite/deps/@angular_router.js","/home/alex/dev/Bachelor/bmad-vergleichsstudie/.lizard-tmp-WOSzIR/code/seed-b-frontend/.angular/cache/22.1.3/seed-b-frontend/vite/deps/@angular_router.js","setUpPreloading","setUpPreloading ( )",4502,4504
3,1,20,0,3,"preload@4505-4507@/home/alex/dev/Bachelor/bmad-vergleichsstudie/.lizard-tmp-WOSzIR/code/seed-b-frontend/.angular/cache/22.1.3/seed-b-frontend/vite/deps/@angular_router.js","/home/alex/dev/Bachelor/bmad-vergleichsstudie/.lizard-tmp-WOSzIR/code/seed-b-frontend/.angular/cache/22.1.3/seed-b-frontend/vite/deps/@angular_router.js","preload","preload ( )",4505,4507
3,1,12,0,3,"ngOnDestroy@4508-4510@/home/alex/dev/Bachelor/bmad-vergleichsstudie/.lizard-tmp-WOSzIR/code/seed-b-frontend/.angular/cache/22.1.3/seed-b-frontend/vite/deps/@angular_router.js","/home/alex/dev/Bachelor/bmad-vergleichsstudie/.lizard-tmp-WOSzIR/code/seed-b-frontend/.angular/cache/22.1.3/seed-b-frontend/vite/deps/@angular_router.js","ngOnDestroy","ngOnDestroy ( )",4508,4510
12,21,193,2,12,"processRoutes@4511-4522@/home/alex/dev/Bachelor/bmad-vergleichsstudie/.lizard-tmp-WOSzIR/code/seed-b-frontend/.angular/cache/22.1.3/seed-b-frontend/vite/deps/@angular_router.js","/home/alex/dev/Bachelor/bmad-vergleichsstudie/.lizard-tmp-WOSzIR/code/seed-b-frontend/.angular/cache/22.1.3/seed-b-frontend/vite/deps/@angular_router.js","processRoutes","processRoutes ( injector , routes )",4511,4522
7,4,56,0,7,"(anonymous)@4529-4535@/home/alex/dev/Bachelor/bmad-vergleichsstudie/.lizard-tmp-WOSzIR/code/seed-b-frontend/.angular/cache/22.1.3/seed-b-frontend/vite/deps/@angular_router.js","/home/alex/dev/Bachelor/bmad-vergleichsstudie/.lizard-tmp-WOSzIR/code/seed-b-frontend/.angular/cache/22.1.3/seed-b-frontend/vite/deps/@angular_router.js","(anonymous)","(anonymous)",4529,4535
9,6,119,0,15,"(anonymous)@4524-4538@/home/alex/dev/Bachelor/bmad-vergleichsstudie/.lizard-tmp-WOSzIR/code/seed-b-frontend/.angular/cache/22.1.3/seed-b-frontend/vite/deps/@angular_router.js","/home/alex/dev/Bachelor/bmad-vergleichsstudie/.lizard-tmp-WOSzIR/code/seed-b-frontend/.angular/cache/22.1.3/seed-b-frontend/vite/deps/@angular_router.js","(anonymous)","(anonymous)",4524,4538
3,1,22,2,17,"preloadConfig@4523-4539@/home/alex/dev/Bachelor/bmad-vergleichsstudie/.lizard-tmp-WOSzIR/code/seed-b-frontend/.angular/cache/22.1.3/seed-b-frontend/vite/deps/@angular_router.js","/home/alex/dev/Bachelor/bmad-vergleichsstudie/.lizard-tmp-WOSzIR/code/seed-b-frontend/.angular/cache/22.1.3/seed-b-frontend/vite/deps/@angular_router.js","preloadConfig","preloadConfig ( injector , route )",4523,4539
3,2,34,0,3,"RouterPreloader_Factory@4540-4542@/home/alex/dev/Bachelor/bmad-vergleichsstudie/.lizard-tmp-WOSzIR/code/seed-b-frontend/.angular/cache/22.1.3/seed-b-frontend/vite/deps/@angular_router.js","/home/alex/dev/Bachelor/bmad-vergleichsstudie/.lizard-tmp-WOSzIR/code/seed-b-frontend/.angular/cache/22.1.3/seed-b-frontend/vite/deps/@angular_router.js","RouterPreloader_Factory","RouterPreloader_Factory ( )",4540,4542
2,1,6,0,2,"(anonymous)@4553-4554@/home/alex/dev/Bachelor/bmad-vergleichsstudie/.lizard-tmp-WOSzIR/code/seed-b-frontend/.angular/cache/22.1.3/seed-b-frontend/vite/deps/@angular_router.js","/home/alex/dev/Bachelor/bmad-vergleichsstudie/.lizard-tmp-WOSzIR/code/seed-b-frontend/.angular/cache/22.1.3/seed-b-frontend/vite/deps/@angular_router.js","(anonymous)","(anonymous)",4553,4554
10,3,60,0,11,"(anonymous)@4549-4559@/home/alex/dev/Bachelor/bmad-vergleichsstudie/.lizard-tmp-WOSzIR/code/seed-b-frontend/.angular/cache/22.1.3/seed-b-frontend/vite/deps/@angular_router.js","/home/alex/dev/Bachelor/bmad-vergleichsstudie/.lizard-tmp-WOSzIR/code/seed-b-frontend/.angular/cache/22.1.3/seed-b-frontend/vite/deps/@angular_router.js","(anonymous)","(anonymous)",4549,4559
3,1,8,0,3,"(anonymous)@4578-4580@/home/alex/dev/Bachelor/bmad-vergleichsstudie/.lizard-tmp-WOSzIR/code/seed-b-frontend/.angular/cache/22.1.3/seed-b-frontend/vite/deps/@angular_router.js","/home/alex/dev/Bachelor/bmad-vergleichsstudie/.lizard-tmp-WOSzIR/code/seed-b-frontend/.angular/cache/22.1.3/seed-b-frontend/vite/deps/@angular_router.js","(anonymous)","(anonymous)",4578,4580
6,4,52,1,8,"constructor@4574-4581@/home/alex/dev/Bachelor/bmad-vergleichsstudie/.lizard-tmp-WOSzIR/code/seed-b-frontend/.angular/cache/22.1.3/seed-b-frontend/vite/deps/@angular_router.js","/home/alex/dev/Bachelor/bmad-vergleichsstudie/.lizard-tmp-WOSzIR/code/seed-b-frontend/.angular/cache/22.1.3/seed-b-frontend/vite/deps/@angular_router.js","constructor","constructor ( options )",4574,4581
5,2,43,0,5,"init@4582-4586@/home/alex/dev/Bachelor/bmad-vergleichsstudie/.lizard-tmp-WOSzIR/code/seed-b-frontend/.angular/cache/22.1.3/seed-b-frontend/vite/deps/@angular_router.js","/home/alex/dev/Bachelor/bmad-vergleichsstudie/.lizard-tmp-WOSzIR/code/seed-b-frontend/.angular/cache/22.1.3/seed-b-frontend/vite/deps/@angular_router.js","init","init ( )",4582,4586
14,6,138,0,14,"(anonymous)@4588-4601@/home/alex/dev/Bachelor/bmad-vergleichsstudie/.lizard-tmp-WOSzIR/code/seed-b-frontend/.angular/cache/22.1.3/seed-b-frontend/vite/deps/@angular_router.js","/home/alex/dev/Bachelor/bmad-vergleichsstudie/.lizard-tmp-WOSzIR/code/seed-b-frontend/.angular/cache/22.1.3/seed-b-frontend/vite/deps/@angular_router.js","(anonymous)","(anonymous)",4588,4601
3,1,20,0,16,"createScrollEvents@4587-4602@/home/alex/dev/Bachelor/bmad-vergleichsstudie/.lizard-tmp-WOSzIR/code/seed-b-frontend/.angular/cache/22.1.3/seed-b-frontend/vite/deps/@angular_router.js","/home/alex/dev/Bachelor/bmad-vergleichsstudie/.lizard-tmp-WOSzIR/code/seed-b-frontend/.angular/cache/22.1.3/seed-b-frontend/vite/deps/@angular_router.js","createScrollEvents","createScrollEvents ( )",4587,4602
9,9,135,0,9,"(anonymous)@4604-4612@/home/alex/dev/Bachelor/bmad-vergleichsstudie/.lizard-tmp-WOSzIR/code/seed-b-frontend/.angular/cache/22.1.3/seed-b-frontend/vite/deps/@angular_router.js","/home/alex/dev/Bachelor/bmad-vergleichsstudie/.lizard-tmp-WOSzIR/code/seed-b-frontend/.angular/cache/22.1.3/seed-b-frontend/vite/deps/@angular_router.js","(anonymous)","(anonymous)",4604,4612
3,1,20,0,11,"consumeScrollEvents@4603-4613@/home/alex/dev/Bachelor/bmad-vergleichsstudie/.lizard-tmp-WOSzIR/code/seed-b-frontend/.angular/cache/22.1.3/seed-b-frontend/vite/deps/@angular_router.js","/home/alex/dev/Bachelor/bmad-vergleichsstudie/.lizard-tmp-WOSzIR/code/seed-b-frontend/.angular/cache/22.1.3/seed-b-frontend/vite/deps/@angular_router.js","consumeScrollEvents","consumeScrollEvents ( )",4603,4613
4,2,19,0,4,"(anonymous)@4618-4621@/home/alex/dev/Bachelor/bmad-vergleichsstudie/.lizard-tmp-WOSzIR/code/seed-b-frontend/.angular/cache/22.1.3/seed-b-frontend/vite/deps/@angular_router.js","/home/alex/dev/Bachelor/bmad-vergleichsstudie/.lizard-tmp-WOSzIR/code/seed-b-frontend/.angular/cache/22.1.3/seed-b-frontend/vite/deps/@angular_router.js","(anonymous)","(anonymous)",4618,4621
3,2,38,0,3,"(anonymous)@4622-4624@/home/alex/dev/Bachelor/bmad-vergleichsstudie/.lizard-tmp-WOSzIR/code/seed-b-frontend/.angular/cache/22.1.3/seed-b-frontend/vite/deps/@angular_router.js","/home/alex/dev/Bachelor/bmad-vergleichsstudie/.lizard-tmp-WOSzIR/code/seed-b-frontend/.angular/cache/22.1.3/seed-b-frontend/vite/deps/@angular_router.js","(anonymous)","(anonymous)",4622,4624
4,1,25,0,9,"(anonymous)@4617-4625@/home/alex/dev/Bachelor/bmad-vergleichsstudie/.lizard-tmp-WOSzIR/code/seed-b-frontend/.angular/cache/22.1.3/seed-b-frontend/vite/deps/@angular_router.js","/home/alex/dev/Bachelor/bmad-vergleichsstudie/.lizard-tmp-WOSzIR/code/seed-b-frontend/.angular/cache/22.1.3/seed-b-frontend/vite/deps/@angular_router.js","(anonymous)","(anonymous)",4617,4625
5,3,45,2,13,"scheduleScrollEvent@4614-4626@/home/alex/dev/Bachelor/bmad-vergleichsstudie/.lizard-tmp-WOSzIR/code/seed-b-frontend/.angular/cache/22.1.3/seed-b-frontend/vite/deps/@angular_router.js","/home/alex/dev/Bachelor/bmad-vergleichsstudie/.lizard-tmp-WOSzIR/code/seed-b-frontend/.angular/cache/22.1.3/seed-b-frontend/vite/deps/@angular_router.js","scheduleScrollEvent","scheduleScrollEvent ( routerEvent , anchor )",4614,4626
4,1,20,0,4,"ngOnDestroy@4627-4630@/home/alex/dev/Bachelor/bmad-vergleichsstudie/.lizard-tmp-WOSzIR/code/seed-b-frontend/.angular/cache/22.1.3/seed-b-frontend/vite/deps/@angular_router.js","/home/alex/dev/Bachelor/bmad-vergleichsstudie/.lizard-tmp-WOSzIR/code/seed-b-frontend/.angular/cache/22.1.3/seed-b-frontend/vite/deps/@angular_router.js","ngOnDestroy","ngOnDestroy ( )",4627,4630
3,1,9,0,3,"RouterScroller_Factory@4631-4633@/home/alex/dev/Bachelor/bmad-vergleichsstudie/.lizard-tmp-WOSzIR/code/seed-b-frontend/.angular/cache/22.1.3/seed-b-frontend/vite/deps/@angular_router.js","/home/alex/dev/Bachelor/bmad-vergleichsstudie/.lizard-tmp-WOSzIR/code/seed-b-frontend/.angular/cache/22.1.3/seed-b-frontend/vite/deps/@angular_router.js","RouterScroller_Factory","RouterScroller_Factory ( )",4631,4633
1,1,7,0,1,"(anonymous)@4640-4640@/home/alex/dev/Bachelor/bmad-vergleichsstudie/.lizard-tmp-WOSzIR/code/seed-b-frontend/.angular/cache/22.1.3/seed-b-frontend/vite/deps/@angular_router.js","/home/alex/dev/Bachelor/bmad-vergleichsstudie/.lizard-tmp-WOSzIR/code/seed-b-frontend/.angular/cache/22.1.3/seed-b-frontend/vite/deps/@angular_router.js","(anonymous)","(anonymous)",4640,4640
3,3,32,0,3,"(anonymous)@4639-4641@/home/alex/dev/Bachelor/bmad-vergleichsstudie/.lizard-tmp-WOSzIR/code/seed-b-frontend/.angular/cache/22.1.3/seed-b-frontend/vite/deps/@angular_router.js","/home/alex/dev/Bachelor/bmad-vergleichsstudie/.lizard-tmp-WOSzIR/code/seed-b-frontend/.angular/cache/22.1.3/seed-b-frontend/vite/deps/@angular_router.js","(anonymous)","(anonymous)",4639,4641
3,1,10,1,3,"getLoadedRoutes@4642-4644@/home/alex/dev/Bachelor/bmad-vergleichsstudie/.lizard-tmp-WOSzIR/code/seed-b-frontend/.angular/cache/22.1.3/seed-b-frontend/vite/deps/@angular_router.js","/home/alex/dev/Bachelor/bmad-vergleichsstudie/.lizard-tmp-WOSzIR/code/seed-b-frontend/.angular/cache/22.1.3/seed-b-frontend/vite/deps/@angular_router.js","getLoadedRoutes","getLoadedRoutes ( route )",4642,4644
3,1,21,1,3,"getRouterInstance@4645-4647@/home/alex/dev/Bachelor/bmad-vergleichsstudie/.lizard-tmp-WOSzIR/code/seed-b-frontend/.angular/cache/22.1.3/seed-b-frontend/vite/deps/@angular_router.js","/home/alex/dev/Bachelor/bmad-vergleichsstudie/.lizard-tmp-WOSzIR/code/seed-b-frontend/.angular/cache/22.1.3/seed-b-frontend/vite/deps/@angular_router.js","getRouterInstance","getRouterInstance ( injector )",4645,4647
4,2,31,2,4,"navigateByUrl@4648-4651@/home/alex/dev/Bachelor/bmad-vergleichsstudie/.lizard-tmp-WOSzIR/code/seed-b-frontend/.angular/cache/22.1.3/seed-b-frontend/vite/deps/@angular_router.js","/home/alex/dev/Bachelor/bmad-vergleichsstudie/.lizard-tmp-WOSzIR/code/seed-b-frontend/.angular/cache/22.1.3/seed-b-frontend/vite/deps/@angular_router.js","navigateByUrl","navigateByUrl ( router , url )",4648,4651
3,1,13,1,3,"navigateListener@4668-4670@/home/alex/dev/Bachelor/bmad-vergleichsstudie/.lizard-tmp-WOSzIR/code/seed-b-frontend/.angular/cache/22.1.3/seed-b-frontend/vite/deps/@angular_router.js","/home/alex/dev/Bachelor/bmad-vergleichsstudie/.lizard-tmp-WOSzIR/code/seed-b-frontend/.angular/cache/22.1.3/seed-b-frontend/vite/deps/@angular_router.js","navigateListener","navigateListener ( event )",4668,4670
1,1,11,0,1,"(anonymous)@4672-4672@/home/alex/dev/Bachelor/bmad-vergleichsstudie/.lizard-tmp-WOSzIR/code/seed-b-frontend/.angular/cache/22.1.3/seed-b-frontend/vite/deps/@angular_router.js","/home/alex/dev/Bachelor/bmad-vergleichsstudie/.lizard-tmp-WOSzIR/code/seed-b-frontend/.angular/cache/22.1.3/seed-b-frontend/vite/deps/@angular_router.js","(anonymous)","(anonymous)",4672,4672
3,2,25,0,3,"(anonymous)@4676-4678@/home/alex/dev/Bachelor/bmad-vergleichsstudie/.lizard-tmp-WOSzIR/code/seed-b-frontend/.angular/cache/22.1.3/seed-b-frontend/vite/deps/@angular_router.js","/home/alex/dev/Bachelor/bmad-vergleichsstudie/.lizard-tmp-WOSzIR/code/seed-b-frontend/.angular/cache/22.1.3/seed-b-frontend/vite/deps/@angular_router.js","(anonymous)","(anonymous)",4676,4678
5,2,29,0,5,"(anonymous)@4692-4696@/home/alex/dev/Bachelor/bmad-vergleichsstudie/.lizard-tmp-WOSzIR/code/seed-b-frontend/.angular/cache/22.1.3/seed-b-frontend/vite/deps/@angular_router.js","/home/alex/dev/Bachelor/bmad-vergleichsstudie/.lizard-tmp-WOSzIR/code/seed-b-frontend/.angular/cache/22.1.3/seed-b-frontend/vite/deps/@angular_router.js","(anonymous)","(anonymous)",4692,4696
5,2,29,0,5,"(anonymous)@4701-4705@/home/alex/dev/Bachelor/bmad-vergleichsstudie/.lizard-tmp-WOSzIR/code/seed-b-frontend/.angular/cache/22.1.3/seed-b-frontend/vite/deps/@angular_router.js","/home/alex/dev/Bachelor/bmad-vergleichsstudie/.lizard-tmp-WOSzIR/code/seed-b-frontend/.angular/cache/22.1.3/seed-b-frontend/vite/deps/@angular_router.js","(anonymous)","(anonymous)",4701,4705
1,1,7,0,1,"read@4719-4719@/home/alex/dev/Bachelor/bmad-vergleichsstudie/.lizard-tmp-WOSzIR/code/seed-b-frontend/.angular/cache/22.1.3/seed-b-frontend/vite/deps/@angular_router.js","/home/alex/dev/Bachelor/bmad-vergleichsstudie/.lizard-tmp-WOSzIR/code/seed-b-frontend/.angular/cache/22.1.3/seed-b-frontend/vite/deps/@angular_router.js","read","read ( )",4719,4719
3,1,15,0,3,"abortHandler@4795-4797@/home/alex/dev/Bachelor/bmad-vergleichsstudie/.lizard-tmp-WOSzIR/code/seed-b-frontend/.angular/cache/22.1.3/seed-b-frontend/vite/deps/@angular_router.js","/home/alex/dev/Bachelor/bmad-vergleichsstudie/.lizard-tmp-WOSzIR/code/seed-b-frontend/.angular/cache/22.1.3/seed-b-frontend/vite/deps/@angular_router.js","abortHandler","abortHandler ( )",4795,4797
1,1,11,0,1,"this.currentNavigation.removeAbortListener@4799-4799@/home/alex/dev/Bachelor/bmad-vergleichsstudie/.lizard-tmp-WOSzIR/code/seed-b-frontend/.angular/cache/22.1.3/seed-b-frontend/vite/deps/@angular_router.js","/home/alex/dev/Bachelor/bmad-vergleichsstudie/.lizard-tmp-WOSzIR/code/seed-b-frontend/.angular/cache/22.1.3/seed-b-frontend/vite/deps/@angular_router.js","this.currentNavigation.removeAbortListener","this.currentNavigation.removeAbortListener",4799,4799
5,1,21,0,5,"this.currentNavigation.rejectNavigateEvent@4803-4807@/home/alex/dev/Bachelor/bmad-vergleichsstudie/.lizard-tmp-WOSzIR/code/seed-b-frontend/.angular/cache/22.1.3/seed-b-frontend/vite/deps/@angular_router.js","/home/alex/dev/Bachelor/bmad-vergleichsstudie/.lizard-tmp-WOSzIR/code/seed-b-frontend/.angular/cache/22.1.3/seed-b-frontend/vite/deps/@angular_router.js","this.currentNavigation.rejectNavigateEvent","this.currentNavigation.rejectNavigateEvent",4803,4807
2,1,9,0,2,"this.currentNavigation.resolveHandler@4808-4809@/home/alex/dev/Bachelor/bmad-vergleichsstudie/.lizard-tmp-WOSzIR/code/seed-b-frontend/.angular/cache/22.1.3/seed-b-frontend/vite/deps/@angular_router.js","/home/alex/dev/Bachelor/bmad-vergleichsstudie/.lizard-tmp-WOSzIR/code/seed-b-frontend/.angular/cache/22.1.3/seed-b-frontend/vite/deps/@angular_router.js","this.currentNavigation.resolveHandler","this.currentNavigation.resolveHandler",4808,4809
1,1,2,0,1,"(anonymous)@4812-4812@/home/alex/dev/Bachelor/bmad-vergleichsstudie/.lizard-tmp-WOSzIR/code/seed-b-frontend/.angular/cache/22.1.3/seed-b-frontend/vite/deps/@angular_router.js","/home/alex/dev/Bachelor/bmad-vergleichsstudie/.lizard-tmp-WOSzIR/code/seed-b-frontend/.angular/cache/22.1.3/seed-b-frontend/vite/deps/@angular_router.js","(anonymous)","(anonymous)",4812,4812
1,1,2,0,1,"(anonymous)@4813-4813@/home/alex/dev/Bachelor/bmad-vergleichsstudie/.lizard-tmp-WOSzIR/code/seed-b-frontend/.angular/cache/22.1.3/seed-b-frontend/vite/deps/@angular_router.js","/home/alex/dev/Bachelor/bmad-vergleichsstudie/.lizard-tmp-WOSzIR/code/seed-b-frontend/.angular/cache/22.1.3/seed-b-frontend/vite/deps/@angular_router.js","(anonymous)","(anonymous)",4813,4813
1,1,2,0,1,"interceptOptions.handler@4814-4814@/home/alex/dev/Bachelor/bmad-vergleichsstudie/.lizard-tmp-WOSzIR/code/seed-b-frontend/.angular/cache/22.1.3/seed-b-frontend/vite/deps/@angular_router.js","/home/alex/dev/Bachelor/bmad-vergleichsstudie/.lizard-tmp-WOSzIR/code/seed-b-frontend/.angular/cache/22.1.3/seed-b-frontend/vite/deps/@angular_router.js","interceptOptions.handler","interceptOptions.handler",4814,4814
1,1,2,0,1,"(anonymous)@4818-4818@/home/alex/dev/Bachelor/bmad-vergleichsstudie/.lizard-tmp-WOSzIR/code/seed-b-frontend/.angular/cache/22.1.3/seed-b-frontend/vite/deps/@angular_router.js","/home/alex/dev/Bachelor/bmad-vergleichsstudie/.lizard-tmp-WOSzIR/code/seed-b-frontend/.angular/cache/22.1.3/seed-b-frontend/vite/deps/@angular_router.js","(anonymous)","(anonymous)",4818,4818
5,2,38,0,5,"interceptOptions.precommitHandler@4817-4821@/home/alex/dev/Bachelor/bmad-vergleichsstudie/.lizard-tmp-WOSzIR/code/seed-b-frontend/.angular/cache/22.1.3/seed-b-frontend/vite/deps/@angular_router.js","/home/alex/dev/Bachelor/bmad-vergleichsstudie/.lizard-tmp-WOSzIR/code/seed-b-frontend/.angular/cache/22.1.3/seed-b-frontend/vite/deps/@angular_router.js","interceptOptions.precommitHandler","interceptOptions.precommitHandler",4817,4821
3,1,12,0,7,"(anonymous)@4816-4822@/home/alex/dev/Bachelor/bmad-vergleichsstudie/.lizard-tmp-WOSzIR/code/seed-b-frontend/.angular/cache/22.1.3/seed-b-frontend/vite/deps/@angular_router.js","/home/alex/dev/Bachelor/bmad-vergleichsstudie/.lizard-tmp-WOSzIR/code/seed-b-frontend/.angular/cache/22.1.3/seed-b-frontend/vite/deps/@angular_router.js","(anonymous)","(anonymous)",4816,4822
19,5,130,0,19,"this.currentNavigation.commitUrl@4823-4841@/home/alex/dev/Bachelor/bmad-vergleichsstudie/.lizard-tmp-WOSzIR/code/seed-b-frontend/.angular/cache/22.1.3/seed-b-frontend/vite/deps/@angular_router.js","/home/alex/dev/Bachelor/bmad-vergleichsstudie/.lizard-tmp-WOSzIR/code/seed-b-frontend/.angular/cache/22.1.3/seed-b-frontend/vite/deps/@angular_router.js","this.currentNavigation.commitUrl","this.currentNavigation.commitUrl ( )",4823,4841
3,2,15,0,3,"NavigationStateManager_Factory@4873-4875@/home/alex/dev/Bachelor/bmad-vergleichsstudie/.lizard-tmp-WOSzIR/code/seed-b-frontend/.angular/cache/22.1.3/seed-b-frontend/vite/deps/@angular_router.js","/home/alex/dev/Bachelor/bmad-vergleichsstudie/.lizard-tmp-WOSzIR/code/seed-b-frontend/.angular/cache/22.1.3/seed-b-frontend/vite/deps/@angular_router.js","NavigationStateManager_Factory","NavigationStateManager_Factory ( )",4873,4875
1,1,5,0,1,"(anonymous)@4882-4882@/home/alex/dev/Bachelor/bmad-vergleichsstudie/.lizard-tmp-WOSzIR/code/seed-b-frontend/.angular/cache/22.1.3/seed-b-frontend/vite/deps/@angular_router.js","/home/alex/dev/Bachelor/bmad-vergleichsstudie/.lizard-tmp-WOSzIR/code/seed-b-frontend/.angular/cache/22.1.3/seed-b-frontend/vite/deps/@angular_router.js","(anonymous)","(anonymous)",4882,4882
3,3,28,0,3,"(anonymous)@4881-4883@/home/alex/dev/Bachelor/bmad-vergleichsstudie/.lizard-tmp-WOSzIR/code/seed-b-frontend/.angular/cache/22.1.3/seed-b-frontend/vite/deps/@angular_router.js","/home/alex/dev/Bachelor/bmad-vergleichsstudie/.lizard-tmp-WOSzIR/code/seed-b-frontend/.angular/cache/22.1.3/seed-b-frontend/vite/deps/@angular_router.js","(anonymous)","(anonymous)",4881,4883
1,1,2,0,1,"(anonymous)@4885-4885@/home/alex/dev/Bachelor/bmad-vergleichsstudie/.lizard-tmp-WOSzIR/code/seed-b-frontend/.angular/cache/22.1.3/seed-b-frontend/vite/deps/@angular_router.js","/home/alex/dev/Bachelor/bmad-vergleichsstudie/.lizard-tmp-WOSzIR/code/seed-b-frontend/.angular/cache/22.1.3/seed-b-frontend/vite/deps/@angular_router.js","(anonymous)","(anonymous)",4885,4885
1,1,2,0,1,"(anonymous)@4886-4886@/home/alex/dev/Bachelor/bmad-vergleichsstudie/.lizard-tmp-WOSzIR/code/seed-b-frontend/.angular/cache/22.1.3/seed-b-frontend/vite/deps/@angular_router.js","/home/alex/dev/Bachelor/bmad-vergleichsstudie/.lizard-tmp-WOSzIR/code/seed-b-frontend/.angular/cache/22.1.3/seed-b-frontend/vite/deps/@angular_router.js","(anonymous)","(anonymous)",4886,4886
5,3,32,1,5,"handleResultRejections@4884-4888@/home/alex/dev/Bachelor/bmad-vergleichsstudie/.lizard-tmp-WOSzIR/code/seed-b-frontend/.angular/cache/22.1.3/seed-b-frontend/vite/deps/@angular_router.js","/home/alex/dev/Bachelor/bmad-vergleichsstudie/.lizard-tmp-WOSzIR/code/seed-b-frontend/.angular/cache/22.1.3/seed-b-frontend/vite/deps/@angular_router.js","handleResultRejections","handleResultRejections ( result )",4884,4888
5,3,38,1,5,"traverse@4892-4896@/home/alex/dev/Bachelor/bmad-vergleichsstudie/.lizard-tmp-WOSzIR/code/seed-b-frontend/.angular/cache/22.1.3/seed-b-frontend/vite/deps/@angular_router.js","/home/alex/dev/Bachelor/bmad-vergleichsstudie/.lizard-tmp-WOSzIR/code/seed-b-frontend/.angular/cache/22.1.3/seed-b-frontend/vite/deps/@angular_router.js","traverse","traverse ( stateNode )",4892,4896
5,3,24,0,9,"(anonymous)@4890-4898@/home/alex/dev/Bachelor/bmad-vergleichsstudie/.lizard-tmp-WOSzIR/code/seed-b-frontend/.angular/cache/22.1.3/seed-b-frontend/vite/deps/@angular_router.js","/home/alex/dev/Bachelor/bmad-vergleichsstudie/.lizard-tmp-WOSzIR/code/seed-b-frontend/.angular/cache/22.1.3/seed-b-frontend/vite/deps/@angular_router.js","(anonymous)","(anonymous)",4890,4898
3,1,18,0,11,"setupActivatedRouteInjectors@4889-4899@/home/alex/dev/Bachelor/bmad-vergleichsstudie/.lizard-tmp-WOSzIR/code/seed-b-frontend/.angular/cache/22.1.3/seed-b-frontend/vite/deps/@angular_router.js","/home/alex/dev/Bachelor/bmad-vergleichsstudie/.lizard-tmp-WOSzIR/code/seed-b-frontend/.angular/cache/22.1.3/seed-b-frontend/vite/deps/@angular_router.js","setupActivatedRouteInjectors","setupActivatedRouteInjectors ( )",4889,4899
4,3,36,2,4,"processRoute@4900-4903@/home/alex/dev/Bachelor/bmad-vergleichsstudie/.lizard-tmp-WOSzIR/code/seed-b-frontend/.angular/cache/22.1.3/seed-b-frontend/vite/deps/@angular_router.js","/home/alex/dev/Bachelor/bmad-vergleichsstudie/.lizard-tmp-WOSzIR/code/seed-b-frontend/.angular/cache/22.1.3/seed-b-frontend/vite/deps/@angular_router.js","processRoute","processRoute ( route , newlyCreatedRoutes )",4900,4903
4,3,38,2,4,"setupNewActivatedRouteInjector@4904-4907@/home/alex/dev/Bachelor/bmad-vergleichsstudie/.lizard-tmp-WOSzIR/code/seed-b-frontend/.angular/cache/22.1.3/seed-b-frontend/vite/deps/@angular_router.js","/home/alex/dev/Bachelor/bmad-vergleichsstudie/.lizard-tmp-WOSzIR/code/seed-b-frontend/.angular/cache/22.1.3/seed-b-frontend/vite/deps/@angular_router.js","setupNewActivatedRouteInjector","setupNewActivatedRouteInjector ( snapshot , route )",4904,4907
1,1,4,0,1,"(anonymous)@4929-4929@/home/alex/dev/Bachelor/bmad-vergleichsstudie/.lizard-tmp-WOSzIR/code/seed-b-frontend/.angular/cache/22.1.3/seed-b-frontend/vite/deps/@angular_router.js","/home/alex/dev/Bachelor/bmad-vergleichsstudie/.lizard-tmp-WOSzIR/code/seed-b-frontend/.angular/cache/22.1.3/seed-b-frontend/vite/deps/@angular_router.js","(anonymous)","(anonymous)",4929,4929
24,3,94,2,24,"provideRouter@4908-4931@/home/alex/dev/Bachelor/bmad-vergleichsstudie/.lizard-tmp-WOSzIR/code/seed-b-frontend/.angular/cache/22.1.3/seed-b-frontend/vite/deps/@angular_router.js","/home/alex/dev/Bachelor/bmad-vergleichsstudie/.lizard-tmp-WOSzIR/code/seed-b-frontend/.angular/cache/22.1.3/seed-b-frontend/vite/deps/@angular_router.js","provideRouter","provideRouter ( routes , features )",4908,4931
3,1,14,0,3,"rootRoute@4932-4934@/home/alex/dev/Bachelor/bmad-vergleichsstudie/.lizard-tmp-WOSzIR/code/seed-b-frontend/.angular/cache/22.1.3/seed-b-frontend/vite/deps/@angular_router.js","/home/alex/dev/Bachelor/bmad-vergleichsstudie/.lizard-tmp-WOSzIR/code/seed-b-frontend/.angular/cache/22.1.3/seed-b-frontend/vite/deps/@angular_router.js","rootRoute","rootRoute ( )",4932,4934
6,1,18,2,6,"routerFeature@4935-4940@/home/alex/dev/Bachelor/bmad-vergleichsstudie/.lizard-tmp-WOSzIR/code/seed-b-frontend/.angular/cache/22.1.3/seed-b-frontend/vite/deps/@angular_router.js","/home/alex/dev/Bachelor/bmad-vergleichsstudie/.lizard-tmp-WOSzIR/code/seed-b-frontend/.angular/cache/22.1.3/seed-b-frontend/vite/deps/@angular_router.js","routerFeature","routerFeature ( kind , providers )",4935,4940
2,1,9,0,2,"useFactory@4944-4945@/home/alex/dev/Bachelor/bmad-vergleichsstudie/.lizard-tmp-WOSzIR/code/seed-b-frontend/.angular/cache/22.1.3/seed-b-frontend/vite/deps/@angular_router.js","/home/alex/dev/Bachelor/bmad-vergleichsstudie/.lizard-tmp-WOSzIR/code/seed-b-frontend/.angular/cache/22.1.3/seed-b-frontend/vite/deps/@angular_router.js","useFactory","useFactory ( )",4944,4945
5,1,25,1,6,"withInMemoryScrolling@4941-4946@/home/alex/dev/Bachelor/bmad-vergleichsstudie/.lizard-tmp-WOSzIR/code/seed-b-frontend/.angular/cache/22.1.3/seed-b-frontend/vite/deps/@angular_router.js","/home/alex/dev/Bachelor/bmad-vergleichsstudie/.lizard-tmp-WOSzIR/code/seed-b-frontend/.angular/cache/22.1.3/seed-b-frontend/vite/deps/@angular_router.js","withInMemoryScrolling","withInMemoryScrolling ( options )",4941,4946
9,3,60,0,9,"(anonymous)@4948-4956@/home/alex/dev/Bachelor/bmad-vergleichsstudie/.lizard-tmp-WOSzIR/code/seed-b-frontend/.angular/cache/22.1.3/seed-b-frontend/vite/deps/@angular_router.js","/home/alex/dev/Bachelor/bmad-vergleichsstudie/.lizard-tmp-WOSzIR/code/seed-b-frontend/.angular/cache/22.1.3/seed-b-frontend/vite/deps/@angular_router.js","(anonymous)","(anonymous)",4948,4956
14,3,57,0,22,"withExperimentalPlatformNavigation@4947-4968@/home/alex/dev/Bachelor/bmad-vergleichsstudie/.lizard-tmp-WOSzIR/code/seed-b-frontend/.angular/cache/22.1.3/seed-b-frontend/vite/deps/@angular_router.js","/home/alex/dev/Bachelor/bmad-vergleichsstudie/.lizard-tmp-WOSzIR/code/seed-b-frontend/.angular/cache/22.1.3/seed-b-frontend/vite/deps/@angular_router.js","withExperimentalPlatformNavigation","withExperimentalPlatformNavigation ( )",4947,4968
15,6,141,0,15,"(anonymous)@4971-4985@/home/alex/dev/Bachelor/bmad-vergleichsstudie/.lizard-tmp-WOSzIR/code/seed-b-frontend/.angular/cache/22.1.3/seed-b-frontend/vite/deps/@angular_router.js","/home/alex/dev/Bachelor/bmad-vergleichsstudie/.lizard-tmp-WOSzIR/code/seed-b-frontend/.angular/cache/22.1.3/seed-b-frontend/vite/deps/@angular_router.js","(anonymous)","(anonymous)",4971,4985
4,1,19,0,18,"getBootstrapListener@4969-4986@/home/alex/dev/Bachelor/bmad-vergleichsstudie/.lizard-tmp-WOSzIR/code/seed-b-frontend/.angular/cache/22.1.3/seed-b-frontend/vite/deps/@angular_router.js","/home/alex/dev/Bachelor/bmad-vergleichsstudie/.lizard-tmp-WOSzIR/code/seed-b-frontend/.angular/cache/22.1.3/seed-b-frontend/vite/deps/@angular_router.js","getBootstrapListener","getBootstrapListener ( )",4969,4986
3,1,11,0,3,"factory@4987-4989@/home/alex/dev/Bachelor/bmad-vergleichsstudie/.lizard-tmp-WOSzIR/code/seed-b-frontend/.angular/cache/22.1.3/seed-b-frontend/vite/deps/@angular_router.js","/home/alex/dev/Bachelor/bmad-vergleichsstudie/.lizard-tmp-WOSzIR/code/seed-b-frontend/.angular/cache/22.1.3/seed-b-frontend/vite/deps/@angular_router.js","factory","factory ( )",4987,4989
1,1,5,0,1,"factory@4990-4990@/home/alex/dev/Bachelor/bmad-vergleichsstudie/.lizard-tmp-WOSzIR/code/seed-b-frontend/.angular/cache/22.1.3/seed-b-frontend/vite/deps/@angular_router.js","/home/alex/dev/Bachelor/bmad-vergleichsstudie/.lizard-tmp-WOSzIR/code/seed-b-frontend/.angular/cache/22.1.3/seed-b-frontend/vite/deps/@angular_router.js","factory","factory ( )",4990,4990
3,1,7,0,3,"(anonymous)@5007-5009@/home/alex/dev/Bachelor/bmad-vergleichsstudie/.lizard-tmp-WOSzIR/code/seed-b-frontend/.angular/cache/22.1.3/seed-b-frontend/vite/deps/@angular_router.js","/home/alex/dev/Bachelor/bmad-vergleichsstudie/.lizard-tmp-WOSzIR/code/seed-b-frontend/.angular/cache/22.1.3/seed-b-frontend/vite/deps/@angular_router.js","(anonymous)","(anonymous)",5007,5009
4,2,20,0,4,"(anonymous)@5010-5013@/home/alex/dev/Bachelor/bmad-vergleichsstudie/.lizard-tmp-WOSzIR/code/seed-b-frontend/.angular/cache/22.1.3/seed-b-frontend/vite/deps/@angular_router.js","/home/alex/dev/Bachelor/bmad-vergleichsstudie/.lizard-tmp-WOSzIR/code/seed-b-frontend/.angular/cache/22.1.3/seed-b-frontend/vite/deps/@angular_router.js","(anonymous)","(anonymous)",5010,5013
7,1,52,0,12,"(anonymous)@5004-5015@/home/alex/dev/Bachelor/bmad-vergleichsstudie/.lizard-tmp-WOSzIR/code/seed-b-frontend/.angular/cache/22.1.3/seed-b-frontend/vite/deps/@angular_router.js","/home/alex/dev/Bachelor/bmad-vergleichsstudie/.lizard-tmp-WOSzIR/code/seed-b-frontend/.angular/cache/22.1.3/seed-b-frontend/vite/deps/@angular_router.js","(anonymous)","(anonymous)",5004,5015
3,1,13,0,14,"(anonymous)@5003-5016@/home/alex/dev/Bachelor/bmad-vergleichsstudie/.lizard-tmp-WOSzIR/code/seed-b-frontend/.angular/cache/22.1.3/seed-b-frontend/vite/deps/@angular_router.js","/home/alex/dev/Bachelor/bmad-vergleichsstudie/.lizard-tmp-WOSzIR/code/seed-b-frontend/.angular/cache/22.1.3/seed-b-frontend/vite/deps/@angular_router.js","(anonymous)","(anonymous)",5003,5016
4,1,32,0,17,"(anonymous)@5001-5017@/home/alex/dev/Bachelor/bmad-vergleichsstudie/.lizard-tmp-WOSzIR/code/seed-b-frontend/.angular/cache/22.1.3/seed-b-frontend/vite/deps/@angular_router.js","/home/alex/dev/Bachelor/bmad-vergleichsstudie/.lizard-tmp-WOSzIR/code/seed-b-frontend/.angular/cache/22.1.3/seed-b-frontend/vite/deps/@angular_router.js","(anonymous)","(anonymous)",5001,5017
13,1,40,0,29,"withEnabledBlockingInitialNavigation@4991-5019@/home/alex/dev/Bachelor/bmad-vergleichsstudie/.lizard-tmp-WOSzIR/code/seed-b-frontend/.angular/cache/22.1.3/seed-b-frontend/vite/deps/@angular_router.js","/home/alex/dev/Bachelor/bmad-vergleichsstudie/.lizard-tmp-WOSzIR/code/seed-b-frontend/.angular/cache/22.1.3/seed-b-frontend/vite/deps/@angular_router.js","withEnabledBlockingInitialNavigation","withEnabledBlockingInitialNavigation ( )",4991,5019
3,1,11,0,3,"(anonymous)@5021-5023@/home/alex/dev/Bachelor/bmad-vergleichsstudie/.lizard-tmp-WOSzIR/code/seed-b-frontend/.angular/cache/22.1.3/seed-b-frontend/vite/deps/@angular_router.js","/home/alex/dev/Bachelor/bmad-vergleichsstudie/.lizard-tmp-WOSzIR/code/seed-b-frontend/.angular/cache/22.1.3/seed-b-frontend/vite/deps/@angular_router.js","(anonymous)","(anonymous)",5021,5023
6,1,30,0,8,"withDisabledInitialNavigation@5020-5027@/home/alex/dev/Bachelor/bmad-vergleichsstudie/.lizard-tmp-WOSzIR/code/seed-b-frontend/.angular/cache/22.1.3/seed-b-frontend/vite/deps/@angular_router.js","/home/alex/dev/Bachelor/bmad-vergleichsstudie/.lizard-tmp-WOSzIR/code/seed-b-frontend/.angular/cache/22.1.3/seed-b-frontend/vite/deps/@angular_router.js","withDisabledInitialNavigation","withDisabledInitialNavigation ( )",5020,5027
2,1,13,0,2,"(anonymous)@5035-5036@/home/alex/dev/Bachelor/bmad-vergleichsstudie/.lizard-tmp-WOSzIR/code/seed-b-frontend/.angular/cache/22.1.3/seed-b-frontend/vite/deps/@angular_router.js","/home/alex/dev/Bachelor/bmad-vergleichsstudie/.lizard-tmp-WOSzIR/code/seed-b-frontend/.angular/cache/22.1.3/seed-b-frontend/vite/deps/@angular_router.js","(anonymous)","(anonymous)",5035,5036
4,1,36,0,5,"(anonymous)@5035-5039@/home/alex/dev/Bachelor/bmad-vergleichsstudie/.lizard-tmp-WOSzIR/code/seed-b-frontend/.angular/cache/22.1.3/seed-b-frontend/vite/deps/@angular_router.js","/home/alex/dev/Bachelor/bmad-vergleichsstudie/.lizard-tmp-WOSzIR/code/seed-b-frontend/.angular/cache/22.1.3/seed-b-frontend/vite/deps/@angular_router.js","(anonymous)","(anonymous)",5035,5039
4,1,18,0,8,"useFactory@5033-5040@/home/alex/dev/Bachelor/bmad-vergleichsstudie/.lizard-tmp-WOSzIR/code/seed-b-frontend/.angular/cache/22.1.3/seed-b-frontend/vite/deps/@angular_router.js","/home/alex/dev/Bachelor/bmad-vergleichsstudie/.lizard-tmp-WOSzIR/code/seed-b-frontend/.angular/cache/22.1.3/seed-b-frontend/vite/deps/@angular_router.js","useFactory","useFactory ( )",5033,5040
7,3,36,0,14,"withDebugTracing@5028-5041@/home/alex/dev/Bachelor/bmad-vergleichsstudie/.lizard-tmp-WOSzIR/code/seed-b-frontend/.angular/cache/22.1.3/seed-b-frontend/vite/deps/@angular_router.js","/home/alex/dev/Bachelor/bmad-vergleichsstudie/.lizard-tmp-WOSzIR/code/seed-b-frontend/.angular/cache/22.1.3/seed-b-frontend/vite/deps/@angular_router.js","withDebugTracing","withDebugTracing ( )",5028,5041
9,1,33,1,9,"withPreloading@5047-5055@/home/alex/dev/Bachelor/bmad-vergleichsstudie/.lizard-tmp-WOSzIR/code/seed-b-frontend/.angular/cache/22.1.3/seed-b-frontend/vite/deps/@angular_router.js","/home/alex/dev/Bachelor/bmad-vergleichsstudie/.lizard-tmp-WOSzIR/code/seed-b-frontend/.angular/cache/22.1.3/seed-b-frontend/vite/deps/@angular_router.js","withPreloading","withPreloading ( preloadingStrategy )",5047,5055
6,1,23,1,6,"withRouterConfig@5056-5061@/home/alex/dev/Bachelor/bmad-vergleichsstudie/.lizard-tmp-WOSzIR/code/seed-b-frontend/.angular/cache/22.1.3/seed-b-frontend/vite/deps/@angular_router.js","/home/alex/dev/Bachelor/bmad-vergleichsstudie/.lizard-tmp-WOSzIR/code/seed-b-frontend/.angular/cache/22.1.3/seed-b-frontend/vite/deps/@angular_router.js","withRouterConfig","withRouterConfig ( options )",5056,5061
6,1,22,0,6,"withHashLocation@5062-5067@/home/alex/dev/Bachelor/bmad-vergleichsstudie/.lizard-tmp-WOSzIR/code/seed-b-frontend/.angular/cache/22.1.3/seed-b-frontend/vite/deps/@angular_router.js","/home/alex/dev/Bachelor/bmad-vergleichsstudie/.lizard-tmp-WOSzIR/code/seed-b-frontend/.angular/cache/22.1.3/seed-b-frontend/vite/deps/@angular_router.js","withHashLocation","withHashLocation ( )",5062,5067
6,1,23,1,6,"withNavigationErrorHandler@5068-5073@/home/alex/dev/Bachelor/bmad-vergleichsstudie/.lizard-tmp-WOSzIR/code/seed-b-frontend/.angular/cache/22.1.3/seed-b-frontend/vite/deps/@angular_router.js","/home/alex/dev/Bachelor/bmad-vergleichsstudie/.lizard-tmp-WOSzIR/code/seed-b-frontend/.angular/cache/22.1.3/seed-b-frontend/vite/deps/@angular_router.js","withNavigationErrorHandler","withNavigationErrorHandler ( handler )",5068,5073
6,1,22,0,6,"withExperimentalAutoCleanupInjectors@5074-5079@/home/alex/dev/Bachelor/bmad-vergleichsstudie/.lizard-tmp-WOSzIR/code/seed-b-frontend/.angular/cache/22.1.3/seed-b-frontend/vite/deps/@angular_router.js","/home/alex/dev/Bachelor/bmad-vergleichsstudie/.lizard-tmp-WOSzIR/code/seed-b-frontend/.angular/cache/22.1.3/seed-b-frontend/vite/deps/@angular_router.js","withExperimentalAutoCleanupInjectors","withExperimentalAutoCleanupInjectors ( )",5074,5079
2,1,9,0,2,"useFactory@5083-5084@/home/alex/dev/Bachelor/bmad-vergleichsstudie/.lizard-tmp-WOSzIR/code/seed-b-frontend/.angular/cache/22.1.3/seed-b-frontend/vite/deps/@angular_router.js","/home/alex/dev/Bachelor/bmad-vergleichsstudie/.lizard-tmp-WOSzIR/code/seed-b-frontend/.angular/cache/22.1.3/seed-b-frontend/vite/deps/@angular_router.js","useFactory","useFactory ( )",5083,5084
5,1,25,1,6,"withComponentInputBinding@5080-5085@/home/alex/dev/Bachelor/bmad-vergleichsstudie/.lizard-tmp-WOSzIR/code/seed-b-frontend/.angular/cache/22.1.3/seed-b-frontend/vite/deps/@angular_router.js","/home/alex/dev/Bachelor/bmad-vergleichsstudie/.lizard-tmp-WOSzIR/code/seed-b-frontend/.angular/cache/22.1.3/seed-b-frontend/vite/deps/@angular_router.js","withComponentInputBinding","withComponentInputBinding ( options )",5080,5085
13,1,49,1,13,"withViewTransitions@5086-5098@/home/alex/dev/Bachelor/bmad-vergleichsstudie/.lizard-tmp-WOSzIR/code/seed-b-frontend/.angular/cache/22.1.3/seed-b-frontend/vite/deps/@angular_router.js","/home/alex/dev/Bachelor/bmad-vergleichsstudie/.lizard-tmp-WOSzIR/code/seed-b-frontend/.angular/cache/22.1.3/seed-b-frontend/vite/deps/@angular_router.js","withViewTransitions","withViewTransitions ( options )",5086,5098
6,1,26,0,6,"withActivatedRouteInjectors@5099-5104@/home/alex/dev/Bachelor/bmad-vergleichsstudie/.lizard-tmp-WOSzIR/code/seed-b-frontend/.angular/cache/22.1.3/seed-b-frontend/vite/deps/@angular_router.js","/home/alex/dev/Bachelor/bmad-vergleichsstudie/.lizard-tmp-WOSzIR/code/seed-b-frontend/.angular/cache/22.1.3/seed-b-frontend/vite/deps/@angular_router.js","withActivatedRouteInjectors","withActivatedRouteInjectors ( )",5099,5104
3,3,24,0,3,"constructor@5127-5129@/home/alex/dev/Bachelor/bmad-vergleichsstudie/.lizard-tmp-WOSzIR/code/seed-b-frontend/.angular/cache/22.1.3/seed-b-frontend/vite/deps/@angular_router.js","/home/alex/dev/Bachelor/bmad-vergleichsstudie/.lizard-tmp-WOSzIR/code/seed-b-frontend/.angular/cache/22.1.3/seed-b-frontend/vite/deps/@angular_router.js","constructor","constructor ( )",5127,5129
32,14,194,2,33,"forRoot@5130-5162@/home/alex/dev/Bachelor/bmad-vergleichsstudie/.lizard-tmp-WOSzIR/code/seed-b-frontend/.angular/cache/22.1.3/seed-b-frontend/vite/deps/@angular_router.js","/home/alex/dev/Bachelor/bmad-vergleichsstudie/.lizard-tmp-WOSzIR/code/seed-b-frontend/.angular/cache/22.1.3/seed-b-frontend/vite/deps/@angular_router.js","forRoot","forRoot ( routes , config )",5130,5162
10,1,30,1,10,"forChild@5163-5172@/home/alex/dev/Bachelor/bmad-vergleichsstudie/.lizard-tmp-WOSzIR/code/seed-b-frontend/.angular/cache/22.1.3/seed-b-frontend/vite/deps/@angular_router.js","/home/alex/dev/Bachelor/bmad-vergleichsstudie/.lizard-tmp-WOSzIR/code/seed-b-frontend/.angular/cache/22.1.3/seed-b-frontend/vite/deps/@angular_router.js","forChild","forChild ( routes )",5163,5172
3,2,15,0,3,"RouterModule_Factory@5173-5175@/home/alex/dev/Bachelor/bmad-vergleichsstudie/.lizard-tmp-WOSzIR/code/seed-b-frontend/.angular/cache/22.1.3/seed-b-frontend/vite/deps/@angular_router.js","/home/alex/dev/Bachelor/bmad-vergleichsstudie/.lizard-tmp-WOSzIR/code/seed-b-frontend/.angular/cache/22.1.3/seed-b-frontend/vite/deps/@angular_router.js","RouterModule_Factory","RouterModule_Factory ( )",5173,5175
1,1,5,0,1,"(anonymous)@5200-5200@/home/alex/dev/Bachelor/bmad-vergleichsstudie/.lizard-tmp-WOSzIR/code/seed-b-frontend/.angular/cache/22.1.3/seed-b-frontend/vite/deps/@angular_router.js","/home/alex/dev/Bachelor/bmad-vergleichsstudie/.lizard-tmp-WOSzIR/code/seed-b-frontend/.angular/cache/22.1.3/seed-b-frontend/vite/deps/@angular_router.js","(anonymous)","(anonymous)",5200,5200
9,3,42,0,9,"(anonymous)@5193-5201@/home/alex/dev/Bachelor/bmad-vergleichsstudie/.lizard-tmp-WOSzIR/code/seed-b-frontend/.angular/cache/22.1.3/seed-b-frontend/vite/deps/@angular_router.js","/home/alex/dev/Bachelor/bmad-vergleichsstudie/.lizard-tmp-WOSzIR/code/seed-b-frontend/.angular/cache/22.1.3/seed-b-frontend/vite/deps/@angular_router.js","(anonymous)","(anonymous)",5193,5201
6,2,43,0,6,"useFactory@5205-5210@/home/alex/dev/Bachelor/bmad-vergleichsstudie/.lizard-tmp-WOSzIR/code/seed-b-frontend/.angular/cache/22.1.3/seed-b-frontend/vite/deps/@angular_router.js","/home/alex/dev/Bachelor/bmad-vergleichsstudie/.lizard-tmp-WOSzIR/code/seed-b-frontend/.angular/cache/22.1.3/seed-b-frontend/vite/deps/@angular_router.js","useFactory","useFactory ( )",5205,5210
6,1,15,0,11,"provideRouterScroller@5202-5212@/home/alex/dev/Bachelor/bmad-vergleichsstudie/.lizard-tmp-WOSzIR/code/seed-b-frontend/.angular/cache/22.1.3/seed-b-frontend/vite/deps/@angular_router.js","/home/alex/dev/Bachelor/bmad-vergleichsstudie/.lizard-tmp-WOSzIR/code/seed-b-frontend/.angular/cache/22.1.3/seed-b-frontend/vite/deps/@angular_router.js","provideRouterScroller","provideRouterScroller ( )",5202,5212
6,1,15,0,6,"provideHashLocationStrategy@5213-5218@/home/alex/dev/Bachelor/bmad-vergleichsstudie/.lizard-tmp-WOSzIR/code/seed-b-frontend/.angular/cache/22.1.3/seed-b-frontend/vite/deps/@angular_router.js","/home/alex/dev/Bachelor/bmad-vergleichsstudie/.lizard-tmp-WOSzIR/code/seed-b-frontend/.angular/cache/22.1.3/seed-b-frontend/vite/deps/@angular_router.js","provideHashLocationStrategy","provideHashLocationStrategy ( )",5213,5218
6,1,15,0,6,"providePathLocationStrategy@5219-5224@/home/alex/dev/Bachelor/bmad-vergleichsstudie/.lizard-tmp-WOSzIR/code/seed-b-frontend/.angular/cache/22.1.3/seed-b-frontend/vite/deps/@angular_router.js","/home/alex/dev/Bachelor/bmad-vergleichsstudie/.lizard-tmp-WOSzIR/code/seed-b-frontend/.angular/cache/22.1.3/seed-b-frontend/vite/deps/@angular_router.js","providePathLocationStrategy","providePathLocationStrategy ( )",5219,5224
7,2,33,0,7,"provideForRootGuard@5225-5231@/home/alex/dev/Bachelor/bmad-vergleichsstudie/.lizard-tmp-WOSzIR/code/seed-b-frontend/.angular/cache/22.1.3/seed-b-frontend/vite/deps/@angular_router.js","/home/alex/dev/Bachelor/bmad-vergleichsstudie/.lizard-tmp-WOSzIR/code/seed-b-frontend/.angular/cache/22.1.3/seed-b-frontend/vite/deps/@angular_router.js","provideForRootGuard","provideForRootGuard ( )",5225,5231
3,3,38,1,3,"provideInitialNavigation@5232-5234@/home/alex/dev/Bachelor/bmad-vergleichsstudie/.lizard-tmp-WOSzIR/code/seed-b-frontend/.angular/cache/22.1.3/seed-b-frontend/vite/deps/@angular_router.js","/home/alex/dev/Bachelor/bmad-vergleichsstudie/.lizard-tmp-WOSzIR/code/seed-b-frontend/.angular/cache/22.1.3/seed-b-frontend/vite/deps/@angular_router.js","provideInitialNavigation","provideInitialNavigation ( config )",5232,5234
10,1,31,0,10,"provideRouterInitializer@5236-5245@/home/alex/dev/Bachelor/bmad-vergleichsstudie/.lizard-tmp-WOSzIR/code/seed-b-frontend/.angular/cache/22.1.3/seed-b-frontend/vite/deps/@angular_router.js","/home/alex/dev/Bachelor/bmad-vergleichsstudie/.lizard-tmp-WOSzIR/code/seed-b-frontend/.angular/cache/22.1.3/seed-b-frontend/vite/deps/@angular_router.js","provideRouterInitializer","provideRouterInitializer ( )",5236,5245
1,1,16,0,1,"(anonymous)@5254-5254@/home/alex/dev/Bachelor/bmad-vergleichsstudie/.lizard-tmp-WOSzIR/code/seed-b-frontend/.angular/cache/22.1.3/seed-b-frontend/vite/deps/@angular_router.js","/home/alex/dev/Bachelor/bmad-vergleichsstudie/.lizard-tmp-WOSzIR/code/seed-b-frontend/.angular/cache/22.1.3/seed-b-frontend/vite/deps/@angular_router.js","(anonymous)","(anonymous)",5254,5254
3,1,16,1,3,"mapToCanMatch@5253-5255@/home/alex/dev/Bachelor/bmad-vergleichsstudie/.lizard-tmp-WOSzIR/code/seed-b-frontend/.angular/cache/22.1.3/seed-b-frontend/vite/deps/@angular_router.js","/home/alex/dev/Bachelor/bmad-vergleichsstudie/.lizard-tmp-WOSzIR/code/seed-b-frontend/.angular/cache/22.1.3/seed-b-frontend/vite/deps/@angular_router.js","mapToCanMatch","mapToCanMatch ( providers )",5253,5255
1,1,16,0,1,"(anonymous)@5257-5257@/home/alex/dev/Bachelor/bmad-vergleichsstudie/.lizard-tmp-WOSzIR/code/seed-b-frontend/.angular/cache/22.1.3/seed-b-frontend/vite/deps/@angular_router.js","/home/alex/dev/Bachelor/bmad-vergleichsstudie/.lizard-tmp-WOSzIR/code/seed-b-frontend/.angular/cache/22.1.3/seed-b-frontend/vite/deps/@angular_router.js","(anonymous)","(anonymous)",5257,5257
3,1,16,1,3,"mapToCanActivate@5256-5258@/home/alex/dev/Bachelor/bmad-vergleichsstudie/.lizard-tmp-WOSzIR/code/seed-b-frontend/.angular/cache/22.1.3/seed-b-frontend/vite/deps/@angular_router.js","/home/alex/dev/Bachelor/bmad-vergleichsstudie/.lizard-tmp-WOSzIR/code/seed-b-frontend/.angular/cache/22.1.3/seed-b-frontend/vite/deps/@angular_router.js","mapToCanActivate","mapToCanActivate ( providers )",5256,5258
1,1,16,0,1,"(anonymous)@5260-5260@/home/alex/dev/Bachelor/bmad-vergleichsstudie/.lizard-tmp-WOSzIR/code/seed-b-frontend/.angular/cache/22.1.3/seed-b-frontend/vite/deps/@angular_router.js","/home/alex/dev/Bachelor/bmad-vergleichsstudie/.lizard-tmp-WOSzIR/code/seed-b-frontend/.angular/cache/22.1.3/seed-b-frontend/vite/deps/@angular_router.js","(anonymous)","(anonymous)",5260,5260
3,1,16,1,3,"mapToCanActivateChild@5259-5261@/home/alex/dev/Bachelor/bmad-vergleichsstudie/.lizard-tmp-WOSzIR/code/seed-b-frontend/.angular/cache/22.1.3/seed-b-frontend/vite/deps/@angular_router.js","/home/alex/dev/Bachelor/bmad-vergleichsstudie/.lizard-tmp-WOSzIR/code/seed-b-frontend/.angular/cache/22.1.3/seed-b-frontend/vite/deps/@angular_router.js","mapToCanActivateChild","mapToCanActivateChild ( providers )",5259,5261
1,1,16,0,1,"(anonymous)@5263-5263@/home/alex/dev/Bachelor/bmad-vergleichsstudie/.lizard-tmp-WOSzIR/code/seed-b-frontend/.angular/cache/22.1.3/seed-b-frontend/vite/deps/@angular_router.js","/home/alex/dev/Bachelor/bmad-vergleichsstudie/.lizard-tmp-WOSzIR/code/seed-b-frontend/.angular/cache/22.1.3/seed-b-frontend/vite/deps/@angular_router.js","(anonymous)","(anonymous)",5263,5263
3,1,16,1,3,"mapToCanDeactivate@5262-5264@/home/alex/dev/Bachelor/bmad-vergleichsstudie/.lizard-tmp-WOSzIR/code/seed-b-frontend/.angular/cache/22.1.3/seed-b-frontend/vite/deps/@angular_router.js","/home/alex/dev/Bachelor/bmad-vergleichsstudie/.lizard-tmp-WOSzIR/code/seed-b-frontend/.angular/cache/22.1.3/seed-b-frontend/vite/deps/@angular_router.js","mapToCanDeactivate","mapToCanDeactivate ( providers )",5262,5264
1,1,11,0,1,"(anonymous)@5266-5266@/home/alex/dev/Bachelor/bmad-vergleichsstudie/.lizard-tmp-WOSzIR/code/seed-b-frontend/.angular/cache/22.1.3/seed-b-frontend/vite/deps/@angular_router.js","/home/alex/dev/Bachelor/bmad-vergleichsstudie/.lizard-tmp-WOSzIR/code/seed-b-frontend/.angular/cache/22.1.3/seed-b-frontend/vite/deps/@angular_router.js","(anonymous)","(anonymous)",5266,5266
3,1,12,1,3,"mapToResolve@5265-5267@/home/alex/dev/Bachelor/bmad-vergleichsstudie/.lizard-tmp-WOSzIR/code/seed-b-frontend/.angular/cache/22.1.3/seed-b-frontend/vite/deps/@angular_router.js","/home/alex/dev/Bachelor/bmad-vergleichsstudie/.lizard-tmp-WOSzIR/code/seed-b-frontend/.angular/cache/22.1.3/seed-b-frontend/vite/deps/@angular_router.js","mapToResolve","mapToResolve ( provider )",5265,5267
5,1,17,1,5,"setActiveConsumer@11-15@/home/alex/dev/Bachelor/bmad-vergleichsstudie/.lizard-tmp-WOSzIR/code/seed-b-frontend/.angular/cache/22.1.3/seed-b-frontend/vite/deps/core-l1vVDnYc.js","/home/alex/dev/Bachelor/bmad-vergleichsstudie/.lizard-tmp-WOSzIR/code/seed-b-frontend/.angular/cache/22.1.3/seed-b-frontend/vite/deps/core-l1vVDnYc.js","setActiveConsumer","setActiveConsumer ( consumer )",11,15
3,1,7,0,3,"getActiveConsumer@16-18@/home/alex/dev/Bachelor/bmad-vergleichsstudie/.lizard-tmp-WOSzIR/code/seed-b-frontend/.angular/cache/22.1.3/seed-b-frontend/vite/deps/core-l1vVDnYc.js","/home/alex/dev/Bachelor/bmad-vergleichsstudie/.lizard-tmp-WOSzIR/code/seed-b-frontend/.angular/cache/22.1.3/seed-b-frontend/vite/deps/core-l1vVDnYc.js","getActiveConsumer","getActiveConsumer ( )",16,18
3,1,7,0,3,"isInNotificationPhase@19-21@/home/alex/dev/Bachelor/bmad-vergleichsstudie/.lizard-tmp-WOSzIR/code/seed-b-frontend/.angular/cache/22.1.3/seed-b-frontend/vite/deps/core-l1vVDnYc.js","/home/alex/dev/Bachelor/bmad-vergleichsstudie/.lizard-tmp-WOSzIR/code/seed-b-frontend/.angular/cache/22.1.3/seed-b-frontend/vite/deps/core-l1vVDnYc.js","isInNotificationPhase","isInNotificationPhase ( )",19,21
2,1,6,0,2,"producerMustRecompute@34-35@/home/alex/dev/Bachelor/bmad-vergleichsstudie/.lizard-tmp-WOSzIR/code/seed-b-frontend/.angular/cache/22.1.3/seed-b-frontend/vite/deps/core-l1vVDnYc.js","/home/alex/dev/Bachelor/bmad-vergleichsstudie/.lizard-tmp-WOSzIR/code/seed-b-frontend/.angular/cache/22.1.3/seed-b-frontend/vite/deps/core-l1vVDnYc.js","producerMustRecompute","producerMustRecompute ( )",34,35
1,1,5,0,1,"producerRecomputeValue@35-35@/home/alex/dev/Bachelor/bmad-vergleichsstudie/.lizard-tmp-WOSzIR/code/seed-b-frontend/.angular/cache/22.1.3/seed-b-frontend/vite/deps/core-l1vVDnYc.js","/home/alex/dev/Bachelor/bmad-vergleichsstudie/.lizard-tmp-WOSzIR/code/seed-b-frontend/.angular/cache/22.1.3/seed-b-frontend/vite/deps/core-l1vVDnYc.js","producerRecomputeValue","producerRecomputeValue ( )",35,35
1,1,5,0,1,"consumerMarkedDirty@36-36@/home/alex/dev/Bachelor/bmad-vergleichsstudie/.lizard-tmp-WOSzIR/code/seed-b-frontend/.angular/cache/22.1.3/seed-b-frontend/vite/deps/core-l1vVDnYc.js","/home/alex/dev/Bachelor/bmad-vergleichsstudie/.lizard-tmp-WOSzIR/code/seed-b-frontend/.angular/cache/22.1.3/seed-b-frontend/vite/deps/core-l1vVDnYc.js","consumerMarkedDirty","consumerMarkedDirty ( )",36,36
1,1,5,0,1,"consumerOnSignalRead@37-37@/home/alex/dev/Bachelor/bmad-vergleichsstudie/.lizard-tmp-WOSzIR/code/seed-b-frontend/.angular/cache/22.1.3/seed-b-frontend/vite/deps/core-l1vVDnYc.js","/home/alex/dev/Bachelor/bmad-vergleichsstudie/.lizard-tmp-WOSzIR/code/seed-b-frontend/.angular/cache/22.1.3/seed-b-frontend/vite/deps/core-l1vVDnYc.js","consumerOnSignalRead","consumerOnSignalRead ( )",37,37
34,17,250,1,34,"producerAccessed@39-72@/home/alex/dev/Bachelor/bmad-vergleichsstudie/.lizard-tmp-WOSzIR/code/seed-b-frontend/.angular/cache/22.1.3/seed-b-frontend/vite/deps/core-l1vVDnYc.js","/home/alex/dev/Bachelor/bmad-vergleichsstudie/.lizard-tmp-WOSzIR/code/seed-b-frontend/.angular/cache/22.1.3/seed-b-frontend/vite/deps/core-l1vVDnYc.js","producerAccessed","producerAccessed ( node )",39,72
3,1,7,0,3,"producerIncrementEpoch@73-75@/home/alex/dev/Bachelor/bmad-vergleichsstudie/.lizard-tmp-WOSzIR/code/seed-b-frontend/.angular/cache/22.1.3/seed-b-frontend/vite/deps/core-l1vVDnYc.js","/home/alex/dev/Bachelor/bmad-vergleichsstudie/.lizard-tmp-WOSzIR/code/seed-b-frontend/.angular/cache/22.1.3/seed-b-frontend/vite/deps/core-l1vVDnYc.js","producerIncrementEpoch","producerIncrementEpoch ( )",73,75
10,7,71,1,10,"producerUpdateValueVersion@76-85@/home/alex/dev/Bachelor/bmad-vergleichsstudie/.lizard-tmp-WOSzIR/code/seed-b-frontend/.angular/cache/22.1.3/seed-b-frontend/vite/deps/core-l1vVDnYc.js","/home/alex/dev/Bachelor/bmad-vergleichsstudie/.lizard-tmp-WOSzIR/code/seed-b-frontend/.angular/cache/22.1.3/seed-b-frontend/vite/deps/core-l1vVDnYc.js","producerUpdateValueVersion","producerUpdateValueVersion ( node )",76,85
13,4,76,1,13,"producerNotifyConsumers@86-98@/home/alex/dev/Bachelor/bmad-vergleichsstudie/.lizard-tmp-WOSzIR/code/seed-b-frontend/.angular/cache/22.1.3/seed-b-frontend/vite/deps/core-l1vVDnYc.js","/home/alex/dev/Bachelor/bmad-vergleichsstudie/.lizard-tmp-WOSzIR/code/seed-b-frontend/.angular/cache/22.1.3/seed-b-frontend/vite/deps/core-l1vVDnYc.js","producerNotifyConsumers","producerNotifyConsumers ( node )",86,98
3,1,11,0,3,"producerUpdatesAllowed@99-101@/home/alex/dev/Bachelor/bmad-vergleichsstudie/.lizard-tmp-WOSzIR/code/seed-b-frontend/.angular/cache/22.1.3/seed-b-frontend/vite/deps/core-l1vVDnYc.js","/home/alex/dev/Bachelor/bmad-vergleichsstudie/.lizard-tmp-WOSzIR/code/seed-b-frontend/.angular/cache/22.1.3/seed-b-frontend/vite/deps/core-l1vVDnYc.js","producerUpdatesAllowed","producerUpdatesAllowed ( )",99,101
4,1,22,1,4,"consumerMarkDirty@102-105@/home/alex/dev/Bachelor/bmad-vergleichsstudie/.lizard-tmp-WOSzIR/code/seed-b-frontend/.angular/cache/22.1.3/seed-b-frontend/vite/deps/core-l1vVDnYc.js","/home/alex/dev/Bachelor/bmad-vergleichsstudie/.lizard-tmp-WOSzIR/code/seed-b-frontend/.angular/cache/22.1.3/seed-b-frontend/vite/deps/core-l1vVDnYc.js","consumerMarkDirty","consumerMarkDirty ( node )",102,105
4,1,17,1,4,"producerMarkClean@107-110@/home/alex/dev/Bachelor/bmad-vergleichsstudie/.lizard-tmp-WOSzIR/code/seed-b-frontend/.angular/cache/22.1.3/seed-b-frontend/vite/deps/core-l1vVDnYc.js","/home/alex/dev/Bachelor/bmad-vergleichsstudie/.lizard-tmp-WOSzIR/code/seed-b-frontend/.angular/cache/22.1.3/seed-b-frontend/vite/deps/core-l1vVDnYc.js","producerMarkClean","producerMarkClean ( node )",107,110
4,2,20,1,4,"consumerBeforeComputation@111-114@/home/alex/dev/Bachelor/bmad-vergleichsstudie/.lizard-tmp-WOSzIR/code/seed-b-frontend/.angular/cache/22.1.3/seed-b-frontend/vite/deps/core-l1vVDnYc.js","/home/alex/dev/Bachelor/bmad-vergleichsstudie/.lizard-tmp-WOSzIR/code/seed-b-frontend/.angular/cache/22.1.3/seed-b-frontend/vite/deps/core-l1vVDnYc.js","consumerBeforeComputation","consumerBeforeComputation ( node )",111,114
11,3,58,1,11,"resetConsumerBeforeComputation@115-125@/home/alex/dev/Bachelor/bmad-vergleichsstudie/.lizard-tmp-WOSzIR/code/seed-b-frontend/.angular/cache/22.1.3/seed-b-frontend/vite/deps/core-l1vVDnYc.js","/home/alex/dev/Bachelor/bmad-vergleichsstudie/.lizard-tmp-WOSzIR/code/seed-b-frontend/.angular/cache/22.1.3/seed-b-frontend/vite/deps/core-l1vVDnYc.js","resetConsumerBeforeComputation","resetConsumerBeforeComputation ( node )",115,125
4,2,21,2,4,"consumerAfterComputation@126-129@/home/alex/dev/Bachelor/bmad-vergleichsstudie/.lizard-tmp-WOSzIR/code/seed-b-frontend/.angular/cache/22.1.3/seed-b-frontend/vite/deps/core-l1vVDnYc.js","/home/alex/dev/Bachelor/bmad-vergleichsstudie/.lizard-tmp-WOSzIR/code/seed-b-frontend/.angular/cache/22.1.3/seed-b-frontend/vite/deps/core-l1vVDnYc.js","consumerAfterComputation","consumerAfterComputation ( node , prevConsumer )",126,129
12,6,88,1,12,"finalizeConsumerAfterComputation@130-141@/home/alex/dev/Bachelor/bmad-vergleichsstudie/.lizard-tmp-WOSzIR/code/seed-b-frontend/.angular/cache/22.1.3/seed-b-frontend/vite/deps/core-l1vVDnYc.js","/home/alex/dev/Bachelor/bmad-vergleichsstudie/.lizard-tmp-WOSzIR/code/seed-b-frontend/.angular/cache/22.1.3/seed-b-frontend/vite/deps/core-l1vVDnYc.js","finalizeConsumerAfterComputation","finalizeConsumerAfterComputation ( node )",130,141
10,4,71,1,10,"consumerPollProducersForChange@142-151@/home/alex/dev/Bachelor/bmad-vergleichsstudie/.lizard-tmp-WOSzIR/code/seed-b-frontend/.angular/cache/22.1.3/seed-b-frontend/vite/deps/core-l1vVDnYc.js","/home/alex/dev/Bachelor/bmad-vergleichsstudie/.lizard-tmp-WOSzIR/code/seed-b-frontend/.angular/cache/22.1.3/seed-b-frontend/vite/deps/core-l1vVDnYc.js","consumerPollProducersForChange","consumerPollProducersForChange ( node )",142,151
10,3,63,1,10,"consumerDestroy@152-161@/home/alex/dev/Bachelor/bmad-vergleichsstudie/.lizard-tmp-WOSzIR/code/seed-b-frontend/.angular/cache/22.1.3/seed-b-frontend/vite/deps/core-l1vVDnYc.js","/home/alex/dev/Bachelor/bmad-vergleichsstudie/.lizard-tmp-WOSzIR/code/seed-b-frontend/.angular/cache/22.1.3/seed-b-frontend/vite/deps/core-l1vVDnYc.js","consumerDestroy","consumerDestroy ( node )",152,161
14,4,107,2,14,"producerAddLiveConsumer@162-175@/home/alex/dev/Bachelor/bmad-vergleichsstudie/.lizard-tmp-WOSzIR/code/seed-b-frontend/.angular/cache/22.1.3/seed-b-frontend/vite/deps/core-l1vVDnYc.js","/home/alex/dev/Bachelor/bmad-vergleichsstudie/.lizard-tmp-WOSzIR/code/seed-b-frontend/.angular/cache/22.1.3/seed-b-frontend/vite/deps/core-l1vVDnYc.js","producerAddLiveConsumer","producerAddLiveConsumer ( node , link )",162,175
19,5,123,1,19,"producerRemoveLiveConsumerLink@176-194@/home/alex/dev/Bachelor/bmad-vergleichsstudie/.lizard-tmp-WOSzIR/code/seed-b-frontend/.angular/cache/22.1.3/seed-b-frontend/vite/deps/core-l1vVDnYc.js","/home/alex/dev/Bachelor/bmad-vergleichsstudie/.lizard-tmp-WOSzIR/code/seed-b-frontend/.angular/cache/22.1.3/seed-b-frontend/vite/deps/core-l1vVDnYc.js","producerRemoveLiveConsumerLink","producerRemoveLiveConsumerLink ( link )",176,194
3,2,17,1,3,"consumerIsLive@195-197@/home/alex/dev/Bachelor/bmad-vergleichsstudie/.lizard-tmp-WOSzIR/code/seed-b-frontend/.angular/cache/22.1.3/seed-b-frontend/vite/deps/core-l1vVDnYc.js","/home/alex/dev/Bachelor/bmad-vergleichsstudie/.lizard-tmp-WOSzIR/code/seed-b-frontend/.angular/cache/22.1.3/seed-b-frontend/vite/deps/core-l1vVDnYc.js","consumerIsLive","consumerIsLive ( node )",195,197
3,1,17,2,3,"defaultEquals@198-200@/home/alex/dev/Bachelor/bmad-vergleichsstudie/.lizard-tmp-WOSzIR/code/seed-b-frontend/.angular/cache/22.1.3/seed-b-frontend/vite/deps/core-l1vVDnYc.js","/home/alex/dev/Bachelor/bmad-vergleichsstudie/.lizard-tmp-WOSzIR/code/seed-b-frontend/.angular/cache/22.1.3/seed-b-frontend/vite/deps/core-l1vVDnYc.js","defaultEquals","defaultEquals ( a , b )",198,200
6,2,33,0,6,"computed@205-210@/home/alex/dev/Bachelor/bmad-vergleichsstudie/.lizard-tmp-WOSzIR/code/seed-b-frontend/.angular/cache/22.1.3/seed-b-frontend/vite/deps/core-l1vVDnYc.js","/home/alex/dev/Bachelor/bmad-vergleichsstudie/.lizard-tmp-WOSzIR/code/seed-b-frontend/.angular/cache/22.1.3/seed-b-frontend/vite/deps/core-l1vVDnYc.js","computed","computed ( )",205,210
1,1,12,0,1,"computed.toString@212-212@/home/alex/dev/Bachelor/bmad-vergleichsstudie/.lizard-tmp-WOSzIR/code/seed-b-frontend/.angular/cache/22.1.3/seed-b-frontend/vite/deps/core-l1vVDnYc.js","/home/alex/dev/Bachelor/bmad-vergleichsstudie/.lizard-tmp-WOSzIR/code/seed-b-frontend/.angular/cache/22.1.3/seed-b-frontend/vite/deps/core-l1vVDnYc.js","computed.toString","computed.toString",212,212
9,4,68,2,14,"createComputed@201-214@/home/alex/dev/Bachelor/bmad-vergleichsstudie/.lizard-tmp-WOSzIR/code/seed-b-frontend/.angular/cache/22.1.3/seed-b-frontend/vite/deps/core-l1vVDnYc.js","/home/alex/dev/Bachelor/bmad-vergleichsstudie/.lizard-tmp-WOSzIR/code/seed-b-frontend/.angular/cache/22.1.3/seed-b-frontend/vite/deps/core-l1vVDnYc.js","createComputed","createComputed ( computation , equal )",201,214
3,2,18,1,3,"producerMustRecompute@226-228@/home/alex/dev/Bachelor/bmad-vergleichsstudie/.lizard-tmp-WOSzIR/code/seed-b-frontend/.angular/cache/22.1.3/seed-b-frontend/vite/deps/core-l1vVDnYc.js","/home/alex/dev/Bachelor/bmad-vergleichsstudie/.lizard-tmp-WOSzIR/code/seed-b-frontend/.angular/cache/22.1.3/seed-b-frontend/vite/deps/core-l1vVDnYc.js","producerMustRecompute","producerMustRecompute ( node )",226,228
24,9,143,1,24,"producerRecomputeValue@229-252@/home/alex/dev/Bachelor/bmad-vergleichsstudie/.lizard-tmp-WOSzIR/code/seed-b-frontend/.angular/cache/22.1.3/seed-b-frontend/vite/deps/core-l1vVDnYc.js","/home/alex/dev/Bachelor/bmad-vergleichsstudie/.lizard-tmp-WOSzIR/code/seed-b-frontend/.angular/cache/22.1.3/seed-b-frontend/vite/deps/core-l1vVDnYc.js","producerRecomputeValue","producerRecomputeValue ( node )",229,252
12,1,38,0,37,"COMPUTED_NODE@218-254@/home/alex/dev/Bachelor/bmad-vergleichsstudie/.lizard-tmp-WOSzIR/code/seed-b-frontend/.angular/cache/22.1.3/seed-b-frontend/vite/deps/core-l1vVDnYc.js","/home/alex/dev/Bachelor/bmad-vergleichsstudie/.lizard-tmp-WOSzIR/code/seed-b-frontend/.angular/cache/22.1.3/seed-b-frontend/vite/deps/core-l1vVDnYc.js","COMPUTED_NODE","COMPUTED_NODE ( ( )",218,254
3,1,10,0,3,"defaultThrowError@255-257@/home/alex/dev/Bachelor/bmad-vergleichsstudie/.lizard-tmp-WOSzIR/code/seed-b-frontend/.angular/cache/22.1.3/seed-b-frontend/vite/deps/core-l1vVDnYc.js","/home/alex/dev/Bachelor/bmad-vergleichsstudie/.lizard-tmp-WOSzIR/code/seed-b-frontend/.angular/cache/22.1.3/seed-b-frontend/vite/deps/core-l1vVDnYc.js","defaultThrowError","defaultThrowError ( )",255,257
3,1,10,1,3,"throwInvalidWriteToSignalError@259-261@/home/alex/dev/Bachelor/bmad-vergleichsstudie/.lizard-tmp-WOSzIR/code/seed-b-frontend/.angular/cache/22.1.3/seed-b-frontend/vite/deps/core-l1vVDnYc.js","/home/alex/dev/Bachelor/bmad-vergleichsstudie/.lizard-tmp-WOSzIR/code/seed-b-frontend/.angular/cache/22.1.3/seed-b-frontend/vite/deps/core-l1vVDnYc.js","throwInvalidWriteToSignalError","throwInvalidWriteToSignalError ( node )",259,261
3,1,9,1,3,"setThrowInvalidWriteToSignalError@262-264@/home/alex/dev/Bachelor/bmad-vergleichsstudie/.lizard-tmp-WOSzIR/code/seed-b-frontend/.angular/cache/22.1.3/seed-b-frontend/vite/deps/core-l1vVDnYc.js","/home/alex/dev/Bachelor/bmad-vergleichsstudie/.lizard-tmp-WOSzIR/code/seed-b-frontend/.angular/cache/22.1.3/seed-b-frontend/vite/deps/core-l1vVDnYc.js","setThrowInvalidWriteToSignalError","setThrowInvalidWriteToSignalError ( fn )",262,264
1,1,8,0,1,"getter@270-270@/home/alex/dev/Bachelor/bmad-vergleichsstudie/.lizard-tmp-WOSzIR/code/seed-b-frontend/.angular/cache/22.1.3/seed-b-frontend/vite/deps/core-l1vVDnYc.js","/home/alex/dev/Bachelor/bmad-vergleichsstudie/.lizard-tmp-WOSzIR/code/seed-b-frontend/.angular/cache/22.1.3/seed-b-frontend/vite/deps/core-l1vVDnYc.js","getter","getter ( )",270,270
1,1,12,0,1,"getter.toString@272-272@/home/alex/dev/Bachelor/bmad-vergleichsstudie/.lizard-tmp-WOSzIR/code/seed-b-frontend/.angular/cache/22.1.3/seed-b-frontend/vite/deps/core-l1vVDnYc.js","/home/alex/dev/Bachelor/bmad-vergleichsstudie/.lizard-tmp-WOSzIR/code/seed-b-frontend/.angular/cache/22.1.3/seed-b-frontend/vite/deps/core-l1vVDnYc.js","getter.toString","getter.toString",272,272
1,1,11,1,1,"set@273-273@/home/alex/dev/Bachelor/bmad-vergleichsstudie/.lizard-tmp-WOSzIR/code/seed-b-frontend/.angular/cache/22.1.3/seed-b-frontend/vite/deps/core-l1vVDnYc.js","/home/alex/dev/Bachelor/bmad-vergleichsstudie/.lizard-tmp-WOSzIR/code/seed-b-frontend/.angular/cache/22.1.3/seed-b-frontend/vite/deps/core-l1vVDnYc.js","set","set ( newValue )",273,273
1,1,11,1,1,"update@274-274@/home/alex/dev/Bachelor/bmad-vergleichsstudie/.lizard-tmp-WOSzIR/code/seed-b-frontend/.angular/cache/22.1.3/seed-b-frontend/vite/deps/core-l1vVDnYc.js","/home/alex/dev/Bachelor/bmad-vergleichsstudie/.lizard-tmp-WOSzIR/code/seed-b-frontend/.angular/cache/22.1.3/seed-b-frontend/vite/deps/core-l1vVDnYc.js","update","update ( updateFn )",274,274
15,4,81,2,15,"createSignal@266-280@/home/alex/dev/Bachelor/bmad-vergleichsstudie/.lizard-tmp-WOSzIR/code/seed-b-frontend/.angular/cache/22.1.3/seed-b-frontend/vite/deps/core-l1vVDnYc.js","/home/alex/dev/Bachelor/bmad-vergleichsstudie/.lizard-tmp-WOSzIR/code/seed-b-frontend/.angular/cache/22.1.3/seed-b-frontend/vite/deps/core-l1vVDnYc.js","createSignal","createSignal ( initialValue , equal )",266,280
4,1,15,1,4,"signalGetFn@281-284@/home/alex/dev/Bachelor/bmad-vergleichsstudie/.lizard-tmp-WOSzIR/code/seed-b-frontend/.angular/cache/22.1.3/seed-b-frontend/vite/deps/core-l1vVDnYc.js","/home/alex/dev/Bachelor/bmad-vergleichsstudie/.lizard-tmp-WOSzIR/code/seed-b-frontend/.angular/cache/22.1.3/seed-b-frontend/vite/deps/core-l1vVDnYc.js","signalGetFn","signalGetFn ( node )",281,284
7,3,46,2,7,"signalSetFn@285-291@/home/alex/dev/Bachelor/bmad-vergleichsstudie/.lizard-tmp-WOSzIR/code/seed-b-frontend/.angular/cache/22.1.3/seed-b-frontend/vite/deps/core-l1vVDnYc.js","/home/alex/dev/Bachelor/bmad-vergleichsstudie/.lizard-tmp-WOSzIR/code/seed-b-frontend/.angular/cache/22.1.3/seed-b-frontend/vite/deps/core-l1vVDnYc.js","signalSetFn","signalSetFn ( node , newValue )",285,291
4,2,31,2,4,"signalUpdateFn@292-295@/home/alex/dev/Bachelor/bmad-vergleichsstudie/.lizard-tmp-WOSzIR/code/seed-b-frontend/.angular/cache/22.1.3/seed-b-frontend/vite/deps/core-l1vVDnYc.js","/home/alex/dev/Bachelor/bmad-vergleichsstudie/.lizard-tmp-WOSzIR/code/seed-b-frontend/.angular/cache/22.1.3/seed-b-frontend/vite/deps/core-l1vVDnYc.js","signalUpdateFn","signalUpdateFn ( node , updater )",292,295
8,1,25,0,8,"SIGNAL_NODE@296-303@/home/alex/dev/Bachelor/bmad-vergleichsstudie/.lizard-tmp-WOSzIR/code/seed-b-frontend/.angular/cache/22.1.3/seed-b-frontend/vite/deps/core-l1vVDnYc.js","/home/alex/dev/Bachelor/bmad-vergleichsstudie/.lizard-tmp-WOSzIR/code/seed-b-frontend/.angular/cache/22.1.3/seed-b-frontend/vite/deps/core-l1vVDnYc.js","SIGNAL_NODE","SIGNAL_NODE ( ( )",296,303
5,1,23,1,5,"signalValueChanged@304-308@/home/alex/dev/Bachelor/bmad-vergleichsstudie/.lizard-tmp-WOSzIR/code/seed-b-frontend/.angular/cache/22.1.3/seed-b-frontend/vite/deps/core-l1vVDnYc.js","/home/alex/dev/Bachelor/bmad-vergleichsstudie/.lizard-tmp-WOSzIR/code/seed-b-frontend/.angular/cache/22.1.3/seed-b-frontend/vite/deps/core-l1vVDnYc.js","signalValueChanged","signalValueChanged ( node )",304,308
7,1,27,0,7,"BASE_EFFECT_NODE@310-316@/home/alex/dev/Bachelor/bmad-vergleichsstudie/.lizard-tmp-WOSzIR/code/seed-b-frontend/.angular/cache/22.1.3/seed-b-frontend/vite/deps/core-l1vVDnYc.js","/home/alex/dev/Bachelor/bmad-vergleichsstudie/.lizard-tmp-WOSzIR/code/seed-b-frontend/.angular/cache/22.1.3/seed-b-frontend/vite/deps/core-l1vVDnYc.js","BASE_EFFECT_NODE","BASE_EFFECT_NODE ( ( )",310,316
12,3,60,1,12,"runEffect@317-328@/home/alex/dev/Bachelor/bmad-vergleichsstudie/.lizard-tmp-WOSzIR/code/seed-b-frontend/.angular/cache/22.1.3/seed-b-frontend/vite/deps/core-l1vVDnYc.js","/home/alex/dev/Bachelor/bmad-vergleichsstudie/.lizard-tmp-WOSzIR/code/seed-b-frontend/.angular/cache/22.1.3/seed-b-frontend/vite/deps/core-l1vVDnYc.js","runEffect","runEffect ( node )",317,328
3,1,7,0,3,"getCurrentInjector@337-339@/home/alex/dev/Bachelor/bmad-vergleichsstudie/.lizard-tmp-WOSzIR/code/seed-b-frontend/.angular/cache/22.1.3/seed-b-frontend/vite/deps/core-l1vVDnYc.js","/home/alex/dev/Bachelor/bmad-vergleichsstudie/.lizard-tmp-WOSzIR/code/seed-b-frontend/.angular/cache/22.1.3/seed-b-frontend/vite/deps/core-l1vVDnYc.js","getCurrentInjector","getCurrentInjector ( )",337,339
5,1,17,1,5,"setCurrentInjector@340-344@/home/alex/dev/Bachelor/bmad-vergleichsstudie/.lizard-tmp-WOSzIR/code/seed-b-frontend/.angular/cache/22.1.3/seed-b-frontend/vite/deps/core-l1vVDnYc.js","/home/alex/dev/Bachelor/bmad-vergleichsstudie/.lizard-tmp-WOSzIR/code/seed-b-frontend/.angular/cache/22.1.3/seed-b-frontend/vite/deps/core-l1vVDnYc.js","setCurrentInjector","setCurrentInjector ( injector )",340,344
3,2,17,1,3,"isNotFound@346-348@/home/alex/dev/Bachelor/bmad-vergleichsstudie/.lizard-tmp-WOSzIR/code/seed-b-frontend/.angular/cache/22.1.3/seed-b-frontend/vite/deps/core-l1vVDnYc.js","/home/alex/dev/Bachelor/bmad-vergleichsstudie/.lizard-tmp-WOSzIR/code/seed-b-frontend/.angular/cache/22.1.3/seed-b-frontend/vite/deps/core-l1vVDnYc.js","isNotFound","isNotFound ( e )",346,348
6,2,33,0,6,"linkedSignalGetter@361-366@/home/alex/dev/Bachelor/bmad-vergleichsstudie/.lizard-tmp-WOSzIR/code/seed-b-frontend/.angular/cache/22.1.3/seed-b-frontend/vite/deps/core-l1vVDnYc.js","/home/alex/dev/Bachelor/bmad-vergleichsstudie/.lizard-tmp-WOSzIR/code/seed-b-frontend/.angular/cache/22.1.3/seed-b-frontend/vite/deps/core-l1vVDnYc.js","linkedSignalGetter","linkedSignalGetter ( )",361,366
1,1,12,0,1,"getter.toString@369-369@/home/alex/dev/Bachelor/bmad-vergleichsstudie/.lizard-tmp-WOSzIR/code/seed-b-frontend/.angular/cache/22.1.3/seed-b-frontend/vite/deps/core-l1vVDnYc.js","/home/alex/dev/Bachelor/bmad-vergleichsstudie/.lizard-tmp-WOSzIR/code/seed-b-frontend/.angular/cache/22.1.3/seed-b-frontend/vite/deps/core-l1vVDnYc.js","getter.toString","getter.toString",369,369
11,4,81,3,16,"createLinkedSignal@356-371@/home/alex/dev/Bachelor/bmad-vergleichsstudie/.lizard-tmp-WOSzIR/code/seed-b-frontend/.angular/cache/22.1.3/seed-b-frontend/vite/deps/core-l1vVDnYc.js","/home/alex/dev/Bachelor/bmad-vergleichsstudie/.lizard-tmp-WOSzIR/code/seed-b-frontend/.angular/cache/22.1.3/seed-b-frontend/vite/deps/core-l1vVDnYc.js","createLinkedSignal","createLinkedSignal ( sourceFn , computationFn , equalityFn )",356,371
5,1,24,2,5,"linkedSignalSetFn@372-376@/home/alex/dev/Bachelor/bmad-vergleichsstudie/.lizard-tmp-WOSzIR/code/seed-b-frontend/.angular/cache/22.1.3/seed-b-frontend/vite/deps/core-l1vVDnYc.js","/home/alex/dev/Bachelor/bmad-vergleichsstudie/.lizard-tmp-WOSzIR/code/seed-b-frontend/.angular/cache/22.1.3/seed-b-frontend/vite/deps/core-l1vVDnYc.js","linkedSignalSetFn","linkedSignalSetFn ( node , newValue )",372,376
6,2,37,2,6,"linkedSignalUpdateFn@377-382@/home/alex/dev/Bachelor/bmad-vergleichsstudie/.lizard-tmp-WOSzIR/code/seed-b-frontend/.angular/cache/22.1.3/seed-b-frontend/vite/deps/core-l1vVDnYc.js","/home/alex/dev/Bachelor/bmad-vergleichsstudie/.lizard-tmp-WOSzIR/code/seed-b-frontend/.angular/cache/22.1.3/seed-b-frontend/vite/deps/core-l1vVDnYc.js","linkedSignalUpdateFn","linkedSignalUpdateFn ( node , updater )",377,382
3,2,18,1,3,"producerMustRecompute@391-393@/home/alex/dev/Bachelor/bmad-vergleichsstudie/.lizard-tmp-WOSzIR/code/seed-b-frontend/.angular/cache/22.1.3/seed-b-frontend/vite/deps/core-l1vVDnYc.js","/home/alex/dev/Bachelor/bmad-vergleichsstudie/.lizard-tmp-WOSzIR/code/seed-b-frontend/.angular/cache/22.1.3/seed-b-frontend/vite/deps/core-l1vVDnYc.js","producerMustRecompute","producerMustRecompute ( node )",391,393
31,10,186,1,31,"producerRecomputeValue@394-424@/home/alex/dev/Bachelor/bmad-vergleichsstudie/.lizard-tmp-WOSzIR/code/seed-b-frontend/.angular/cache/22.1.3/seed-b-frontend/vite/deps/core-l1vVDnYc.js","/home/alex/dev/Bachelor/bmad-vergleichsstudie/.lizard-tmp-WOSzIR/code/seed-b-frontend/.angular/cache/22.1.3/seed-b-frontend/vite/deps/core-l1vVDnYc.js","producerRecomputeValue","producerRecomputeValue ( node )",394,424
12,1,38,0,44,"LINKED_SIGNAL_NODE@383-426@/home/alex/dev/Bachelor/bmad-vergleichsstudie/.lizard-tmp-WOSzIR/code/seed-b-frontend/.angular/cache/22.1.3/seed-b-frontend/vite/deps/core-l1vVDnYc.js","/home/alex/dev/Bachelor/bmad-vergleichsstudie/.lizard-tmp-WOSzIR/code/seed-b-frontend/.angular/cache/22.1.3/seed-b-frontend/vite/deps/core-l1vVDnYc.js","LINKED_SIGNAL_NODE","LINKED_SIGNAL_NODE ( ( )",383,426
8,1,26,1,8,"$1@427-434@/home/alex/dev/Bachelor/bmad-vergleichsstudie/.lizard-tmp-WOSzIR/code/seed-b-frontend/.angular/cache/22.1.3/seed-b-frontend/vite/deps/core-l1vVDnYc.js","/home/alex/dev/Bachelor/bmad-vergleichsstudie/.lizard-tmp-WOSzIR/code/seed-b-frontend/.angular/cache/22.1.3/seed-b-frontend/vite/deps/core-l1vVDnYc.js","$1","$1 ( nonReactiveReadsFn )",427,434
1,1,5,1,1,"setAlternateWeakRefImpl@442-442@/home/alex/dev/Bachelor/bmad-vergleichsstudie/.lizard-tmp-WOSzIR/code/seed-b-frontend/.angular/cache/22.1.3/seed-b-frontend/vite/deps/core-l1vVDnYc.js","/home/alex/dev/Bachelor/bmad-vergleichsstudie/.lizard-tmp-WOSzIR/code/seed-b-frontend/.angular/cache/22.1.3/seed-b-frontend/vite/deps/core-l1vVDnYc.js","setAlternateWeakRefImpl","setAlternateWeakRefImpl ( impl )",442,442
47,13,270,2,47,"header@451-497@/home/alex/dev/Bachelor/bmad-vergleichsstudie/.lizard-tmp-WOSzIR/code/seed-b-frontend/.angular/cache/22.1.3/seed-b-frontend/vite/deps/core-l1vVDnYc.js","/home/alex/dev/Bachelor/bmad-vergleichsstudie/.lizard-tmp-WOSzIR/code/seed-b-frontend/.angular/cache/22.1.3/seed-b-frontend/vite/deps/core-l1vVDnYc.js","header","header ( sig , config )",451,497
3,1,14,0,3,"ERROR_DETAILS_PAGE_BASE_URL@1560-1562@/home/alex/dev/Bachelor/bmad-vergleichsstudie/.lizard-tmp-WOSzIR/code/seed-b-frontend/.angular/cache/22.1.3/seed-b-frontend/vite/deps/core-l1vVDnYc.js","/home/alex/dev/Bachelor/bmad-vergleichsstudie/.lizard-tmp-WOSzIR/code/seed-b-frontend/.angular/cache/22.1.3/seed-b-frontend/vite/deps/core-l1vVDnYc.js","ERROR_DETAILS_PAGE_BASE_URL","ERROR_DETAILS_PAGE_BASE_URL ( ( )",1560,1562
4,1,23,2,4,"constructor@1566-1569@/home/alex/dev/Bachelor/bmad-vergleichsstudie/.lizard-tmp-WOSzIR/code/seed-b-frontend/.angular/cache/22.1.3/seed-b-frontend/vite/deps/core-l1vVDnYc.js","/home/alex/dev/Bachelor/bmad-vergleichsstudie/.lizard-tmp-WOSzIR/code/seed-b-frontend/.angular/cache/22.1.3/seed-b-frontend/vite/deps/core-l1vVDnYc.js","constructor","constructor ( code , message )",1566,1569
3,1,13,1,3,"formatRuntimeErrorCode@1571-1573@/home/alex/dev/Bachelor/bmad-vergleichsstudie/.lizard-tmp-WOSzIR/code/seed-b-frontend/.angular/cache/22.1.3/seed-b-frontend/vite/deps/core-l1vVDnYc.js","/home/alex/dev/Bachelor/bmad-vergleichsstudie/.lizard-tmp-WOSzIR/code/seed-b-frontend/.angular/cache/22.1.3/seed-b-frontend/vite/deps/core-l1vVDnYc.js","formatRuntimeErrorCode","formatRuntimeErrorCode ( code )",1571,1573
4,5,39,1,4,"getClosureSafeProperty@1583-1586@/home/alex/dev/Bachelor/bmad-vergleichsstudie/.lizard-tmp-WOSzIR/code/seed-b-frontend/.angular/cache/22.1.3/seed-b-frontend/vite/deps/core-l1vVDnYc.js","/home/alex/dev/Bachelor/bmad-vergleichsstudie/.lizard-tmp-WOSzIR/code/seed-b-frontend/.angular/cache/22.1.3/seed-b-frontend/vite/deps/core-l1vVDnYc.js","getClosureSafeProperty","getClosureSafeProperty ( objWithPropertyToExtract )",1583,1586
3,4,41,2,3,"fillProperties@1587-1589@/home/alex/dev/Bachelor/bmad-vergleichsstudie/.lizard-tmp-WOSzIR/code/seed-b-frontend/.angular/cache/22.1.3/seed-b-frontend/vite/deps/core-l1vVDnYc.js","/home/alex/dev/Bachelor/bmad-vergleichsstudie/.lizard-tmp-WOSzIR/code/seed-b-frontend/.angular/cache/22.1.3/seed-b-frontend/vite/deps/core-l1vVDnYc.js","fillProperties","fillProperties ( target , source )",1587,1589
11,8,112,1,11,"stringify@1590-1600@/home/alex/dev/Bachelor/bmad-vergleichsstudie/.lizard-tmp-WOSzIR/code/seed-b-frontend/.angular/cache/22.1.3/seed-b-frontend/vite/deps/core-l1vVDnYc.js","/home/alex/dev/Bachelor/bmad-vergleichsstudie/.lizard-tmp-WOSzIR/code/seed-b-frontend/.angular/cache/22.1.3/seed-b-frontend/vite/deps/core-l1vVDnYc.js","stringify","stringify ( token )",1590,1600
5,4,36,2,5,"concatStringsWithSpace@1601-1605@/home/alex/dev/Bachelor/bmad-vergleichsstudie/.lizard-tmp-WOSzIR/code/seed-b-frontend/.angular/cache/22.1.3/seed-b-frontend/vite/deps/core-l1vVDnYc.js","/home/alex/dev/Bachelor/bmad-vergleichsstudie/.lizard-tmp-WOSzIR/code/seed-b-frontend/.angular/cache/22.1.3/seed-b-frontend/vite/deps/core-l1vVDnYc.js","concatStringsWithSpace","concatStringsWithSpace ( before , after )",1601,1605
6,5,80,2,6,"truncateMiddle@1606-1611@/home/alex/dev/Bachelor/bmad-vergleichsstudie/.lizard-tmp-WOSzIR/code/seed-b-frontend/.angular/cache/22.1.3/seed-b-frontend/vite/deps/core-l1vVDnYc.js","/home/alex/dev/Bachelor/bmad-vergleichsstudie/.lizard-tmp-WOSzIR/code/seed-b-frontend/.angular/cache/22.1.3/seed-b-frontend/vite/deps/core-l1vVDnYc.js","truncateMiddle","truncateMiddle ( str , maxLength )",1606,1611
3,1,12,0,3,"forwardRefFn.toString@1615-1617@/home/alex/dev/Bachelor/bmad-vergleichsstudie/.lizard-tmp-WOSzIR/code/seed-b-frontend/.angular/cache/22.1.3/seed-b-frontend/vite/deps/core-l1vVDnYc.js","/home/alex/dev/Bachelor/bmad-vergleichsstudie/.lizard-tmp-WOSzIR/code/seed-b-frontend/.angular/cache/22.1.3/seed-b-frontend/vite/deps/core-l1vVDnYc.js","forwardRefFn.toString","forwardRefFn.toString ( )",1615,1617
5,2,25,1,7,"forwardRef@1613-1619@/home/alex/dev/Bachelor/bmad-vergleichsstudie/.lizard-tmp-WOSzIR/code/seed-b-frontend/.angular/cache/22.1.3/seed-b-frontend/vite/deps/core-l1vVDnYc.js","/home/alex/dev/Bachelor/bmad-vergleichsstudie/.lizard-tmp-WOSzIR/code/seed-b-frontend/.angular/cache/22.1.3/seed-b-frontend/vite/deps/core-l1vVDnYc.js","forwardRef","forwardRef ( forwardRefFn )",1613,1619
2,2,13,1,2,"resolveForwardRef@1620-1621@/home/alex/dev/Bachelor/bmad-vergleichsstudie/.lizard-tmp-WOSzIR/code/seed-b-frontend/.angular/cache/22.1.3/seed-b-frontend/vite/deps/core-l1vVDnYc.js","/home/alex/dev/Bachelor/bmad-vergleichsstudie/.lizard-tmp-WOSzIR/code/seed-b-frontend/.angular/cache/22.1.3/seed-b-frontend/vite/deps/core-l1vVDnYc.js","resolveForwardRef","resolveForwardRef ( type )",1620,1621
18,4,110,2,49,"formatRuntimeError@1574-1622@/home/alex/dev/Bachelor/bmad-vergleichsstudie/.lizard-tmp-WOSzIR/code/seed-b-frontend/.angular/cache/22.1.3/seed-b-frontend/vite/deps/core-l1vVDnYc.js","/home/alex/dev/Bachelor/bmad-vergleichsstudie/.lizard-tmp-WOSzIR/code/seed-b-frontend/.angular/cache/22.1.3/seed-b-frontend/vite/deps/core-l1vVDnYc.js","formatRuntimeError","formatRuntimeError ( code , message )",1574,1622
3,3,24,1,3,"isForwardRef@1623-1625@/home/alex/dev/Bachelor/bmad-vergleichsstudie/.lizard-tmp-WOSzIR/code/seed-b-frontend/.angular/cache/22.1.3/seed-b-frontend/vite/deps/core-l1vVDnYc.js","/home/alex/dev/Bachelor/bmad-vergleichsstudie/.lizard-tmp-WOSzIR/code/seed-b-frontend/.angular/cache/22.1.3/seed-b-frontend/vite/deps/core-l1vVDnYc.js","isForwardRef","isForwardRef ( fn )",1623,1625
3,2,29,2,3,"assertNumber@1626-1628@/home/alex/dev/Bachelor/bmad-vergleichsstudie/.lizard-tmp-WOSzIR/code/seed-b-frontend/.angular/cache/22.1.3/seed-b-frontend/vite/deps/core-l1vVDnYc.js","/home/alex/dev/Bachelor/bmad-vergleichsstudie/.lizard-tmp-WOSzIR/code/seed-b-frontend/.angular/cache/22.1.3/seed-b-frontend/vite/deps/core-l1vVDnYc.js","assertNumber","assertNumber ( actual , msg )",1626,1628
5,1,34,3,5,"assertNumberInRange@1629-1633@/home/alex/dev/Bachelor/bmad-vergleichsstudie/.lizard-tmp-WOSzIR/code/seed-b-frontend/.angular/cache/22.1.3/seed-b-frontend/vite/deps/core-l1vVDnYc.js","/home/alex/dev/Bachelor/bmad-vergleichsstudie/.lizard-tmp-WOSzIR/code/seed-b-frontend/.angular/cache/22.1.3/seed-b-frontend/vite/deps/core-l1vVDnYc.js","assertNumberInRange","assertNumberInRange ( actual , minInclusive , maxInclusive )",1629,1633
3,3,35,2,3,"assertString@1634-1636@/home/alex/dev/Bachelor/bmad-vergleichsstudie/.lizard-tmp-WOSzIR/code/seed-b-frontend/.angular/cache/22.1.3/seed-b-frontend/vite/deps/core-l1vVDnYc.js","/home/alex/dev/Bachelor/bmad-vergleichsstudie/.lizard-tmp-WOSzIR/code/seed-b-frontend/.angular/cache/22.1.3/seed-b-frontend/vite/deps/core-l1vVDnYc.js","assertString","assertString ( actual , msg )",1634,1636
3,3,35,2,3,"assertFunction@1637-1639@/home/alex/dev/Bachelor/bmad-vergleichsstudie/.lizard-tmp-WOSzIR/code/seed-b-frontend/.angular/cache/22.1.3/seed-b-frontend/vite/deps/core-l1vVDnYc.js","/home/alex/dev/Bachelor/bmad-vergleichsstudie/.lizard-tmp-WOSzIR/code/seed-b-frontend/.angular/cache/22.1.3/seed-b-frontend/vite/deps/core-l1vVDnYc.js","assertFunction","assertFunction ( actual , msg )",1637,1639
3,2,29,3,3,"assertEqual@1640-1642@/home/alex/dev/Bachelor/bmad-vergleichsstudie/.lizard-tmp-WOSzIR/code/seed-b-frontend/.angular/cache/22.1.3/seed-b-frontend/vite/deps/core-l1vVDnYc.js","/home/alex/dev/Bachelor/bmad-vergleichsstudie/.lizard-tmp-WOSzIR/code/seed-b-frontend/.angular/cache/22.1.3/seed-b-frontend/vite/deps/core-l1vVDnYc.js","assertEqual","assertEqual ( actual , expected , msg )",1640,1642
3,2,29,3,3,"assertNotEqual@1643-1645@/home/alex/dev/Bachelor/bmad-vergleichsstudie/.lizard-tmp-WOSzIR/code/seed-b-frontend/.angular/cache/22.1.3/seed-b-frontend/vite/deps/core-l1vVDnYc.js","/home/alex/dev/Bachelor/bmad-vergleichsstudie/.lizard-tmp-WOSzIR/code/seed-b-frontend/.angular/cache/22.1.3/seed-b-frontend/vite/deps/core-l1vVDnYc.js","assertNotEqual","assertNotEqual ( actual , expected , msg )",1643,1645
3,2,29,3,3,"assertSame@1646-1648@/home/alex/dev/Bachelor/bmad-vergleichsstudie/.lizard-tmp-WOSzIR/code/seed-b-frontend/.angular/cache/22.1.3/seed-b-frontend/vite/deps/core-l1vVDnYc.js","/home/alex/dev/Bachelor/bmad-vergleichsstudie/.lizard-tmp-WOSzIR/code/seed-b-frontend/.angular/cache/22.1.3/seed-b-frontend/vite/deps/core-l1vVDnYc.js","assertSame","assertSame ( actual , expected , msg )",1646,1648
3,2,29,3,3,"assertNotSame@1649-1651@/home/alex/dev/Bachelor/bmad-vergleichsstudie/.lizard-tmp-WOSzIR/code/seed-b-frontend/.angular/cache/22.1.3/seed-b-frontend/vite/deps/core-l1vVDnYc.js","/home/alex/dev/Bachelor/bmad-vergleichsstudie/.lizard-tmp-WOSzIR/code/seed-b-frontend/.angular/cache/22.1.3/seed-b-frontend/vite/deps/core-l1vVDnYc.js","assertNotSame","assertNotSame ( actual , expected , msg )",1649,1651
3,2,29,3,3,"assertLessThan@1652-1654@/home/alex/dev/Bachelor/bmad-vergleichsstudie/.lizard-tmp-WOSzIR/code/seed-b-frontend/.angular/cache/22.1.3/seed-b-frontend/vite/deps/core-l1vVDnYc.js","/home/alex/dev/Bachelor/bmad-vergleichsstudie/.lizard-tmp-WOSzIR/code/seed-b-frontend/.angular/cache/22.1.3/seed-b-frontend/vite/deps/core-l1vVDnYc.js","assertLessThan","assertLessThan ( actual , expected , msg )",1652,1654
3,2,29,3,3,"assertLessThanOrEqual@1655-1657@/home/alex/dev/Bachelor/bmad-vergleichsstudie/.lizard-tmp-WOSzIR/code/seed-b-frontend/.angular/cache/22.1.3/seed-b-frontend/vite/deps/core-l1vVDnYc.js","/home/alex/dev/Bachelor/bmad-vergleichsstudie/.lizard-tmp-WOSzIR/code/seed-b-frontend/.angular/cache/22.1.3/seed-b-frontend/vite/deps/core-l1vVDnYc.js","assertLessThanOrEqual","assertLessThanOrEqual ( actual , expected , msg )",1655,1657
3,2,29,3,3,"assertGreaterThan@1658-1660@/home/alex/dev/Bachelor/bmad-vergleichsstudie/.lizard-tmp-WOSzIR/code/seed-b-frontend/.angular/cache/22.1.3/seed-b-frontend/vite/deps/core-l1vVDnYc.js","/home/alex/dev/Bachelor/bmad-vergleichsstudie/.lizard-tmp-WOSzIR/code/seed-b-frontend/.angular/cache/22.1.3/seed-b-frontend/vite/deps/core-l1vVDnYc.js","assertGreaterThan","assertGreaterThan ( actual , expected , msg )",1658,1660
3,2,29,3,3,"assertGreaterThanOrEqual@1661-1663@/home/alex/dev/Bachelor/bmad-vergleichsstudie/.lizard-tmp-WOSzIR/code/seed-b-frontend/.angular/cache/22.1.3/seed-b-frontend/vite/deps/core-l1vVDnYc.js","/home/alex/dev/Bachelor/bmad-vergleichsstudie/.lizard-tmp-WOSzIR/code/seed-b-frontend/.angular/cache/22.1.3/seed-b-frontend/vite/deps/core-l1vVDnYc.js","assertGreaterThanOrEqual","assertGreaterThanOrEqual ( actual , expected , msg )",1661,1663
3,2,24,2,3,"assertNotDefined@1664-1666@/home/alex/dev/Bachelor/bmad-vergleichsstudie/.lizard-tmp-WOSzIR/code/seed-b-frontend/.angular/cache/22.1.3/seed-b-frontend/vite/deps/core-l1vVDnYc.js","/home/alex/dev/Bachelor/bmad-vergleichsstudie/.lizard-tmp-WOSzIR/code/seed-b-frontend/.angular/cache/22.1.3/seed-b-frontend/vite/deps/core-l1vVDnYc.js","assertNotDefined","assertNotDefined ( actual , msg )",1664,1666
3,2,24,2,3,"assertDefined@1667-1669@/home/alex/dev/Bachelor/bmad-vergleichsstudie/.lizard-tmp-WOSzIR/code/seed-b-frontend/.angular/cache/22.1.3/seed-b-frontend/vite/deps/core-l1vVDnYc.js","/home/alex/dev/Bachelor/bmad-vergleichsstudie/.lizard-tmp-WOSzIR/code/seed-b-frontend/.angular/cache/22.1.3/seed-b-frontend/vite/deps/core-l1vVDnYc.js","assertDefined","assertDefined ( actual , msg )",1667,1669
3,2,47,4,3,"throwError@1670-1672@/home/alex/dev/Bachelor/bmad-vergleichsstudie/.lizard-tmp-WOSzIR/code/seed-b-frontend/.angular/cache/22.1.3/seed-b-frontend/vite/deps/core-l1vVDnYc.js","/home/alex/dev/Bachelor/bmad-vergleichsstudie/.lizard-tmp-WOSzIR/code/seed-b-frontend/.angular/cache/22.1.3/seed-b-frontend/vite/deps/core-l1vVDnYc.js","throwError","throwError ( msg , actual , expected , comparison )",1670,1672
3,2,24,1,3,"assertDomNode@1673-1675@/home/alex/dev/Bachelor/bmad-vergleichsstudie/.lizard-tmp-WOSzIR/code/seed-b-frontend/.angular/cache/22.1.3/seed-b-frontend/vite/deps/core-l1vVDnYc.js","/home/alex/dev/Bachelor/bmad-vergleichsstudie/.lizard-tmp-WOSzIR/code/seed-b-frontend/.angular/cache/22.1.3/seed-b-frontend/vite/deps/core-l1vVDnYc.js","assertDomNode","assertDomNode ( node )",1673,1675
3,2,24,1,3,"assertElement@1676-1678@/home/alex/dev/Bachelor/bmad-vergleichsstudie/.lizard-tmp-WOSzIR/code/seed-b-frontend/.angular/cache/22.1.3/seed-b-frontend/vite/deps/core-l1vVDnYc.js","/home/alex/dev/Bachelor/bmad-vergleichsstudie/.lizard-tmp-WOSzIR/code/seed-b-frontend/.angular/cache/22.1.3/seed-b-frontend/vite/deps/core-l1vVDnYc.js","assertElement","assertElement ( node )",1676,1678
5,3,45,2,5,"assertIndexInRange@1679-1683@/home/alex/dev/Bachelor/bmad-vergleichsstudie/.lizard-tmp-WOSzIR/code/seed-b-frontend/.angular/cache/22.1.3/seed-b-frontend/vite/deps/core-l1vVDnYc.js","/home/alex/dev/Bachelor/bmad-vergleichsstudie/.lizard-tmp-WOSzIR/code/seed-b-frontend/.angular/cache/22.1.3/seed-b-frontend/vite/deps/core-l1vVDnYc.js","assertIndexInRange","assertIndexInRange ( arr , index )",1679,1683
4,2,38,2,4,"assertOneOf@1684-1687@/home/alex/dev/Bachelor/bmad-vergleichsstudie/.lizard-tmp-WOSzIR/code/seed-b-frontend/.angular/cache/22.1.3/seed-b-frontend/vite/deps/core-l1vVDnYc.js","/home/alex/dev/Bachelor/bmad-vergleichsstudie/.lizard-tmp-WOSzIR/code/seed-b-frontend/.angular/cache/22.1.3/seed-b-frontend/vite/deps/core-l1vVDnYc.js","assertOneOf","assertOneOf ( value , validValues )",1684,1687
3,2,23,1,3,"assertNotReactive@1688-1690@/home/alex/dev/Bachelor/bmad-vergleichsstudie/.lizard-tmp-WOSzIR/code/seed-b-frontend/.angular/cache/22.1.3/seed-b-frontend/vite/deps/core-l1vVDnYc.js","/home/alex/dev/Bachelor/bmad-vergleichsstudie/.lizard-tmp-WOSzIR/code/seed-b-frontend/.angular/cache/22.1.3/seed-b-frontend/vite/deps/core-l1vVDnYc.js","assertNotReactive","assertNotReactive ( fn )",1688,1690
8,2,33,1,8,"ɵɵdefineInjectable@1691-1698@/home/alex/dev/Bachelor/bmad-vergleichsstudie/.lizard-tmp-WOSzIR/code/seed-b-frontend/.angular/cache/22.1.3/seed-b-frontend/vite/deps/core-l1vVDnYc.js","/home/alex/dev/Bachelor/bmad-vergleichsstudie/.lizard-tmp-WOSzIR/code/seed-b-frontend/.angular/cache/22.1.3/seed-b-frontend/vite/deps/core-l1vVDnYc.js","ɵɵdefineInjectable","ɵɵdefineInjectable ( opts )",1691,1698
6,3,26,1,6,"ɵɵdefineInjector@1699-1704@/home/alex/dev/Bachelor/bmad-vergleichsstudie/.lizard-tmp-WOSzIR/code/seed-b-frontend/.angular/cache/22.1.3/seed-b-frontend/vite/deps/core-l1vVDnYc.js","/home/alex/dev/Bachelor/bmad-vergleichsstudie/.lizard-tmp-WOSzIR/code/seed-b-frontend/.angular/cache/22.1.3/seed-b-frontend/vite/deps/core-l1vVDnYc.js","ɵɵdefineInjector","ɵɵdefineInjector ( options )",1699,1704
3,1,13,1,3,"getInjectableDef@1705-1707@/home/alex/dev/Bachelor/bmad-vergleichsstudie/.lizard-tmp-WOSzIR/code/seed-b-frontend/.angular/cache/22.1.3/seed-b-frontend/vite/deps/core-l1vVDnYc.js","/home/alex/dev/Bachelor/bmad-vergleichsstudie/.lizard-tmp-WOSzIR/code/seed-b-frontend/.angular/cache/22.1.3/seed-b-frontend/vite/deps/core-l1vVDnYc.js","getInjectableDef","getInjectableDef ( type )",1705,1707
3,1,13,1,3,"isInjectable@1708-1710@/home/alex/dev/Bachelor/bmad-vergleichsstudie/.lizard-tmp-WOSzIR/code/seed-b-frontend/.angular/cache/22.1.3/seed-b-frontend/vite/deps/core-l1vVDnYc.js","/home/alex/dev/Bachelor/bmad-vergleichsstudie/.lizard-tmp-WOSzIR/code/seed-b-frontend/.angular/cache/22.1.3/seed-b-frontend/vite/deps/core-l1vVDnYc.js","isInjectable","isInjectable ( type )",1708,1710
3,3,22,2,3,"getOwnDefinition@1711-1713@/home/alex/dev/Bachelor/bmad-vergleichsstudie/.lizard-tmp-WOSzIR/code/seed-b-frontend/.angular/cache/22.1.3/seed-b-frontend/vite/deps/core-l1vVDnYc.js","/home/alex/dev/Bachelor/bmad-vergleichsstudie/.lizard-tmp-WOSzIR/code/seed-b-frontend/.angular/cache/22.1.3/seed-b-frontend/vite/deps/core-l1vVDnYc.js","getOwnDefinition","getOwnDefinition ( type , field )",1711,1713
7,5,49,1,7,"getInheritedInjectableDef@1714-1720@/home/alex/dev/Bachelor/bmad-vergleichsstudie/.lizard-tmp-WOSzIR/code/seed-b-frontend/.angular/cache/22.1.3/seed-b-frontend/vite/deps/core-l1vVDnYc.js","/home/alex/dev/Bachelor/bmad-vergleichsstudie/.lizard-tmp-WOSzIR/code/seed-b-frontend/.angular/cache/22.1.3/seed-b-frontend/vite/deps/core-l1vVDnYc.js","getInheritedInjectableDef","getInheritedInjectableDef ( type )",1714,1720
3,3,22,1,3,"getInjectorDef@1721-1723@/home/alex/dev/Bachelor/bmad-vergleichsstudie/.lizard-tmp-WOSzIR/code/seed-b-frontend/.angular/cache/22.1.3/seed-b-frontend/vite/deps/core-l1vVDnYc.js","/home/alex/dev/Bachelor/bmad-vergleichsstudie/.lizard-tmp-WOSzIR/code/seed-b-frontend/.angular/cache/22.1.3/seed-b-frontend/vite/deps/core-l1vVDnYc.js","getInjectorDef","getInjectorDef ( type )",1721,1723
12,6,88,1,12,"constructor@1730-1741@/home/alex/dev/Bachelor/bmad-vergleichsstudie/.lizard-tmp-WOSzIR/code/seed-b-frontend/.angular/cache/22.1.3/seed-b-frontend/vite/deps/core-l1vVDnYc.js","/home/alex/dev/Bachelor/bmad-vergleichsstudie/.lizard-tmp-WOSzIR/code/seed-b-frontend/.angular/cache/22.1.3/seed-b-frontend/vite/deps/core-l1vVDnYc.js","constructor","constructor ( , options )",1730,1741
3,1,7,0,3,"get multi@1742-1744@/home/alex/dev/Bachelor/bmad-vergleichsstudie/.lizard-tmp-WOSzIR/code/seed-b-frontend/.angular/cache/22.1.3/seed-b-frontend/vite/deps/core-l1vVDnYc.js","/home/alex/dev/Bachelor/bmad-vergleichsstudie/.lizard-tmp-WOSzIR/code/seed-b-frontend/.angular/cache/22.1.3/seed-b-frontend/vite/deps/core-l1vVDnYc.js","get multi","get multi ( )",1742,1744
3,1,12,0,3,"toString@1745-1747@/home/alex/dev/Bachelor/bmad-vergleichsstudie/.lizard-tmp-WOSzIR/code/seed-b-frontend/.angular/cache/22.1.3/seed-b-frontend/vite/deps/core-l1vVDnYc.js","/home/alex/dev/Bachelor/bmad-vergleichsstudie/.lizard-tmp-WOSzIR/code/seed-b-frontend/.angular/cache/22.1.3/seed-b-frontend/vite/deps/core-l1vVDnYc.js","toString","toString ( )",1745,1747
4,2,15,0,4,"getInjectorProfilerContext@1750-1753@/home/alex/dev/Bachelor/bmad-vergleichsstudie/.lizard-tmp-WOSzIR/code/seed-b-frontend/.angular/cache/22.1.3/seed-b-frontend/vite/deps/core-l1vVDnYc.js","/home/alex/dev/Bachelor/bmad-vergleichsstudie/.lizard-tmp-WOSzIR/code/seed-b-frontend/.angular/cache/22.1.3/seed-b-frontend/vite/deps/core-l1vVDnYc.js","getInjectorProfilerContext","getInjectorProfilerContext ( )",1750,1753
6,2,25,1,6,"setInjectorProfilerContext@1754-1759@/home/alex/dev/Bachelor/bmad-vergleichsstudie/.lizard-tmp-WOSzIR/code/seed-b-frontend/.angular/cache/22.1.3/seed-b-frontend/vite/deps/core-l1vVDnYc.js","/home/alex/dev/Bachelor/bmad-vergleichsstudie/.lizard-tmp-WOSzIR/code/seed-b-frontend/.angular/cache/22.1.3/seed-b-frontend/vite/deps/core-l1vVDnYc.js","setInjectorProfilerContext","setInjectorProfilerContext ( context )",1754,1759
1,1,5,0,1,"$1@1761-1761@/home/alex/dev/Bachelor/bmad-vergleichsstudie/.lizard-tmp-WOSzIR/code/seed-b-frontend/.angular/cache/22.1.3/seed-b-frontend/vite/deps/core-l1vVDnYc.js","/home/alex/dev/Bachelor/bmad-vergleichsstudie/.lizard-tmp-WOSzIR/code/seed-b-frontend/.angular/cache/22.1.3/seed-b-frontend/vite/deps/core-l1vVDnYc.js","$1","$1 ( )",1761,1761
4,2,31,1,4,"$1@1762-1765@/home/alex/dev/Bachelor/bmad-vergleichsstudie/.lizard-tmp-WOSzIR/code/seed-b-frontend/.angular/cache/22.1.3/seed-b-frontend/vite/deps/core-l1vVDnYc.js","/home/alex/dev/Bachelor/bmad-vergleichsstudie/.lizard-tmp-WOSzIR/code/seed-b-frontend/.angular/cache/22.1.3/seed-b-frontend/vite/deps/core-l1vVDnYc.js","$1","$1 ( profiler )",1762,1765
1,1,6,0,1,"(anonymous)@1770-1770@/home/alex/dev/Bachelor/bmad-vergleichsstudie/.lizard-tmp-WOSzIR/code/seed-b-frontend/.angular/cache/22.1.3/seed-b-frontend/vite/deps/core-l1vVDnYc.js","/home/alex/dev/Bachelor/bmad-vergleichsstudie/.lizard-tmp-WOSzIR/code/seed-b-frontend/.angular/cache/22.1.3/seed-b-frontend/vite/deps/core-l1vVDnYc.js","(anonymous)","(anonymous)",1770,1770
10,4,56,1,10,"setInjectorProfiler@1766-1775@/home/alex/dev/Bachelor/bmad-vergleichsstudie/.lizard-tmp-WOSzIR/code/seed-b-frontend/.angular/cache/22.1.3/seed-b-frontend/vite/deps/core-l1vVDnYc.js","/home/alex/dev/Bachelor/bmad-vergleichsstudie/.lizard-tmp-WOSzIR/code/seed-b-frontend/.angular/cache/22.1.3/seed-b-frontend/vite/deps/core-l1vVDnYc.js","setInjectorProfiler","setInjectorProfiler ( injectorProfiler )",1766,1775
7,3,44,1,7,"injectorProfiler@1776-1782@/home/alex/dev/Bachelor/bmad-vergleichsstudie/.lizard-tmp-WOSzIR/code/seed-b-frontend/.angular/cache/22.1.3/seed-b-frontend/vite/deps/core-l1vVDnYc.js","/home/alex/dev/Bachelor/bmad-vergleichsstudie/.lizard-tmp-WOSzIR/code/seed-b-frontend/.angular/cache/22.1.3/seed-b-frontend/vite/deps/core-l1vVDnYc.js","injectorProfiler","injectorProfiler ( event )",1776,1782
18,6,96,2,18,"emitProviderConfiguredEvent@1783-1800@/home/alex/dev/Bachelor/bmad-vergleichsstudie/.lizard-tmp-WOSzIR/code/seed-b-frontend/.angular/cache/22.1.3/seed-b-frontend/vite/deps/core-l1vVDnYc.js","/home/alex/dev/Bachelor/bmad-vergleichsstudie/.lizard-tmp-WOSzIR/code/seed-b-frontend/.angular/cache/22.1.3/seed-b-frontend/vite/deps/core-l1vVDnYc.js","emitProviderConfiguredEvent","emitProviderConfiguredEvent ( eventProvider , isViewProvider false )",1783,1800
8,2,30,1,8,"emitInjectorToCreateInstanceEvent@1801-1808@/home/alex/dev/Bachelor/bmad-vergleichsstudie/.lizard-tmp-WOSzIR/code/seed-b-frontend/.angular/cache/22.1.3/seed-b-frontend/vite/deps/core-l1vVDnYc.js","/home/alex/dev/Bachelor/bmad-vergleichsstudie/.lizard-tmp-WOSzIR/code/seed-b-frontend/.angular/cache/22.1.3/seed-b-frontend/vite/deps/core-l1vVDnYc.js","emitInjectorToCreateInstanceEvent","emitInjectorToCreateInstanceEvent ( token )",1801,1808
8,2,36,1,8,"emitInstanceCreatedByInjectorEvent@1809-1816@/home/alex/dev/Bachelor/bmad-vergleichsstudie/.lizard-tmp-WOSzIR/code/seed-b-frontend/.angular/cache/22.1.3/seed-b-frontend/vite/deps/core-l1vVDnYc.js","/home/alex/dev/Bachelor/bmad-vergleichsstudie/.lizard-tmp-WOSzIR/code/seed-b-frontend/.angular/cache/22.1.3/seed-b-frontend/vite/deps/core-l1vVDnYc.js","emitInstanceCreatedByInjectorEvent","emitInstanceCreatedByInjectorEvent ( instance )",1809,1816
12,2,42,3,12,"emitInjectEvent@1817-1828@/home/alex/dev/Bachelor/bmad-vergleichsstudie/.lizard-tmp-WOSzIR/code/seed-b-frontend/.angular/cache/22.1.3/seed-b-frontend/vite/deps/core-l1vVDnYc.js","/home/alex/dev/Bachelor/bmad-vergleichsstudie/.lizard-tmp-WOSzIR/code/seed-b-frontend/.angular/cache/22.1.3/seed-b-frontend/vite/deps/core-l1vVDnYc.js","emitInjectEvent","emitInjectEvent ( token , value , flags )",1817,1828
8,2,30,1,8,"emitEffectCreatedEvent@1829-1836@/home/alex/dev/Bachelor/bmad-vergleichsstudie/.lizard-tmp-WOSzIR/code/seed-b-frontend/.angular/cache/22.1.3/seed-b-frontend/vite/deps/core-l1vVDnYc.js","/home/alex/dev/Bachelor/bmad-vergleichsstudie/.lizard-tmp-WOSzIR/code/seed-b-frontend/.angular/cache/22.1.3/seed-b-frontend/vite/deps/core-l1vVDnYc.js","emitEffectCreatedEvent","emitEffectCreatedEvent ( effect )",1829,1836
8,2,30,1,8,"emitAfterRenderEffectPhaseCreatedEvent@1837-1844@/home/alex/dev/Bachelor/bmad-vergleichsstudie/.lizard-tmp-WOSzIR/code/seed-b-frontend/.angular/cache/22.1.3/seed-b-frontend/vite/deps/core-l1vVDnYc.js","/home/alex/dev/Bachelor/bmad-vergleichsstudie/.lizard-tmp-WOSzIR/code/seed-b-frontend/.angular/cache/22.1.3/seed-b-frontend/vite/deps/core-l1vVDnYc.js","emitAfterRenderEffectPhaseCreatedEvent","emitAfterRenderEffectPhaseCreatedEvent ( effectPhase )",1837,1844
12,2,41,3,12,"runInInjectorProfilerContext@1845-1856@/home/alex/dev/Bachelor/bmad-vergleichsstudie/.lizard-tmp-WOSzIR/code/seed-b-frontend/.angular/cache/22.1.3/seed-b-frontend/vite/deps/core-l1vVDnYc.js","/home/alex/dev/Bachelor/bmad-vergleichsstudie/.lizard-tmp-WOSzIR/code/seed-b-frontend/.angular/cache/22.1.3/seed-b-frontend/vite/deps/core-l1vVDnYc.js","runInInjectorProfilerContext","runInInjectorProfilerContext ( injector , token , callback )",1845,1856
3,2,14,1,3,"isEnvironmentProviders@1857-1859@/home/alex/dev/Bachelor/bmad-vergleichsstudie/.lizard-tmp-WOSzIR/code/seed-b-frontend/.angular/cache/22.1.3/seed-b-frontend/vite/deps/core-l1vVDnYc.js","/home/alex/dev/Bachelor/bmad-vergleichsstudie/.lizard-tmp-WOSzIR/code/seed-b-frontend/.angular/cache/22.1.3/seed-b-frontend/vite/deps/core-l1vVDnYc.js","isEnvironmentProviders","isEnvironmentProviders ( value )",1857,1859
4,2,20,1,4,"getNgModuleDef@1867-1870@/home/alex/dev/Bachelor/bmad-vergleichsstudie/.lizard-tmp-WOSzIR/code/seed-b-frontend/.angular/cache/22.1.3/seed-b-frontend/vite/deps/core-l1vVDnYc.js","/home/alex/dev/Bachelor/bmad-vergleichsstudie/.lizard-tmp-WOSzIR/code/seed-b-frontend/.angular/cache/22.1.3/seed-b-frontend/vite/deps/core-l1vVDnYc.js","getNgModuleDef","getNgModuleDef ( type )",1867,1870
5,4,45,1,5,"getNgModuleDefOrThrow@1871-1875@/home/alex/dev/Bachelor/bmad-vergleichsstudie/.lizard-tmp-WOSzIR/code/seed-b-frontend/.angular/cache/22.1.3/seed-b-frontend/vite/deps/core-l1vVDnYc.js","/home/alex/dev/Bachelor/bmad-vergleichsstudie/.lizard-tmp-WOSzIR/code/seed-b-frontend/.angular/cache/22.1.3/seed-b-frontend/vite/deps/core-l1vVDnYc.js","getNgModuleDefOrThrow","getNgModuleDefOrThrow ( type )",1871,1875
4,2,20,1,4,"getComponentDef@1876-1879@/home/alex/dev/Bachelor/bmad-vergleichsstudie/.lizard-tmp-WOSzIR/code/seed-b-frontend/.angular/cache/22.1.3/seed-b-frontend/vite/deps/core-l1vVDnYc.js","/home/alex/dev/Bachelor/bmad-vergleichsstudie/.lizard-tmp-WOSzIR/code/seed-b-frontend/.angular/cache/22.1.3/seed-b-frontend/vite/deps/core-l1vVDnYc.js","getComponentDef","getComponentDef ( type )",1876,1879
5,4,45,1,5,"getDirectiveDefOrThrow@1880-1884@/home/alex/dev/Bachelor/bmad-vergleichsstudie/.lizard-tmp-WOSzIR/code/seed-b-frontend/.angular/cache/22.1.3/seed-b-frontend/vite/deps/core-l1vVDnYc.js","/home/alex/dev/Bachelor/bmad-vergleichsstudie/.lizard-tmp-WOSzIR/code/seed-b-frontend/.angular/cache/22.1.3/seed-b-frontend/vite/deps/core-l1vVDnYc.js","getDirectiveDefOrThrow","getDirectiveDefOrThrow ( type )",1880,1884
4,2,20,1,4,"getDirectiveDef@1885-1888@/home/alex/dev/Bachelor/bmad-vergleichsstudie/.lizard-tmp-WOSzIR/code/seed-b-frontend/.angular/cache/22.1.3/seed-b-frontend/vite/deps/core-l1vVDnYc.js","/home/alex/dev/Bachelor/bmad-vergleichsstudie/.lizard-tmp-WOSzIR/code/seed-b-frontend/.angular/cache/22.1.3/seed-b-frontend/vite/deps/core-l1vVDnYc.js","getDirectiveDef","getDirectiveDef ( type )",1885,1888
4,2,20,1,4,"$1@1889-1892@/home/alex/dev/Bachelor/bmad-vergleichsstudie/.lizard-tmp-WOSzIR/code/seed-b-frontend/.angular/cache/22.1.3/seed-b-frontend/vite/deps/core-l1vVDnYc.js","/home/alex/dev/Bachelor/bmad-vergleichsstudie/.lizard-tmp-WOSzIR/code/seed-b-frontend/.angular/cache/22.1.3/seed-b-frontend/vite/deps/core-l1vVDnYc.js","$1","$1 ( type )",1889,1892
3,4,38,2,3,"assertTypeDefined@1893-1895@/home/alex/dev/Bachelor/bmad-vergleichsstudie/.lizard-tmp-WOSzIR/code/seed-b-frontend/.angular/cache/22.1.3/seed-b-frontend/vite/deps/core-l1vVDnYc.js","/home/alex/dev/Bachelor/bmad-vergleichsstudie/.lizard-tmp-WOSzIR/code/seed-b-frontend/.angular/cache/22.1.3/seed-b-frontend/vite/deps/core-l1vVDnYc.js","assertTypeDefined","assertTypeDefined ( type , symbolType )",1893,1895
4,4,33,1,4,"isStandalone@1896-1899@/home/alex/dev/Bachelor/bmad-vergleichsstudie/.lizard-tmp-WOSzIR/code/seed-b-frontend/.angular/cache/22.1.3/seed-b-frontend/vite/deps/core-l1vVDnYc.js","/home/alex/dev/Bachelor/bmad-vergleichsstudie/.lizard-tmp-WOSzIR/code/seed-b-frontend/.angular/cache/22.1.3/seed-b-frontend/vite/deps/core-l1vVDnYc.js","isStandalone","isStandalone ( type )",1896,1899
5,3,30,1,5,"renderStringify@1900-1904@/home/alex/dev/Bachelor/bmad-vergleichsstudie/.lizard-tmp-WOSzIR/code/seed-b-frontend/.angular/cache/22.1.3/seed-b-frontend/vite/deps/core-l1vVDnYc.js","/home/alex/dev/Bachelor/bmad-vergleichsstudie/.lizard-tmp-WOSzIR/code/seed-b-frontend/.angular/cache/22.1.3/seed-b-frontend/vite/deps/core-l1vVDnYc.js","renderStringify","renderStringify ( value )",1900,1904
5,7,62,1,5,"stringifyForError@1905-1909@/home/alex/dev/Bachelor/bmad-vergleichsstudie/.lizard-tmp-WOSzIR/code/seed-b-frontend/.angular/cache/22.1.3/seed-b-frontend/vite/deps/core-l1vVDnYc.js","/home/alex/dev/Bachelor/bmad-vergleichsstudie/.lizard-tmp-WOSzIR/code/seed-b-frontend/.angular/cache/22.1.3/seed-b-frontend/vite/deps/core-l1vVDnYc.js","stringifyForError","stringifyForError ( value )",1905,1909
5,3,37,1,5,"debugStringifyTypeForError@1910-1914@/home/alex/dev/Bachelor/bmad-vergleichsstudie/.lizard-tmp-WOSzIR/code/seed-b-frontend/.angular/cache/22.1.3/seed-b-frontend/vite/deps/core-l1vVDnYc.js","/home/alex/dev/Bachelor/bmad-vergleichsstudie/.lizard-tmp-WOSzIR/code/seed-b-frontend/.angular/cache/22.1.3/seed-b-frontend/vite/deps/core-l1vVDnYc.js","debugStringifyTypeForError","debugStringifyTypeForError ( type )",1910,1914
4,3,39,1,4,"stringifyTypeFromDebugInfo@1915-1918@/home/alex/dev/Bachelor/bmad-vergleichsstudie/.lizard-tmp-WOSzIR/code/seed-b-frontend/.angular/cache/22.1.3/seed-b-frontend/vite/deps/core-l1vVDnYc.js","/home/alex/dev/Bachelor/bmad-vergleichsstudie/.lizard-tmp-WOSzIR/code/seed-b-frontend/.angular/cache/22.1.3/seed-b-frontend/vite/deps/core-l1vVDnYc.js","stringifyTypeFromDebugInfo","stringifyTypeFromDebugInfo ( debugInfo )",1915,1918
3,2,32,2,3,"cyclicDependencyError@1922-1924@/home/alex/dev/Bachelor/bmad-vergleichsstudie/.lizard-tmp-WOSzIR/code/seed-b-frontend/.angular/cache/22.1.3/seed-b-frontend/vite/deps/core-l1vVDnYc.js","/home/alex/dev/Bachelor/bmad-vergleichsstudie/.lizard-tmp-WOSzIR/code/seed-b-frontend/.angular/cache/22.1.3/seed-b-frontend/vite/deps/core-l1vVDnYc.js","cyclicDependencyError","cyclicDependencyError ( token , path )",1922,1924
3,1,20,2,3,"cyclicDependencyErrorWithDetails@1925-1927@/home/alex/dev/Bachelor/bmad-vergleichsstudie/.lizard-tmp-WOSzIR/code/seed-b-frontend/.angular/cache/22.1.3/seed-b-frontend/vite/deps/core-l1vVDnYc.js","/home/alex/dev/Bachelor/bmad-vergleichsstudie/.lizard-tmp-WOSzIR/code/seed-b-frontend/.angular/cache/22.1.3/seed-b-frontend/vite/deps/core-l1vVDnYc.js","cyclicDependencyErrorWithDetails","cyclicDependencyErrorWithDetails ( token , path )",1925,1927
3,1,13,0,3,"throwMixedMultiProviderError@1928-1930@/home/alex/dev/Bachelor/bmad-vergleichsstudie/.lizard-tmp-WOSzIR/code/seed-b-frontend/.angular/cache/22.1.3/seed-b-frontend/vite/deps/core-l1vVDnYc.js","/home/alex/dev/Bachelor/bmad-vergleichsstudie/.lizard-tmp-WOSzIR/code/seed-b-frontend/.angular/cache/22.1.3/seed-b-frontend/vite/deps/core-l1vVDnYc.js","throwMixedMultiProviderError","throwMixedMultiProviderError ( )",1928,1930
1,2,12,0,1,"(anonymous)@1933-1933@/home/alex/dev/Bachelor/bmad-vergleichsstudie/.lizard-tmp-WOSzIR/code/seed-b-frontend/.angular/cache/22.1.3/seed-b-frontend/vite/deps/core-l1vVDnYc.js","/home/alex/dev/Bachelor/bmad-vergleichsstudie/.lizard-tmp-WOSzIR/code/seed-b-frontend/.angular/cache/22.1.3/seed-b-frontend/vite/deps/core-l1vVDnYc.js","(anonymous)","(anonymous)",1933,1933
8,5,94,3,8,"throwInvalidProviderError@1931-1938@/home/alex/dev/Bachelor/bmad-vergleichsstudie/.lizard-tmp-WOSzIR/code/seed-b-frontend/.angular/cache/22.1.3/seed-b-frontend/vite/deps/core-l1vVDnYc.js","/home/alex/dev/Bachelor/bmad-vergleichsstudie/.lizard-tmp-WOSzIR/code/seed-b-frontend/.angular/cache/22.1.3/seed-b-frontend/vite/deps/core-l1vVDnYc.js","throwInvalidProviderError","throwInvalidProviderError ( ngModuleType , providers , provider )",1931,1938
33,12,292,2,33,"throwProviderNotFoundError@1939-1971@/home/alex/dev/Bachelor/bmad-vergleichsstudie/.lizard-tmp-WOSzIR/code/seed-b-frontend/.angular/cache/22.1.3/seed-b-frontend/vite/deps/core-l1vVDnYc.js","/home/alex/dev/Bachelor/bmad-vergleichsstudie/.lizard-tmp-WOSzIR/code/seed-b-frontend/.angular/cache/22.1.3/seed-b-frontend/vite/deps/core-l1vVDnYc.js","throwProviderNotFoundError","throwProviderNotFoundError ( token , injectorName )",1939,1971
12,5,122,2,12,"describeRNode@9341-9352@/home/alex/dev/Bachelor/bmad-vergleichsstudie/.lizard-tmp-WOSzIR/code/seed-b-frontend/.angular/cache/22.1.3/seed-b-frontend/vite/deps/core-l1vVDnYc.js","/home/alex/dev/Bachelor/bmad-vergleichsstudie/.lizard-tmp-WOSzIR/code/seed-b-frontend/.angular/cache/22.1.3/seed-b-frontend/vite/deps/core-l1vVDnYc.js","describeRNode","describeRNode ( rNode , innerContent )",9341,9352
2,1,16,1,2,"getHydrationErrorFooter@9392-9393@/home/alex/dev/Bachelor/bmad-vergleichsstudie/.lizard-tmp-WOSzIR/code/seed-b-frontend/.angular/cache/22.1.3/seed-b-frontend/vite/deps/core-l1vVDnYc.js","/home/alex/dev/Bachelor/bmad-vergleichsstudie/.lizard-tmp-WOSzIR/code/seed-b-frontend/.angular/cache/22.1.3/seed-b-frontend/vite/deps/core-l1vVDnYc.js","getHydrationErrorFooter","getHydrationErrorFooter ( componentClassName )",9392,9393
15,10,99,2,15,"getProfilerEventDocUrl@13817-13831@/home/alex/dev/Bachelor/bmad-vergleichsstudie/.lizard-tmp-WOSzIR/code/seed-b-frontend/.angular/cache/22.1.3/seed-b-frontend/vite/deps/core-l1vVDnYc.js","/home/alex/dev/Bachelor/bmad-vergleichsstudie/.lizard-tmp-WOSzIR/code/seed-b-frontend/.angular/cache/22.1.3/seed-b-frontend/vite/deps/core-l1vVDnYc.js","getProfilerEventDocUrl","getProfilerEventDocUrl ( event , entryName )",13817,13831
8,3,34,2,8,"resolveTimestampDetail@13832-13839@/home/alex/dev/Bachelor/bmad-vergleichsstudie/.lizard-tmp-WOSzIR/code/seed-b-frontend/.angular/cache/22.1.3/seed-b-frontend/vite/deps/core-l1vVDnYc.js","/home/alex/dev/Bachelor/bmad-vergleichsstudie/.lizard-tmp-WOSzIR/code/seed-b-frontend/.angular/cache/22.1.3/seed-b-frontend/vite/deps/core-l1vVDnYc.js","resolveTimestampDetail","resolveTimestampDetail ( detail , docUrl )",13832,13839
4,1,30,1,4,"measureStart@13840-13843@/home/alex/dev/Bachelor/bmad-vergleichsstudie/.lizard-tmp-WOSzIR/code/seed-b-frontend/.angular/cache/22.1.3/seed-b-frontend/vite/deps/core-l1vVDnYc.js","/home/alex/dev/Bachelor/bmad-vergleichsstudie/.lizard-tmp-WOSzIR/code/seed-b-frontend/.angular/cache/22.1.3/seed-b-frontend/vite/deps/core-l1vVDnYc.js","measureStart","measureStart ( startEvent )",13840,13843
9,2,92,4,9,"measureEnd@13844-13852@/home/alex/dev/Bachelor/bmad-vergleichsstudie/.lizard-tmp-WOSzIR/code/seed-b-frontend/.angular/cache/22.1.3/seed-b-frontend/vite/deps/core-l1vVDnYc.js","/home/alex/dev/Bachelor/bmad-vergleichsstudie/.lizard-tmp-WOSzIR/code/seed-b-frontend/.angular/cache/22.1.3/seed-b-frontend/vite/deps/core-l1vVDnYc.js","measureEnd","measureEnd ( startEvent , entryName , color , detail )",13844,13852
8,3,54,1,8,"chromeDevToolsInjectorProfiler@13853-13860@/home/alex/dev/Bachelor/bmad-vergleichsstudie/.lizard-tmp-WOSzIR/code/seed-b-frontend/.angular/cache/22.1.3/seed-b-frontend/vite/deps/core-l1vVDnYc.js","/home/alex/dev/Bachelor/bmad-vergleichsstudie/.lizard-tmp-WOSzIR/code/seed-b-frontend/.angular/cache/22.1.3/seed-b-frontend/vite/deps/core-l1vVDnYc.js","chromeDevToolsInjectorProfiler","chromeDevToolsInjectorProfiler ( event )",13853,13860
510,121,3358,3,510,"devToolsProfiler@13861-14370@/home/alex/dev/Bachelor/bmad-vergleichsstudie/.lizard-tmp-WOSzIR/code/seed-b-frontend/.angular/cache/22.1.3/seed-b-frontend/vite/deps/core-l1vVDnYc.js","/home/alex/dev/Bachelor/bmad-vergleichsstudie/.lizard-tmp-WOSzIR/code/seed-b-frontend/.angular/cache/22.1.3/seed-b-frontend/vite/deps/core-l1vVDnYc.js","devToolsProfiler","devToolsProfiler ( event , instance , eventFn )",13861,14370
138,31,1034,1,686,"getLifecycleHookDocUrl@13811-14496@/home/alex/dev/Bachelor/bmad-vergleichsstudie/.lizard-tmp-WOSzIR/code/seed-b-frontend/.angular/cache/22.1.3/seed-b-frontend/vite/deps/core-l1vVDnYc.js","/home/alex/dev/Bachelor/bmad-vergleichsstudie/.lizard-tmp-WOSzIR/code/seed-b-frontend/.angular/cache/22.1.3/seed-b-frontend/vite/deps/core-l1vVDnYc.js","getLifecycleHookDocUrl","getLifecycleHookDocUrl ( hookName )",13811,14496
1,1,13,0,1,"(anonymous)@15067-15067@/home/alex/dev/Bachelor/bmad-vergleichsstudie/.lizard-tmp-WOSzIR/code/seed-b-frontend/.angular/cache/22.1.3/seed-b-frontend/vite/deps/core-l1vVDnYc.js","/home/alex/dev/Bachelor/bmad-vergleichsstudie/.lizard-tmp-WOSzIR/code/seed-b-frontend/.angular/cache/22.1.3/seed-b-frontend/vite/deps/core-l1vVDnYc.js","(anonymous)","(anonymous)",15067,15067
18,7,156,2,18,"ɵɵariaProperty@15093-15110@/home/alex/dev/Bachelor/bmad-vergleichsstudie/.lizard-tmp-WOSzIR/code/seed-b-frontend/.angular/cache/22.1.3/seed-b-frontend/vite/deps/core-l1vVDnYc.js","/home/alex/dev/Bachelor/bmad-vergleichsstudie/.lizard-tmp-WOSzIR/code/seed-b-frontend/.angular/cache/22.1.3/seed-b-frontend/vite/deps/core-l1vVDnYc.js","ɵɵariaProperty","ɵɵariaProperty ( name , value )",15093,15110
11,3,87,4,11,"ɵɵattribute@15111-15121@/home/alex/dev/Bachelor/bmad-vergleichsstudie/.lizard-tmp-WOSzIR/code/seed-b-frontend/.angular/cache/22.1.3/seed-b-frontend/vite/deps/core-l1vVDnYc.js","/home/alex/dev/Bachelor/bmad-vergleichsstudie/.lizard-tmp-WOSzIR/code/seed-b-frontend/.angular/cache/22.1.3/seed-b-frontend/vite/deps/core-l1vVDnYc.js","ɵɵattribute","ɵɵattribute ( name , value , sanitizer , namespace )",15111,15121
1,1,11,0,1,"(anonymous)@15130-15130@/home/alex/dev/Bachelor/bmad-vergleichsstudie/.lizard-tmp-WOSzIR/code/seed-b-frontend/.angular/cache/22.1.3/seed-b-frontend/vite/deps/core-l1vVDnYc.js","/home/alex/dev/Bachelor/bmad-vergleichsstudie/.lizard-tmp-WOSzIR/code/seed-b-frontend/.angular/cache/22.1.3/seed-b-frontend/vite/deps/core-l1vVDnYc.js","(anonymous)","(anonymous)",15130,15130
13,4,102,1,13,"ɵɵanimateEnter@15122-15134@/home/alex/dev/Bachelor/bmad-vergleichsstudie/.lizard-tmp-WOSzIR/code/seed-b-frontend/.angular/cache/22.1.3/seed-b-frontend/vite/deps/core-l1vVDnYc.js","/home/alex/dev/Bachelor/bmad-vergleichsstudie/.lizard-tmp-WOSzIR/code/seed-b-frontend/.angular/cache/22.1.3/seed-b-frontend/vite/deps/core-l1vVDnYc.js","ɵɵanimateEnter","ɵɵanimateEnter ( value )",15122,15134
3,1,13,0,3,"(anonymous)@15145-15147@/home/alex/dev/Bachelor/bmad-vergleichsstudie/.lizard-tmp-WOSzIR/code/seed-b-frontend/.angular/cache/22.1.3/seed-b-frontend/vite/deps/core-l1vVDnYc.js","/home/alex/dev/Bachelor/bmad-vergleichsstudie/.lizard-tmp-WOSzIR/code/seed-b-frontend/.angular/cache/22.1.3/seed-b-frontend/vite/deps/core-l1vVDnYc.js","(anonymous)","(anonymous)",15145,15147
5,3,38,1,7,"handleEnterAnimationStart@15142-15148@/home/alex/dev/Bachelor/bmad-vergleichsstudie/.lizard-tmp-WOSzIR/code/seed-b-frontend/.angular/cache/22.1.3/seed-b-frontend/vite/deps/core-l1vVDnYc.js","/home/alex/dev/Bachelor/bmad-vergleichsstudie/.lizard-tmp-WOSzIR/code/seed-b-frontend/.angular/cache/22.1.3/seed-b-frontend/vite/deps/core-l1vVDnYc.js","handleEnterAnimationStart","handleEnterAnimationStart ( event )",15142,15148
5,3,39,1,5,"handleEnterAnimationEnd@15149-15153@/home/alex/dev/Bachelor/bmad-vergleichsstudie/.lizard-tmp-WOSzIR/code/seed-b-frontend/.angular/cache/22.1.3/seed-b-frontend/vite/deps/core-l1vVDnYc.js","/home/alex/dev/Bachelor/bmad-vergleichsstudie/.lizard-tmp-WOSzIR/code/seed-b-frontend/.angular/cache/22.1.3/seed-b-frontend/vite/deps/core-l1vVDnYc.js","handleEnterAnimationEnd","handleEnterAnimationEnd ( event )",15149,15153
4,1,34,0,4,"(anonymous)@15155-15158@/home/alex/dev/Bachelor/bmad-vergleichsstudie/.lizard-tmp-WOSzIR/code/seed-b-frontend/.angular/cache/22.1.3/seed-b-frontend/vite/deps/core-l1vVDnYc.js","/home/alex/dev/Bachelor/bmad-vergleichsstudie/.lizard-tmp-WOSzIR/code/seed-b-frontend/.angular/cache/22.1.3/seed-b-frontend/vite/deps/core-l1vVDnYc.js","(anonymous)","(anonymous)",15155,15158
8,4,50,0,8,"(anonymous)@15162-15169@/home/alex/dev/Bachelor/bmad-vergleichsstudie/.lizard-tmp-WOSzIR/code/seed-b-frontend/.angular/cache/22.1.3/seed-b-frontend/vite/deps/core-l1vVDnYc.js","/home/alex/dev/Bachelor/bmad-vergleichsstudie/.lizard-tmp-WOSzIR/code/seed-b-frontend/.angular/cache/22.1.3/seed-b-frontend/vite/deps/core-l1vVDnYc.js","(anonymous)","(anonymous)",15162,15169
3,1,10,0,10,"(anonymous)@15161-15170@/home/alex/dev/Bachelor/bmad-vergleichsstudie/.lizard-tmp-WOSzIR/code/seed-b-frontend/.angular/cache/22.1.3/seed-b-frontend/vite/deps/core-l1vVDnYc.js","/home/alex/dev/Bachelor/bmad-vergleichsstudie/.lizard-tmp-WOSzIR/code/seed-b-frontend/.angular/cache/22.1.3/seed-b-frontend/vite/deps/core-l1vVDnYc.js","(anonymous)","(anonymous)",15161,15170
16,5,124,4,38,"runEnterAnimation@15135-15172@/home/alex/dev/Bachelor/bmad-vergleichsstudie/.lizard-tmp-WOSzIR/code/seed-b-frontend/.angular/cache/22.1.3/seed-b-frontend/vite/deps/core-l1vVDnYc.js","/home/alex/dev/Bachelor/bmad-vergleichsstudie/.lizard-tmp-WOSzIR/code/seed-b-frontend/.angular/cache/22.1.3/seed-b-frontend/vite/deps/core-l1vVDnYc.js","runEnterAnimation","runEnterAnimation ( lView , tNode , value , ngZone )",15135,15172
9,5,73,3,9,"enterAnimationEnd@15173-15181@/home/alex/dev/Bachelor/bmad-vergleichsstudie/.lizard-tmp-WOSzIR/code/seed-b-frontend/.angular/cache/22.1.3/seed-b-frontend/vite/deps/core-l1vVDnYc.js","/home/alex/dev/Bachelor/bmad-vergleichsstudie/.lizard-tmp-WOSzIR/code/seed-b-frontend/.angular/cache/22.1.3/seed-b-frontend/vite/deps/core-l1vVDnYc.js","enterAnimationEnd","enterAnimationEnd ( event , nativeElement , renderer )",15173,15181
1,1,9,0,1,"(anonymous)@15189-15189@/home/alex/dev/Bachelor/bmad-vergleichsstudie/.lizard-tmp-WOSzIR/code/seed-b-frontend/.angular/cache/22.1.3/seed-b-frontend/vite/deps/core-l1vVDnYc.js","/home/alex/dev/Bachelor/bmad-vergleichsstudie/.lizard-tmp-WOSzIR/code/seed-b-frontend/.angular/cache/22.1.3/seed-b-frontend/vite/deps/core-l1vVDnYc.js","(anonymous)","(anonymous)",15189,15189
12,4,89,1,12,"ɵɵanimateEnterListener@15182-15193@/home/alex/dev/Bachelor/bmad-vergleichsstudie/.lizard-tmp-WOSzIR/code/seed-b-frontend/.angular/cache/22.1.3/seed-b-frontend/vite/deps/core-l1vVDnYc.js","/home/alex/dev/Bachelor/bmad-vergleichsstudie/.lizard-tmp-WOSzIR/code/seed-b-frontend/.angular/cache/22.1.3/seed-b-frontend/vite/deps/core-l1vVDnYc.js","ɵɵanimateEnterListener","ɵɵanimateEnterListener ( value )",15182,15193
8,2,48,3,8,"runEnterAnimationFunction@15194-15201@/home/alex/dev/Bachelor/bmad-vergleichsstudie/.lizard-tmp-WOSzIR/code/seed-b-frontend/.angular/cache/22.1.3/seed-b-frontend/vite/deps/core-l1vVDnYc.js","/home/alex/dev/Bachelor/bmad-vergleichsstudie/.lizard-tmp-WOSzIR/code/seed-b-frontend/.angular/cache/22.1.3/seed-b-frontend/vite/deps/core-l1vVDnYc.js","runEnterAnimationFunction","runEnterAnimationFunction ( lView , tNode , value )",15194,15201
1,1,11,0,1,"(anonymous)@15210-15210@/home/alex/dev/Bachelor/bmad-vergleichsstudie/.lizard-tmp-WOSzIR/code/seed-b-frontend/.angular/cache/22.1.3/seed-b-frontend/vite/deps/core-l1vVDnYc.js","/home/alex/dev/Bachelor/bmad-vergleichsstudie/.lizard-tmp-WOSzIR/code/seed-b-frontend/.angular/cache/22.1.3/seed-b-frontend/vite/deps/core-l1vVDnYc.js","(anonymous)","(anonymous)",15210,15210
12,4,89,1,12,"ɵɵanimateLeave@15202-15213@/home/alex/dev/Bachelor/bmad-vergleichsstudie/.lizard-tmp-WOSzIR/code/seed-b-frontend/.angular/cache/22.1.3/seed-b-frontend/vite/deps/core-l1vVDnYc.js","/home/alex/dev/Bachelor/bmad-vergleichsstudie/.lizard-tmp-WOSzIR/code/seed-b-frontend/.angular/cache/22.1.3/seed-b-frontend/vite/deps/core-l1vVDnYc.js","ɵɵanimateLeave","ɵɵanimateLeave ( value )",15202,15213
15,6,130,4,15,"runLeaveAnimations@15214-15228@/home/alex/dev/Bachelor/bmad-vergleichsstudie/.lizard-tmp-WOSzIR/code/seed-b-frontend/.angular/cache/22.1.3/seed-b-frontend/vite/deps/core-l1vVDnYc.js","/home/alex/dev/Bachelor/bmad-vergleichsstudie/.lizard-tmp-WOSzIR/code/seed-b-frontend/.angular/cache/22.1.3/seed-b-frontend/vite/deps/core-l1vVDnYc.js","runLeaveAnimations","runLeaveAnimations ( lView , tNode , value , ngZone )",15214,15228
13,9,122,1,13,"handleOutAnimationEnd@15235-15247@/home/alex/dev/Bachelor/bmad-vergleichsstudie/.lizard-tmp-WOSzIR/code/seed-b-frontend/.angular/cache/22.1.3/seed-b-frontend/vite/deps/core-l1vVDnYc.js","/home/alex/dev/Bachelor/bmad-vergleichsstudie/.lizard-tmp-WOSzIR/code/seed-b-frontend/.angular/cache/22.1.3/seed-b-frontend/vite/deps/core-l1vVDnYc.js","handleOutAnimationEnd","handleOutAnimationEnd ( event )",15235,15247
4,1,34,0,4,"(anonymous)@15248-15251@/home/alex/dev/Bachelor/bmad-vergleichsstudie/.lizard-tmp-WOSzIR/code/seed-b-frontend/.angular/cache/22.1.3/seed-b-frontend/vite/deps/core-l1vVDnYc.js","/home/alex/dev/Bachelor/bmad-vergleichsstudie/.lizard-tmp-WOSzIR/code/seed-b-frontend/.angular/cache/22.1.3/seed-b-frontend/vite/deps/core-l1vVDnYc.js","(anonymous)","(anonymous)",15248,15251
3,1,11,0,3,"(anonymous)@15264-15266@/home/alex/dev/Bachelor/bmad-vergleichsstudie/.lizard-tmp-WOSzIR/code/seed-b-frontend/.angular/cache/22.1.3/seed-b-frontend/vite/deps/core-l1vVDnYc.js","/home/alex/dev/Bachelor/bmad-vergleichsstudie/.lizard-tmp-WOSzIR/code/seed-b-frontend/.angular/cache/22.1.3/seed-b-frontend/vite/deps/core-l1vVDnYc.js","(anonymous)","(anonymous)",15264,15266
1,1,5,0,1,"(anonymous)@15267-15267@/home/alex/dev/Bachelor/bmad-vergleichsstudie/.lizard-tmp-WOSzIR/code/seed-b-frontend/.angular/cache/22.1.3/seed-b-frontend/vite/deps/core-l1vVDnYc.js","/home/alex/dev/Bachelor/bmad-vergleichsstudie/.lizard-tmp-WOSzIR/code/seed-b-frontend/.angular/cache/22.1.3/seed-b-frontend/vite/deps/core-l1vVDnYc.js","(anonymous)","(anonymous)",15267,15267
13,3,83,0,15,"(anonymous)@15255-15269@/home/alex/dev/Bachelor/bmad-vergleichsstudie/.lizard-tmp-WOSzIR/code/seed-b-frontend/.angular/cache/22.1.3/seed-b-frontend/vite/deps/core-l1vVDnYc.js","/home/alex/dev/Bachelor/bmad-vergleichsstudie/.lizard-tmp-WOSzIR/code/seed-b-frontend/.angular/cache/22.1.3/seed-b-frontend/vite/deps/core-l1vVDnYc.js","(anonymous)","(anonymous)",15255,15269
3,1,10,0,17,"(anonymous)@15254-15270@/home/alex/dev/Bachelor/bmad-vergleichsstudie/.lizard-tmp-WOSzIR/code/seed-b-frontend/.angular/cache/22.1.3/seed-b-frontend/vite/deps/core-l1vVDnYc.js","/home/alex/dev/Bachelor/bmad-vergleichsstudie/.lizard-tmp-WOSzIR/code/seed-b-frontend/.angular/cache/22.1.3/seed-b-frontend/vite/deps/core-l1vVDnYc.js","(anonymous)","(anonymous)",15254,15270
12,3,102,6,43,"animateLeaveClassRunner@15229-15271@/home/alex/dev/Bachelor/bmad-vergleichsstudie/.lizard-tmp-WOSzIR/code/seed-b-frontend/.angular/cache/22.1.3/seed-b-frontend/vite/deps/core-l1vVDnYc.js","/home/alex/dev/Bachelor/bmad-vergleichsstudie/.lizard-tmp-WOSzIR/code/seed-b-frontend/.angular/cache/22.1.3/seed-b-frontend/vite/deps/core-l1vVDnYc.js","animateLeaveClassRunner","animateLeaveClassRunner ( el , tNode , lView , classList , renderer , ngZone )",15229,15271
1,1,13,0,1,"(anonymous)@15281-15281@/home/alex/dev/Bachelor/bmad-vergleichsstudie/.lizard-tmp-WOSzIR/code/seed-b-frontend/.angular/cache/22.1.3/seed-b-frontend/vite/deps/core-l1vVDnYc.js","/home/alex/dev/Bachelor/bmad-vergleichsstudie/.lizard-tmp-WOSzIR/code/seed-b-frontend/.angular/cache/22.1.3/seed-b-frontend/vite/deps/core-l1vVDnYc.js","(anonymous)","(anonymous)",15281,15281
13,3,102,1,13,"ɵɵanimateLeaveListener@15272-15284@/home/alex/dev/Bachelor/bmad-vergleichsstudie/.lizard-tmp-WOSzIR/code/seed-b-frontend/.angular/cache/22.1.3/seed-b-frontend/vite/deps/core-l1vVDnYc.js","/home/alex/dev/Bachelor/bmad-vergleichsstudie/.lizard-tmp-WOSzIR/code/seed-b-frontend/.angular/cache/22.1.3/seed-b-frontend/vite/deps/core-l1vVDnYc.js","ɵɵanimateLeaveListener","ɵɵanimateLeaveListener ( value )",15272,15284
1,1,15,0,1,"(anonymous)@15296-15296@/home/alex/dev/Bachelor/bmad-vergleichsstudie/.lizard-tmp-WOSzIR/code/seed-b-frontend/.angular/cache/22.1.3/seed-b-frontend/vite/deps/core-l1vVDnYc.js","/home/alex/dev/Bachelor/bmad-vergleichsstudie/.lizard-tmp-WOSzIR/code/seed-b-frontend/.angular/cache/22.1.3/seed-b-frontend/vite/deps/core-l1vVDnYc.js","(anonymous)","(anonymous)",15296,15296
4,1,23,0,4,"animationComplete@15299-15302@/home/alex/dev/Bachelor/bmad-vergleichsstudie/.lizard-tmp-WOSzIR/code/seed-b-frontend/.angular/cache/22.1.3/seed-b-frontend/vite/deps/core-l1vVDnYc.js","/home/alex/dev/Bachelor/bmad-vergleichsstudie/.lizard-tmp-WOSzIR/code/seed-b-frontend/.angular/cache/22.1.3/seed-b-frontend/vite/deps/core-l1vVDnYc.js","animationComplete","animationComplete ( )",15299,15302
4,1,20,0,4,"(anonymous)@15306-15309@/home/alex/dev/Bachelor/bmad-vergleichsstudie/.lizard-tmp-WOSzIR/code/seed-b-frontend/.angular/cache/22.1.3/seed-b-frontend/vite/deps/core-l1vVDnYc.js","/home/alex/dev/Bachelor/bmad-vergleichsstudie/.lizard-tmp-WOSzIR/code/seed-b-frontend/.angular/cache/22.1.3/seed-b-frontend/vite/deps/core-l1vVDnYc.js","(anonymous)","(anonymous)",15306,15309
3,1,27,0,6,"(anonymous)@15305-15310@/home/alex/dev/Bachelor/bmad-vergleichsstudie/.lizard-tmp-WOSzIR/code/seed-b-frontend/.angular/cache/22.1.3/seed-b-frontend/vite/deps/core-l1vVDnYc.js","/home/alex/dev/Bachelor/bmad-vergleichsstudie/.lizard-tmp-WOSzIR/code/seed-b-frontend/.angular/cache/22.1.3/seed-b-frontend/vite/deps/core-l1vVDnYc.js","(anonymous)","(anonymous)",15305,15310
25,6,188,5,33,"runLeaveAnimationFunction@15285-15317@/home/alex/dev/Bachelor/bmad-vergleichsstudie/.lizard-tmp-WOSzIR/code/seed-b-frontend/.angular/cache/22.1.3/seed-b-frontend/vite/deps/core-l1vVDnYc.js","/home/alex/dev/Bachelor/bmad-vergleichsstudie/.lizard-tmp-WOSzIR/code/seed-b-frontend/.angular/cache/22.1.3/seed-b-frontend/vite/deps/core-l1vVDnYc.js","runLeaveAnimationFunction","runLeaveAnimationFunction ( lView , tNode , value , ngZone , maxAnimationTimeout )",15285,15317
5,2,29,0,5,"ɵɵcomponentInstance@15318-15322@/home/alex/dev/Bachelor/bmad-vergleichsstudie/.lizard-tmp-WOSzIR/code/seed-b-frontend/.angular/cache/22.1.3/seed-b-frontend/vite/deps/core-l1vVDnYc.js","/home/alex/dev/Bachelor/bmad-vergleichsstudie/.lizard-tmp-WOSzIR/code/seed-b-frontend/.angular/cache/22.1.3/seed-b-frontend/vite/deps/core-l1vVDnYc.js","ɵɵcomponentInstance","ɵɵcomponentInstance ( )",15318,15322
1,1,5,1,1,"destroy@15324-15324@/home/alex/dev/Bachelor/bmad-vergleichsstudie/.lizard-tmp-WOSzIR/code/seed-b-frontend/.angular/cache/22.1.3/seed-b-frontend/vite/deps/core-l1vVDnYc.js","/home/alex/dev/Bachelor/bmad-vergleichsstudie/.lizard-tmp-WOSzIR/code/seed-b-frontend/.angular/cache/22.1.3/seed-b-frontend/vite/deps/core-l1vVDnYc.js","destroy","destroy ( item )",15324,15324
1,1,7,2,1,"updateValue@15325-15325@/home/alex/dev/Bachelor/bmad-vergleichsstudie/.lizard-tmp-WOSzIR/code/seed-b-frontend/.angular/cache/22.1.3/seed-b-frontend/vite/deps/core-l1vVDnYc.js","/home/alex/dev/Bachelor/bmad-vergleichsstudie/.lizard-tmp-WOSzIR/code/seed-b-frontend/.angular/cache/22.1.3/seed-b-frontend/vite/deps/core-l1vVDnYc.js","updateValue","updateValue ( index , value )",15325,15325
10,2,89,2,10,"swap@15326-15335@/home/alex/dev/Bachelor/bmad-vergleichsstudie/.lizard-tmp-WOSzIR/code/seed-b-frontend/.angular/cache/22.1.3/seed-b-frontend/vite/deps/core-l1vVDnYc.js","/home/alex/dev/Bachelor/bmad-vergleichsstudie/.lizard-tmp-WOSzIR/code/seed-b-frontend/.angular/cache/22.1.3/seed-b-frontend/vite/deps/core-l1vVDnYc.js","swap","swap ( index1 , index2 )",15326,15335
3,1,21,2,3,"move@15336-15338@/home/alex/dev/Bachelor/bmad-vergleichsstudie/.lizard-tmp-WOSzIR/code/seed-b-frontend/.angular/cache/22.1.3/seed-b-frontend/vite/deps/core-l1vVDnYc.js","/home/alex/dev/Bachelor/bmad-vergleichsstudie/.lizard-tmp-WOSzIR/code/seed-b-frontend/.angular/cache/22.1.3/seed-b-frontend/vite/deps/core-l1vVDnYc.js","move","move ( prevIndex , newIdx )",15336,15338
5,4,60,5,5,"valuesMatching@15340-15344@/home/alex/dev/Bachelor/bmad-vergleichsstudie/.lizard-tmp-WOSzIR/code/seed-b-frontend/.angular/cache/22.1.3/seed-b-frontend/vite/deps/core-l1vVDnYc.js","/home/alex/dev/Bachelor/bmad-vergleichsstudie/.lizard-tmp-WOSzIR/code/seed-b-frontend/.angular/cache/22.1.3/seed-b-frontend/vite/deps/core-l1vVDnYc.js","valuesMatching","valuesMatching ( liveIdx , liveValue , newIdx , newValue , trackBy )",15340,15344
5,2,49,3,5,"recordDuplicateKeys@15345-15349@/home/alex/dev/Bachelor/bmad-vergleichsstudie/.lizard-tmp-WOSzIR/code/seed-b-frontend/.angular/cache/22.1.3/seed-b-frontend/vite/deps/core-l1vVDnYc.js","/home/alex/dev/Bachelor/bmad-vergleichsstudie/.lizard-tmp-WOSzIR/code/seed-b-frontend/.angular/cache/22.1.3/seed-b-frontend/vite/deps/core-l1vVDnYc.js","recordDuplicateKeys","recordDuplicateKeys ( keyToIdx , key , idx )",15345,15349
3,1,9,0,3,"(anonymous)@15456-15458@/home/alex/dev/Bachelor/bmad-vergleichsstudie/.lizard-tmp-WOSzIR/code/seed-b-frontend/.angular/cache/22.1.3/seed-b-frontend/vite/deps/core-l1vVDnYc.js","/home/alex/dev/Bachelor/bmad-vergleichsstudie/.lizard-tmp-WOSzIR/code/seed-b-frontend/.angular/cache/22.1.3/seed-b-frontend/vite/deps/core-l1vVDnYc.js","(anonymous)","(anonymous)",15456,15458
1,1,4,0,1,"(anonymous)@15462-15462@/home/alex/dev/Bachelor/bmad-vergleichsstudie/.lizard-tmp-WOSzIR/code/seed-b-frontend/.angular/cache/22.1.3/seed-b-frontend/vite/deps/core-l1vVDnYc.js","/home/alex/dev/Bachelor/bmad-vergleichsstudie/.lizard-tmp-WOSzIR/code/seed-b-frontend/.angular/cache/22.1.3/seed-b-frontend/vite/deps/core-l1vVDnYc.js","(anonymous)","(anonymous)",15462,15462
119,39,988,4,121,"reconcile@15350-15470@/home/alex/dev/Bachelor/bmad-vergleichsstudie/.lizard-tmp-WOSzIR/code/seed-b-frontend/.angular/cache/22.1.3/seed-b-frontend/vite/deps/core-l1vVDnYc.js","/home/alex/dev/Bachelor/bmad-vergleichsstudie/.lizard-tmp-WOSzIR/code/seed-b-frontend/.angular/cache/22.1.3/seed-b-frontend/vite/deps/core-l1vVDnYc.js","reconcile","reconcile ( liveCollection , newCollection , trackByFn , reactiveConsumer )",15350,15470
8,3,54,4,8,"attachPreviouslyDetached@15471-15478@/home/alex/dev/Bachelor/bmad-vergleichsstudie/.lizard-tmp-WOSzIR/code/seed-b-frontend/.angular/cache/22.1.3/seed-b-frontend/vite/deps/core-l1vVDnYc.js","/home/alex/dev/Bachelor/bmad-vergleichsstudie/.lizard-tmp-WOSzIR/code/seed-b-frontend/.angular/cache/22.1.3/seed-b-frontend/vite/deps/core-l1vVDnYc.js","attachPreviouslyDetached","attachPreviouslyDetached ( prevCollection , detachedItems , index , key )",15471,15478
6,2,65,5,6,"createOrAttach@15479-15484@/home/alex/dev/Bachelor/bmad-vergleichsstudie/.lizard-tmp-WOSzIR/code/seed-b-frontend/.angular/cache/22.1.3/seed-b-frontend/vite/deps/core-l1vVDnYc.js","/home/alex/dev/Bachelor/bmad-vergleichsstudie/.lizard-tmp-WOSzIR/code/seed-b-frontend/.angular/cache/22.1.3/seed-b-frontend/vite/deps/core-l1vVDnYc.js","createOrAttach","createOrAttach ( liveCollection , detachedItems , trackByFn , index , value )",15479,15484
5,2,53,4,5,"initLiveItemsInTheFuture@15485-15489@/home/alex/dev/Bachelor/bmad-vergleichsstudie/.lizard-tmp-WOSzIR/code/seed-b-frontend/.angular/cache/22.1.3/seed-b-frontend/vite/deps/core-l1vVDnYc.js","/home/alex/dev/Bachelor/bmad-vergleichsstudie/.lizard-tmp-WOSzIR/code/seed-b-frontend/.angular/cache/22.1.3/seed-b-frontend/vite/deps/core-l1vVDnYc.js","initLiveItemsInTheFuture","initLiveItemsInTheFuture ( liveCollection , start , end , trackByFn )",15485,15489
3,1,15,1,3,"has@15493-15495@/home/alex/dev/Bachelor/bmad-vergleichsstudie/.lizard-tmp-WOSzIR/code/seed-b-frontend/.angular/cache/22.1.3/seed-b-frontend/vite/deps/core-l1vVDnYc.js","/home/alex/dev/Bachelor/bmad-vergleichsstudie/.lizard-tmp-WOSzIR/code/seed-b-frontend/.angular/cache/22.1.3/seed-b-frontend/vite/deps/core-l1vVDnYc.js","has","has ( key )",15493,15495
9,4,90,1,9,"delete@15496-15504@/home/alex/dev/Bachelor/bmad-vergleichsstudie/.lizard-tmp-WOSzIR/code/seed-b-frontend/.angular/cache/22.1.3/seed-b-frontend/vite/deps/core-l1vVDnYc.js","/home/alex/dev/Bachelor/bmad-vergleichsstudie/.lizard-tmp-WOSzIR/code/seed-b-frontend/.angular/cache/22.1.3/seed-b-frontend/vite/deps/core-l1vVDnYc.js","delete","delete ( key )",15496,15504
80,18,570,3,462,"ɵɵdeferPrefetchOnViewport@15069-15530@/home/alex/dev/Bachelor/bmad-vergleichsstudie/.lizard-tmp-WOSzIR/code/seed-b-frontend/.angular/cache/22.1.3/seed-b-frontend/vite/deps/core-l1vVDnYc.js","/home/alex/dev/Bachelor/bmad-vergleichsstudie/.lizard-tmp-WOSzIR/code/seed-b-frontend/.angular/cache/22.1.3/seed-b-frontend/vite/deps/core-l1vVDnYc.js","ɵɵdeferPrefetchOnViewport","ɵɵdeferPrefetchOnViewport ( triggerIndex , walkUpTimes , options )",15069,15530
7,1,73,8,7,"ɵɵconditionalCreate@15531-15537@/home/alex/dev/Bachelor/bmad-vergleichsstudie/.lizard-tmp-WOSzIR/code/seed-b-frontend/.angular/cache/22.1.3/seed-b-frontend/vite/deps/core-l1vVDnYc.js","/home/alex/dev/Bachelor/bmad-vergleichsstudie/.lizard-tmp-WOSzIR/code/seed-b-frontend/.angular/cache/22.1.3/seed-b-frontend/vite/deps/core-l1vVDnYc.js","ɵɵconditionalCreate","ɵɵconditionalCreate ( index , templateFn , decls , vars , tagName , attrsIndex , localRefsIndex , localRefExtractor )",15531,15537
7,1,73,8,7,"ɵɵconditionalBranchCreate@15538-15544@/home/alex/dev/Bachelor/bmad-vergleichsstudie/.lizard-tmp-WOSzIR/code/seed-b-frontend/.angular/cache/22.1.3/seed-b-frontend/vite/deps/core-l1vVDnYc.js","/home/alex/dev/Bachelor/bmad-vergleichsstudie/.lizard-tmp-WOSzIR/code/seed-b-frontend/.angular/cache/22.1.3/seed-b-frontend/vite/deps/core-l1vVDnYc.js","ɵɵconditionalBranchCreate","ɵɵconditionalBranchCreate ( index , templateFn , decls , vars , tagName , attrsIndex , localRefsIndex , localRefExtractor )",15538,15544
26,8,224,2,26,"ɵɵconditional@15545-15570@/home/alex/dev/Bachelor/bmad-vergleichsstudie/.lizard-tmp-WOSzIR/code/seed-b-frontend/.angular/cache/22.1.3/seed-b-frontend/vite/deps/core-l1vVDnYc.js","/home/alex/dev/Bachelor/bmad-vergleichsstudie/.lizard-tmp-WOSzIR/code/seed-b-frontend/.angular/cache/22.1.3/seed-b-frontend/vite/deps/core-l1vVDnYc.js","ɵɵconditional","ɵɵconditional ( matchingTemplateIndex , contextValue )",15545,15570
5,1,27,1,5,"constructor@15575-15579@/home/alex/dev/Bachelor/bmad-vergleichsstudie/.lizard-tmp-WOSzIR/code/seed-b-frontend/.angular/cache/22.1.3/seed-b-frontend/vite/deps/core-l1vVDnYc.js","/home/alex/dev/Bachelor/bmad-vergleichsstudie/.lizard-tmp-WOSzIR/code/seed-b-frontend/.angular/cache/22.1.3/seed-b-frontend/vite/deps/core-l1vVDnYc.js","constructor","constructor ( lContainer , , )",15575,15579
3,1,13,0,3,"get $count@15580-15582@/home/alex/dev/Bachelor/bmad-vergleichsstudie/.lizard-tmp-WOSzIR/code/seed-b-frontend/.angular/cache/22.1.3/seed-b-frontend/vite/deps/core-l1vVDnYc.js","/home/alex/dev/Bachelor/bmad-vergleichsstudie/.lizard-tmp-WOSzIR/code/seed-b-frontend/.angular/cache/22.1.3/seed-b-frontend/vite/deps/core-l1vVDnYc.js","get $count","get $count ( )",15580,15582
3,1,8,1,3,"ɵɵrepeaterTrackByIndex@15584-15586@/home/alex/dev/Bachelor/bmad-vergleichsstudie/.lizard-tmp-WOSzIR/code/seed-b-frontend/.angular/cache/22.1.3/seed-b-frontend/vite/deps/core-l1vVDnYc.js","/home/alex/dev/Bachelor/bmad-vergleichsstudie/.lizard-tmp-WOSzIR/code/seed-b-frontend/.angular/cache/22.1.3/seed-b-frontend/vite/deps/core-l1vVDnYc.js","ɵɵrepeaterTrackByIndex","ɵɵrepeaterTrackByIndex ( index )",15584,15586
3,1,10,1,3,"ɵɵrepeaterTrackByIdentity@15587-15589@/home/alex/dev/Bachelor/bmad-vergleichsstudie/.lizard-tmp-WOSzIR/code/seed-b-frontend/.angular/cache/22.1.3/seed-b-frontend/vite/deps/core-l1vVDnYc.js","/home/alex/dev/Bachelor/bmad-vergleichsstudie/.lizard-tmp-WOSzIR/code/seed-b-frontend/.angular/cache/22.1.3/seed-b-frontend/vite/deps/core-l1vVDnYc.js","ɵɵrepeaterTrackByIdentity","ɵɵrepeaterTrackByIdentity ( , value )",15587,15589
5,1,27,3,5,"constructor@15594-15598@/home/alex/dev/Bachelor/bmad-vergleichsstudie/.lizard-tmp-WOSzIR/code/seed-b-frontend/.angular/cache/22.1.3/seed-b-frontend/vite/deps/core-l1vVDnYc.js","/home/alex/dev/Bachelor/bmad-vergleichsstudie/.lizard-tmp-WOSzIR/code/seed-b-frontend/.angular/cache/22.1.3/seed-b-frontend/vite/deps/core-l1vVDnYc.js","constructor","constructor ( hasEmptyBlock , trackByFn , liveCollection )",15594,15598
16,6,197,13,16,"ɵɵrepeaterCreate@15600-15615@/home/alex/dev/Bachelor/bmad-vergleichsstudie/.lizard-tmp-WOSzIR/code/seed-b-frontend/.angular/cache/22.1.3/seed-b-frontend/vite/deps/core-l1vVDnYc.js","/home/alex/dev/Bachelor/bmad-vergleichsstudie/.lizard-tmp-WOSzIR/code/seed-b-frontend/.angular/cache/22.1.3/seed-b-frontend/vite/deps/core-l1vVDnYc.js","ɵɵrepeaterCreate","ɵɵrepeaterCreate ( index , templateFn , decls , vars , tagName , attrsIndex , trackByFn , trackByUsesComponentInstance , emptyTemplateFn , emptyDecls , emptyVars , emptyTagName , emptyAttrsIndex )",15600,15615
3,1,14,1,3,"isViewExpensiveToRecreate@15616-15618@/home/alex/dev/Bachelor/bmad-vergleichsstudie/.lizard-tmp-WOSzIR/code/seed-b-frontend/.angular/cache/22.1.3/seed-b-frontend/vite/deps/core-l1vVDnYc.js","/home/alex/dev/Bachelor/bmad-vergleichsstudie/.lizard-tmp-WOSzIR/code/seed-b-frontend/.angular/cache/22.1.3/seed-b-frontend/vite/deps/core-l1vVDnYc.js","isViewExpensiveToRecreate","isViewExpensiveToRecreate ( lView )",15616,15618
4,1,16,0,4,"reset@15622-15625@/home/alex/dev/Bachelor/bmad-vergleichsstudie/.lizard-tmp-WOSzIR/code/seed-b-frontend/.angular/cache/22.1.3/seed-b-frontend/vite/deps/core-l1vVDnYc.js","/home/alex/dev/Bachelor/bmad-vergleichsstudie/.lizard-tmp-WOSzIR/code/seed-b-frontend/.angular/cache/22.1.3/seed-b-frontend/vite/deps/core-l1vVDnYc.js","reset","reset ( )",15622,15625
3,1,9,0,3,"recordCreate@15626-15628@/home/alex/dev/Bachelor/bmad-vergleichsstudie/.lizard-tmp-WOSzIR/code/seed-b-frontend/.angular/cache/22.1.3/seed-b-frontend/vite/deps/core-l1vVDnYc.js","/home/alex/dev/Bachelor/bmad-vergleichsstudie/.lizard-tmp-WOSzIR/code/seed-b-frontend/.angular/cache/22.1.3/seed-b-frontend/vite/deps/core-l1vVDnYc.js","recordCreate","recordCreate ( )",15626,15628
3,1,9,0,3,"recordDestroy@15629-15631@/home/alex/dev/Bachelor/bmad-vergleichsstudie/.lizard-tmp-WOSzIR/code/seed-b-frontend/.angular/cache/22.1.3/seed-b-frontend/vite/deps/core-l1vVDnYc.js","/home/alex/dev/Bachelor/bmad-vergleichsstudie/.lizard-tmp-WOSzIR/code/seed-b-frontend/.angular/cache/22.1.3/seed-b-frontend/vite/deps/core-l1vVDnYc.js","recordDestroy","recordDestroy ( )",15629,15631
3,3,24,1,3,"wasReCreated@15632-15634@/home/alex/dev/Bachelor/bmad-vergleichsstudie/.lizard-tmp-WOSzIR/code/seed-b-frontend/.angular/cache/22.1.3/seed-b-frontend/vite/deps/core-l1vVDnYc.js","/home/alex/dev/Bachelor/bmad-vergleichsstudie/.lizard-tmp-WOSzIR/code/seed-b-frontend/.angular/cache/22.1.3/seed-b-frontend/vite/deps/core-l1vVDnYc.js","wasReCreated","wasReCreated ( collectionLen )",15632,15634
6,1,31,3,6,"constructor@15642-15647@/home/alex/dev/Bachelor/bmad-vergleichsstudie/.lizard-tmp-WOSzIR/code/seed-b-frontend/.angular/cache/22.1.3/seed-b-frontend/vite/deps/core-l1vVDnYc.js","/home/alex/dev/Bachelor/bmad-vergleichsstudie/.lizard-tmp-WOSzIR/code/seed-b-frontend/.angular/cache/22.1.3/seed-b-frontend/vite/deps/core-l1vVDnYc.js","constructor","constructor ( lContainer , hostLView , templateTNode )",15642,15647
3,1,13,0,3,"get length@15648-15650@/home/alex/dev/Bachelor/bmad-vergleichsstudie/.lizard-tmp-WOSzIR/code/seed-b-frontend/.angular/cache/22.1.3/seed-b-frontend/vite/deps/core-l1vVDnYc.js","/home/alex/dev/Bachelor/bmad-vergleichsstudie/.lizard-tmp-WOSzIR/code/seed-b-frontend/.angular/cache/22.1.3/seed-b-frontend/vite/deps/core-l1vVDnYc.js","get length","get length ( )",15648,15650
3,1,18,1,3,"at@15651-15653@/home/alex/dev/Bachelor/bmad-vergleichsstudie/.lizard-tmp-WOSzIR/code/seed-b-frontend/.angular/cache/22.1.3/seed-b-frontend/vite/deps/core-l1vVDnYc.js","/home/alex/dev/Bachelor/bmad-vergleichsstudie/.lizard-tmp-WOSzIR/code/seed-b-frontend/.angular/cache/22.1.3/seed-b-frontend/vite/deps/core-l1vVDnYc.js","at","at ( index )",15651,15653
6,2,55,2,6,"attach@15654-15659@/home/alex/dev/Bachelor/bmad-vergleichsstudie/.lizard-tmp-WOSzIR/code/seed-b-frontend/.angular/cache/22.1.3/seed-b-frontend/vite/deps/core-l1vVDnYc.js","/home/alex/dev/Bachelor/bmad-vergleichsstudie/.lizard-tmp-WOSzIR/code/seed-b-frontend/.angular/cache/22.1.3/seed-b-frontend/vite/deps/core-l1vVDnYc.js","attach","attach ( index , lView )",15654,15659
5,2,37,1,5,"detach@15660-15664@/home/alex/dev/Bachelor/bmad-vergleichsstudie/.lizard-tmp-WOSzIR/code/seed-b-frontend/.angular/cache/22.1.3/seed-b-frontend/vite/deps/core-l1vVDnYc.js","/home/alex/dev/Bachelor/bmad-vergleichsstudie/.lizard-tmp-WOSzIR/code/seed-b-frontend/.angular/cache/22.1.3/seed-b-frontend/vite/deps/core-l1vVDnYc.js","detach","detach ( index )",15660,15664
6,2,68,2,6,"create@15665-15670@/home/alex/dev/Bachelor/bmad-vergleichsstudie/.lizard-tmp-WOSzIR/code/seed-b-frontend/.angular/cache/22.1.3/seed-b-frontend/vite/deps/core-l1vVDnYc.js","/home/alex/dev/Bachelor/bmad-vergleichsstudie/.lizard-tmp-WOSzIR/code/seed-b-frontend/.angular/cache/22.1.3/seed-b-frontend/vite/deps/core-l1vVDnYc.js","create","create ( index , value )",15665,15670
4,2,25,1,4,"destroy@15671-15674@/home/alex/dev/Bachelor/bmad-vergleichsstudie/.lizard-tmp-WOSzIR/code/seed-b-frontend/.angular/cache/22.1.3/seed-b-frontend/vite/deps/core-l1vVDnYc.js","/home/alex/dev/Bachelor/bmad-vergleichsstudie/.lizard-tmp-WOSzIR/code/seed-b-frontend/.angular/cache/22.1.3/seed-b-frontend/vite/deps/core-l1vVDnYc.js","destroy","destroy ( lView )",15671,15674
3,1,21,2,3,"updateValue@15675-15677@/home/alex/dev/Bachelor/bmad-vergleichsstudie/.lizard-tmp-WOSzIR/code/seed-b-frontend/.angular/cache/22.1.3/seed-b-frontend/vite/deps/core-l1vVDnYc.js","/home/alex/dev/Bachelor/bmad-vergleichsstudie/.lizard-tmp-WOSzIR/code/seed-b-frontend/.angular/cache/22.1.3/seed-b-frontend/vite/deps/core-l1vVDnYc.js","updateValue","updateValue ( index , value )",15675,15677
4,2,20,0,4,"reset@15678-15681@/home/alex/dev/Bachelor/bmad-vergleichsstudie/.lizard-tmp-WOSzIR/code/seed-b-frontend/.angular/cache/22.1.3/seed-b-frontend/vite/deps/core-l1vVDnYc.js","/home/alex/dev/Bachelor/bmad-vergleichsstudie/.lizard-tmp-WOSzIR/code/seed-b-frontend/.angular/cache/22.1.3/seed-b-frontend/vite/deps/core-l1vVDnYc.js","reset","reset ( )",15678,15681
3,3,40,0,3,"updateIndexes@15682-15684@/home/alex/dev/Bachelor/bmad-vergleichsstudie/.lizard-tmp-WOSzIR/code/seed-b-frontend/.angular/cache/22.1.3/seed-b-frontend/vite/deps/core-l1vVDnYc.js","/home/alex/dev/Bachelor/bmad-vergleichsstudie/.lizard-tmp-WOSzIR/code/seed-b-frontend/.angular/cache/22.1.3/seed-b-frontend/vite/deps/core-l1vVDnYc.js","updateIndexes","updateIndexes ( )",15682,15684
3,1,15,1,3,"getLView@15685-15687@/home/alex/dev/Bachelor/bmad-vergleichsstudie/.lizard-tmp-WOSzIR/code/seed-b-frontend/.angular/cache/22.1.3/seed-b-frontend/vite/deps/core-l1vVDnYc.js","/home/alex/dev/Bachelor/bmad-vergleichsstudie/.lizard-tmp-WOSzIR/code/seed-b-frontend/.angular/cache/22.1.3/seed-b-frontend/vite/deps/core-l1vVDnYc.js","getLView","getLView ( index )",15685,15687
38,10,319,1,38,"ɵɵrepeater@15689-15726@/home/alex/dev/Bachelor/bmad-vergleichsstudie/.lizard-tmp-WOSzIR/code/seed-b-frontend/.angular/cache/22.1.3/seed-b-frontend/vite/deps/core-l1vVDnYc.js","/home/alex/dev/Bachelor/bmad-vergleichsstudie/.lizard-tmp-WOSzIR/code/seed-b-frontend/.angular/cache/22.1.3/seed-b-frontend/vite/deps/core-l1vVDnYc.js","ɵɵrepeater","ɵɵrepeater ( collection )",15689,15726
5,2,25,2,5,"getLContainer@15727-15731@/home/alex/dev/Bachelor/bmad-vergleichsstudie/.lizard-tmp-WOSzIR/code/seed-b-frontend/.angular/cache/22.1.3/seed-b-frontend/vite/deps/core-l1vVDnYc.js","/home/alex/dev/Bachelor/bmad-vergleichsstudie/.lizard-tmp-WOSzIR/code/seed-b-frontend/.angular/cache/22.1.3/seed-b-frontend/vite/deps/core-l1vVDnYc.js","getLContainer","getLContainer ( lView , index )",15727,15731
11,7,92,2,11,"clearDetachAnimationList@15732-15742@/home/alex/dev/Bachelor/bmad-vergleichsstudie/.lizard-tmp-WOSzIR/code/seed-b-frontend/.angular/cache/22.1.3/seed-b-frontend/vite/deps/core-l1vVDnYc.js","/home/alex/dev/Bachelor/bmad-vergleichsstudie/.lizard-tmp-WOSzIR/code/seed-b-frontend/.angular/cache/22.1.3/seed-b-frontend/vite/deps/core-l1vVDnYc.js","clearDetachAnimationList","clearDetachAnimationList ( lContainer , index )",15732,15742
6,6,63,2,6,"maybeInitDetachAnimationList@15743-15748@/home/alex/dev/Bachelor/bmad-vergleichsstudie/.lizard-tmp-WOSzIR/code/seed-b-frontend/.angular/cache/22.1.3/seed-b-frontend/vite/deps/core-l1vVDnYc.js","/home/alex/dev/Bachelor/bmad-vergleichsstudie/.lizard-tmp-WOSzIR/code/seed-b-frontend/.angular/cache/22.1.3/seed-b-frontend/vite/deps/core-l1vVDnYc.js","maybeInitDetachAnimationList","maybeInitDetachAnimationList ( lContainer , index )",15743,15748
5,2,27,2,5,"detachExistingView@15749-15753@/home/alex/dev/Bachelor/bmad-vergleichsstudie/.lizard-tmp-WOSzIR/code/seed-b-frontend/.angular/cache/22.1.3/seed-b-frontend/vite/deps/core-l1vVDnYc.js","/home/alex/dev/Bachelor/bmad-vergleichsstudie/.lizard-tmp-WOSzIR/code/seed-b-frontend/.angular/cache/22.1.3/seed-b-frontend/vite/deps/core-l1vVDnYc.js","detachExistingView","detachExistingView ( lContainer , index )",15749,15753
5,2,27,2,5,"getExistingLViewFromLContainer@15754-15758@/home/alex/dev/Bachelor/bmad-vergleichsstudie/.lizard-tmp-WOSzIR/code/seed-b-frontend/.angular/cache/22.1.3/seed-b-frontend/vite/deps/core-l1vVDnYc.js","/home/alex/dev/Bachelor/bmad-vergleichsstudie/.lizard-tmp-WOSzIR/code/seed-b-frontend/.angular/cache/22.1.3/seed-b-frontend/vite/deps/core-l1vVDnYc.js","getExistingLViewFromLContainer","getExistingLViewFromLContainer ( lContainer , index )",15754,15758
5,2,27,2,5,"getExistingTNode@15759-15763@/home/alex/dev/Bachelor/bmad-vergleichsstudie/.lizard-tmp-WOSzIR/code/seed-b-frontend/.angular/cache/22.1.3/seed-b-frontend/vite/deps/core-l1vVDnYc.js","/home/alex/dev/Bachelor/bmad-vergleichsstudie/.lizard-tmp-WOSzIR/code/seed-b-frontend/.angular/cache/22.1.3/seed-b-frontend/vite/deps/core-l1vVDnYc.js","getExistingTNode","getExistingTNode ( tView , index )",15759,15763
11,3,86,3,11,"ɵɵproperty@15764-15774@/home/alex/dev/Bachelor/bmad-vergleichsstudie/.lizard-tmp-WOSzIR/code/seed-b-frontend/.angular/cache/22.1.3/seed-b-frontend/vite/deps/core-l1vVDnYc.js","/home/alex/dev/Bachelor/bmad-vergleichsstudie/.lizard-tmp-WOSzIR/code/seed-b-frontend/.angular/cache/22.1.3/seed-b-frontend/vite/deps/core-l1vVDnYc.js","ɵɵproperty","ɵɵproperty ( propName , value , sanitizer )",15764,15774
3,2,30,5,3,"setDirectiveInputsWhichShadowsStyling@15775-15777@/home/alex/dev/Bachelor/bmad-vergleichsstudie/.lizard-tmp-WOSzIR/code/seed-b-frontend/.angular/cache/22.1.3/seed-b-frontend/vite/deps/core-l1vVDnYc.js","/home/alex/dev/Bachelor/bmad-vergleichsstudie/.lizard-tmp-WOSzIR/code/seed-b-frontend/.angular/cache/22.1.3/seed-b-frontend/vite/deps/core-l1vVDnYc.js","setDirectiveInputsWhichShadowsStyling","setDirectiveInputsWhichShadowsStyling ( tView , tNode , lView , value , isClassBased )",15775,15777
4,1,18,0,4,"(anonymous)@15788-15791@/home/alex/dev/Bachelor/bmad-vergleichsstudie/.lizard-tmp-WOSzIR/code/seed-b-frontend/.angular/cache/22.1.3/seed-b-frontend/vite/deps/core-l1vVDnYc.js","/home/alex/dev/Bachelor/bmad-vergleichsstudie/.lizard-tmp-WOSzIR/code/seed-b-frontend/.angular/cache/22.1.3/seed-b-frontend/vite/deps/core-l1vVDnYc.js","(anonymous)","(anonymous)",15788,15791
16,6,154,4,19,"ɵɵelementStart@15778-15796@/home/alex/dev/Bachelor/bmad-vergleichsstudie/.lizard-tmp-WOSzIR/code/seed-b-frontend/.angular/cache/22.1.3/seed-b-frontend/vite/deps/core-l1vVDnYc.js","/home/alex/dev/Bachelor/bmad-vergleichsstudie/.lizard-tmp-WOSzIR/code/seed-b-frontend/.angular/cache/22.1.3/seed-b-frontend/vite/deps/core-l1vVDnYc.js","ɵɵelementStart","ɵɵelementStart ( index , name , attrsIndex , localRefsIndex )",15778,15796
10,5,92,5,10,"initializeElement@15797-15806@/home/alex/dev/Bachelor/bmad-vergleichsstudie/.lizard-tmp-WOSzIR/code/seed-b-frontend/.angular/cache/22.1.3/seed-b-frontend/vite/deps/core-l1vVDnYc.js","/home/alex/dev/Bachelor/bmad-vergleichsstudie/.lizard-tmp-WOSzIR/code/seed-b-frontend/.angular/cache/22.1.3/seed-b-frontend/vite/deps/core-l1vVDnYc.js","initializeElement","initializeElement ( index , name , lView , tNode , localRefsIndex )",15797,15806
13,9,135,0,13,"ɵɵelementEnd@15807-15819@/home/alex/dev/Bachelor/bmad-vergleichsstudie/.lizard-tmp-WOSzIR/code/seed-b-frontend/.angular/cache/22.1.3/seed-b-frontend/vite/deps/core-l1vVDnYc.js","/home/alex/dev/Bachelor/bmad-vergleichsstudie/.lizard-tmp-WOSzIR/code/seed-b-frontend/.angular/cache/22.1.3/seed-b-frontend/vite/deps/core-l1vVDnYc.js","ɵɵelementEnd","ɵɵelementEnd ( )",15807,15819
5,1,29,4,5,"ɵɵelement@15820-15824@/home/alex/dev/Bachelor/bmad-vergleichsstudie/.lizard-tmp-WOSzIR/code/seed-b-frontend/.angular/cache/22.1.3/seed-b-frontend/vite/deps/core-l1vVDnYc.js","/home/alex/dev/Bachelor/bmad-vergleichsstudie/.lizard-tmp-WOSzIR/code/seed-b-frontend/.angular/cache/22.1.3/seed-b-frontend/vite/deps/core-l1vVDnYc.js","ɵɵelement","ɵɵelement ( index , name , attrsIndex , localRefsIndex )",15820,15824
11,6,118,4,11,"ɵɵdomElementStart@15825-15835@/home/alex/dev/Bachelor/bmad-vergleichsstudie/.lizard-tmp-WOSzIR/code/seed-b-frontend/.angular/cache/22.1.3/seed-b-frontend/vite/deps/core-l1vVDnYc.js","/home/alex/dev/Bachelor/bmad-vergleichsstudie/.lizard-tmp-WOSzIR/code/seed-b-frontend/.angular/cache/22.1.3/seed-b-frontend/vite/deps/core-l1vVDnYc.js","ɵɵdomElementStart","ɵɵdomElementStart ( index , name , attrsIndex , localRefsIndex )",15825,15835
9,4,55,0,9,"ɵɵdomElementEnd@15836-15844@/home/alex/dev/Bachelor/bmad-vergleichsstudie/.lizard-tmp-WOSzIR/code/seed-b-frontend/.angular/cache/22.1.3/seed-b-frontend/vite/deps/core-l1vVDnYc.js","/home/alex/dev/Bachelor/bmad-vergleichsstudie/.lizard-tmp-WOSzIR/code/seed-b-frontend/.angular/cache/22.1.3/seed-b-frontend/vite/deps/core-l1vVDnYc.js","ɵɵdomElementEnd","ɵɵdomElementEnd ( )",15836,15844
5,1,29,4,5,"ɵɵdomElement@15845-15849@/home/alex/dev/Bachelor/bmad-vergleichsstudie/.lizard-tmp-WOSzIR/code/seed-b-frontend/.angular/cache/22.1.3/seed-b-frontend/vite/deps/core-l1vVDnYc.js","/home/alex/dev/Bachelor/bmad-vergleichsstudie/.lizard-tmp-WOSzIR/code/seed-b-frontend/.angular/cache/22.1.3/seed-b-frontend/vite/deps/core-l1vVDnYc.js","ɵɵdomElement","ɵɵdomElement ( index , name , attrsIndex , localRefsIndex )",15845,15849
4,1,34,5,4,"_locateOrCreateElementNode@15850-15853@/home/alex/dev/Bachelor/bmad-vergleichsstudie/.lizard-tmp-WOSzIR/code/seed-b-frontend/.angular/cache/22.1.3/seed-b-frontend/vite/deps/core-l1vVDnYc.js","/home/alex/dev/Bachelor/bmad-vergleichsstudie/.lizard-tmp-WOSzIR/code/seed-b-frontend/.angular/cache/22.1.3/seed-b-frontend/vite/deps/core-l1vVDnYc.js","_locateOrCreateElementNode","_locateOrCreateElementNode ( tView , lView , tNode , name , index )",15850,15853
21,12,187,5,21,"locateOrCreateElementNodeImpl@15854-15874@/home/alex/dev/Bachelor/bmad-vergleichsstudie/.lizard-tmp-WOSzIR/code/seed-b-frontend/.angular/cache/22.1.3/seed-b-frontend/vite/deps/core-l1vVDnYc.js","/home/alex/dev/Bachelor/bmad-vergleichsstudie/.lizard-tmp-WOSzIR/code/seed-b-frontend/.angular/cache/22.1.3/seed-b-frontend/vite/deps/core-l1vVDnYc.js","locateOrCreateElementNodeImpl","locateOrCreateElementNodeImpl ( tView , lView , tNode , name , index )",15854,15874
3,1,8,0,3,"enableLocateOrCreateElementNodeImpl@15875-15877@/home/alex/dev/Bachelor/bmad-vergleichsstudie/.lizard-tmp-WOSzIR/code/seed-b-frontend/.angular/cache/22.1.3/seed-b-frontend/vite/deps/core-l1vVDnYc.js","/home/alex/dev/Bachelor/bmad-vergleichsstudie/.lizard-tmp-WOSzIR/code/seed-b-frontend/.angular/cache/22.1.3/seed-b-frontend/vite/deps/core-l1vVDnYc.js","enableLocateOrCreateElementNodeImpl","enableLocateOrCreateElementNodeImpl ( )",15875,15877
15,5,139,3,15,"ɵɵelementContainerStart@15878-15892@/home/alex/dev/Bachelor/bmad-vergleichsstudie/.lizard-tmp-WOSzIR/code/seed-b-frontend/.angular/cache/22.1.3/seed-b-frontend/vite/deps/core-l1vVDnYc.js","/home/alex/dev/Bachelor/bmad-vergleichsstudie/.lizard-tmp-WOSzIR/code/seed-b-frontend/.angular/cache/22.1.3/seed-b-frontend/vite/deps/core-l1vVDnYc.js","ɵɵelementContainerStart","ɵɵelementContainerStart ( index , attrsIndex , localRefsIndex )",15878,15892
9,4,60,0,9,"ɵɵelementContainerEnd@15893-15901@/home/alex/dev/Bachelor/bmad-vergleichsstudie/.lizard-tmp-WOSzIR/code/seed-b-frontend/.angular/cache/22.1.3/seed-b-frontend/vite/deps/core-l1vVDnYc.js","/home/alex/dev/Bachelor/bmad-vergleichsstudie/.lizard-tmp-WOSzIR/code/seed-b-frontend/.angular/cache/22.1.3/seed-b-frontend/vite/deps/core-l1vVDnYc.js","ɵɵelementContainerEnd","ɵɵelementContainerEnd ( )",15893,15901
5,1,25,3,5,"ɵɵelementContainer@15902-15906@/home/alex/dev/Bachelor/bmad-vergleichsstudie/.lizard-tmp-WOSzIR/code/seed-b-frontend/.angular/cache/22.1.3/seed-b-frontend/vite/deps/core-l1vVDnYc.js","/home/alex/dev/Bachelor/bmad-vergleichsstudie/.lizard-tmp-WOSzIR/code/seed-b-frontend/.angular/cache/22.1.3/seed-b-frontend/vite/deps/core-l1vVDnYc.js","ɵɵelementContainer","ɵɵelementContainer ( index , attrsIndex , localRefsIndex )",15902,15906
10,4,98,3,10,"ɵɵdomElementContainerStart@15907-15916@/home/alex/dev/Bachelor/bmad-vergleichsstudie/.lizard-tmp-WOSzIR/code/seed-b-frontend/.angular/cache/22.1.3/seed-b-frontend/vite/deps/core-l1vVDnYc.js","/home/alex/dev/Bachelor/bmad-vergleichsstudie/.lizard-tmp-WOSzIR/code/seed-b-frontend/.angular/cache/22.1.3/seed-b-frontend/vite/deps/core-l1vVDnYc.js","ɵɵdomElementContainerStart","ɵɵdomElementContainerStart ( index , attrsIndex , localRefsIndex )",15907,15916
7,3,40,0,7,"ɵɵdomElementContainerEnd@15917-15923@/home/alex/dev/Bachelor/bmad-vergleichsstudie/.lizard-tmp-WOSzIR/code/seed-b-frontend/.angular/cache/22.1.3/seed-b-frontend/vite/deps/core-l1vVDnYc.js","/home/alex/dev/Bachelor/bmad-vergleichsstudie/.lizard-tmp-WOSzIR/code/seed-b-frontend/.angular/cache/22.1.3/seed-b-frontend/vite/deps/core-l1vVDnYc.js","ɵɵdomElementContainerEnd","ɵɵdomElementContainerEnd ( )",15917,15923
5,1,25,3,5,"ɵɵdomElementContainer@15924-15928@/home/alex/dev/Bachelor/bmad-vergleichsstudie/.lizard-tmp-WOSzIR/code/seed-b-frontend/.angular/cache/22.1.3/seed-b-frontend/vite/deps/core-l1vVDnYc.js","/home/alex/dev/Bachelor/bmad-vergleichsstudie/.lizard-tmp-WOSzIR/code/seed-b-frontend/.angular/cache/22.1.3/seed-b-frontend/vite/deps/core-l1vVDnYc.js","ɵɵdomElementContainer","ɵɵdomElementContainer ( index , attrsIndex , localRefsIndex )",15924,15928
4,2,34,5,4,"_locateOrCreateElementContainerNode@15929-15932@/home/alex/dev/Bachelor/bmad-vergleichsstudie/.lizard-tmp-WOSzIR/code/seed-b-frontend/.angular/cache/22.1.3/seed-b-frontend/vite/deps/core-l1vVDnYc.js","/home/alex/dev/Bachelor/bmad-vergleichsstudie/.lizard-tmp-WOSzIR/code/seed-b-frontend/.angular/cache/22.1.3/seed-b-frontend/vite/deps/core-l1vVDnYc.js","_locateOrCreateElementContainerNode","_locateOrCreateElementContainerNode ( tView , lView , tNode , commentText , index )",15929,15932
18,6,150,5,18,"locateOrCreateElementContainerNode@15933-15950@/home/alex/dev/Bachelor/bmad-vergleichsstudie/.lizard-tmp-WOSzIR/code/seed-b-frontend/.angular/cache/22.1.3/seed-b-frontend/vite/deps/core-l1vVDnYc.js","/home/alex/dev/Bachelor/bmad-vergleichsstudie/.lizard-tmp-WOSzIR/code/seed-b-frontend/.angular/cache/22.1.3/seed-b-frontend/vite/deps/core-l1vVDnYc.js","locateOrCreateElementContainerNode","locateOrCreateElementContainerNode ( tView , lView , tNode , commentText , index )",15933,15950
3,1,8,0,3,"enableLocateOrCreateElementContainerNodeImpl@15951-15953@/home/alex/dev/Bachelor/bmad-vergleichsstudie/.lizard-tmp-WOSzIR/code/seed-b-frontend/.angular/cache/22.1.3/seed-b-frontend/vite/deps/core-l1vVDnYc.js","/home/alex/dev/Bachelor/bmad-vergleichsstudie/.lizard-tmp-WOSzIR/code/seed-b-frontend/.angular/cache/22.1.3/seed-b-frontend/vite/deps/core-l1vVDnYc.js","enableLocateOrCreateElementContainerNodeImpl","enableLocateOrCreateElementContainerNodeImpl ( )",15951,15953
4,1,24,0,4,"get head@15960-15963@/home/alex/dev/Bachelor/bmad-vergleichsstudie/.lizard-tmp-WOSzIR/code/seed-b-frontend/.angular/cache/22.1.3/seed-b-frontend/vite/deps/core-l1vVDnYc.js","/home/alex/dev/Bachelor/bmad-vergleichsstudie/.lizard-tmp-WOSzIR/code/seed-b-frontend/.angular/cache/22.1.3/seed-b-frontend/vite/deps/core-l1vVDnYc.js","get head","get head ( )",15960,15963
4,1,26,0,4,"get tail@15964-15967@/home/alex/dev/Bachelor/bmad-vergleichsstudie/.lizard-tmp-WOSzIR/code/seed-b-frontend/.angular/cache/22.1.3/seed-b-frontend/vite/deps/core-l1vVDnYc.js","/home/alex/dev/Bachelor/bmad-vergleichsstudie/.lizard-tmp-WOSzIR/code/seed-b-frontend/.angular/cache/22.1.3/seed-b-frontend/vite/deps/core-l1vVDnYc.js","get tail","get tail ( )",15964,15967
25,4,274,2,25,"createForeignView@15969-15993@/home/alex/dev/Bachelor/bmad-vergleichsstudie/.lizard-tmp-WOSzIR/code/seed-b-frontend/.angular/cache/22.1.3/seed-b-frontend/vite/deps/core-l1vVDnYc.js","/home/alex/dev/Bachelor/bmad-vergleichsstudie/.lizard-tmp-WOSzIR/code/seed-b-frontend/.angular/cache/22.1.3/seed-b-frontend/vite/deps/core-l1vVDnYc.js","createForeignView","createForeignView ( lContainer , index )",15969,15993
28,8,265,3,28,"ɵɵforeignComponent@15994-16021@/home/alex/dev/Bachelor/bmad-vergleichsstudie/.lizard-tmp-WOSzIR/code/seed-b-frontend/.angular/cache/22.1.3/seed-b-frontend/vite/deps/core-l1vVDnYc.js","/home/alex/dev/Bachelor/bmad-vergleichsstudie/.lizard-tmp-WOSzIR/code/seed-b-frontend/.angular/cache/22.1.3/seed-b-frontend/vite/deps/core-l1vVDnYc.js","ɵɵforeignComponent","ɵɵforeignComponent ( index , foreignComponentIndex , props )",15994,16021
3,1,11,1,3,"constructor@16024-16026@/home/alex/dev/Bachelor/bmad-vergleichsstudie/.lizard-tmp-WOSzIR/code/seed-b-frontend/.angular/cache/22.1.3/seed-b-frontend/vite/deps/core-l1vVDnYc.js","/home/alex/dev/Bachelor/bmad-vergleichsstudie/.lizard-tmp-WOSzIR/code/seed-b-frontend/.angular/cache/22.1.3/seed-b-frontend/vite/deps/core-l1vVDnYc.js","constructor","constructor ( context )",16024,16026
17,3,92,2,17,"resolveForeignContentContainer@16031-16047@/home/alex/dev/Bachelor/bmad-vergleichsstudie/.lizard-tmp-WOSzIR/code/seed-b-frontend/.angular/cache/22.1.3/seed-b-frontend/vite/deps/core-l1vVDnYc.js","/home/alex/dev/Bachelor/bmad-vergleichsstudie/.lizard-tmp-WOSzIR/code/seed-b-frontend/.angular/cache/22.1.3/seed-b-frontend/vite/deps/core-l1vVDnYc.js","resolveForeignContentContainer","resolveForeignContentContainer ( index , foreignComponentConstIndex )",16031,16047
7,3,45,0,7,"(anonymous)@16057-16063@/home/alex/dev/Bachelor/bmad-vergleichsstudie/.lizard-tmp-WOSzIR/code/seed-b-frontend/.angular/cache/22.1.3/seed-b-frontend/vite/deps/core-l1vVDnYc.js","/home/alex/dev/Bachelor/bmad-vergleichsstudie/.lizard-tmp-WOSzIR/code/seed-b-frontend/.angular/cache/22.1.3/seed-b-frontend/vite/deps/core-l1vVDnYc.js","(anonymous)","(anonymous)",16057,16063
8,2,85,0,14,"producer@16053-16066@/home/alex/dev/Bachelor/bmad-vergleichsstudie/.lizard-tmp-WOSzIR/code/seed-b-frontend/.angular/cache/22.1.3/seed-b-frontend/vite/deps/core-l1vVDnYc.js","/home/alex/dev/Bachelor/bmad-vergleichsstudie/.lizard-tmp-WOSzIR/code/seed-b-frontend/.angular/cache/22.1.3/seed-b-frontend/vite/deps/core-l1vVDnYc.js","producer","producer ( )",16053,16066
8,1,60,2,21,"ɵɵforeignContent@16048-16068@/home/alex/dev/Bachelor/bmad-vergleichsstudie/.lizard-tmp-WOSzIR/code/seed-b-frontend/.angular/cache/22.1.3/seed-b-frontend/vite/deps/core-l1vVDnYc.js","/home/alex/dev/Bachelor/bmad-vergleichsstudie/.lizard-tmp-WOSzIR/code/seed-b-frontend/.angular/cache/22.1.3/seed-b-frontend/vite/deps/core-l1vVDnYc.js","ɵɵforeignContent","ɵɵforeignContent ( index , foreignComponentConstIndex )",16048,16068
7,3,45,0,7,"(anonymous)@16079-16085@/home/alex/dev/Bachelor/bmad-vergleichsstudie/.lizard-tmp-WOSzIR/code/seed-b-frontend/.angular/cache/22.1.3/seed-b-frontend/vite/deps/core-l1vVDnYc.js","/home/alex/dev/Bachelor/bmad-vergleichsstudie/.lizard-tmp-WOSzIR/code/seed-b-frontend/.angular/cache/22.1.3/seed-b-frontend/vite/deps/core-l1vVDnYc.js","(anonymous)","(anonymous)",16079,16085
8,2,85,0,14,"producer@16075-16088@/home/alex/dev/Bachelor/bmad-vergleichsstudie/.lizard-tmp-WOSzIR/code/seed-b-frontend/.angular/cache/22.1.3/seed-b-frontend/vite/deps/core-l1vVDnYc.js","/home/alex/dev/Bachelor/bmad-vergleichsstudie/.lizard-tmp-WOSzIR/code/seed-b-frontend/.angular/cache/22.1.3/seed-b-frontend/vite/deps/core-l1vVDnYc.js","producer","producer ( )",16075,16088
4,1,13,0,17,"(anonymous)@16074-16090@/home/alex/dev/Bachelor/bmad-vergleichsstudie/.lizard-tmp-WOSzIR/code/seed-b-frontend/.angular/cache/22.1.3/seed-b-frontend/vite/deps/core-l1vVDnYc.js","/home/alex/dev/Bachelor/bmad-vergleichsstudie/.lizard-tmp-WOSzIR/code/seed-b-frontend/.angular/cache/22.1.3/seed-b-frontend/vite/deps/core-l1vVDnYc.js","(anonymous)","(anonymous)",16074,16090
7,1,57,2,23,"ɵɵforeignContentFn@16069-16091@/home/alex/dev/Bachelor/bmad-vergleichsstudie/.lizard-tmp-WOSzIR/code/seed-b-frontend/.angular/cache/22.1.3/seed-b-frontend/vite/deps/core-l1vVDnYc.js","/home/alex/dev/Bachelor/bmad-vergleichsstudie/.lizard-tmp-WOSzIR/code/seed-b-frontend/.angular/cache/22.1.3/seed-b-frontend/vite/deps/core-l1vVDnYc.js","ɵɵforeignContentFn","ɵɵforeignContentFn ( index , foreignComponentConstIndex )",16069,16091
3,1,9,0,3,"ɵɵgetCurrentView@16092-16094@/home/alex/dev/Bachelor/bmad-vergleichsstudie/.lizard-tmp-WOSzIR/code/seed-b-frontend/.angular/cache/22.1.3/seed-b-frontend/vite/deps/core-l1vVDnYc.js","/home/alex/dev/Bachelor/bmad-vergleichsstudie/.lizard-tmp-WOSzIR/code/seed-b-frontend/.angular/cache/22.1.3/seed-b-frontend/vite/deps/core-l1vVDnYc.js","ɵɵgetCurrentView","ɵɵgetCurrentView ( )",16092,16094
11,3,86,3,11,"ɵɵdomProperty@16095-16105@/home/alex/dev/Bachelor/bmad-vergleichsstudie/.lizard-tmp-WOSzIR/code/seed-b-frontend/.angular/cache/22.1.3/seed-b-frontend/vite/deps/core-l1vVDnYc.js","/home/alex/dev/Bachelor/bmad-vergleichsstudie/.lizard-tmp-WOSzIR/code/seed-b-frontend/.angular/cache/22.1.3/seed-b-frontend/vite/deps/core-l1vVDnYc.js","ɵɵdomProperty","ɵɵdomProperty ( propName , value , sanitizer )",16095,16105
11,3,95,3,11,"ɵɵsyntheticHostProperty@16106-16116@/home/alex/dev/Bachelor/bmad-vergleichsstudie/.lizard-tmp-WOSzIR/code/seed-b-frontend/.angular/cache/22.1.3/seed-b-frontend/vite/deps/core-l1vVDnYc.js","/home/alex/dev/Bachelor/bmad-vergleichsstudie/.lizard-tmp-WOSzIR/code/seed-b-frontend/.angular/cache/22.1.3/seed-b-frontend/vite/deps/core-l1vVDnYc.js","ɵɵsyntheticHostProperty","ɵɵsyntheticHostProperty ( propName , value , sanitizer )",16106,16116
5,3,52,1,5,"plural@16118-16122@/home/alex/dev/Bachelor/bmad-vergleichsstudie/.lizard-tmp-WOSzIR/code/seed-b-frontend/.angular/cache/22.1.3/seed-b-frontend/vite/deps/core-l1vVDnYc.js","/home/alex/dev/Bachelor/bmad-vergleichsstudie/.lizard-tmp-WOSzIR/code/seed-b-frontend/.angular/cache/22.1.3/seed-b-frontend/vite/deps/core-l1vVDnYc.js","plural","plural ( val )",16118,16122
9,3,68,3,9,"registerLocaleData@16264-16272@/home/alex/dev/Bachelor/bmad-vergleichsstudie/.lizard-tmp-WOSzIR/code/seed-b-frontend/.angular/cache/22.1.3/seed-b-frontend/vite/deps/core-l1vVDnYc.js","/home/alex/dev/Bachelor/bmad-vergleichsstudie/.lizard-tmp-WOSzIR/code/seed-b-frontend/.angular/cache/22.1.3/seed-b-frontend/vite/deps/core-l1vVDnYc.js","registerLocaleData","registerLocaleData ( data , localeId , extraData )",16264,16272
10,5,81,1,10,"findLocaleData@16273-16282@/home/alex/dev/Bachelor/bmad-vergleichsstudie/.lizard-tmp-WOSzIR/code/seed-b-frontend/.angular/cache/22.1.3/seed-b-frontend/vite/deps/core-l1vVDnYc.js","/home/alex/dev/Bachelor/bmad-vergleichsstudie/.lizard-tmp-WOSzIR/code/seed-b-frontend/.angular/cache/22.1.3/seed-b-frontend/vite/deps/core-l1vVDnYc.js","findLocaleData","findLocaleData ( locale )",16273,16282
3,2,18,1,3,"getLocaleCurrencyCode@16283-16285@/home/alex/dev/Bachelor/bmad-vergleichsstudie/.lizard-tmp-WOSzIR/code/seed-b-frontend/.angular/cache/22.1.3/seed-b-frontend/vite/deps/core-l1vVDnYc.js","/home/alex/dev/Bachelor/bmad-vergleichsstudie/.lizard-tmp-WOSzIR/code/seed-b-frontend/.angular/cache/22.1.3/seed-b-frontend/vite/deps/core-l1vVDnYc.js","getLocaleCurrencyCode","getLocaleCurrencyCode ( locale )",16283,16285
3,1,16,1,3,"getLocalePluralCase@16286-16288@/home/alex/dev/Bachelor/bmad-vergleichsstudie/.lizard-tmp-WOSzIR/code/seed-b-frontend/.angular/cache/22.1.3/seed-b-frontend/vite/deps/core-l1vVDnYc.js","/home/alex/dev/Bachelor/bmad-vergleichsstudie/.lizard-tmp-WOSzIR/code/seed-b-frontend/.angular/cache/22.1.3/seed-b-frontend/vite/deps/core-l1vVDnYc.js","getLocalePluralCase","getLocalePluralCase ( locale )",16286,16288
8,6,71,1,8,"getLocaleData@16289-16296@/home/alex/dev/Bachelor/bmad-vergleichsstudie/.lizard-tmp-WOSzIR/code/seed-b-frontend/.angular/cache/22.1.3/seed-b-frontend/vite/deps/core-l1vVDnYc.js","/home/alex/dev/Bachelor/bmad-vergleichsstudie/.lizard-tmp-WOSzIR/code/seed-b-frontend/.angular/cache/22.1.3/seed-b-frontend/vite/deps/core-l1vVDnYc.js","getLocaleData","getLocaleData ( normalizedLocale )",16289,16296
3,1,13,0,3,"unregisterAllLocaleData@16297-16299@/home/alex/dev/Bachelor/bmad-vergleichsstudie/.lizard-tmp-WOSzIR/code/seed-b-frontend/.angular/cache/22.1.3/seed-b-frontend/vite/deps/core-l1vVDnYc.js","/home/alex/dev/Bachelor/bmad-vergleichsstudie/.lizard-tmp-WOSzIR/code/seed-b-frontend/.angular/cache/22.1.3/seed-b-frontend/vite/deps/core-l1vVDnYc.js","unregisterAllLocaleData","unregisterAllLocaleData ( )",16297,16299
3,1,18,1,3,"normalizeLocale@16324-16326@/home/alex/dev/Bachelor/bmad-vergleichsstudie/.lizard-tmp-WOSzIR/code/seed-b-frontend/.angular/cache/22.1.3/seed-b-frontend/vite/deps/core-l1vVDnYc.js","/home/alex/dev/Bachelor/bmad-vergleichsstudie/.lizard-tmp-WOSzIR/code/seed-b-frontend/.angular/cache/22.1.3/seed-b-frontend/vite/deps/core-l1vVDnYc.js","normalizeLocale","normalizeLocale ( locale )",16324,16326
4,2,36,2,4,"getPluralCase@16334-16337@/home/alex/dev/Bachelor/bmad-vergleichsstudie/.lizard-tmp-WOSzIR/code/seed-b-frontend/.angular/cache/22.1.3/seed-b-frontend/vite/deps/core-l1vVDnYc.js","/home/alex/dev/Bachelor/bmad-vergleichsstudie/.lizard-tmp-WOSzIR/code/seed-b-frontend/.angular/cache/22.1.3/seed-b-frontend/vite/deps/core-l1vVDnYc.js","getPluralCase","getPluralCase ( value , locale )",16334,16337
5,1,41,1,5,"(anonymous)@16343-16347@/home/alex/dev/Bachelor/bmad-vergleichsstudie/.lizard-tmp-WOSzIR/code/seed-b-frontend/.angular/cache/22.1.3/seed-b-frontend/vite/deps/core-l1vVDnYc.js","/home/alex/dev/Bachelor/bmad-vergleichsstudie/.lizard-tmp-WOSzIR/code/seed-b-frontend/.angular/cache/22.1.3/seed-b-frontend/vite/deps/core-l1vVDnYc.js","(anonymous)","(anonymous) ( I18nCreateOpCode )",16343,16347
4,3,38,1,4,"setLocaleId@16349-16352@/home/alex/dev/Bachelor/bmad-vergleichsstudie/.lizard-tmp-WOSzIR/code/seed-b-frontend/.angular/cache/22.1.3/seed-b-frontend/vite/deps/core-l1vVDnYc.js","/home/alex/dev/Bachelor/bmad-vergleichsstudie/.lizard-tmp-WOSzIR/code/seed-b-frontend/.angular/cache/22.1.3/seed-b-frontend/vite/deps/core-l1vVDnYc.js","setLocaleId","setLocaleId ( localeId )",16349,16352
3,1,8,0,3,"getLocaleId@16353-16355@/home/alex/dev/Bachelor/bmad-vergleichsstudie/.lizard-tmp-WOSzIR/code/seed-b-frontend/.angular/cache/22.1.3/seed-b-frontend/vite/deps/core-l1vVDnYc.js","/home/alex/dev/Bachelor/bmad-vergleichsstudie/.lizard-tmp-WOSzIR/code/seed-b-frontend/.angular/cache/22.1.3/seed-b-frontend/vite/deps/core-l1vVDnYc.js","getLocaleId","getLocaleId ( )",16353,16355
4,2,28,1,4,"setMaskBit@16358-16361@/home/alex/dev/Bachelor/bmad-vergleichsstudie/.lizard-tmp-WOSzIR/code/seed-b-frontend/.angular/cache/22.1.3/seed-b-frontend/vite/deps/core-l1vVDnYc.js","/home/alex/dev/Bachelor/bmad-vergleichsstudie/.lizard-tmp-WOSzIR/code/seed-b-frontend/.angular/cache/22.1.3/seed-b-frontend/vite/deps/core-l1vVDnYc.js","setMaskBit","setMaskBit ( hasChange )",16358,16361
12,4,82,3,12,"applyI18n@16362-16373@/home/alex/dev/Bachelor/bmad-vergleichsstudie/.lizard-tmp-WOSzIR/code/seed-b-frontend/.angular/cache/22.1.3/seed-b-frontend/vite/deps/core-l1vVDnYc.js","/home/alex/dev/Bachelor/bmad-vergleichsstudie/.lizard-tmp-WOSzIR/code/seed-b-frontend/.angular/cache/22.1.3/seed-b-frontend/vite/deps/core-l1vVDnYc.js","applyI18n","applyI18n ( tView , lView , index )",16362,16373
8,4,64,3,8,"createNodeWithoutHydration@16374-16381@/home/alex/dev/Bachelor/bmad-vergleichsstudie/.lizard-tmp-WOSzIR/code/seed-b-frontend/.angular/cache/22.1.3/seed-b-frontend/vite/deps/core-l1vVDnYc.js","/home/alex/dev/Bachelor/bmad-vergleichsstudie/.lizard-tmp-WOSzIR/code/seed-b-frontend/.angular/cache/22.1.3/seed-b-frontend/vite/deps/core-l1vVDnYc.js","createNodeWithoutHydration","createNodeWithoutHydration ( lView , textOrName , nodeType )",16374,16381
4,1,27,4,4,"_locateOrCreateNode@16382-16385@/home/alex/dev/Bachelor/bmad-vergleichsstudie/.lizard-tmp-WOSzIR/code/seed-b-frontend/.angular/cache/22.1.3/seed-b-frontend/vite/deps/core-l1vVDnYc.js","/home/alex/dev/Bachelor/bmad-vergleichsstudie/.lizard-tmp-WOSzIR/code/seed-b-frontend/.angular/cache/22.1.3/seed-b-frontend/vite/deps/core-l1vVDnYc.js","_locateOrCreateNode","_locateOrCreateNode ( lView , index , textOrName , nodeType )",16382,16385
13,10,138,4,13,"locateOrCreateNodeImpl@16386-16398@/home/alex/dev/Bachelor/bmad-vergleichsstudie/.lizard-tmp-WOSzIR/code/seed-b-frontend/.angular/cache/22.1.3/seed-b-frontend/vite/deps/core-l1vVDnYc.js","/home/alex/dev/Bachelor/bmad-vergleichsstudie/.lizard-tmp-WOSzIR/code/seed-b-frontend/.angular/cache/22.1.3/seed-b-frontend/vite/deps/core-l1vVDnYc.js","locateOrCreateNodeImpl","locateOrCreateNodeImpl ( lView , index , textOrName , nodeType )",16386,16398
3,1,8,0,3,"enableLocateOrCreateI18nNodeImpl@16399-16401@/home/alex/dev/Bachelor/bmad-vergleichsstudie/.lizard-tmp-WOSzIR/code/seed-b-frontend/.angular/cache/22.1.3/seed-b-frontend/vite/deps/core-l1vVDnYc.js","/home/alex/dev/Bachelor/bmad-vergleichsstudie/.lizard-tmp-WOSzIR/code/seed-b-frontend/.angular/cache/22.1.3/seed-b-frontend/vite/deps/core-l1vVDnYc.js","enableLocateOrCreateI18nNodeImpl","enableLocateOrCreateI18nNodeImpl ( )",16399,16401
17,7,157,4,17,"applyCreateOpCodes@16402-16418@/home/alex/dev/Bachelor/bmad-vergleichsstudie/.lizard-tmp-WOSzIR/code/seed-b-frontend/.angular/cache/22.1.3/seed-b-frontend/vite/deps/core-l1vVDnYc.js","/home/alex/dev/Bachelor/bmad-vergleichsstudie/.lizard-tmp-WOSzIR/code/seed-b-frontend/.angular/cache/22.1.3/seed-b-frontend/vite/deps/core-l1vVDnYc.js","applyCreateOpCodes","applyCreateOpCodes ( lView , createOpCodes , parentRNode , insertInFrontOf )",16402,16418
75,29,599,4,75,"applyMutableOpCodes@16419-16493@/home/alex/dev/Bachelor/bmad-vergleichsstudie/.lizard-tmp-WOSzIR/code/seed-b-frontend/.angular/cache/22.1.3/seed-b-frontend/vite/deps/core-l1vVDnYc.js","/home/alex/dev/Bachelor/bmad-vergleichsstudie/.lizard-tmp-WOSzIR/code/seed-b-frontend/.angular/cache/22.1.3/seed-b-frontend/vite/deps/core-l1vVDnYc.js","applyMutableOpCodes","applyMutableOpCodes ( tView , mutableOpCodes , lView , anchorRNode )",16419,16493
52,17,399,5,52,"applyUpdateOpCodes@16494-16545@/home/alex/dev/Bachelor/bmad-vergleichsstudie/.lizard-tmp-WOSzIR/code/seed-b-frontend/.angular/cache/22.1.3/seed-b-frontend/vite/deps/core-l1vVDnYc.js","/home/alex/dev/Bachelor/bmad-vergleichsstudie/.lizard-tmp-WOSzIR/code/seed-b-frontend/.angular/cache/22.1.3/seed-b-frontend/vite/deps/core-l1vVDnYc.js","applyUpdateOpCodes","applyUpdateOpCodes ( tView , lView , updateOpCodes , bindingsStartIndex , changeMask )",16494,16545
12,4,88,4,12,"applyIcuUpdateCase@16546-16557@/home/alex/dev/Bachelor/bmad-vergleichsstudie/.lizard-tmp-WOSzIR/code/seed-b-frontend/.angular/cache/22.1.3/seed-b-frontend/vite/deps/core-l1vVDnYc.js","/home/alex/dev/Bachelor/bmad-vergleichsstudie/.lizard-tmp-WOSzIR/code/seed-b-frontend/.angular/cache/22.1.3/seed-b-frontend/vite/deps/core-l1vVDnYc.js","applyIcuUpdateCase","applyIcuUpdateCase ( tView , tIcu , bindingsStartIndex , lView )",16546,16557
15,6,117,4,15,"applyIcuSwitchCase@16558-16572@/home/alex/dev/Bachelor/bmad-vergleichsstudie/.lizard-tmp-WOSzIR/code/seed-b-frontend/.angular/cache/22.1.3/seed-b-frontend/vite/deps/core-l1vVDnYc.js","/home/alex/dev/Bachelor/bmad-vergleichsstudie/.lizard-tmp-WOSzIR/code/seed-b-frontend/.angular/cache/22.1.3/seed-b-frontend/vite/deps/core-l1vVDnYc.js","applyIcuSwitchCase","applyIcuSwitchCase ( tView , tIcu , lView , value )",16558,16572
13,5,111,3,13,"applyIcuSwitchCaseRemove@16573-16585@/home/alex/dev/Bachelor/bmad-vergleichsstudie/.lizard-tmp-WOSzIR/code/seed-b-frontend/.angular/cache/22.1.3/seed-b-frontend/vite/deps/core-l1vVDnYc.js","/home/alex/dev/Bachelor/bmad-vergleichsstudie/.lizard-tmp-WOSzIR/code/seed-b-frontend/.angular/cache/22.1.3/seed-b-frontend/vite/deps/core-l1vVDnYc.js","applyIcuSwitchCaseRemove","applyIcuSwitchCaseRemove ( tView , tIcu , lView )",16573,16585
15,7,112,2,15,"getCaseIndex@16586-16600@/home/alex/dev/Bachelor/bmad-vergleichsstudie/.lizard-tmp-WOSzIR/code/seed-b-frontend/.angular/cache/22.1.3/seed-b-frontend/vite/deps/core-l1vVDnYc.js","/home/alex/dev/Bachelor/bmad-vergleichsstudie/.lizard-tmp-WOSzIR/code/seed-b-frontend/.angular/cache/22.1.3/seed-b-frontend/vite/deps/core-l1vVDnYc.js","getCaseIndex","getCaseIndex ( icuExpression , bindingValue )",16586,16600
14,5,133,1,14,"i18nCreateOpCodesToString@16601-16614@/home/alex/dev/Bachelor/bmad-vergleichsstudie/.lizard-tmp-WOSzIR/code/seed-b-frontend/.angular/cache/22.1.3/seed-b-frontend/vite/deps/core-l1vVDnYc.js","/home/alex/dev/Bachelor/bmad-vergleichsstudie/.lizard-tmp-WOSzIR/code/seed-b-frontend/.angular/cache/22.1.3/seed-b-frontend/vite/deps/core-l1vVDnYc.js","i18nCreateOpCodesToString","i18nCreateOpCodesToString ( opcodes )",16601,16614
10,5,102,1,10,"consumeOpCode@16618-16627@/home/alex/dev/Bachelor/bmad-vergleichsstudie/.lizard-tmp-WOSzIR/code/seed-b-frontend/.angular/cache/22.1.3/seed-b-frontend/vite/deps/core-l1vVDnYc.js","/home/alex/dev/Bachelor/bmad-vergleichsstudie/.lizard-tmp-WOSzIR/code/seed-b-frontend/.angular/cache/22.1.3/seed-b-frontend/vite/deps/core-l1vVDnYc.js","consumeOpCode","consumeOpCode ( value )",16618,16627
24,7,184,1,33,"i18nUpdateOpCodesToString@16615-16647@/home/alex/dev/Bachelor/bmad-vergleichsstudie/.lizard-tmp-WOSzIR/code/seed-b-frontend/.angular/cache/22.1.3/seed-b-frontend/vite/deps/core-l1vVDnYc.js","/home/alex/dev/Bachelor/bmad-vergleichsstudie/.lizard-tmp-WOSzIR/code/seed-b-frontend/.angular/cache/22.1.3/seed-b-frontend/vite/deps/core-l1vVDnYc.js","i18nUpdateOpCodesToString","i18nUpdateOpCodesToString ( opcodes )",16615,16647
1,1,8,0,1,"inputValueFn.toString@20973-20973@/home/alex/dev/Bachelor/bmad-vergleichsstudie/.lizard-tmp-WOSzIR/code/seed-b-frontend/.angular/cache/22.1.3/seed-b-frontend/vite/deps/core-l1vVDnYc.js","/home/alex/dev/Bachelor/bmad-vergleichsstudie/.lizard-tmp-WOSzIR/code/seed-b-frontend/.angular/cache/22.1.3/seed-b-frontend/vite/deps/core-l1vVDnYc.js","inputValueFn.toString","inputValueFn.toString",20973,20973
5,1,26,1,5,"(anonymous)@20979-20983@/home/alex/dev/Bachelor/bmad-vergleichsstudie/.lizard-tmp-WOSzIR/code/seed-b-frontend/.angular/cache/22.1.3/seed-b-frontend/vite/deps/core-l1vVDnYc.js","/home/alex/dev/Bachelor/bmad-vergleichsstudie/.lizard-tmp-WOSzIR/code/seed-b-frontend/.angular/cache/22.1.3/seed-b-frontend/vite/deps/core-l1vVDnYc.js","(anonymous)","(anonymous) ( Framework )",20979,20983
3,1,11,1,3,"constructor@20986-20988@/home/alex/dev/Bachelor/bmad-vergleichsstudie/.lizard-tmp-WOSzIR/code/seed-b-frontend/.angular/cache/22.1.3/seed-b-frontend/vite/deps/core-l1vVDnYc.js","/home/alex/dev/Bachelor/bmad-vergleichsstudie/.lizard-tmp-WOSzIR/code/seed-b-frontend/.angular/cache/22.1.3/seed-b-frontend/vite/deps/core-l1vVDnYc.js","constructor","constructor ( attributeName )",20986,20988
3,1,12,0,3,"toString@20990-20992@/home/alex/dev/Bachelor/bmad-vergleichsstudie/.lizard-tmp-WOSzIR/code/seed-b-frontend/.angular/cache/22.1.3/seed-b-frontend/vite/deps/core-l1vVDnYc.js","/home/alex/dev/Bachelor/bmad-vergleichsstudie/.lizard-tmp-WOSzIR/code/seed-b-frontend/.angular/cache/22.1.3/seed-b-frontend/vite/deps/core-l1vVDnYc.js","toString","toString ( )",20990,20992
7,6,67,0,7,"HOST_TAG_NAME_TOKEN.__NG_ELEMENT_ID__@20996-21002@/home/alex/dev/Bachelor/bmad-vergleichsstudie/.lizard-tmp-WOSzIR/code/seed-b-frontend/.angular/cache/22.1.3/seed-b-frontend/vite/deps/core-l1vVDnYc.js","/home/alex/dev/Bachelor/bmad-vergleichsstudie/.lizard-tmp-WOSzIR/code/seed-b-frontend/.angular/cache/22.1.3/seed-b-frontend/vite/deps/core-l1vVDnYc.js","HOST_TAG_NAME_TOKEN.__NG_ELEMENT_ID__","HOST_TAG_NAME_TOKEN.__NG_ELEMENT_ID__",20996,21002
5,3,37,0,11,"HOST_TAG_NAME@20994-21004@/home/alex/dev/Bachelor/bmad-vergleichsstudie/.lizard-tmp-WOSzIR/code/seed-b-frontend/.angular/cache/22.1.3/seed-b-frontend/vite/deps/core-l1vVDnYc.js","/home/alex/dev/Bachelor/bmad-vergleichsstudie/.lizard-tmp-WOSzIR/code/seed-b-frontend/.angular/cache/22.1.3/seed-b-frontend/vite/deps/core-l1vVDnYc.js","HOST_TAG_NAME","HOST_TAG_NAME ( ( )",20994,21004
6,4,44,1,6,"getDevModeNodeName@21005-21010@/home/alex/dev/Bachelor/bmad-vergleichsstudie/.lizard-tmp-WOSzIR/code/seed-b-frontend/.angular/cache/22.1.3/seed-b-frontend/vite/deps/core-l1vVDnYc.js","/home/alex/dev/Bachelor/bmad-vergleichsstudie/.lizard-tmp-WOSzIR/code/seed-b-frontend/.angular/cache/22.1.3/seed-b-frontend/vite/deps/core-l1vVDnYc.js","getDevModeNodeName","getDevModeNodeName ( tNode )",21005,21010
3,2,18,1,3,"maybeUnwrapDefaultExport@21011-21013@/home/alex/dev/Bachelor/bmad-vergleichsstudie/.lizard-tmp-WOSzIR/code/seed-b-frontend/.angular/cache/22.1.3/seed-b-frontend/vite/deps/core-l1vVDnYc.js","/home/alex/dev/Bachelor/bmad-vergleichsstudie/.lizard-tmp-WOSzIR/code/seed-b-frontend/.angular/cache/22.1.3/seed-b-frontend/vite/deps/core-l1vVDnYc.js","maybeUnwrapDefaultExport","maybeUnwrapDefaultExport ( input )",21011,21013
3,3,17,1,3,"isWrappedDefaultExport@21014-21016@/home/alex/dev/Bachelor/bmad-vergleichsstudie/.lizard-tmp-WOSzIR/code/seed-b-frontend/.angular/cache/22.1.3/seed-b-frontend/vite/deps/core-l1vVDnYc.js","/home/alex/dev/Bachelor/bmad-vergleichsstudie/.lizard-tmp-WOSzIR/code/seed-b-frontend/.angular/cache/22.1.3/seed-b-frontend/vite/deps/core-l1vVDnYc.js","isWrappedDefaultExport","isWrappedDefaultExport ( value )",21014,21016
4,2,19,0,4,"load@21021-21024@/home/alex/dev/Bachelor/bmad-vergleichsstudie/.lizard-tmp-WOSzIR/code/seed-b-frontend/.angular/cache/22.1.3/seed-b-frontend/vite/deps/core-l1vVDnYc.js","/home/alex/dev/Bachelor/bmad-vergleichsstudie/.lizard-tmp-WOSzIR/code/seed-b-frontend/.angular/cache/22.1.3/seed-b-frontend/vite/deps/core-l1vVDnYc.js","load","load ( )",21021,21024
1,1,4,0,1,"(anonymous)@21025-21025@/home/alex/dev/Bachelor/bmad-vergleichsstudie/.lizard-tmp-WOSzIR/code/seed-b-frontend/.angular/cache/22.1.3/seed-b-frontend/vite/deps/core-l1vVDnYc.js","/home/alex/dev/Bachelor/bmad-vergleichsstudie/.lizard-tmp-WOSzIR/code/seed-b-frontend/.angular/cache/22.1.3/seed-b-frontend/vite/deps/core-l1vVDnYc.js","(anonymous)","(anonymous)",21025,21025
1,1,2,0,1,"(anonymous)@21025-21025@/home/alex/dev/Bachelor/bmad-vergleichsstudie/.lizard-tmp-WOSzIR/code/seed-b-frontend/.angular/cache/22.1.3/seed-b-frontend/vite/deps/core-l1vVDnYc.js","/home/alex/dev/Bachelor/bmad-vergleichsstudie/.lizard-tmp-WOSzIR/code/seed-b-frontend/.angular/cache/22.1.3/seed-b-frontend/vite/deps/core-l1vVDnYc.js","(anonymous)","(anonymous)",21025,21025
1,1,10,0,1,"(anonymous)@21026-21026@/home/alex/dev/Bachelor/bmad-vergleichsstudie/.lizard-tmp-WOSzIR/code/seed-b-frontend/.angular/cache/22.1.3/seed-b-frontend/vite/deps/core-l1vVDnYc.js","/home/alex/dev/Bachelor/bmad-vergleichsstudie/.lizard-tmp-WOSzIR/code/seed-b-frontend/.angular/cache/22.1.3/seed-b-frontend/vite/deps/core-l1vVDnYc.js","(anonymous)","(anonymous)",21026,21026
1,1,12,0,1,"(anonymous)@21026-21026@/home/alex/dev/Bachelor/bmad-vergleichsstudie/.lizard-tmp-WOSzIR/code/seed-b-frontend/.angular/cache/22.1.3/seed-b-frontend/vite/deps/core-l1vVDnYc.js","/home/alex/dev/Bachelor/bmad-vergleichsstudie/.lizard-tmp-WOSzIR/code/seed-b-frontend/.angular/cache/22.1.3/seed-b-frontend/vite/deps/core-l1vVDnYc.js","(anonymous)","(anonymous)",21026,21026
8,4,66,2,11,"injectAsync@21017-21027@/home/alex/dev/Bachelor/bmad-vergleichsstudie/.lizard-tmp-WOSzIR/code/seed-b-frontend/.angular/cache/22.1.3/seed-b-frontend/vite/deps/core-l1vVDnYc.js","/home/alex/dev/Bachelor/bmad-vergleichsstudie/.lizard-tmp-WOSzIR/code/seed-b-frontend/.angular/cache/22.1.3/seed-b-frontend/vite/deps/core-l1vVDnYc.js","injectAsync","injectAsync ( loader , options )",21017,21027
1,1,6,0,1,"(anonymous)@21032-21032@/home/alex/dev/Bachelor/bmad-vergleichsstudie/.lizard-tmp-WOSzIR/code/seed-b-frontend/.angular/cache/22.1.3/seed-b-frontend/vite/deps/core-l1vVDnYc.js","/home/alex/dev/Bachelor/bmad-vergleichsstudie/.lizard-tmp-WOSzIR/code/seed-b-frontend/.angular/cache/22.1.3/seed-b-frontend/vite/deps/core-l1vVDnYc.js","(anonymous)","(anonymous)",21032,21032
7,2,45,1,7,"onIdle@21028-21034@/home/alex/dev/Bachelor/bmad-vergleichsstudie/.lizard-tmp-WOSzIR/code/seed-b-frontend/.angular/cache/22.1.3/seed-b-frontend/vite/deps/core-l1vVDnYc.js","/home/alex/dev/Bachelor/bmad-vergleichsstudie/.lizard-tmp-WOSzIR/code/seed-b-frontend/.angular/cache/22.1.3/seed-b-frontend/vite/deps/core-l1vVDnYc.js","onIdle","onIdle ( options )",21028,21034
8,1,77,1,8,"(anonymous)@21036-21043@/home/alex/dev/Bachelor/bmad-vergleichsstudie/.lizard-tmp-WOSzIR/code/seed-b-frontend/.angular/cache/22.1.3/seed-b-frontend/vite/deps/core-l1vVDnYc.js","/home/alex/dev/Bachelor/bmad-vergleichsstudie/.lizard-tmp-WOSzIR/code/seed-b-frontend/.angular/cache/22.1.3/seed-b-frontend/vite/deps/core-l1vVDnYc.js","(anonymous)","(anonymous) ( FactoryTarget )",21036,21043
5,1,41,1,5,"(anonymous)@21045-21049@/home/alex/dev/Bachelor/bmad-vergleichsstudie/.lizard-tmp-WOSzIR/code/seed-b-frontend/.angular/cache/22.1.3/seed-b-frontend/vite/deps/core-l1vVDnYc.js","/home/alex/dev/Bachelor/bmad-vergleichsstudie/.lizard-tmp-WOSzIR/code/seed-b-frontend/.angular/cache/22.1.3/seed-b-frontend/vite/deps/core-l1vVDnYc.js","(anonymous)","(anonymous) ( R3TemplateDependencyKind )",21045,21049
6,1,53,1,6,"(anonymous)@21051-21056@/home/alex/dev/Bachelor/bmad-vergleichsstudie/.lizard-tmp-WOSzIR/code/seed-b-frontend/.angular/cache/22.1.3/seed-b-frontend/vite/deps/core-l1vVDnYc.js","/home/alex/dev/Bachelor/bmad-vergleichsstudie/.lizard-tmp-WOSzIR/code/seed-b-frontend/.angular/cache/22.1.3/seed-b-frontend/vite/deps/core-l1vVDnYc.js","(anonymous)","(anonymous) ( ViewEncapsulation )",21051,21056
4,2,18,1,4,"output@21057-21060@/home/alex/dev/Bachelor/bmad-vergleichsstudie/.lizard-tmp-WOSzIR/code/seed-b-frontend/.angular/cache/22.1.3/seed-b-frontend/vite/deps/core-l1vVDnYc.js","/home/alex/dev/Bachelor/bmad-vergleichsstudie/.lizard-tmp-WOSzIR/code/seed-b-frontend/.angular/cache/22.1.3/seed-b-frontend/vite/deps/core-l1vVDnYc.js","output","output ( opts )",21057,21060
4,2,22,2,4,"inputFunction@21061-21064@/home/alex/dev/Bachelor/bmad-vergleichsstudie/.lizard-tmp-WOSzIR/code/seed-b-frontend/.angular/cache/22.1.3/seed-b-frontend/vite/deps/core-l1vVDnYc.js","/home/alex/dev/Bachelor/bmad-vergleichsstudie/.lizard-tmp-WOSzIR/code/seed-b-frontend/.angular/cache/22.1.3/seed-b-frontend/vite/deps/core-l1vVDnYc.js","inputFunction","inputFunction ( initialValue , opts )",21061,21064
4,2,20,1,4,"inputRequiredFunction@21065-21068@/home/alex/dev/Bachelor/bmad-vergleichsstudie/.lizard-tmp-WOSzIR/code/seed-b-frontend/.angular/cache/22.1.3/seed-b-frontend/vite/deps/core-l1vVDnYc.js","/home/alex/dev/Bachelor/bmad-vergleichsstudie/.lizard-tmp-WOSzIR/code/seed-b-frontend/.angular/cache/22.1.3/seed-b-frontend/vite/deps/core-l1vVDnYc.js","inputRequiredFunction","inputRequiredFunction ( opts )",21065,21068
4,1,15,0,4,"input@21069-21072@/home/alex/dev/Bachelor/bmad-vergleichsstudie/.lizard-tmp-WOSzIR/code/seed-b-frontend/.angular/cache/22.1.3/seed-b-frontend/vite/deps/core-l1vVDnYc.js","/home/alex/dev/Bachelor/bmad-vergleichsstudie/.lizard-tmp-WOSzIR/code/seed-b-frontend/.angular/cache/22.1.3/seed-b-frontend/vite/deps/core-l1vVDnYc.js","input","input ( ( )",21069,21072
5,1,21,0,5,"getter@21077-21081@/home/alex/dev/Bachelor/bmad-vergleichsstudie/.lizard-tmp-WOSzIR/code/seed-b-frontend/.angular/cache/22.1.3/seed-b-frontend/vite/deps/core-l1vVDnYc.js","/home/alex/dev/Bachelor/bmad-vergleichsstudie/.lizard-tmp-WOSzIR/code/seed-b-frontend/.angular/cache/22.1.3/seed-b-frontend/vite/deps/core-l1vVDnYc.js","getter","getter ( )",21077,21081
6,2,32,0,6,"getter.set@21084-21089@/home/alex/dev/Bachelor/bmad-vergleichsstudie/.lizard-tmp-WOSzIR/code/seed-b-frontend/.angular/cache/22.1.3/seed-b-frontend/vite/deps/core-l1vVDnYc.js","/home/alex/dev/Bachelor/bmad-vergleichsstudie/.lizard-tmp-WOSzIR/code/seed-b-frontend/.angular/cache/22.1.3/seed-b-frontend/vite/deps/core-l1vVDnYc.js","getter.set","getter.set",21084,21089
4,1,21,0,4,"getter.update@21090-21093@/home/alex/dev/Bachelor/bmad-vergleichsstudie/.lizard-tmp-WOSzIR/code/seed-b-frontend/.angular/cache/22.1.3/seed-b-frontend/vite/deps/core-l1vVDnYc.js","/home/alex/dev/Bachelor/bmad-vergleichsstudie/.lizard-tmp-WOSzIR/code/seed-b-frontend/.angular/cache/22.1.3/seed-b-frontend/vite/deps/core-l1vVDnYc.js","getter.update","getter.update",21090,21093
1,1,8,0,1,"getter.toString@21097-21097@/home/alex/dev/Bachelor/bmad-vergleichsstudie/.lizard-tmp-WOSzIR/code/seed-b-frontend/.angular/cache/22.1.3/seed-b-frontend/vite/deps/core-l1vVDnYc.js","/home/alex/dev/Bachelor/bmad-vergleichsstudie/.lizard-tmp-WOSzIR/code/seed-b-frontend/.angular/cache/22.1.3/seed-b-frontend/vite/deps/core-l1vVDnYc.js","getter.toString","getter.toString",21097,21097
17,2,118,2,29,"createModelSignal@21073-21101@/home/alex/dev/Bachelor/bmad-vergleichsstudie/.lizard-tmp-WOSzIR/code/seed-b-frontend/.angular/cache/22.1.3/seed-b-frontend/vite/deps/core-l1vVDnYc.js","/home/alex/dev/Bachelor/bmad-vergleichsstudie/.lizard-tmp-WOSzIR/code/seed-b-frontend/.angular/cache/22.1.3/seed-b-frontend/vite/deps/core-l1vVDnYc.js","createModelSignal","createModelSignal ( initialValue , opts )",21073,21101
3,3,22,1,3,"assertModelSet@21102-21104@/home/alex/dev/Bachelor/bmad-vergleichsstudie/.lizard-tmp-WOSzIR/code/seed-b-frontend/.angular/cache/22.1.3/seed-b-frontend/vite/deps/core-l1vVDnYc.js","/home/alex/dev/Bachelor/bmad-vergleichsstudie/.lizard-tmp-WOSzIR/code/seed-b-frontend/.angular/cache/22.1.3/seed-b-frontend/vite/deps/core-l1vVDnYc.js","assertModelSet","assertModelSet ( value )",21102,21104
4,2,22,2,4,"modelFunction@21105-21108@/home/alex/dev/Bachelor/bmad-vergleichsstudie/.lizard-tmp-WOSzIR/code/seed-b-frontend/.angular/cache/22.1.3/seed-b-frontend/vite/deps/core-l1vVDnYc.js","/home/alex/dev/Bachelor/bmad-vergleichsstudie/.lizard-tmp-WOSzIR/code/seed-b-frontend/.angular/cache/22.1.3/seed-b-frontend/vite/deps/core-l1vVDnYc.js","modelFunction","modelFunction ( initialValue , opts )",21105,21108
4,2,20,1,4,"modelRequiredFunction@21109-21112@/home/alex/dev/Bachelor/bmad-vergleichsstudie/.lizard-tmp-WOSzIR/code/seed-b-frontend/.angular/cache/22.1.3/seed-b-frontend/vite/deps/core-l1vVDnYc.js","/home/alex/dev/Bachelor/bmad-vergleichsstudie/.lizard-tmp-WOSzIR/code/seed-b-frontend/.angular/cache/22.1.3/seed-b-frontend/vite/deps/core-l1vVDnYc.js","modelRequiredFunction","modelRequiredFunction ( opts )",21109,21112
4,1,15,0,4,"model@21113-21116@/home/alex/dev/Bachelor/bmad-vergleichsstudie/.lizard-tmp-WOSzIR/code/seed-b-frontend/.angular/cache/22.1.3/seed-b-frontend/vite/deps/core-l1vVDnYc.js","/home/alex/dev/Bachelor/bmad-vergleichsstudie/.lizard-tmp-WOSzIR/code/seed-b-frontend/.angular/cache/22.1.3/seed-b-frontend/vite/deps/core-l1vVDnYc.js","model","model ( ( )",21113,21116
4,2,20,2,4,"viewChildFn@21117-21120@/home/alex/dev/Bachelor/bmad-vergleichsstudie/.lizard-tmp-WOSzIR/code/seed-b-frontend/.angular/cache/22.1.3/seed-b-frontend/vite/deps/core-l1vVDnYc.js","/home/alex/dev/Bachelor/bmad-vergleichsstudie/.lizard-tmp-WOSzIR/code/seed-b-frontend/.angular/cache/22.1.3/seed-b-frontend/vite/deps/core-l1vVDnYc.js","viewChildFn","viewChildFn ( locator , opts )",21117,21120
4,2,20,2,4,"viewChildRequiredFn@21121-21124@/home/alex/dev/Bachelor/bmad-vergleichsstudie/.lizard-tmp-WOSzIR/code/seed-b-frontend/.angular/cache/22.1.3/seed-b-frontend/vite/deps/core-l1vVDnYc.js","/home/alex/dev/Bachelor/bmad-vergleichsstudie/.lizard-tmp-WOSzIR/code/seed-b-frontend/.angular/cache/22.1.3/seed-b-frontend/vite/deps/core-l1vVDnYc.js","viewChildRequiredFn","viewChildRequiredFn ( locator , opts )",21121,21124
4,1,15,0,4,"viewChild@21125-21128@/home/alex/dev/Bachelor/bmad-vergleichsstudie/.lizard-tmp-WOSzIR/code/seed-b-frontend/.angular/cache/22.1.3/seed-b-frontend/vite/deps/core-l1vVDnYc.js","/home/alex/dev/Bachelor/bmad-vergleichsstudie/.lizard-tmp-WOSzIR/code/seed-b-frontend/.angular/cache/22.1.3/seed-b-frontend/vite/deps/core-l1vVDnYc.js","viewChild","viewChild ( ( )",21125,21128
4,2,20,2,4,"viewChildren@21129-21132@/home/alex/dev/Bachelor/bmad-vergleichsstudie/.lizard-tmp-WOSzIR/code/seed-b-frontend/.angular/cache/22.1.3/seed-b-frontend/vite/deps/core-l1vVDnYc.js","/home/alex/dev/Bachelor/bmad-vergleichsstudie/.lizard-tmp-WOSzIR/code/seed-b-frontend/.angular/cache/22.1.3/seed-b-frontend/vite/deps/core-l1vVDnYc.js","viewChildren","viewChildren ( locator , opts )",21129,21132
4,2,20,2,4,"contentChildFn@21133-21136@/home/alex/dev/Bachelor/bmad-vergleichsstudie/.lizard-tmp-WOSzIR/code/seed-b-frontend/.angular/cache/22.1.3/seed-b-frontend/vite/deps/core-l1vVDnYc.js","/home/alex/dev/Bachelor/bmad-vergleichsstudie/.lizard-tmp-WOSzIR/code/seed-b-frontend/.angular/cache/22.1.3/seed-b-frontend/vite/deps/core-l1vVDnYc.js","contentChildFn","contentChildFn ( locator , opts )",21133,21136
4,2,20,2,4,"contentChildRequiredFn@21137-21140@/home/alex/dev/Bachelor/bmad-vergleichsstudie/.lizard-tmp-WOSzIR/code/seed-b-frontend/.angular/cache/22.1.3/seed-b-frontend/vite/deps/core-l1vVDnYc.js","/home/alex/dev/Bachelor/bmad-vergleichsstudie/.lizard-tmp-WOSzIR/code/seed-b-frontend/.angular/cache/22.1.3/seed-b-frontend/vite/deps/core-l1vVDnYc.js","contentChildRequiredFn","contentChildRequiredFn ( locator , opts )",21137,21140
4,1,15,0,4,"contentChild@21141-21144@/home/alex/dev/Bachelor/bmad-vergleichsstudie/.lizard-tmp-WOSzIR/code/seed-b-frontend/.angular/cache/22.1.3/seed-b-frontend/vite/deps/core-l1vVDnYc.js","/home/alex/dev/Bachelor/bmad-vergleichsstudie/.lizard-tmp-WOSzIR/code/seed-b-frontend/.angular/cache/22.1.3/seed-b-frontend/vite/deps/core-l1vVDnYc.js","contentChild","contentChild ( ( )",21141,21144
3,1,13,2,3,"contentChildren@21145-21147@/home/alex/dev/Bachelor/bmad-vergleichsstudie/.lizard-tmp-WOSzIR/code/seed-b-frontend/.angular/cache/22.1.3/seed-b-frontend/vite/deps/core-l1vVDnYc.js","/home/alex/dev/Bachelor/bmad-vergleichsstudie/.lizard-tmp-WOSzIR/code/seed-b-frontend/.angular/cache/22.1.3/seed-b-frontend/vite/deps/core-l1vVDnYc.js","contentChildren","contentChildren ( locator , opts )",21145,21147
3,1,28,0,3,"(anonymous)@21149-21151@/home/alex/dev/Bachelor/bmad-vergleichsstudie/.lizard-tmp-WOSzIR/code/seed-b-frontend/.angular/cache/22.1.3/seed-b-frontend/vite/deps/core-l1vVDnYc.js","/home/alex/dev/Bachelor/bmad-vergleichsstudie/.lizard-tmp-WOSzIR/code/seed-b-frontend/.angular/cache/22.1.3/seed-b-frontend/vite/deps/core-l1vVDnYc.js","(anonymous)","(anonymous)",21149,21151
3,1,27,1,5,"mergeApplicationConfig@21148-21152@/home/alex/dev/Bachelor/bmad-vergleichsstudie/.lizard-tmp-WOSzIR/code/seed-b-frontend/.angular/cache/22.1.3/seed-b-frontend/vite/deps/core-l1vVDnYc.js","/home/alex/dev/Bachelor/bmad-vergleichsstudie/.lizard-tmp-WOSzIR/code/seed-b-frontend/.angular/cache/22.1.3/seed-b-frontend/vite/deps/core-l1vVDnYc.js","mergeApplicationConfig","mergeApplicationConfig ( configs )",21148,21152
8,1,27,0,8,"(anonymous)@21155-21162@/home/alex/dev/Bachelor/bmad-vergleichsstudie/.lizard-tmp-WOSzIR/code/seed-b-frontend/.angular/cache/22.1.3/seed-b-frontend/vite/deps/core-l1vVDnYc.js","/home/alex/dev/Bachelor/bmad-vergleichsstudie/.lizard-tmp-WOSzIR/code/seed-b-frontend/.angular/cache/22.1.3/seed-b-frontend/vite/deps/core-l1vVDnYc.js","(anonymous)","(anonymous)",21155,21162
7,1,23,0,7,"(anonymous)@21163-21169@/home/alex/dev/Bachelor/bmad-vergleichsstudie/.lizard-tmp-WOSzIR/code/seed-b-frontend/.angular/cache/22.1.3/seed-b-frontend/vite/deps/core-l1vVDnYc.js","/home/alex/dev/Bachelor/bmad-vergleichsstudie/.lizard-tmp-WOSzIR/code/seed-b-frontend/.angular/cache/22.1.3/seed-b-frontend/vite/deps/core-l1vVDnYc.js","(anonymous)","(anonymous)",21163,21169
8,1,27,0,8,"(anonymous)@21170-21177@/home/alex/dev/Bachelor/bmad-vergleichsstudie/.lizard-tmp-WOSzIR/code/seed-b-frontend/.angular/cache/22.1.3/seed-b-frontend/vite/deps/core-l1vVDnYc.js","/home/alex/dev/Bachelor/bmad-vergleichsstudie/.lizard-tmp-WOSzIR/code/seed-b-frontend/.angular/cache/22.1.3/seed-b-frontend/vite/deps/core-l1vVDnYc.js","(anonymous)","(anonymous)",21170,21177
7,1,23,0,7,"(anonymous)@21178-21184@/home/alex/dev/Bachelor/bmad-vergleichsstudie/.lizard-tmp-WOSzIR/code/seed-b-frontend/.angular/cache/22.1.3/seed-b-frontend/vite/deps/core-l1vVDnYc.js","/home/alex/dev/Bachelor/bmad-vergleichsstudie/.lizard-tmp-WOSzIR/code/seed-b-frontend/.angular/cache/22.1.3/seed-b-frontend/vite/deps/core-l1vVDnYc.js","(anonymous)","(anonymous)",21178,21184
1,1,5,1,1,"constructor@21186-21186@/home/alex/dev/Bachelor/bmad-vergleichsstudie/.lizard-tmp-WOSzIR/code/seed-b-frontend/.angular/cache/22.1.3/seed-b-frontend/vite/deps/core-l1vVDnYc.js","/home/alex/dev/Bachelor/bmad-vergleichsstudie/.lizard-tmp-WOSzIR/code/seed-b-frontend/.angular/cache/22.1.3/seed-b-frontend/vite/deps/core-l1vVDnYc.js","constructor","constructor ( appRef )",21186,21186
3,2,19,0,3,"ApplicationModule_Factory@21187-21189@/home/alex/dev/Bachelor/bmad-vergleichsstudie/.lizard-tmp-WOSzIR/code/seed-b-frontend/.angular/cache/22.1.3/seed-b-frontend/vite/deps/core-l1vVDnYc.js","/home/alex/dev/Bachelor/bmad-vergleichsstudie/.lizard-tmp-WOSzIR/code/seed-b-frontend/.angular/cache/22.1.3/seed-b-frontend/vite/deps/core-l1vVDnYc.js","ApplicationModule_Factory","ApplicationModule_Factory ( )",21187,21189
1,1,6,0,1,"(anonymous)@21194-21194@/home/alex/dev/Bachelor/bmad-vergleichsstudie/.lizard-tmp-WOSzIR/code/seed-b-frontend/.angular/cache/22.1.3/seed-b-frontend/vite/deps/core-l1vVDnYc.js","/home/alex/dev/Bachelor/bmad-vergleichsstudie/.lizard-tmp-WOSzIR/code/seed-b-frontend/.angular/cache/22.1.3/seed-b-frontend/vite/deps/core-l1vVDnYc.js","(anonymous)","(anonymous)",21194,21194
3,3,32,0,3,"(anonymous)@21193-21195@/home/alex/dev/Bachelor/bmad-vergleichsstudie/.lizard-tmp-WOSzIR/code/seed-b-frontend/.angular/cache/22.1.3/seed-b-frontend/vite/deps/core-l1vVDnYc.js","/home/alex/dev/Bachelor/bmad-vergleichsstudie/.lizard-tmp-WOSzIR/code/seed-b-frontend/.angular/cache/22.1.3/seed-b-frontend/vite/deps/core-l1vVDnYc.js","(anonymous)","(anonymous)",21193,21195
2,1,5,0,2,"factory@21198-21199@/home/alex/dev/Bachelor/bmad-vergleichsstudie/.lizard-tmp-WOSzIR/code/seed-b-frontend/.angular/cache/22.1.3/seed-b-frontend/vite/deps/core-l1vVDnYc.js","/home/alex/dev/Bachelor/bmad-vergleichsstudie/.lizard-tmp-WOSzIR/code/seed-b-frontend/.angular/cache/22.1.3/seed-b-frontend/vite/deps/core-l1vVDnYc.js","factory","factory ( )",21198,21199
2,1,5,0,2,"factory@21202-21203@/home/alex/dev/Bachelor/bmad-vergleichsstudie/.lizard-tmp-WOSzIR/code/seed-b-frontend/.angular/cache/22.1.3/seed-b-frontend/vite/deps/core-l1vVDnYc.js","/home/alex/dev/Bachelor/bmad-vergleichsstudie/.lizard-tmp-WOSzIR/code/seed-b-frontend/.angular/cache/22.1.3/seed-b-frontend/vite/deps/core-l1vVDnYc.js","factory","factory ( )",21202,21203
2,1,5,0,2,"factory@21206-21207@/home/alex/dev/Bachelor/bmad-vergleichsstudie/.lizard-tmp-WOSzIR/code/seed-b-frontend/.angular/cache/22.1.3/seed-b-frontend/vite/deps/core-l1vVDnYc.js","/home/alex/dev/Bachelor/bmad-vergleichsstudie/.lizard-tmp-WOSzIR/code/seed-b-frontend/.angular/cache/22.1.3/seed-b-frontend/vite/deps/core-l1vVDnYc.js","factory","factory ( )",21206,21207
3,1,15,1,3,"shouldEnableEventReplay@21210-21212@/home/alex/dev/Bachelor/bmad-vergleichsstudie/.lizard-tmp-WOSzIR/code/seed-b-frontend/.angular/cache/22.1.3/seed-b-frontend/vite/deps/core-l1vVDnYc.js","/home/alex/dev/Bachelor/bmad-vergleichsstudie/.lizard-tmp-WOSzIR/code/seed-b-frontend/.angular/cache/22.1.3/seed-b-frontend/vite/deps/core-l1vVDnYc.js","shouldEnableEventReplay","shouldEnableEventReplay ( injector )",21210,21212
9,2,41,0,9,"useFactory@21216-21224@/home/alex/dev/Bachelor/bmad-vergleichsstudie/.lizard-tmp-WOSzIR/code/seed-b-frontend/.angular/cache/22.1.3/seed-b-frontend/vite/deps/core-l1vVDnYc.js","/home/alex/dev/Bachelor/bmad-vergleichsstudie/.lizard-tmp-WOSzIR/code/seed-b-frontend/.angular/cache/22.1.3/seed-b-frontend/vite/deps/core-l1vVDnYc.js","useFactory","useFactory ( )",21216,21224
5,2,30,0,5,"(anonymous)@21235-21239@/home/alex/dev/Bachelor/bmad-vergleichsstudie/.lizard-tmp-WOSzIR/code/seed-b-frontend/.angular/cache/22.1.3/seed-b-frontend/vite/deps/core-l1vVDnYc.js","/home/alex/dev/Bachelor/bmad-vergleichsstudie/.lizard-tmp-WOSzIR/code/seed-b-frontend/.angular/cache/22.1.3/seed-b-frontend/vite/deps/core-l1vVDnYc.js","(anonymous)","(anonymous)",21235,21239
12,3,83,0,16,"useValue@21228-21243@/home/alex/dev/Bachelor/bmad-vergleichsstudie/.lizard-tmp-WOSzIR/code/seed-b-frontend/.angular/cache/22.1.3/seed-b-frontend/vite/deps/core-l1vVDnYc.js","/home/alex/dev/Bachelor/bmad-vergleichsstudie/.lizard-tmp-WOSzIR/code/seed-b-frontend/.angular/cache/22.1.3/seed-b-frontend/vite/deps/core-l1vVDnYc.js","useValue","useValue ( )",21228,21243
4,1,14,0,4,"(anonymous)@21254-21257@/home/alex/dev/Bachelor/bmad-vergleichsstudie/.lizard-tmp-WOSzIR/code/seed-b-frontend/.angular/cache/22.1.3/seed-b-frontend/vite/deps/core-l1vVDnYc.js","/home/alex/dev/Bachelor/bmad-vergleichsstudie/.lizard-tmp-WOSzIR/code/seed-b-frontend/.angular/cache/22.1.3/seed-b-frontend/vite/deps/core-l1vVDnYc.js","(anonymous)","(anonymous)",21254,21257
1,1,6,0,1,"(anonymous)@21266-21266@/home/alex/dev/Bachelor/bmad-vergleichsstudie/.lizard-tmp-WOSzIR/code/seed-b-frontend/.angular/cache/22.1.3/seed-b-frontend/vite/deps/core-l1vVDnYc.js","/home/alex/dev/Bachelor/bmad-vergleichsstudie/.lizard-tmp-WOSzIR/code/seed-b-frontend/.angular/cache/22.1.3/seed-b-frontend/vite/deps/core-l1vVDnYc.js","(anonymous)","(anonymous)",21266,21266
11,4,87,0,11,"(anonymous)@21258-21268@/home/alex/dev/Bachelor/bmad-vergleichsstudie/.lizard-tmp-WOSzIR/code/seed-b-frontend/.angular/cache/22.1.3/seed-b-frontend/vite/deps/core-l1vVDnYc.js","/home/alex/dev/Bachelor/bmad-vergleichsstudie/.lizard-tmp-WOSzIR/code/seed-b-frontend/.angular/cache/22.1.3/seed-b-frontend/vite/deps/core-l1vVDnYc.js","(anonymous)","(anonymous)",21258,21268
7,3,60,0,20,"(anonymous)@21250-21269@/home/alex/dev/Bachelor/bmad-vergleichsstudie/.lizard-tmp-WOSzIR/code/seed-b-frontend/.angular/cache/22.1.3/seed-b-frontend/vite/deps/core-l1vVDnYc.js","/home/alex/dev/Bachelor/bmad-vergleichsstudie/.lizard-tmp-WOSzIR/code/seed-b-frontend/.angular/cache/22.1.3/seed-b-frontend/vite/deps/core-l1vVDnYc.js","(anonymous)","(anonymous)",21250,21269
5,1,26,0,24,"useFactory@21247-21270@/home/alex/dev/Bachelor/bmad-vergleichsstudie/.lizard-tmp-WOSzIR/code/seed-b-frontend/.angular/cache/22.1.3/seed-b-frontend/vite/deps/core-l1vVDnYc.js","/home/alex/dev/Bachelor/bmad-vergleichsstudie/.lizard-tmp-WOSzIR/code/seed-b-frontend/.angular/cache/22.1.3/seed-b-frontend/vite/deps/core-l1vVDnYc.js","useFactory","useFactory ( )",21247,21270
16,1,55,0,62,"withEventReplay@21213-21274@/home/alex/dev/Bachelor/bmad-vergleichsstudie/.lizard-tmp-WOSzIR/code/seed-b-frontend/.angular/cache/22.1.3/seed-b-frontend/vite/deps/core-l1vVDnYc.js","/home/alex/dev/Bachelor/bmad-vergleichsstudie/.lizard-tmp-WOSzIR/code/seed-b-frontend/.angular/cache/22.1.3/seed-b-frontend/vite/deps/core-l1vVDnYc.js","withEventReplay","withEventReplay ( )",21213,21274
3,1,13,0,3,"(anonymous)@21284-21286@/home/alex/dev/Bachelor/bmad-vergleichsstudie/.lizard-tmp-WOSzIR/code/seed-b-frontend/.angular/cache/22.1.3/seed-b-frontend/vite/deps/core-l1vVDnYc.js","/home/alex/dev/Bachelor/bmad-vergleichsstudie/.lizard-tmp-WOSzIR/code/seed-b-frontend/.angular/cache/22.1.3/seed-b-frontend/vite/deps/core-l1vVDnYc.js","(anonymous)","(anonymous)",21284,21286
11,3,115,2,13,"initEventReplay@21275-21287@/home/alex/dev/Bachelor/bmad-vergleichsstudie/.lizard-tmp-WOSzIR/code/seed-b-frontend/.angular/cache/22.1.3/seed-b-frontend/vite/deps/core-l1vVDnYc.js","/home/alex/dev/Bachelor/bmad-vergleichsstudie/.lizard-tmp-WOSzIR/code/seed-b-frontend/.angular/cache/22.1.3/seed-b-frontend/vite/deps/core-l1vVDnYc.js","initEventReplay","initEventReplay ( eventDelegation , injector )",21275,21287
22,10,203,3,22,"collectDomEventsInfo@21288-21309@/home/alex/dev/Bachelor/bmad-vergleichsstudie/.lizard-tmp-WOSzIR/code/seed-b-frontend/.angular/cache/22.1.3/seed-b-frontend/vite/deps/core-l1vVDnYc.js","/home/alex/dev/Bachelor/bmad-vergleichsstudie/.lizard-tmp-WOSzIR/code/seed-b-frontend/.angular/cache/22.1.3/seed-b-frontend/vite/deps/core-l1vVDnYc.js","collectDomEventsInfo","collectDomEventsInfo ( tView , lView , eventTypesToReplay )",21288,21309
2,1,12,3,2,"invokeRegisteredReplayListeners@21310-21311@/home/alex/dev/Bachelor/bmad-vergleichsstudie/.lizard-tmp-WOSzIR/code/seed-b-frontend/.angular/cache/22.1.3/seed-b-frontend/vite/deps/core-l1vVDnYc.js","/home/alex/dev/Bachelor/bmad-vergleichsstudie/.lizard-tmp-WOSzIR/code/seed-b-frontend/.angular/cache/22.1.3/seed-b-frontend/vite/deps/core-l1vVDnYc.js","invokeRegisteredReplayListeners","invokeRegisteredReplayListeners ( injector , event , currentTarget )",21310,21311
8,1,44,4,8,"hydrateAndInvokeBlockListeners@21315-21322@/home/alex/dev/Bachelor/bmad-vergleichsstudie/.lizard-tmp-WOSzIR/code/seed-b-frontend/.angular/cache/22.1.3/seed-b-frontend/vite/deps/core-l1vVDnYc.js","/home/alex/dev/Bachelor/bmad-vergleichsstudie/.lizard-tmp-WOSzIR/code/seed-b-frontend/.angular/cache/22.1.3/seed-b-frontend/vite/deps/core-l1vVDnYc.js","hydrateAndInvokeBlockListeners","hydrateAndInvokeBlockListeners ( blockName , injector , event , currentTarget )",21315,21322
14,3,82,0,14,"(anonymous)@21324-21337@/home/alex/dev/Bachelor/bmad-vergleichsstudie/.lizard-tmp-WOSzIR/code/seed-b-frontend/.angular/cache/22.1.3/seed-b-frontend/vite/deps/core-l1vVDnYc.js","/home/alex/dev/Bachelor/bmad-vergleichsstudie/.lizard-tmp-WOSzIR/code/seed-b-frontend/.angular/cache/22.1.3/seed-b-frontend/vite/deps/core-l1vVDnYc.js","(anonymous)","(anonymous)",21324,21337
3,1,12,1,16,"createReplayQueuedBlockEventsFn@21323-21338@/home/alex/dev/Bachelor/bmad-vergleichsstudie/.lizard-tmp-WOSzIR/code/seed-b-frontend/.angular/cache/22.1.3/seed-b-frontend/vite/deps/core-l1vVDnYc.js","/home/alex/dev/Bachelor/bmad-vergleichsstudie/.lizard-tmp-WOSzIR/code/seed-b-frontend/.angular/cache/22.1.3/seed-b-frontend/vite/deps/core-l1vVDnYc.js","createReplayQueuedBlockEventsFn","createReplayQueuedBlockEventsFn ( queue )",21323,21338
13,2,47,0,13,"enableHydrationRuntimeSupport@21342-21354@/home/alex/dev/Bachelor/bmad-vergleichsstudie/.lizard-tmp-WOSzIR/code/seed-b-frontend/.angular/cache/22.1.3/seed-b-frontend/vite/deps/core-l1vVDnYc.js","/home/alex/dev/Bachelor/bmad-vergleichsstudie/.lizard-tmp-WOSzIR/code/seed-b-frontend/.angular/cache/22.1.3/seed-b-frontend/vite/deps/core-l1vVDnYc.js","enableHydrationRuntimeSupport","enableHydrationRuntimeSupport ( )",21342,21354
8,2,27,0,8,"enableI18nHydrationRuntimeSupport@21355-21362@/home/alex/dev/Bachelor/bmad-vergleichsstudie/.lizard-tmp-WOSzIR/code/seed-b-frontend/.angular/cache/22.1.3/seed-b-frontend/vite/deps/core-l1vVDnYc.js","/home/alex/dev/Bachelor/bmad-vergleichsstudie/.lizard-tmp-WOSzIR/code/seed-b-frontend/.angular/cache/22.1.3/seed-b-frontend/vite/deps/core-l1vVDnYc.js","enableI18nHydrationRuntimeSupport","enableI18nHydrationRuntimeSupport ( )",21355,21362
5,2,65,1,5,"printHydrationStats@21363-21367@/home/alex/dev/Bachelor/bmad-vergleichsstudie/.lizard-tmp-WOSzIR/code/seed-b-frontend/.angular/cache/22.1.3/seed-b-frontend/vite/deps/core-l1vVDnYc.js","/home/alex/dev/Bachelor/bmad-vergleichsstudie/.lizard-tmp-WOSzIR/code/seed-b-frontend/.angular/cache/22.1.3/seed-b-frontend/vite/deps/core-l1vVDnYc.js","printHydrationStats","printHydrationStats ( injector )",21363,21367
1,1,9,0,1,"(anonymous)@21374-21374@/home/alex/dev/Bachelor/bmad-vergleichsstudie/.lizard-tmp-WOSzIR/code/seed-b-frontend/.angular/cache/22.1.3/seed-b-frontend/vite/deps/core-l1vVDnYc.js","/home/alex/dev/Bachelor/bmad-vergleichsstudie/.lizard-tmp-WOSzIR/code/seed-b-frontend/.angular/cache/22.1.3/seed-b-frontend/vite/deps/core-l1vVDnYc.js","(anonymous)","(anonymous)",21374,21374
3,1,10,0,3,"(anonymous)@21373-21375@/home/alex/dev/Bachelor/bmad-vergleichsstudie/.lizard-tmp-WOSzIR/code/seed-b-frontend/.angular/cache/22.1.3/seed-b-frontend/vite/deps/core-l1vVDnYc.js","/home/alex/dev/Bachelor/bmad-vergleichsstudie/.lizard-tmp-WOSzIR/code/seed-b-frontend/.angular/cache/22.1.3/seed-b-frontend/vite/deps/core-l1vVDnYc.js","(anonymous)","(anonymous)",21373,21375
1,1,5,0,1,"(anonymous)@21376-21376@/home/alex/dev/Bachelor/bmad-vergleichsstudie/.lizard-tmp-WOSzIR/code/seed-b-frontend/.angular/cache/22.1.3/seed-b-frontend/vite/deps/core-l1vVDnYc.js","/home/alex/dev/Bachelor/bmad-vergleichsstudie/.lizard-tmp-WOSzIR/code/seed-b-frontend/.angular/cache/22.1.3/seed-b-frontend/vite/deps/core-l1vVDnYc.js","(anonymous)","(anonymous)",21376,21376
10,3,74,1,12,"whenStableWithTimeout@21368-21379@/home/alex/dev/Bachelor/bmad-vergleichsstudie/.lizard-tmp-WOSzIR/code/seed-b-frontend/.angular/cache/22.1.3/seed-b-frontend/vite/deps/core-l1vVDnYc.js","/home/alex/dev/Bachelor/bmad-vergleichsstudie/.lizard-tmp-WOSzIR/code/seed-b-frontend/.angular/cache/22.1.3/seed-b-frontend/vite/deps/core-l1vVDnYc.js","whenStableWithTimeout","whenStableWithTimeout ( appRef )",21368,21379
3,1,15,1,3,"isClientRenderModeEnabled@21381-21383@/home/alex/dev/Bachelor/bmad-vergleichsstudie/.lizard-tmp-WOSzIR/code/seed-b-frontend/.angular/cache/22.1.3/seed-b-frontend/vite/deps/core-l1vVDnYc.js","/home/alex/dev/Bachelor/bmad-vergleichsstudie/.lizard-tmp-WOSzIR/code/seed-b-frontend/.angular/cache/22.1.3/seed-b-frontend/vite/deps/core-l1vVDnYc.js","isClientRenderModeEnabled","isClientRenderModeEnabled ( doc )",21381,21383
6,3,45,0,6,"useFactory@21387-21392@/home/alex/dev/Bachelor/bmad-vergleichsstudie/.lizard-tmp-WOSzIR/code/seed-b-frontend/.angular/cache/22.1.3/seed-b-frontend/vite/deps/core-l1vVDnYc.js","/home/alex/dev/Bachelor/bmad-vergleichsstudie/.lizard-tmp-WOSzIR/code/seed-b-frontend/.angular/cache/22.1.3/seed-b-frontend/vite/deps/core-l1vVDnYc.js","useFactory","useFactory ( )",21387,21392
12,5,81,0,12,"useValue@21395-21406@/home/alex/dev/Bachelor/bmad-vergleichsstudie/.lizard-tmp-WOSzIR/code/seed-b-frontend/.angular/cache/22.1.3/seed-b-frontend/vite/deps/core-l1vVDnYc.js","/home/alex/dev/Bachelor/bmad-vergleichsstudie/.lizard-tmp-WOSzIR/code/seed-b-frontend/.angular/cache/22.1.3/seed-b-frontend/vite/deps/core-l1vVDnYc.js","useValue","useValue ( )",21395,21406
3,1,11,0,3,"useFactory@21411-21413@/home/alex/dev/Bachelor/bmad-vergleichsstudie/.lizard-tmp-WOSzIR/code/seed-b-frontend/.angular/cache/22.1.3/seed-b-frontend/vite/deps/core-l1vVDnYc.js","/home/alex/dev/Bachelor/bmad-vergleichsstudie/.lizard-tmp-WOSzIR/code/seed-b-frontend/.angular/cache/22.1.3/seed-b-frontend/vite/deps/core-l1vVDnYc.js","useFactory","useFactory ( )",21411,21413
9,4,47,0,9,"(anonymous)@21421-21429@/home/alex/dev/Bachelor/bmad-vergleichsstudie/.lizard-tmp-WOSzIR/code/seed-b-frontend/.angular/cache/22.1.3/seed-b-frontend/vite/deps/core-l1vVDnYc.js","/home/alex/dev/Bachelor/bmad-vergleichsstudie/.lizard-tmp-WOSzIR/code/seed-b-frontend/.angular/cache/22.1.3/seed-b-frontend/vite/deps/core-l1vVDnYc.js","(anonymous)","(anonymous)",21421,21429
3,1,15,0,11,"(anonymous)@21420-21430@/home/alex/dev/Bachelor/bmad-vergleichsstudie/.lizard-tmp-WOSzIR/code/seed-b-frontend/.angular/cache/22.1.3/seed-b-frontend/vite/deps/core-l1vVDnYc.js","/home/alex/dev/Bachelor/bmad-vergleichsstudie/.lizard-tmp-WOSzIR/code/seed-b-frontend/.angular/cache/22.1.3/seed-b-frontend/vite/deps/core-l1vVDnYc.js","(anonymous)","(anonymous)",21420,21430
1,1,2,0,1,"(anonymous)@21432-21432@/home/alex/dev/Bachelor/bmad-vergleichsstudie/.lizard-tmp-WOSzIR/code/seed-b-frontend/.angular/cache/22.1.3/seed-b-frontend/vite/deps/core-l1vVDnYc.js","/home/alex/dev/Bachelor/bmad-vergleichsstudie/.lizard-tmp-WOSzIR/code/seed-b-frontend/.angular/cache/22.1.3/seed-b-frontend/vite/deps/core-l1vVDnYc.js","(anonymous)","(anonymous)",21432,21432
8,2,42,0,18,"useFactory@21416-21433@/home/alex/dev/Bachelor/bmad-vergleichsstudie/.lizard-tmp-WOSzIR/code/seed-b-frontend/.angular/cache/22.1.3/seed-b-frontend/vite/deps/core-l1vVDnYc.js","/home/alex/dev/Bachelor/bmad-vergleichsstudie/.lizard-tmp-WOSzIR/code/seed-b-frontend/.angular/cache/22.1.3/seed-b-frontend/vite/deps/core-l1vVDnYc.js","useFactory","useFactory ( )",21416,21433
19,1,68,0,54,"withDomHydration@21384-21437@/home/alex/dev/Bachelor/bmad-vergleichsstudie/.lizard-tmp-WOSzIR/code/seed-b-frontend/.angular/cache/22.1.3/seed-b-frontend/vite/deps/core-l1vVDnYc.js","/home/alex/dev/Bachelor/bmad-vergleichsstudie/.lizard-tmp-WOSzIR/code/seed-b-frontend/.angular/cache/22.1.3/seed-b-frontend/vite/deps/core-l1vVDnYc.js","withDomHydration","withDomHydration ( )",21384,21437
2,1,8,0,2,"useFactory@21441-21442@/home/alex/dev/Bachelor/bmad-vergleichsstudie/.lizard-tmp-WOSzIR/code/seed-b-frontend/.angular/cache/22.1.3/seed-b-frontend/vite/deps/core-l1vVDnYc.js","/home/alex/dev/Bachelor/bmad-vergleichsstudie/.lizard-tmp-WOSzIR/code/seed-b-frontend/.angular/cache/22.1.3/seed-b-frontend/vite/deps/core-l1vVDnYc.js","useFactory","useFactory ( )",21441,21442
7,2,28,0,7,"useValue@21444-21450@/home/alex/dev/Bachelor/bmad-vergleichsstudie/.lizard-tmp-WOSzIR/code/seed-b-frontend/.angular/cache/22.1.3/seed-b-frontend/vite/deps/core-l1vVDnYc.js","/home/alex/dev/Bachelor/bmad-vergleichsstudie/.lizard-tmp-WOSzIR/code/seed-b-frontend/.angular/cache/22.1.3/seed-b-frontend/vite/deps/core-l1vVDnYc.js","useValue","useValue ( )",21444,21450
9,1,30,0,16,"withI18nSupport@21438-21453@/home/alex/dev/Bachelor/bmad-vergleichsstudie/.lizard-tmp-WOSzIR/code/seed-b-frontend/.angular/cache/22.1.3/seed-b-frontend/vite/deps/core-l1vVDnYc.js","/home/alex/dev/Bachelor/bmad-vergleichsstudie/.lizard-tmp-WOSzIR/code/seed-b-frontend/.angular/cache/22.1.3/seed-b-frontend/vite/deps/core-l1vVDnYc.js","withI18nSupport","withI18nSupport ( )",21438,21453
7,1,30,0,7,"useFactory@21468-21474@/home/alex/dev/Bachelor/bmad-vergleichsstudie/.lizard-tmp-WOSzIR/code/seed-b-frontend/.angular/cache/22.1.3/seed-b-frontend/vite/deps/core-l1vVDnYc.js","/home/alex/dev/Bachelor/bmad-vergleichsstudie/.lizard-tmp-WOSzIR/code/seed-b-frontend/.angular/cache/22.1.3/seed-b-frontend/vite/deps/core-l1vVDnYc.js","useFactory","useFactory ( )",21468,21474
6,2,22,0,6,"(anonymous)@21478-21483@/home/alex/dev/Bachelor/bmad-vergleichsstudie/.lizard-tmp-WOSzIR/code/seed-b-frontend/.angular/cache/22.1.3/seed-b-frontend/vite/deps/core-l1vVDnYc.js","/home/alex/dev/Bachelor/bmad-vergleichsstudie/.lizard-tmp-WOSzIR/code/seed-b-frontend/.angular/cache/22.1.3/seed-b-frontend/vite/deps/core-l1vVDnYc.js","(anonymous)","(anonymous)",21478,21483
4,1,19,0,9,"useFactory@21476-21484@/home/alex/dev/Bachelor/bmad-vergleichsstudie/.lizard-tmp-WOSzIR/code/seed-b-frontend/.angular/cache/22.1.3/seed-b-frontend/vite/deps/core-l1vVDnYc.js","/home/alex/dev/Bachelor/bmad-vergleichsstudie/.lizard-tmp-WOSzIR/code/seed-b-frontend/.angular/cache/22.1.3/seed-b-frontend/vite/deps/core-l1vVDnYc.js","useFactory","useFactory ( )",21476,21484
21,1,64,0,35,"withIncrementalHydration@21454-21488@/home/alex/dev/Bachelor/bmad-vergleichsstudie/.lizard-tmp-WOSzIR/code/seed-b-frontend/.angular/cache/22.1.3/seed-b-frontend/vite/deps/core-l1vVDnYc.js","/home/alex/dev/Bachelor/bmad-vergleichsstudie/.lizard-tmp-WOSzIR/code/seed-b-frontend/.angular/cache/22.1.3/seed-b-frontend/vite/deps/core-l1vVDnYc.js","withIncrementalHydration","withIncrementalHydration ( )",21454,21488
4,1,36,2,4,"logWarningOnStableTimedout@21489-21492@/home/alex/dev/Bachelor/bmad-vergleichsstudie/.lizard-tmp-WOSzIR/code/seed-b-frontend/.angular/cache/22.1.3/seed-b-frontend/vite/deps/core-l1vVDnYc.js","/home/alex/dev/Bachelor/bmad-vergleichsstudie/.lizard-tmp-WOSzIR/code/seed-b-frontend/.angular/cache/22.1.3/seed-b-frontend/vite/deps/core-l1vVDnYc.js","logWarningOnStableTimedout","logWarningOnStableTimedout ( time , console )",21489,21492
3,1,20,1,3,"add@21496-21498@/home/alex/dev/Bachelor/bmad-vergleichsstudie/.lizard-tmp-WOSzIR/code/seed-b-frontend/.angular/cache/22.1.3/seed-b-frontend/vite/deps/core-l1vVDnYc.js","/home/alex/dev/Bachelor/bmad-vergleichsstudie/.lizard-tmp-WOSzIR/code/seed-b-frontend/.angular/cache/22.1.3/seed-b-frontend/vite/deps/core-l1vVDnYc.js","add","add ( taskId )",21496,21498
3,1,14,1,3,"remove@21499-21501@/home/alex/dev/Bachelor/bmad-vergleichsstudie/.lizard-tmp-WOSzIR/code/seed-b-frontend/.angular/cache/22.1.3/seed-b-frontend/vite/deps/core-l1vVDnYc.js","/home/alex/dev/Bachelor/bmad-vergleichsstudie/.lizard-tmp-WOSzIR/code/seed-b-frontend/.angular/cache/22.1.3/seed-b-frontend/vite/deps/core-l1vVDnYc.js","remove","remove ( taskId )",21499,21501
3,1,13,0,3,"(anonymous)@21514-21516@/home/alex/dev/Bachelor/bmad-vergleichsstudie/.lizard-tmp-WOSzIR/code/seed-b-frontend/.angular/cache/22.1.3/seed-b-frontend/vite/deps/core-l1vVDnYc.js","/home/alex/dev/Bachelor/bmad-vergleichsstudie/.lizard-tmp-WOSzIR/code/seed-b-frontend/.angular/cache/22.1.3/seed-b-frontend/vite/deps/core-l1vVDnYc.js","(anonymous)","(anonymous)",21514,21516
12,8,112,0,12,"(anonymous)@21518-21529@/home/alex/dev/Bachelor/bmad-vergleichsstudie/.lizard-tmp-WOSzIR/code/seed-b-frontend/.angular/cache/22.1.3/seed-b-frontend/vite/deps/core-l1vVDnYc.js","/home/alex/dev/Bachelor/bmad-vergleichsstudie/.lizard-tmp-WOSzIR/code/seed-b-frontend/.angular/cache/22.1.3/seed-b-frontend/vite/deps/core-l1vVDnYc.js","(anonymous)","(anonymous)",21518,21529
3,1,7,0,3,"(anonymous)@21530-21532@/home/alex/dev/Bachelor/bmad-vergleichsstudie/.lizard-tmp-WOSzIR/code/seed-b-frontend/.angular/cache/22.1.3/seed-b-frontend/vite/deps/core-l1vVDnYc.js","/home/alex/dev/Bachelor/bmad-vergleichsstudie/.lizard-tmp-WOSzIR/code/seed-b-frontend/.angular/cache/22.1.3/seed-b-frontend/vite/deps/core-l1vVDnYc.js","(anonymous)","(anonymous)",21530,21532
4,1,29,0,17,"(anonymous)@21517-21533@/home/alex/dev/Bachelor/bmad-vergleichsstudie/.lizard-tmp-WOSzIR/code/seed-b-frontend/.angular/cache/22.1.3/seed-b-frontend/vite/deps/core-l1vVDnYc.js","/home/alex/dev/Bachelor/bmad-vergleichsstudie/.lizard-tmp-WOSzIR/code/seed-b-frontend/.angular/cache/22.1.3/seed-b-frontend/vite/deps/core-l1vVDnYc.js","(anonymous)","(anonymous)",21517,21533
8,4,67,0,26,"(anonymous)@21509-21534@/home/alex/dev/Bachelor/bmad-vergleichsstudie/.lizard-tmp-WOSzIR/code/seed-b-frontend/.angular/cache/22.1.3/seed-b-frontend/vite/deps/core-l1vVDnYc.js","/home/alex/dev/Bachelor/bmad-vergleichsstudie/.lizard-tmp-WOSzIR/code/seed-b-frontend/.angular/cache/22.1.3/seed-b-frontend/vite/deps/core-l1vVDnYc.js","(anonymous)","(anonymous)",21509,21534
8,1,43,0,33,"provideStabilityDebugging@21503-21535@/home/alex/dev/Bachelor/bmad-vergleichsstudie/.lizard-tmp-WOSzIR/code/seed-b-frontend/.angular/cache/22.1.3/seed-b-frontend/vite/deps/core-l1vVDnYc.js","/home/alex/dev/Bachelor/bmad-vergleichsstudie/.lizard-tmp-WOSzIR/code/seed-b-frontend/.angular/cache/22.1.3/seed-b-frontend/vite/deps/core-l1vVDnYc.js","provideStabilityDebugging","provideStabilityDebugging ( )",21503,21535
3,1,11,1,3,"supports@21537-21539@/home/alex/dev/Bachelor/bmad-vergleichsstudie/.lizard-tmp-WOSzIR/code/seed-b-frontend/.angular/cache/22.1.3/seed-b-frontend/vite/deps/core-l1vVDnYc.js","/home/alex/dev/Bachelor/bmad-vergleichsstudie/.lizard-tmp-WOSzIR/code/seed-b-frontend/.angular/cache/22.1.3/seed-b-frontend/vite/deps/core-l1vVDnYc.js","supports","supports ( obj )",21537,21539
3,1,12,1,3,"create@21540-21542@/home/alex/dev/Bachelor/bmad-vergleichsstudie/.lizard-tmp-WOSzIR/code/seed-b-frontend/.angular/cache/22.1.3/seed-b-frontend/vite/deps/core-l1vVDnYc.js","/home/alex/dev/Bachelor/bmad-vergleichsstudie/.lizard-tmp-WOSzIR/code/seed-b-frontend/.angular/cache/22.1.3/seed-b-frontend/vite/deps/core-l1vVDnYc.js","create","create ( trackByFn )",21540,21542
1,1,8,2,1,"trackByIdentity@21544-21544@/home/alex/dev/Bachelor/bmad-vergleichsstudie/.lizard-tmp-WOSzIR/code/seed-b-frontend/.angular/cache/22.1.3/seed-b-frontend/vite/deps/core-l1vVDnYc.js","/home/alex/dev/Bachelor/bmad-vergleichsstudie/.lizard-tmp-WOSzIR/code/seed-b-frontend/.angular/cache/22.1.3/seed-b-frontend/vite/deps/core-l1vVDnYc.js","trackByIdentity","trackByIdentity ( index , item )",21544,21544
3,2,13,1,3,"constructor@21562-21564@/home/alex/dev/Bachelor/bmad-vergleichsstudie/.lizard-tmp-WOSzIR/code/seed-b-frontend/.angular/cache/22.1.3/seed-b-frontend/vite/deps/core-l1vVDnYc.js","/home/alex/dev/Bachelor/bmad-vergleichsstudie/.lizard-tmp-WOSzIR/code/seed-b-frontend/.angular/cache/22.1.3/seed-b-frontend/vite/deps/core-l1vVDnYc.js","constructor","constructor ( trackByFn )",21562,21564
4,2,31,1,4,"forEachItem@21565-21568@/home/alex/dev/Bachelor/bmad-vergleichsstudie/.lizard-tmp-WOSzIR/code/seed-b-frontend/.angular/cache/22.1.3/seed-b-frontend/vite/deps/core-l1vVDnYc.js","/home/alex/dev/Bachelor/bmad-vergleichsstudie/.lizard-tmp-WOSzIR/code/seed-b-frontend/.angular/cache/22.1.3/seed-b-frontend/vite/deps/core-l1vVDnYc.js","forEachItem","forEachItem ( fn )",21565,21568
33,15,247,1,33,"forEachOperation@21569-21601@/home/alex/dev/Bachelor/bmad-vergleichsstudie/.lizard-tmp-WOSzIR/code/seed-b-frontend/.angular/cache/22.1.3/seed-b-frontend/vite/deps/core-l1vVDnYc.js","/home/alex/dev/Bachelor/bmad-vergleichsstudie/.lizard-tmp-WOSzIR/code/seed-b-frontend/.angular/cache/22.1.3/seed-b-frontend/vite/deps/core-l1vVDnYc.js","forEachOperation","forEachOperation ( fn )",21569,21601
4,2,31,1,4,"forEachPreviousItem@21602-21605@/home/alex/dev/Bachelor/bmad-vergleichsstudie/.lizard-tmp-WOSzIR/code/seed-b-frontend/.angular/cache/22.1.3/seed-b-frontend/vite/deps/core-l1vVDnYc.js","/home/alex/dev/Bachelor/bmad-vergleichsstudie/.lizard-tmp-WOSzIR/code/seed-b-frontend/.angular/cache/22.1.3/seed-b-frontend/vite/deps/core-l1vVDnYc.js","forEachPreviousItem","forEachPreviousItem ( fn )",21602,21605
4,2,31,1,4,"forEachAddedItem@21606-21609@/home/alex/dev/Bachelor/bmad-vergleichsstudie/.lizard-tmp-WOSzIR/code/seed-b-frontend/.angular/cache/22.1.3/seed-b-frontend/vite/deps/core-l1vVDnYc.js","/home/alex/dev/Bachelor/bmad-vergleichsstudie/.lizard-tmp-WOSzIR/code/seed-b-frontend/.angular/cache/22.1.3/seed-b-frontend/vite/deps/core-l1vVDnYc.js","forEachAddedItem","forEachAddedItem ( fn )",21606,21609
4,2,31,1,4,"forEachMovedItem@21610-21613@/home/alex/dev/Bachelor/bmad-vergleichsstudie/.lizard-tmp-WOSzIR/code/seed-b-frontend/.angular/cache/22.1.3/seed-b-frontend/vite/deps/core-l1vVDnYc.js","/home/alex/dev/Bachelor/bmad-vergleichsstudie/.lizard-tmp-WOSzIR/code/seed-b-frontend/.angular/cache/22.1.3/seed-b-frontend/vite/deps/core-l1vVDnYc.js","forEachMovedItem","forEachMovedItem ( fn )",21610,21613
4,2,31,1,4,"forEachRemovedItem@21614-21617@/home/alex/dev/Bachelor/bmad-vergleichsstudie/.lizard-tmp-WOSzIR/code/seed-b-frontend/.angular/cache/22.1.3/seed-b-frontend/vite/deps/core-l1vVDnYc.js","/home/alex/dev/Bachelor/bmad-vergleichsstudie/.lizard-tmp-WOSzIR/code/seed-b-frontend/.angular/cache/22.1.3/seed-b-frontend/vite/deps/core-l1vVDnYc.js","forEachRemovedItem","forEachRemovedItem ( fn )",21614,21617
4,2,31,1,4,"forEachIdentityChange@21618-21621@/home/alex/dev/Bachelor/bmad-vergleichsstudie/.lizard-tmp-WOSzIR/code/seed-b-frontend/.angular/cache/22.1.3/seed-b-frontend/vite/deps/core-l1vVDnYc.js","/home/alex/dev/Bachelor/bmad-vergleichsstudie/.lizard-tmp-WOSzIR/code/seed-b-frontend/.angular/cache/22.1.3/seed-b-frontend/vite/deps/core-l1vVDnYc.js","forEachIdentityChange","forEachIdentityChange ( fn )",21618,21621
6,5,57,1,6,"diff@21622-21627@/home/alex/dev/Bachelor/bmad-vergleichsstudie/.lizard-tmp-WOSzIR/code/seed-b-frontend/.angular/cache/22.1.3/seed-b-frontend/vite/deps/core-l1vVDnYc.js","/home/alex/dev/Bachelor/bmad-vergleichsstudie/.lizard-tmp-WOSzIR/code/seed-b-frontend/.angular/cache/22.1.3/seed-b-frontend/vite/deps/core-l1vVDnYc.js","diff","diff ( collection )",21622,21627
1,1,4,0,1,"onDestroy@21628-21628@/home/alex/dev/Bachelor/bmad-vergleichsstudie/.lizard-tmp-WOSzIR/code/seed-b-frontend/.angular/cache/22.1.3/seed-b-frontend/vite/deps/core-l1vVDnYc.js","/home/alex/dev/Bachelor/bmad-vergleichsstudie/.lizard-tmp-WOSzIR/code/seed-b-frontend/.angular/cache/22.1.3/seed-b-frontend/vite/deps/core-l1vVDnYc.js","onDestroy","onDestroy ( )",21628,21628
12,5,106,0,12,"(anonymous)@21652-21663@/home/alex/dev/Bachelor/bmad-vergleichsstudie/.lizard-tmp-WOSzIR/code/seed-b-frontend/.angular/cache/22.1.3/seed-b-frontend/vite/deps/core-l1vVDnYc.js","/home/alex/dev/Bachelor/bmad-vergleichsstudie/.lizard-tmp-WOSzIR/code/seed-b-frontend/.angular/cache/22.1.3/seed-b-frontend/vite/deps/core-l1vVDnYc.js","(anonymous)","(anonymous)",21652,21663
30,7,219,1,41,"check@21629-21669@/home/alex/dev/Bachelor/bmad-vergleichsstudie/.lizard-tmp-WOSzIR/code/seed-b-frontend/.angular/cache/22.1.3/seed-b-frontend/vite/deps/core-l1vVDnYc.js","/home/alex/dev/Bachelor/bmad-vergleichsstudie/.lizard-tmp-WOSzIR/code/seed-b-frontend/.angular/cache/22.1.3/seed-b-frontend/vite/deps/core-l1vVDnYc.js","check","check ( collection )",21629,21669
3,4,29,0,3,"get isDirty@21670-21672@/home/alex/dev/Bachelor/bmad-vergleichsstudie/.lizard-tmp-WOSzIR/code/seed-b-frontend/.angular/cache/22.1.3/seed-b-frontend/vite/deps/core-l1vVDnYc.js","/home/alex/dev/Bachelor/bmad-vergleichsstudie/.lizard-tmp-WOSzIR/code/seed-b-frontend/.angular/cache/22.1.3/seed-b-frontend/vite/deps/core-l1vVDnYc.js","get isDirty","get isDirty ( )",21670,21672
12,5,137,0,12,"_reset@21673-21684@/home/alex/dev/Bachelor/bmad-vergleichsstudie/.lizard-tmp-WOSzIR/code/seed-b-frontend/.angular/cache/22.1.3/seed-b-frontend/vite/deps/core-l1vVDnYc.js","/home/alex/dev/Bachelor/bmad-vergleichsstudie/.lizard-tmp-WOSzIR/code/seed-b-frontend/.angular/cache/22.1.3/seed-b-frontend/vite/deps/core-l1vVDnYc.js","_reset","_reset ( )",21673,21684
20,8,194,4,20,"_mismatch@21685-21704@/home/alex/dev/Bachelor/bmad-vergleichsstudie/.lizard-tmp-WOSzIR/code/seed-b-frontend/.angular/cache/22.1.3/seed-b-frontend/vite/deps/core-l1vVDnYc.js","/home/alex/dev/Bachelor/bmad-vergleichsstudie/.lizard-tmp-WOSzIR/code/seed-b-frontend/.angular/cache/22.1.3/seed-b-frontend/vite/deps/core-l1vVDnYc.js","_mismatch","_mismatch ( record , item , itemTrackBy , index )",21685,21704
9,4,83,4,9,"_verifyReinsertion@21705-21713@/home/alex/dev/Bachelor/bmad-vergleichsstudie/.lizard-tmp-WOSzIR/code/seed-b-frontend/.angular/cache/22.1.3/seed-b-frontend/vite/deps/core-l1vVDnYc.js","/home/alex/dev/Bachelor/bmad-vergleichsstudie/.lizard-tmp-WOSzIR/code/seed-b-frontend/.angular/cache/22.1.3/seed-b-frontend/vite/deps/core-l1vVDnYc.js","_verifyReinsertion","_verifyReinsertion ( record , item , itemTrackBy , index )",21705,21713
13,8,132,1,13,"_truncate@21714-21726@/home/alex/dev/Bachelor/bmad-vergleichsstudie/.lizard-tmp-WOSzIR/code/seed-b-frontend/.angular/cache/22.1.3/seed-b-frontend/vite/deps/core-l1vVDnYc.js","/home/alex/dev/Bachelor/bmad-vergleichsstudie/.lizard-tmp-WOSzIR/code/seed-b-frontend/.angular/cache/22.1.3/seed-b-frontend/vite/deps/core-l1vVDnYc.js","_truncate","_truncate ( record )",21714,21726
12,4,101,3,12,"_reinsertAfter@21727-21738@/home/alex/dev/Bachelor/bmad-vergleichsstudie/.lizard-tmp-WOSzIR/code/seed-b-frontend/.angular/cache/22.1.3/seed-b-frontend/vite/deps/core-l1vVDnYc.js","/home/alex/dev/Bachelor/bmad-vergleichsstudie/.lizard-tmp-WOSzIR/code/seed-b-frontend/.angular/cache/22.1.3/seed-b-frontend/vite/deps/core-l1vVDnYc.js","_reinsertAfter","_reinsertAfter ( record , prevRecord , index )",21727,21738
6,1,39,3,6,"_moveAfter@21739-21744@/home/alex/dev/Bachelor/bmad-vergleichsstudie/.lizard-tmp-WOSzIR/code/seed-b-frontend/.angular/cache/22.1.3/seed-b-frontend/vite/deps/core-l1vVDnYc.js","/home/alex/dev/Bachelor/bmad-vergleichsstudie/.lizard-tmp-WOSzIR/code/seed-b-frontend/.angular/cache/22.1.3/seed-b-frontend/vite/deps/core-l1vVDnYc.js","_moveAfter","_moveAfter ( record , prevRecord , index )",21739,21744
6,2,54,3,6,"_addAfter@21745-21750@/home/alex/dev/Bachelor/bmad-vergleichsstudie/.lizard-tmp-WOSzIR/code/seed-b-frontend/.angular/cache/22.1.3/seed-b-frontend/vite/deps/core-l1vVDnYc.js","/home/alex/dev/Bachelor/bmad-vergleichsstudie/.lizard-tmp-WOSzIR/code/seed-b-frontend/.angular/cache/22.1.3/seed-b-frontend/vite/deps/core-l1vVDnYc.js","_addAfter","_addAfter ( record , prevRecord , index )",21745,21750
13,5,109,3,13,"_insertAfter@21751-21763@/home/alex/dev/Bachelor/bmad-vergleichsstudie/.lizard-tmp-WOSzIR/code/seed-b-frontend/.angular/cache/22.1.3/seed-b-frontend/vite/deps/core-l1vVDnYc.js","/home/alex/dev/Bachelor/bmad-vergleichsstudie/.lizard-tmp-WOSzIR/code/seed-b-frontend/.angular/cache/22.1.3/seed-b-frontend/vite/deps/core-l1vVDnYc.js","_insertAfter","_insertAfter ( record , prevRecord , index )",21751,21763
3,1,18,1,3,"_remove@21764-21766@/home/alex/dev/Bachelor/bmad-vergleichsstudie/.lizard-tmp-WOSzIR/code/seed-b-frontend/.angular/cache/22.1.3/seed-b-frontend/vite/deps/core-l1vVDnYc.js","/home/alex/dev/Bachelor/bmad-vergleichsstudie/.lizard-tmp-WOSzIR/code/seed-b-frontend/.angular/cache/22.1.3/seed-b-frontend/vite/deps/core-l1vVDnYc.js","_remove","_remove ( record )",21764,21766
10,4,77,1,10,"_unlink@21767-21776@/home/alex/dev/Bachelor/bmad-vergleichsstudie/.lizard-tmp-WOSzIR/code/seed-b-frontend/.angular/cache/22.1.3/seed-b-frontend/vite/deps/core-l1vVDnYc.js","/home/alex/dev/Bachelor/bmad-vergleichsstudie/.lizard-tmp-WOSzIR/code/seed-b-frontend/.angular/cache/22.1.3/seed-b-frontend/vite/deps/core-l1vVDnYc.js","_unlink","_unlink ( record )",21767,21776
6,3,52,2,6,"_addToMoves@21777-21782@/home/alex/dev/Bachelor/bmad-vergleichsstudie/.lizard-tmp-WOSzIR/code/seed-b-frontend/.angular/cache/22.1.3/seed-b-frontend/vite/deps/core-l1vVDnYc.js","/home/alex/dev/Bachelor/bmad-vergleichsstudie/.lizard-tmp-WOSzIR/code/seed-b-frontend/.angular/cache/22.1.3/seed-b-frontend/vite/deps/core-l1vVDnYc.js","_addToMoves","_addToMoves ( record , toIndex )",21777,21782
14,3,95,1,14,"_addToRemovals@21783-21796@/home/alex/dev/Bachelor/bmad-vergleichsstudie/.lizard-tmp-WOSzIR/code/seed-b-frontend/.angular/cache/22.1.3/seed-b-frontend/vite/deps/core-l1vVDnYc.js","/home/alex/dev/Bachelor/bmad-vergleichsstudie/.lizard-tmp-WOSzIR/code/seed-b-frontend/.angular/cache/22.1.3/seed-b-frontend/vite/deps/core-l1vVDnYc.js","_addToRemovals","_addToRemovals ( record )",21783,21796
6,2,47,2,6,"_addIdentityChange@21797-21802@/home/alex/dev/Bachelor/bmad-vergleichsstudie/.lizard-tmp-WOSzIR/code/seed-b-frontend/.angular/cache/22.1.3/seed-b-frontend/vite/deps/core-l1vVDnYc.js","/home/alex/dev/Bachelor/bmad-vergleichsstudie/.lizard-tmp-WOSzIR/code/seed-b-frontend/.angular/cache/22.1.3/seed-b-frontend/vite/deps/core-l1vVDnYc.js","_addIdentityChange","_addIdentityChange ( record , item )",21797,21802
4,1,19,2,4,"constructor@21819-21822@/home/alex/dev/Bachelor/bmad-vergleichsstudie/.lizard-tmp-WOSzIR/code/seed-b-frontend/.angular/cache/22.1.3/seed-b-frontend/vite/deps/core-l1vVDnYc.js","/home/alex/dev/Bachelor/bmad-vergleichsstudie/.lizard-tmp-WOSzIR/code/seed-b-frontend/.angular/cache/22.1.3/seed-b-frontend/vite/deps/core-l1vVDnYc.js","constructor","constructor ( item , trackById )",21819,21822
12,2,68,1,12,"add@21827-21838@/home/alex/dev/Bachelor/bmad-vergleichsstudie/.lizard-tmp-WOSzIR/code/seed-b-frontend/.angular/cache/22.1.3/seed-b-frontend/vite/deps/core-l1vVDnYc.js","/home/alex/dev/Bachelor/bmad-vergleichsstudie/.lizard-tmp-WOSzIR/code/seed-b-frontend/.angular/cache/22.1.3/seed-b-frontend/vite/deps/core-l1vVDnYc.js","add","add ( record )",21827,21838
9,2,56,1,9,"put@21856-21864@/home/alex/dev/Bachelor/bmad-vergleichsstudie/.lizard-tmp-WOSzIR/code/seed-b-frontend/.angular/cache/22.1.3/seed-b-frontend/vite/deps/core-l1vVDnYc.js","/home/alex/dev/Bachelor/bmad-vergleichsstudie/.lizard-tmp-WOSzIR/code/seed-b-frontend/.angular/cache/22.1.3/seed-b-frontend/vite/deps/core-l1vVDnYc.js","put","put ( record )",21856,21864
7,4,54,3,7,"getPreviousIndex@21882-21888@/home/alex/dev/Bachelor/bmad-vergleichsstudie/.lizard-tmp-WOSzIR/code/seed-b-frontend/.angular/cache/22.1.3/seed-b-frontend/vite/deps/core-l1vVDnYc.js","/home/alex/dev/Bachelor/bmad-vergleichsstudie/.lizard-tmp-WOSzIR/code/seed-b-frontend/.angular/cache/22.1.3/seed-b-frontend/vite/deps/core-l1vVDnYc.js","getPreviousIndex","getPreviousIndex ( item , addRemoveOffset , moveOffsets )",21882,21888
3,2,15,1,3,"supports@21890-21892@/home/alex/dev/Bachelor/bmad-vergleichsstudie/.lizard-tmp-WOSzIR/code/seed-b-frontend/.angular/cache/22.1.3/seed-b-frontend/vite/deps/core-l1vVDnYc.js","/home/alex/dev/Bachelor/bmad-vergleichsstudie/.lizard-tmp-WOSzIR/code/seed-b-frontend/.angular/cache/22.1.3/seed-b-frontend/vite/deps/core-l1vVDnYc.js","supports","supports ( obj )",21890,21892
3,1,10,0,3,"create@21893-21895@/home/alex/dev/Bachelor/bmad-vergleichsstudie/.lizard-tmp-WOSzIR/code/seed-b-frontend/.angular/cache/22.1.3/seed-b-frontend/vite/deps/core-l1vVDnYc.js","/home/alex/dev/Bachelor/bmad-vergleichsstudie/.lizard-tmp-WOSzIR/code/seed-b-frontend/.angular/cache/22.1.3/seed-b-frontend/vite/deps/core-l1vVDnYc.js","create","create ( )",21893,21895
3,3,23,0,3,"get isDirty@21907-21909@/home/alex/dev/Bachelor/bmad-vergleichsstudie/.lizard-tmp-WOSzIR/code/seed-b-frontend/.angular/cache/22.1.3/seed-b-frontend/vite/deps/core-l1vVDnYc.js","/home/alex/dev/Bachelor/bmad-vergleichsstudie/.lizard-tmp-WOSzIR/code/seed-b-frontend/.angular/cache/22.1.3/seed-b-frontend/vite/deps/core-l1vVDnYc.js","get isDirty","get isDirty ( )",21907,21909
4,2,31,1,4,"forEachItem@21910-21913@/home/alex/dev/Bachelor/bmad-vergleichsstudie/.lizard-tmp-WOSzIR/code/seed-b-frontend/.angular/cache/22.1.3/seed-b-frontend/vite/deps/core-l1vVDnYc.js","/home/alex/dev/Bachelor/bmad-vergleichsstudie/.lizard-tmp-WOSzIR/code/seed-b-frontend/.angular/cache/22.1.3/seed-b-frontend/vite/deps/core-l1vVDnYc.js","forEachItem","forEachItem ( fn )",21910,21913
4,2,31,1,4,"forEachPreviousItem@21914-21917@/home/alex/dev/Bachelor/bmad-vergleichsstudie/.lizard-tmp-WOSzIR/code/seed-b-frontend/.angular/cache/22.1.3/seed-b-frontend/vite/deps/core-l1vVDnYc.js","/home/alex/dev/Bachelor/bmad-vergleichsstudie/.lizard-tmp-WOSzIR/code/seed-b-frontend/.angular/cache/22.1.3/seed-b-frontend/vite/deps/core-l1vVDnYc.js","forEachPreviousItem","forEachPreviousItem ( fn )",21914,21917
4,2,31,1,4,"forEachChangedItem@21918-21921@/home/alex/dev/Bachelor/bmad-vergleichsstudie/.lizard-tmp-WOSzIR/code/seed-b-frontend/.angular/cache/22.1.3/seed-b-frontend/vite/deps/core-l1vVDnYc.js","/home/alex/dev/Bachelor/bmad-vergleichsstudie/.lizard-tmp-WOSzIR/code/seed-b-frontend/.angular/cache/22.1.3/seed-b-frontend/vite/deps/core-l1vVDnYc.js","forEachChangedItem","forEachChangedItem ( fn )",21918,21921
4,2,31,1,4,"forEachAddedItem@21922-21925@/home/alex/dev/Bachelor/bmad-vergleichsstudie/.lizard-tmp-WOSzIR/code/seed-b-frontend/.angular/cache/22.1.3/seed-b-frontend/vite/deps/core-l1vVDnYc.js","/home/alex/dev/Bachelor/bmad-vergleichsstudie/.lizard-tmp-WOSzIR/code/seed-b-frontend/.angular/cache/22.1.3/seed-b-frontend/vite/deps/core-l1vVDnYc.js","forEachAddedItem","forEachAddedItem ( fn )",21922,21925
4,2,31,1,4,"forEachRemovedItem@21926-21929@/home/alex/dev/Bachelor/bmad-vergleichsstudie/.lizard-tmp-WOSzIR/code/seed-b-frontend/.angular/cache/22.1.3/seed-b-frontend/vite/deps/core-l1vVDnYc.js","/home/alex/dev/Bachelor/bmad-vergleichsstudie/.lizard-tmp-WOSzIR/code/seed-b-frontend/.angular/cache/22.1.3/seed-b-frontend/vite/deps/core-l1vVDnYc.js","forEachRemovedItem","forEachRemovedItem ( fn )",21926,21929
5,6,61,1,5,"diff@21930-21934@/home/alex/dev/Bachelor/bmad-vergleichsstudie/.lizard-tmp-WOSzIR/code/seed-b-frontend/.angular/cache/22.1.3/seed-b-frontend/vite/deps/core-l1vVDnYc.js","/home/alex/dev/Bachelor/bmad-vergleichsstudie/.lizard-tmp-WOSzIR/code/seed-b-frontend/.angular/cache/22.1.3/seed-b-frontend/vite/deps/core-l1vVDnYc.js","diff","diff ( map )",21930,21934
10,3,61,0,10,"(anonymous)@21939-21948@/home/alex/dev/Bachelor/bmad-vergleichsstudie/.lizard-tmp-WOSzIR/code/seed-b-frontend/.angular/cache/22.1.3/seed-b-frontend/vite/deps/core-l1vVDnYc.js","/home/alex/dev/Bachelor/bmad-vergleichsstudie/.lizard-tmp-WOSzIR/code/seed-b-frontend/.angular/cache/22.1.3/seed-b-frontend/vite/deps/core-l1vVDnYc.js","(anonymous)","(anonymous)",21939,21948
22,7,176,1,31,"check@21935-21965@/home/alex/dev/Bachelor/bmad-vergleichsstudie/.lizard-tmp-WOSzIR/code/seed-b-frontend/.angular/cache/22.1.3/seed-b-frontend/vite/deps/core-l1vVDnYc.js","/home/alex/dev/Bachelor/bmad-vergleichsstudie/.lizard-tmp-WOSzIR/code/seed-b-frontend/.angular/cache/22.1.3/seed-b-frontend/vite/deps/core-l1vVDnYc.js","check","check ( map )",21935,21965
18,5,111,2,18,"_insertBeforeOrAppend@21966-21983@/home/alex/dev/Bachelor/bmad-vergleichsstudie/.lizard-tmp-WOSzIR/code/seed-b-frontend/.angular/cache/22.1.3/seed-b-frontend/vite/deps/core-l1vVDnYc.js","/home/alex/dev/Bachelor/bmad-vergleichsstudie/.lizard-tmp-WOSzIR/code/seed-b-frontend/.angular/cache/22.1.3/seed-b-frontend/vite/deps/core-l1vVDnYc.js","_insertBeforeOrAppend","_insertBeforeOrAppend ( before , record )",21966,21983
18,4,126,2,18,"_getOrCreateRecordForKey@21984-22001@/home/alex/dev/Bachelor/bmad-vergleichsstudie/.lizard-tmp-WOSzIR/code/seed-b-frontend/.angular/cache/22.1.3/seed-b-frontend/vite/deps/core-l1vVDnYc.js","/home/alex/dev/Bachelor/bmad-vergleichsstudie/.lizard-tmp-WOSzIR/code/seed-b-frontend/.angular/cache/22.1.3/seed-b-frontend/vite/deps/core-l1vVDnYc.js","_getOrCreateRecordForKey","_getOrCreateRecordForKey ( key , value )",21984,22001
12,5,127,0,12,"_reset@22002-22013@/home/alex/dev/Bachelor/bmad-vergleichsstudie/.lizard-tmp-WOSzIR/code/seed-b-frontend/.angular/cache/22.1.3/seed-b-frontend/vite/deps/core-l1vVDnYc.js","/home/alex/dev/Bachelor/bmad-vergleichsstudie/.lizard-tmp-WOSzIR/code/seed-b-frontend/.angular/cache/22.1.3/seed-b-frontend/vite/deps/core-l1vVDnYc.js","_reset","_reset ( )",22002,22013
7,2,44,2,7,"_maybeAddToChanges@22014-22020@/home/alex/dev/Bachelor/bmad-vergleichsstudie/.lizard-tmp-WOSzIR/code/seed-b-frontend/.angular/cache/22.1.3/seed-b-frontend/vite/deps/core-l1vVDnYc.js","/home/alex/dev/Bachelor/bmad-vergleichsstudie/.lizard-tmp-WOSzIR/code/seed-b-frontend/.angular/cache/22.1.3/seed-b-frontend/vite/deps/core-l1vVDnYc.js","_maybeAddToChanges","_maybeAddToChanges ( record , newValue )",22014,22020
7,2,40,1,7,"_addToAdditions@22021-22027@/home/alex/dev/Bachelor/bmad-vergleichsstudie/.lizard-tmp-WOSzIR/code/seed-b-frontend/.angular/cache/22.1.3/seed-b-frontend/vite/deps/core-l1vVDnYc.js","/home/alex/dev/Bachelor/bmad-vergleichsstudie/.lizard-tmp-WOSzIR/code/seed-b-frontend/.angular/cache/22.1.3/seed-b-frontend/vite/deps/core-l1vVDnYc.js","_addToAdditions","_addToAdditions ( record )",22021,22027
7,2,40,1,7,"_addToChanges@22028-22034@/home/alex/dev/Bachelor/bmad-vergleichsstudie/.lizard-tmp-WOSzIR/code/seed-b-frontend/.angular/cache/22.1.3/seed-b-frontend/vite/deps/core-l1vVDnYc.js","/home/alex/dev/Bachelor/bmad-vergleichsstudie/.lizard-tmp-WOSzIR/code/seed-b-frontend/.angular/cache/22.1.3/seed-b-frontend/vite/deps/core-l1vVDnYc.js","_addToChanges","_addToChanges ( record )",22028,22034
1,1,10,0,1,"(anonymous)@22037-22037@/home/alex/dev/Bachelor/bmad-vergleichsstudie/.lizard-tmp-WOSzIR/code/seed-b-frontend/.angular/cache/22.1.3/seed-b-frontend/vite/deps/core-l1vVDnYc.js","/home/alex/dev/Bachelor/bmad-vergleichsstudie/.lizard-tmp-WOSzIR/code/seed-b-frontend/.angular/cache/22.1.3/seed-b-frontend/vite/deps/core-l1vVDnYc.js","(anonymous)","(anonymous)",22037,22037
4,2,36,2,4,"_forEach@22035-22038@/home/alex/dev/Bachelor/bmad-vergleichsstudie/.lizard-tmp-WOSzIR/code/seed-b-frontend/.angular/cache/22.1.3/seed-b-frontend/vite/deps/core-l1vVDnYc.js","/home/alex/dev/Bachelor/bmad-vergleichsstudie/.lizard-tmp-WOSzIR/code/seed-b-frontend/.angular/cache/22.1.3/seed-b-frontend/vite/deps/core-l1vVDnYc.js","_forEach","_forEach ( obj , fn )",22035,22038
3,1,11,1,3,"constructor@22050-22052@/home/alex/dev/Bachelor/bmad-vergleichsstudie/.lizard-tmp-WOSzIR/code/seed-b-frontend/.angular/cache/22.1.3/seed-b-frontend/vite/deps/core-l1vVDnYc.js","/home/alex/dev/Bachelor/bmad-vergleichsstudie/.lizard-tmp-WOSzIR/code/seed-b-frontend/.angular/cache/22.1.3/seed-b-frontend/vite/deps/core-l1vVDnYc.js","constructor","constructor ( key )",22050,22052
3,1,16,0,3,"defaultIterableDiffersFactory@22054-22056@/home/alex/dev/Bachelor/bmad-vergleichsstudie/.lizard-tmp-WOSzIR/code/seed-b-frontend/.angular/cache/22.1.3/seed-b-frontend/vite/deps/core-l1vVDnYc.js","/home/alex/dev/Bachelor/bmad-vergleichsstudie/.lizard-tmp-WOSzIR/code/seed-b-frontend/.angular/cache/22.1.3/seed-b-frontend/vite/deps/core-l1vVDnYc.js","defaultIterableDiffersFactory","defaultIterableDiffersFactory ( )",22054,22056
3,1,11,1,3,"constructor@22064-22066@/home/alex/dev/Bachelor/bmad-vergleichsstudie/.lizard-tmp-WOSzIR/code/seed-b-frontend/.angular/cache/22.1.3/seed-b-frontend/vite/deps/core-l1vVDnYc.js","/home/alex/dev/Bachelor/bmad-vergleichsstudie/.lizard-tmp-WOSzIR/code/seed-b-frontend/.angular/cache/22.1.3/seed-b-frontend/vite/deps/core-l1vVDnYc.js","constructor","constructor ( factories )",22064,22066
7,2,42,2,7,"create@22067-22073@/home/alex/dev/Bachelor/bmad-vergleichsstudie/.lizard-tmp-WOSzIR/code/seed-b-frontend/.angular/cache/22.1.3/seed-b-frontend/vite/deps/core-l1vVDnYc.js","/home/alex/dev/Bachelor/bmad-vergleichsstudie/.lizard-tmp-WOSzIR/code/seed-b-frontend/.angular/cache/22.1.3/seed-b-frontend/vite/deps/core-l1vVDnYc.js","create","create ( factories , parent )",22067,22073
7,2,37,0,7,"useFactory@22077-22083@/home/alex/dev/Bachelor/bmad-vergleichsstudie/.lizard-tmp-WOSzIR/code/seed-b-frontend/.angular/cache/22.1.3/seed-b-frontend/vite/deps/core-l1vVDnYc.js","/home/alex/dev/Bachelor/bmad-vergleichsstudie/.lizard-tmp-WOSzIR/code/seed-b-frontend/.angular/cache/22.1.3/seed-b-frontend/vite/deps/core-l1vVDnYc.js","useFactory","useFactory ( )",22077,22083
6,1,16,1,12,"extend@22074-22085@/home/alex/dev/Bachelor/bmad-vergleichsstudie/.lizard-tmp-WOSzIR/code/seed-b-frontend/.angular/cache/22.1.3/seed-b-frontend/vite/deps/core-l1vVDnYc.js","/home/alex/dev/Bachelor/bmad-vergleichsstudie/.lizard-tmp-WOSzIR/code/seed-b-frontend/.angular/cache/22.1.3/seed-b-frontend/vite/deps/core-l1vVDnYc.js","extend","extend ( factories )",22074,22085
1,1,7,0,1,"(anonymous)@22087-22087@/home/alex/dev/Bachelor/bmad-vergleichsstudie/.lizard-tmp-WOSzIR/code/seed-b-frontend/.angular/cache/22.1.3/seed-b-frontend/vite/deps/core-l1vVDnYc.js","/home/alex/dev/Bachelor/bmad-vergleichsstudie/.lizard-tmp-WOSzIR/code/seed-b-frontend/.angular/cache/22.1.3/seed-b-frontend/vite/deps/core-l1vVDnYc.js","(anonymous)","(anonymous)",22087,22087
5,3,51,1,5,"find@22086-22090@/home/alex/dev/Bachelor/bmad-vergleichsstudie/.lizard-tmp-WOSzIR/code/seed-b-frontend/.angular/cache/22.1.3/seed-b-frontend/vite/deps/core-l1vVDnYc.js","/home/alex/dev/Bachelor/bmad-vergleichsstudie/.lizard-tmp-WOSzIR/code/seed-b-frontend/.angular/cache/22.1.3/seed-b-frontend/vite/deps/core-l1vVDnYc.js","find","find ( iterable )",22086,22090
3,2,14,1,3,"getTypeNameForDebugging@22092-22094@/home/alex/dev/Bachelor/bmad-vergleichsstudie/.lizard-tmp-WOSzIR/code/seed-b-frontend/.angular/cache/22.1.3/seed-b-frontend/vite/deps/core-l1vVDnYc.js","/home/alex/dev/Bachelor/bmad-vergleichsstudie/.lizard-tmp-WOSzIR/code/seed-b-frontend/.angular/cache/22.1.3/seed-b-frontend/vite/deps/core-l1vVDnYc.js","getTypeNameForDebugging","getTypeNameForDebugging ( type )",22092,22094
3,1,16,0,3,"defaultKeyValueDiffersFactory@22095-22097@/home/alex/dev/Bachelor/bmad-vergleichsstudie/.lizard-tmp-WOSzIR/code/seed-b-frontend/.angular/cache/22.1.3/seed-b-frontend/vite/deps/core-l1vVDnYc.js","/home/alex/dev/Bachelor/bmad-vergleichsstudie/.lizard-tmp-WOSzIR/code/seed-b-frontend/.angular/cache/22.1.3/seed-b-frontend/vite/deps/core-l1vVDnYc.js","defaultKeyValueDiffersFactory","defaultKeyValueDiffersFactory ( )",22095,22097
3,1,11,1,3,"constructor@22105-22107@/home/alex/dev/Bachelor/bmad-vergleichsstudie/.lizard-tmp-WOSzIR/code/seed-b-frontend/.angular/cache/22.1.3/seed-b-frontend/vite/deps/core-l1vVDnYc.js","/home/alex/dev/Bachelor/bmad-vergleichsstudie/.lizard-tmp-WOSzIR/code/seed-b-frontend/.angular/cache/22.1.3/seed-b-frontend/vite/deps/core-l1vVDnYc.js","constructor","constructor ( factories )",22105,22107
7,2,40,2,7,"create@22108-22114@/home/alex/dev/Bachelor/bmad-vergleichsstudie/.lizard-tmp-WOSzIR/code/seed-b-frontend/.angular/cache/22.1.3/seed-b-frontend/vite/deps/core-l1vVDnYc.js","/home/alex/dev/Bachelor/bmad-vergleichsstudie/.lizard-tmp-WOSzIR/code/seed-b-frontend/.angular/cache/22.1.3/seed-b-frontend/vite/deps/core-l1vVDnYc.js","create","create ( factories , parent )",22108,22114
7,2,37,0,7,"useFactory@22118-22124@/home/alex/dev/Bachelor/bmad-vergleichsstudie/.lizard-tmp-WOSzIR/code/seed-b-frontend/.angular/cache/22.1.3/seed-b-frontend/vite/deps/core-l1vVDnYc.js","/home/alex/dev/Bachelor/bmad-vergleichsstudie/.lizard-tmp-WOSzIR/code/seed-b-frontend/.angular/cache/22.1.3/seed-b-frontend/vite/deps/core-l1vVDnYc.js","useFactory","useFactory ( )",22118,22124
6,1,16,1,12,"extend@22115-22126@/home/alex/dev/Bachelor/bmad-vergleichsstudie/.lizard-tmp-WOSzIR/code/seed-b-frontend/.angular/cache/22.1.3/seed-b-frontend/vite/deps/core-l1vVDnYc.js","/home/alex/dev/Bachelor/bmad-vergleichsstudie/.lizard-tmp-WOSzIR/code/seed-b-frontend/.angular/cache/22.1.3/seed-b-frontend/vite/deps/core-l1vVDnYc.js","extend","extend ( factories )",22115,22126
1,1,7,0,1,"(anonymous)@22128-22128@/home/alex/dev/Bachelor/bmad-vergleichsstudie/.lizard-tmp-WOSzIR/code/seed-b-frontend/.angular/cache/22.1.3/seed-b-frontend/vite/deps/core-l1vVDnYc.js","/home/alex/dev/Bachelor/bmad-vergleichsstudie/.lizard-tmp-WOSzIR/code/seed-b-frontend/.angular/cache/22.1.3/seed-b-frontend/vite/deps/core-l1vVDnYc.js","(anonymous)","(anonymous)",22128,22128
5,3,44,1,5,"find@22127-22131@/home/alex/dev/Bachelor/bmad-vergleichsstudie/.lizard-tmp-WOSzIR/code/seed-b-frontend/.angular/cache/22.1.3/seed-b-frontend/vite/deps/core-l1vVDnYc.js","/home/alex/dev/Bachelor/bmad-vergleichsstudie/.lizard-tmp-WOSzIR/code/seed-b-frontend/.angular/cache/22.1.3/seed-b-frontend/vite/deps/core-l1vVDnYc.js","find","find ( kv )",22127,22131
3,1,25,1,3,"injectChangeDetectorRef@22137-22139@/home/alex/dev/Bachelor/bmad-vergleichsstudie/.lizard-tmp-WOSzIR/code/seed-b-frontend/.angular/cache/22.1.3/seed-b-frontend/vite/deps/core-l1vVDnYc.js","/home/alex/dev/Bachelor/bmad-vergleichsstudie/.lizard-tmp-WOSzIR/code/seed-b-frontend/.angular/cache/22.1.3/seed-b-frontend/vite/deps/core-l1vVDnYc.js","injectChangeDetectorRef","injectChangeDetectorRef ( flags )",22137,22139
10,4,75,3,10,"createViewRef@22140-22149@/home/alex/dev/Bachelor/bmad-vergleichsstudie/.lizard-tmp-WOSzIR/code/seed-b-frontend/.angular/cache/22.1.3/seed-b-frontend/vite/deps/core-l1vVDnYc.js","/home/alex/dev/Bachelor/bmad-vergleichsstudie/.lizard-tmp-WOSzIR/code/seed-b-frontend/.angular/cache/22.1.3/seed-b-frontend/vite/deps/core-l1vVDnYc.js","createViewRef","createViewRef ( tNode , lView , isPipe )",22140,22149
13,6,66,0,13,"(anonymous)@22161-22173@/home/alex/dev/Bachelor/bmad-vergleichsstudie/.lizard-tmp-WOSzIR/code/seed-b-frontend/.angular/cache/22.1.3/seed-b-frontend/vite/deps/core-l1vVDnYc.js","/home/alex/dev/Bachelor/bmad-vergleichsstudie/.lizard-tmp-WOSzIR/code/seed-b-frontend/.angular/cache/22.1.3/seed-b-frontend/vite/deps/core-l1vVDnYc.js","(anonymous)","(anonymous)",22161,22173
3,1,12,0,15,"(anonymous)@22160-22174@/home/alex/dev/Bachelor/bmad-vergleichsstudie/.lizard-tmp-WOSzIR/code/seed-b-frontend/.angular/cache/22.1.3/seed-b-frontend/vite/deps/core-l1vVDnYc.js","/home/alex/dev/Bachelor/bmad-vergleichsstudie/.lizard-tmp-WOSzIR/code/seed-b-frontend/.angular/cache/22.1.3/seed-b-frontend/vite/deps/core-l1vVDnYc.js","(anonymous)","(anonymous)",22160,22174
3,1,14,0,17,"scheduleCheckNoChanges@22159-22175@/home/alex/dev/Bachelor/bmad-vergleichsstudie/.lizard-tmp-WOSzIR/code/seed-b-frontend/.angular/cache/22.1.3/seed-b-frontend/vite/deps/core-l1vVDnYc.js","/home/alex/dev/Bachelor/bmad-vergleichsstudie/.lizard-tmp-WOSzIR/code/seed-b-frontend/.angular/cache/22.1.3/seed-b-frontend/vite/deps/core-l1vVDnYc.js","scheduleCheckNoChanges","scheduleCheckNoChanges ( )",22159,22175
8,1,41,0,24,"(anonymous)@22154-22177@/home/alex/dev/Bachelor/bmad-vergleichsstudie/.lizard-tmp-WOSzIR/code/seed-b-frontend/.angular/cache/22.1.3/seed-b-frontend/vite/deps/core-l1vVDnYc.js","/home/alex/dev/Bachelor/bmad-vergleichsstudie/.lizard-tmp-WOSzIR/code/seed-b-frontend/.angular/cache/22.1.3/seed-b-frontend/vite/deps/core-l1vVDnYc.js","(anonymous)","(anonymous)",22154,22177
3,1,14,1,26,"exhaustiveCheckNoChangesInterval@22153-22178@/home/alex/dev/Bachelor/bmad-vergleichsstudie/.lizard-tmp-WOSzIR/code/seed-b-frontend/.angular/cache/22.1.3/seed-b-frontend/vite/deps/core-l1vVDnYc.js","/home/alex/dev/Bachelor/bmad-vergleichsstudie/.lizard-tmp-WOSzIR/code/seed-b-frontend/.angular/cache/22.1.3/seed-b-frontend/vite/deps/core-l1vVDnYc.js","exhaustiveCheckNoChangesInterval","exhaustiveCheckNoChangesInterval ( interval )",22153,22178
6,4,50,1,6,"provideCheckNoChangesConfig@22179-22184@/home/alex/dev/Bachelor/bmad-vergleichsstudie/.lizard-tmp-WOSzIR/code/seed-b-frontend/.angular/cache/22.1.3/seed-b-frontend/vite/deps/core-l1vVDnYc.js","/home/alex/dev/Bachelor/bmad-vergleichsstudie/.lizard-tmp-WOSzIR/code/seed-b-frontend/.angular/cache/22.1.3/seed-b-frontend/vite/deps/core-l1vVDnYc.js","provideCheckNoChangesConfig","provideCheckNoChangesConfig ( options )",22179,22184
8,2,34,0,8,"(anonymous)@22195-22202@/home/alex/dev/Bachelor/bmad-vergleichsstudie/.lizard-tmp-WOSzIR/code/seed-b-frontend/.angular/cache/22.1.3/seed-b-frontend/vite/deps/core-l1vVDnYc.js","/home/alex/dev/Bachelor/bmad-vergleichsstudie/.lizard-tmp-WOSzIR/code/seed-b-frontend/.angular/cache/22.1.3/seed-b-frontend/vite/deps/core-l1vVDnYc.js","(anonymous)","(anonymous)",22195,22202
4,2,27,0,11,"next@22193-22203@/home/alex/dev/Bachelor/bmad-vergleichsstudie/.lizard-tmp-WOSzIR/code/seed-b-frontend/.angular/cache/22.1.3/seed-b-frontend/vite/deps/core-l1vVDnYc.js","/home/alex/dev/Bachelor/bmad-vergleichsstudie/.lizard-tmp-WOSzIR/code/seed-b-frontend/.angular/cache/22.1.3/seed-b-frontend/vite/deps/core-l1vVDnYc.js","next","next ( )",22193,22203
4,2,31,0,14,"initialize@22191-22204@/home/alex/dev/Bachelor/bmad-vergleichsstudie/.lizard-tmp-WOSzIR/code/seed-b-frontend/.angular/cache/22.1.3/seed-b-frontend/vite/deps/core-l1vVDnYc.js","/home/alex/dev/Bachelor/bmad-vergleichsstudie/.lizard-tmp-WOSzIR/code/seed-b-frontend/.angular/cache/22.1.3/seed-b-frontend/vite/deps/core-l1vVDnYc.js","initialize","initialize ( )",22191,22204
3,1,12,0,3,"ngOnDestroy@22205-22207@/home/alex/dev/Bachelor/bmad-vergleichsstudie/.lizard-tmp-WOSzIR/code/seed-b-frontend/.angular/cache/22.1.3/seed-b-frontend/vite/deps/core-l1vVDnYc.js","/home/alex/dev/Bachelor/bmad-vergleichsstudie/.lizard-tmp-WOSzIR/code/seed-b-frontend/.angular/cache/22.1.3/seed-b-frontend/vite/deps/core-l1vVDnYc.js","ngOnDestroy","ngOnDestroy ( )",22205,22207
3,2,15,0,3,"NgZoneChangeDetectionScheduler_Factory@22208-22210@/home/alex/dev/Bachelor/bmad-vergleichsstudie/.lizard-tmp-WOSzIR/code/seed-b-frontend/.angular/cache/22.1.3/seed-b-frontend/vite/deps/core-l1vVDnYc.js","/home/alex/dev/Bachelor/bmad-vergleichsstudie/.lizard-tmp-WOSzIR/code/seed-b-frontend/.angular/cache/22.1.3/seed-b-frontend/vite/deps/core-l1vVDnYc.js","NgZoneChangeDetectionScheduler_Factory","NgZoneChangeDetectionScheduler_Factory ( )",22208,22210
3,3,28,0,3,"(anonymous)@22216-22218@/home/alex/dev/Bachelor/bmad-vergleichsstudie/.lizard-tmp-WOSzIR/code/seed-b-frontend/.angular/cache/22.1.3/seed-b-frontend/vite/deps/core-l1vVDnYc.js","/home/alex/dev/Bachelor/bmad-vergleichsstudie/.lizard-tmp-WOSzIR/code/seed-b-frontend/.angular/cache/22.1.3/seed-b-frontend/vite/deps/core-l1vVDnYc.js","(anonymous)","(anonymous)",22216,22218
1,1,5,0,1,"factory@22219-22219@/home/alex/dev/Bachelor/bmad-vergleichsstudie/.lizard-tmp-WOSzIR/code/seed-b-frontend/.angular/cache/22.1.3/seed-b-frontend/vite/deps/core-l1vVDnYc.js","/home/alex/dev/Bachelor/bmad-vergleichsstudie/.lizard-tmp-WOSzIR/code/seed-b-frontend/.angular/cache/22.1.3/seed-b-frontend/vite/deps/core-l1vVDnYc.js","factory","factory ( )",22219,22219
4,1,11,0,4,"(anonymous)@22221-22224@/home/alex/dev/Bachelor/bmad-vergleichsstudie/.lizard-tmp-WOSzIR/code/seed-b-frontend/.angular/cache/22.1.3/seed-b-frontend/vite/deps/core-l1vVDnYc.js","/home/alex/dev/Bachelor/bmad-vergleichsstudie/.lizard-tmp-WOSzIR/code/seed-b-frontend/.angular/cache/22.1.3/seed-b-frontend/vite/deps/core-l1vVDnYc.js","(anonymous)","(anonymous)",22221,22224
1,1,6,0,1,"(anonymous)@22240-22240@/home/alex/dev/Bachelor/bmad-vergleichsstudie/.lizard-tmp-WOSzIR/code/seed-b-frontend/.angular/cache/22.1.3/seed-b-frontend/vite/deps/core-l1vVDnYc.js","/home/alex/dev/Bachelor/bmad-vergleichsstudie/.lizard-tmp-WOSzIR/code/seed-b-frontend/.angular/cache/22.1.3/seed-b-frontend/vite/deps/core-l1vVDnYc.js","(anonymous)","(anonymous)",22240,22240
5,4,48,0,5,"useFactory@22237-22241@/home/alex/dev/Bachelor/bmad-vergleichsstudie/.lizard-tmp-WOSzIR/code/seed-b-frontend/.angular/cache/22.1.3/seed-b-frontend/vite/deps/core-l1vVDnYc.js","/home/alex/dev/Bachelor/bmad-vergleichsstudie/.lizard-tmp-WOSzIR/code/seed-b-frontend/.angular/cache/22.1.3/seed-b-frontend/vite/deps/core-l1vVDnYc.js","useFactory","useFactory ( )",22237,22241
3,1,8,0,3,"(anonymous)@22248-22250@/home/alex/dev/Bachelor/bmad-vergleichsstudie/.lizard-tmp-WOSzIR/code/seed-b-frontend/.angular/cache/22.1.3/seed-b-frontend/vite/deps/core-l1vVDnYc.js","/home/alex/dev/Bachelor/bmad-vergleichsstudie/.lizard-tmp-WOSzIR/code/seed-b-frontend/.angular/cache/22.1.3/seed-b-frontend/vite/deps/core-l1vVDnYc.js","(anonymous)","(anonymous)",22248,22250
4,1,19,0,6,"useFactory@22246-22251@/home/alex/dev/Bachelor/bmad-vergleichsstudie/.lizard-tmp-WOSzIR/code/seed-b-frontend/.angular/cache/22.1.3/seed-b-frontend/vite/deps/core-l1vVDnYc.js","/home/alex/dev/Bachelor/bmad-vergleichsstudie/.lizard-tmp-WOSzIR/code/seed-b-frontend/.angular/cache/22.1.3/seed-b-frontend/vite/deps/core-l1vVDnYc.js","useFactory","useFactory ( )",22246,22251
27,5,81,2,39,"internalProvideZoneChangeDetection@22220-22258@/home/alex/dev/Bachelor/bmad-vergleichsstudie/.lizard-tmp-WOSzIR/code/seed-b-frontend/.angular/cache/22.1.3/seed-b-frontend/vite/deps/core-l1vVDnYc.js","/home/alex/dev/Bachelor/bmad-vergleichsstudie/.lizard-tmp-WOSzIR/code/seed-b-frontend/.angular/cache/22.1.3/seed-b-frontend/vite/deps/core-l1vVDnYc.js","internalProvideZoneChangeDetection","internalProvideZoneChangeDetection ( ngZoneFactory , scheduleInRootZone )",22220,22258
6,2,37,0,6,"ngZoneFactory@22262-22267@/home/alex/dev/Bachelor/bmad-vergleichsstudie/.lizard-tmp-WOSzIR/code/seed-b-frontend/.angular/cache/22.1.3/seed-b-frontend/vite/deps/core-l1vVDnYc.js","/home/alex/dev/Bachelor/bmad-vergleichsstudie/.lizard-tmp-WOSzIR/code/seed-b-frontend/.angular/cache/22.1.3/seed-b-frontend/vite/deps/core-l1vVDnYc.js","ngZoneFactory","ngZoneFactory ( )",22262,22267
11,1,44,1,16,"provideZoneChangeDetection@22259-22274@/home/alex/dev/Bachelor/bmad-vergleichsstudie/.lizard-tmp-WOSzIR/code/seed-b-frontend/.angular/cache/22.1.3/seed-b-frontend/vite/deps/core-l1vVDnYc.js","/home/alex/dev/Bachelor/bmad-vergleichsstudie/.lizard-tmp-WOSzIR/code/seed-b-frontend/.angular/cache/22.1.3/seed-b-frontend/vite/deps/core-l1vVDnYc.js","provideZoneChangeDetection","provideZoneChangeDetection ( options )",22259,22274
7,6,39,1,7,"getNgZoneOptions@22275-22281@/home/alex/dev/Bachelor/bmad-vergleichsstudie/.lizard-tmp-WOSzIR/code/seed-b-frontend/.angular/cache/22.1.3/seed-b-frontend/vite/deps/core-l1vVDnYc.js","/home/alex/dev/Bachelor/bmad-vergleichsstudie/.lizard-tmp-WOSzIR/code/seed-b-frontend/.angular/cache/22.1.3/seed-b-frontend/vite/deps/core-l1vVDnYc.js","getNgZoneOptions","getNgZoneOptions ( options )",22275,22281
6,4,37,0,6,"(anonymous)@22295-22300@/home/alex/dev/Bachelor/bmad-vergleichsstudie/.lizard-tmp-WOSzIR/code/seed-b-frontend/.angular/cache/22.1.3/seed-b-frontend/vite/deps/core-l1vVDnYc.js","/home/alex/dev/Bachelor/bmad-vergleichsstudie/.lizard-tmp-WOSzIR/code/seed-b-frontend/.angular/cache/22.1.3/seed-b-frontend/vite/deps/core-l1vVDnYc.js","(anonymous)","(anonymous)",22295,22300
4,1,16,0,9,"(anonymous)@22293-22301@/home/alex/dev/Bachelor/bmad-vergleichsstudie/.lizard-tmp-WOSzIR/code/seed-b-frontend/.angular/cache/22.1.3/seed-b-frontend/vite/deps/core-l1vVDnYc.js","/home/alex/dev/Bachelor/bmad-vergleichsstudie/.lizard-tmp-WOSzIR/code/seed-b-frontend/.angular/cache/22.1.3/seed-b-frontend/vite/deps/core-l1vVDnYc.js","(anonymous)","(anonymous)",22293,22301
3,1,23,0,11,"(anonymous)@22292-22302@/home/alex/dev/Bachelor/bmad-vergleichsstudie/.lizard-tmp-WOSzIR/code/seed-b-frontend/.angular/cache/22.1.3/seed-b-frontend/vite/deps/core-l1vVDnYc.js","/home/alex/dev/Bachelor/bmad-vergleichsstudie/.lizard-tmp-WOSzIR/code/seed-b-frontend/.angular/cache/22.1.3/seed-b-frontend/vite/deps/core-l1vVDnYc.js","(anonymous)","(anonymous)",22292,22302
4,3,20,0,4,"(anonymous)@22303-22306@/home/alex/dev/Bachelor/bmad-vergleichsstudie/.lizard-tmp-WOSzIR/code/seed-b-frontend/.angular/cache/22.1.3/seed-b-frontend/vite/deps/core-l1vVDnYc.js","/home/alex/dev/Bachelor/bmad-vergleichsstudie/.lizard-tmp-WOSzIR/code/seed-b-frontend/.angular/cache/22.1.3/seed-b-frontend/vite/deps/core-l1vVDnYc.js","(anonymous)","(anonymous)",22303,22306
8,5,89,0,21,"initialize@22287-22307@/home/alex/dev/Bachelor/bmad-vergleichsstudie/.lizard-tmp-WOSzIR/code/seed-b-frontend/.angular/cache/22.1.3/seed-b-frontend/vite/deps/core-l1vVDnYc.js","/home/alex/dev/Bachelor/bmad-vergleichsstudie/.lizard-tmp-WOSzIR/code/seed-b-frontend/.angular/cache/22.1.3/seed-b-frontend/vite/deps/core-l1vVDnYc.js","initialize","initialize ( )",22287,22307
3,1,12,0,3,"ngOnDestroy@22308-22310@/home/alex/dev/Bachelor/bmad-vergleichsstudie/.lizard-tmp-WOSzIR/code/seed-b-frontend/.angular/cache/22.1.3/seed-b-frontend/vite/deps/core-l1vVDnYc.js","/home/alex/dev/Bachelor/bmad-vergleichsstudie/.lizard-tmp-WOSzIR/code/seed-b-frontend/.angular/cache/22.1.3/seed-b-frontend/vite/deps/core-l1vVDnYc.js","ngOnDestroy","ngOnDestroy ( )",22308,22310
3,2,15,0,3,"ZoneStablePendingTask_Factory@22311-22313@/home/alex/dev/Bachelor/bmad-vergleichsstudie/.lizard-tmp-WOSzIR/code/seed-b-frontend/.angular/cache/22.1.3/seed-b-frontend/vite/deps/core-l1vVDnYc.js","/home/alex/dev/Bachelor/bmad-vergleichsstudie/.lizard-tmp-WOSzIR/code/seed-b-frontend/.angular/cache/22.1.3/seed-b-frontend/vite/deps/core-l1vVDnYc.js","ZoneStablePendingTask_Factory","ZoneStablePendingTask_Factory ( )",22311,22313
3,3,28,0,3,"(anonymous)@22319-22321@/home/alex/dev/Bachelor/bmad-vergleichsstudie/.lizard-tmp-WOSzIR/code/seed-b-frontend/.angular/cache/22.1.3/seed-b-frontend/vite/deps/core-l1vVDnYc.js","/home/alex/dev/Bachelor/bmad-vergleichsstudie/.lizard-tmp-WOSzIR/code/seed-b-frontend/.angular/cache/22.1.3/seed-b-frontend/vite/deps/core-l1vVDnYc.js","(anonymous)","(anonymous)",22319,22321
5,2,33,3,5,"compileNgModuleFactory@22322-22326@/home/alex/dev/Bachelor/bmad-vergleichsstudie/.lizard-tmp-WOSzIR/code/seed-b-frontend/.angular/cache/22.1.3/seed-b-frontend/vite/deps/core-l1vVDnYc.js","/home/alex/dev/Bachelor/bmad-vergleichsstudie/.lizard-tmp-WOSzIR/code/seed-b-frontend/.angular/cache/22.1.3/seed-b-frontend/vite/deps/core-l1vVDnYc.js","compileNgModuleFactory","compileNgModuleFactory ( injector , options , moduleType )",22322,22326
3,1,19,0,3,"waitToScan@22341-22343@/home/alex/dev/Bachelor/bmad-vergleichsstudie/.lizard-tmp-WOSzIR/code/seed-b-frontend/.angular/cache/22.1.3/seed-b-frontend/vite/deps/core-l1vVDnYc.js","/home/alex/dev/Bachelor/bmad-vergleichsstudie/.lizard-tmp-WOSzIR/code/seed-b-frontend/.angular/cache/22.1.3/seed-b-frontend/vite/deps/core-l1vVDnYc.js","waitToScan","waitToScan ( )",22341,22343
4,2,35,0,4,"setup@22344-22347@/home/alex/dev/Bachelor/bmad-vergleichsstudie/.lizard-tmp-WOSzIR/code/seed-b-frontend/.angular/cache/22.1.3/seed-b-frontend/vite/deps/core-l1vVDnYc.js","/home/alex/dev/Bachelor/bmad-vergleichsstudie/.lizard-tmp-WOSzIR/code/seed-b-frontend/.angular/cache/22.1.3/seed-b-frontend/vite/deps/core-l1vVDnYc.js","setup","setup ( )",22344,22347
1,1,4,0,1,"(anonymous)@22348-22348@/home/alex/dev/Bachelor/bmad-vergleichsstudie/.lizard-tmp-WOSzIR/code/seed-b-frontend/.angular/cache/22.1.3/seed-b-frontend/vite/deps/core-l1vVDnYc.js","/home/alex/dev/Bachelor/bmad-vergleichsstudie/.lizard-tmp-WOSzIR/code/seed-b-frontend/.angular/cache/22.1.3/seed-b-frontend/vite/deps/core-l1vVDnYc.js","(anonymous)","(anonymous)",22348,22348
13,6,94,0,18,"start@22334-22351@/home/alex/dev/Bachelor/bmad-vergleichsstudie/.lizard-tmp-WOSzIR/code/seed-b-frontend/.angular/cache/22.1.3/seed-b-frontend/vite/deps/core-l1vVDnYc.js","/home/alex/dev/Bachelor/bmad-vergleichsstudie/.lizard-tmp-WOSzIR/code/seed-b-frontend/.angular/cache/22.1.3/seed-b-frontend/vite/deps/core-l1vVDnYc.js","start","start ( )",22334,22351
3,1,12,0,3,"ngOnDestroy@22352-22354@/home/alex/dev/Bachelor/bmad-vergleichsstudie/.lizard-tmp-WOSzIR/code/seed-b-frontend/.angular/cache/22.1.3/seed-b-frontend/vite/deps/core-l1vVDnYc.js","/home/alex/dev/Bachelor/bmad-vergleichsstudie/.lizard-tmp-WOSzIR/code/seed-b-frontend/.angular/cache/22.1.3/seed-b-frontend/vite/deps/core-l1vVDnYc.js","ngOnDestroy","ngOnDestroy ( )",22352,22354
7,6,64,0,7,"(anonymous)@22357-22363@/home/alex/dev/Bachelor/bmad-vergleichsstudie/.lizard-tmp-WOSzIR/code/seed-b-frontend/.angular/cache/22.1.3/seed-b-frontend/vite/deps/core-l1vVDnYc.js","/home/alex/dev/Bachelor/bmad-vergleichsstudie/.lizard-tmp-WOSzIR/code/seed-b-frontend/.angular/cache/22.1.3/seed-b-frontend/vite/deps/core-l1vVDnYc.js","(anonymous)","(anonymous)",22357,22363
9,2,45,0,15,"initPerformanceObserver@22355-22369@/home/alex/dev/Bachelor/bmad-vergleichsstudie/.lizard-tmp-WOSzIR/code/seed-b-frontend/.angular/cache/22.1.3/seed-b-frontend/vite/deps/core-l1vVDnYc.js","/home/alex/dev/Bachelor/bmad-vergleichsstudie/.lizard-tmp-WOSzIR/code/seed-b-frontend/.angular/cache/22.1.3/seed-b-frontend/vite/deps/core-l1vVDnYc.js","initPerformanceObserver","initPerformanceObserver ( )",22355,22369
18,15,166,0,18,"scanImages@22370-22387@/home/alex/dev/Bachelor/bmad-vergleichsstudie/.lizard-tmp-WOSzIR/code/seed-b-frontend/.angular/cache/22.1.3/seed-b-frontend/vite/deps/core-l1vVDnYc.js","/home/alex/dev/Bachelor/bmad-vergleichsstudie/.lizard-tmp-WOSzIR/code/seed-b-frontend/.angular/cache/22.1.3/seed-b-frontend/vite/deps/core-l1vVDnYc.js","scanImages","scanImages ( )",22370,22387
1,1,7,0,1,"(anonymous)@22392-22392@/home/alex/dev/Bachelor/bmad-vergleichsstudie/.lizard-tmp-WOSzIR/code/seed-b-frontend/.angular/cache/22.1.3/seed-b-frontend/vite/deps/core-l1vVDnYc.js","/home/alex/dev/Bachelor/bmad-vergleichsstudie/.lizard-tmp-WOSzIR/code/seed-b-frontend/.angular/cache/22.1.3/seed-b-frontend/vite/deps/core-l1vVDnYc.js","(anonymous)","(anonymous)",22392,22392
26,6,240,1,26,"isOversized@22388-22413@/home/alex/dev/Bachelor/bmad-vergleichsstudie/.lizard-tmp-WOSzIR/code/seed-b-frontend/.angular/cache/22.1.3/seed-b-frontend/vite/deps/core-l1vVDnYc.js","/home/alex/dev/Bachelor/bmad-vergleichsstudie/.lizard-tmp-WOSzIR/code/seed-b-frontend/.angular/cache/22.1.3/seed-b-frontend/vite/deps/core-l1vVDnYc.js","isOversized","isOversized ( image )",22388,22413
3,2,15,0,3,"ImagePerformanceWarning_Factory@22414-22416@/home/alex/dev/Bachelor/bmad-vergleichsstudie/.lizard-tmp-WOSzIR/code/seed-b-frontend/.angular/cache/22.1.3/seed-b-frontend/vite/deps/core-l1vVDnYc.js","/home/alex/dev/Bachelor/bmad-vergleichsstudie/.lizard-tmp-WOSzIR/code/seed-b-frontend/.angular/cache/22.1.3/seed-b-frontend/vite/deps/core-l1vVDnYc.js","ImagePerformanceWarning_Factory","ImagePerformanceWarning_Factory ( )",22414,22416
3,3,28,0,3,"(anonymous)@22422-22424@/home/alex/dev/Bachelor/bmad-vergleichsstudie/.lizard-tmp-WOSzIR/code/seed-b-frontend/.angular/cache/22.1.3/seed-b-frontend/vite/deps/core-l1vVDnYc.js","/home/alex/dev/Bachelor/bmad-vergleichsstudie/.lizard-tmp-WOSzIR/code/seed-b-frontend/.angular/cache/22.1.3/seed-b-frontend/vite/deps/core-l1vVDnYc.js","(anonymous)","(anonymous)",22422,22424
3,1,28,1,3,"logLazyLCPWarning@22425-22427@/home/alex/dev/Bachelor/bmad-vergleichsstudie/.lizard-tmp-WOSzIR/code/seed-b-frontend/.angular/cache/22.1.3/seed-b-frontend/vite/deps/core-l1vVDnYc.js","/home/alex/dev/Bachelor/bmad-vergleichsstudie/.lizard-tmp-WOSzIR/code/seed-b-frontend/.angular/cache/22.1.3/seed-b-frontend/vite/deps/core-l1vVDnYc.js","logLazyLCPWarning","logLazyLCPWarning ( src )",22425,22427
3,1,28,1,3,"logOversizedImageWarning@22428-22430@/home/alex/dev/Bachelor/bmad-vergleichsstudie/.lizard-tmp-WOSzIR/code/seed-b-frontend/.angular/cache/22.1.3/seed-b-frontend/vite/deps/core-l1vVDnYc.js","/home/alex/dev/Bachelor/bmad-vergleichsstudie/.lizard-tmp-WOSzIR/code/seed-b-frontend/.angular/cache/22.1.3/seed-b-frontend/vite/deps/core-l1vVDnYc.js","logOversizedImageWarning","logOversizedImageWarning ( src )",22428,22430
3,1,11,1,3,"isApplicationBootstrapConfig@22433-22435@/home/alex/dev/Bachelor/bmad-vergleichsstudie/.lizard-tmp-WOSzIR/code/seed-b-frontend/.angular/cache/22.1.3/seed-b-frontend/vite/deps/core-l1vVDnYc.js","/home/alex/dev/Bachelor/bmad-vergleichsstudie/.lizard-tmp-WOSzIR/code/seed-b-frontend/.angular/cache/22.1.3/seed-b-frontend/vite/deps/core-l1vVDnYc.js","isApplicationBootstrapConfig","isApplicationBootstrapConfig ( config )",22433,22435
3,1,17,0,3,"(anonymous)@22447-22449@/home/alex/dev/Bachelor/bmad-vergleichsstudie/.lizard-tmp-WOSzIR/code/seed-b-frontend/.angular/cache/22.1.3/seed-b-frontend/vite/deps/core-l1vVDnYc.js","/home/alex/dev/Bachelor/bmad-vergleichsstudie/.lizard-tmp-WOSzIR/code/seed-b-frontend/.angular/cache/22.1.3/seed-b-frontend/vite/deps/core-l1vVDnYc.js","(anonymous)","(anonymous)",22447,22449
1,1,9,0,1,"destroyListener@22451-22451@/home/alex/dev/Bachelor/bmad-vergleichsstudie/.lizard-tmp-WOSzIR/code/seed-b-frontend/.angular/cache/22.1.3/seed-b-frontend/vite/deps/core-l1vVDnYc.js","/home/alex/dev/Bachelor/bmad-vergleichsstudie/.lizard-tmp-WOSzIR/code/seed-b-frontend/.angular/cache/22.1.3/seed-b-frontend/vite/deps/core-l1vVDnYc.js","destroyListener","destroyListener ( )",22451,22451
4,1,15,0,4,"(anonymous)@22454-22457@/home/alex/dev/Bachelor/bmad-vergleichsstudie/.lizard-tmp-WOSzIR/code/seed-b-frontend/.angular/cache/22.1.3/seed-b-frontend/vite/deps/core-l1vVDnYc.js","/home/alex/dev/Bachelor/bmad-vergleichsstudie/.lizard-tmp-WOSzIR/code/seed-b-frontend/.angular/cache/22.1.3/seed-b-frontend/vite/deps/core-l1vVDnYc.js","(anonymous)","(anonymous)",22454,22457
1,1,11,0,1,"destroyListener@22459-22459@/home/alex/dev/Bachelor/bmad-vergleichsstudie/.lizard-tmp-WOSzIR/code/seed-b-frontend/.angular/cache/22.1.3/seed-b-frontend/vite/deps/core-l1vVDnYc.js","/home/alex/dev/Bachelor/bmad-vergleichsstudie/.lizard-tmp-WOSzIR/code/seed-b-frontend/.angular/cache/22.1.3/seed-b-frontend/vite/deps/core-l1vVDnYc.js","destroyListener","destroyListener ( )",22459,22459
5,1,26,0,5,"(anonymous)@22462-22466@/home/alex/dev/Bachelor/bmad-vergleichsstudie/.lizard-tmp-WOSzIR/code/seed-b-frontend/.angular/cache/22.1.3/seed-b-frontend/vite/deps/core-l1vVDnYc.js","/home/alex/dev/Bachelor/bmad-vergleichsstudie/.lizard-tmp-WOSzIR/code/seed-b-frontend/.angular/cache/22.1.3/seed-b-frontend/vite/deps/core-l1vVDnYc.js","(anonymous)","(anonymous)",22462,22466
16,8,140,0,16,"(anonymous)@22473-22488@/home/alex/dev/Bachelor/bmad-vergleichsstudie/.lizard-tmp-WOSzIR/code/seed-b-frontend/.angular/cache/22.1.3/seed-b-frontend/vite/deps/core-l1vVDnYc.js","/home/alex/dev/Bachelor/bmad-vergleichsstudie/.lizard-tmp-WOSzIR/code/seed-b-frontend/.angular/cache/22.1.3/seed-b-frontend/vite/deps/core-l1vVDnYc.js","(anonymous)","(anonymous)",22473,22488
7,1,49,0,22,"(anonymous)@22468-22489@/home/alex/dev/Bachelor/bmad-vergleichsstudie/.lizard-tmp-WOSzIR/code/seed-b-frontend/.angular/cache/22.1.3/seed-b-frontend/vite/deps/core-l1vVDnYc.js","/home/alex/dev/Bachelor/bmad-vergleichsstudie/.lizard-tmp-WOSzIR/code/seed-b-frontend/.angular/cache/22.1.3/seed-b-frontend/vite/deps/core-l1vVDnYc.js","(anonymous)","(anonymous)",22468,22489
1,1,8,0,1,"(anonymous)@22489-22489@/home/alex/dev/Bachelor/bmad-vergleichsstudie/.lizard-tmp-WOSzIR/code/seed-b-frontend/.angular/cache/22.1.3/seed-b-frontend/vite/deps/core-l1vVDnYc.js","/home/alex/dev/Bachelor/bmad-vergleichsstudie/.lizard-tmp-WOSzIR/code/seed-b-frontend/.angular/cache/22.1.3/seed-b-frontend/vite/deps/core-l1vVDnYc.js","(anonymous)","(anonymous)",22489,22489
22,7,188,0,52,"(anonymous)@22439-22490@/home/alex/dev/Bachelor/bmad-vergleichsstudie/.lizard-tmp-WOSzIR/code/seed-b-frontend/.angular/cache/22.1.3/seed-b-frontend/vite/deps/core-l1vVDnYc.js","/home/alex/dev/Bachelor/bmad-vergleichsstudie/.lizard-tmp-WOSzIR/code/seed-b-frontend/.angular/cache/22.1.3/seed-b-frontend/vite/deps/core-l1vVDnYc.js","(anonymous)","(anonymous)",22439,22490
5,2,44,1,56,"bootstrap@22436-22491@/home/alex/dev/Bachelor/bmad-vergleichsstudie/.lizard-tmp-WOSzIR/code/seed-b-frontend/.angular/cache/22.1.3/seed-b-frontend/vite/deps/core-l1vVDnYc.js","/home/alex/dev/Bachelor/bmad-vergleichsstudie/.lizard-tmp-WOSzIR/code/seed-b-frontend/.angular/cache/22.1.3/seed-b-frontend/vite/deps/core-l1vVDnYc.js","bootstrap","bootstrap ( config )",22436,22491
3,1,8,0,3,"setModuleBootstrapImpl@22494-22496@/home/alex/dev/Bachelor/bmad-vergleichsstudie/.lizard-tmp-WOSzIR/code/seed-b-frontend/.angular/cache/22.1.3/seed-b-frontend/vite/deps/core-l1vVDnYc.js","/home/alex/dev/Bachelor/bmad-vergleichsstudie/.lizard-tmp-WOSzIR/code/seed-b-frontend/.angular/cache/22.1.3/seed-b-frontend/vite/deps/core-l1vVDnYc.js","setModuleBootstrapImpl","setModuleBootstrapImpl ( )",22494,22496
1,1,7,0,1,"(anonymous)@22499-22499@/home/alex/dev/Bachelor/bmad-vergleichsstudie/.lizard-tmp-WOSzIR/code/seed-b-frontend/.angular/cache/22.1.3/seed-b-frontend/vite/deps/core-l1vVDnYc.js","/home/alex/dev/Bachelor/bmad-vergleichsstudie/.lizard-tmp-WOSzIR/code/seed-b-frontend/.angular/cache/22.1.3/seed-b-frontend/vite/deps/core-l1vVDnYc.js","(anonymous)","(anonymous)",22499,22499
7,4,85,2,7,"_moduleDoBootstrap@22497-22503@/home/alex/dev/Bachelor/bmad-vergleichsstudie/.lizard-tmp-WOSzIR/code/seed-b-frontend/.angular/cache/22.1.3/seed-b-frontend/vite/deps/core-l1vVDnYc.js","/home/alex/dev/Bachelor/bmad-vergleichsstudie/.lizard-tmp-WOSzIR/code/seed-b-frontend/.angular/cache/22.1.3/seed-b-frontend/vite/deps/core-l1vVDnYc.js","_moduleDoBootstrap","_moduleDoBootstrap ( moduleRef , allPlatformModules )",22497,22503
1,1,5,0,1,"(anonymous)@22508-22508@/home/alex/dev/Bachelor/bmad-vergleichsstudie/.lizard-tmp-WOSzIR/code/seed-b-frontend/.angular/cache/22.1.3/seed-b-frontend/vite/deps/core-l1vVDnYc.js","/home/alex/dev/Bachelor/bmad-vergleichsstudie/.lizard-tmp-WOSzIR/code/seed-b-frontend/.angular/cache/22.1.3/seed-b-frontend/vite/deps/core-l1vVDnYc.js","(anonymous)","(anonymous)",22508,22508
4,1,14,0,4,"(anonymous)@22507-22510@/home/alex/dev/Bachelor/bmad-vergleichsstudie/.lizard-tmp-WOSzIR/code/seed-b-frontend/.angular/cache/22.1.3/seed-b-frontend/vite/deps/core-l1vVDnYc.js","/home/alex/dev/Bachelor/bmad-vergleichsstudie/.lizard-tmp-WOSzIR/code/seed-b-frontend/.angular/cache/22.1.3/seed-b-frontend/vite/deps/core-l1vVDnYc.js","(anonymous)","(anonymous)",22507,22510
1,1,5,0,1,"(anonymous)@22513-22513@/home/alex/dev/Bachelor/bmad-vergleichsstudie/.lizard-tmp-WOSzIR/code/seed-b-frontend/.angular/cache/22.1.3/seed-b-frontend/vite/deps/core-l1vVDnYc.js","/home/alex/dev/Bachelor/bmad-vergleichsstudie/.lizard-tmp-WOSzIR/code/seed-b-frontend/.angular/cache/22.1.3/seed-b-frontend/vite/deps/core-l1vVDnYc.js","(anonymous)","(anonymous)",22513,22513
10,4,59,3,13,"_callAndReportToErrorHandler@22504-22516@/home/alex/dev/Bachelor/bmad-vergleichsstudie/.lizard-tmp-WOSzIR/code/seed-b-frontend/.angular/cache/22.1.3/seed-b-frontend/vite/deps/core-l1vVDnYc.js","/home/alex/dev/Bachelor/bmad-vergleichsstudie/.lizard-tmp-WOSzIR/code/seed-b-frontend/.angular/cache/22.1.3/seed-b-frontend/vite/deps/core-l1vVDnYc.js","_callAndReportToErrorHandler","_callAndReportToErrorHandler ( errorHandler , ngZone , callback )",22504,22516
3,1,11,0,3,"constructor@22522-22524@/home/alex/dev/Bachelor/bmad-vergleichsstudie/.lizard-tmp-WOSzIR/code/seed-b-frontend/.angular/cache/22.1.3/seed-b-frontend/vite/deps/core-l1vVDnYc.js","/home/alex/dev/Bachelor/bmad-vergleichsstudie/.lizard-tmp-WOSzIR/code/seed-b-frontend/.angular/cache/22.1.3/seed-b-frontend/vite/deps/core-l1vVDnYc.js","constructor","constructor ( )",22522,22524
15,4,77,2,15,"bootstrapModuleFactory@22525-22539@/home/alex/dev/Bachelor/bmad-vergleichsstudie/.lizard-tmp-WOSzIR/code/seed-b-frontend/.angular/cache/22.1.3/seed-b-frontend/vite/deps/core-l1vVDnYc.js","/home/alex/dev/Bachelor/bmad-vergleichsstudie/.lizard-tmp-WOSzIR/code/seed-b-frontend/.angular/cache/22.1.3/seed-b-frontend/vite/deps/core-l1vVDnYc.js","bootstrapModuleFactory","bootstrapModuleFactory ( moduleFactory , options )",22525,22539
1,1,9,0,1,"(anonymous)@22543-22543@/home/alex/dev/Bachelor/bmad-vergleichsstudie/.lizard-tmp-WOSzIR/code/seed-b-frontend/.angular/cache/22.1.3/seed-b-frontend/vite/deps/core-l1vVDnYc.js","/home/alex/dev/Bachelor/bmad-vergleichsstudie/.lizard-tmp-WOSzIR/code/seed-b-frontend/.angular/cache/22.1.3/seed-b-frontend/vite/deps/core-l1vVDnYc.js","(anonymous)","(anonymous)",22543,22543
5,1,45,2,5,"bootstrapModule@22540-22544@/home/alex/dev/Bachelor/bmad-vergleichsstudie/.lizard-tmp-WOSzIR/code/seed-b-frontend/.angular/cache/22.1.3/seed-b-frontend/vite/deps/core-l1vVDnYc.js","/home/alex/dev/Bachelor/bmad-vergleichsstudie/.lizard-tmp-WOSzIR/code/seed-b-frontend/.angular/cache/22.1.3/seed-b-frontend/vite/deps/core-l1vVDnYc.js","bootstrapModule","bootstrapModule ( moduleType , compilerOptions )",22540,22544
3,1,14,1,3,"onDestroy@22545-22547@/home/alex/dev/Bachelor/bmad-vergleichsstudie/.lizard-tmp-WOSzIR/code/seed-b-frontend/.angular/cache/22.1.3/seed-b-frontend/vite/deps/core-l1vVDnYc.js","/home/alex/dev/Bachelor/bmad-vergleichsstudie/.lizard-tmp-WOSzIR/code/seed-b-frontend/.angular/cache/22.1.3/seed-b-frontend/vite/deps/core-l1vVDnYc.js","onDestroy","onDestroy ( callback )",22545,22547
3,1,9,0,3,"get injector@22548-22550@/home/alex/dev/Bachelor/bmad-vergleichsstudie/.lizard-tmp-WOSzIR/code/seed-b-frontend/.angular/cache/22.1.3/seed-b-frontend/vite/deps/core-l1vVDnYc.js","/home/alex/dev/Bachelor/bmad-vergleichsstudie/.lizard-tmp-WOSzIR/code/seed-b-frontend/.angular/cache/22.1.3/seed-b-frontend/vite/deps/core-l1vVDnYc.js","get injector","get injector ( )",22548,22550
1,1,6,0,1,"(anonymous)@22553-22553@/home/alex/dev/Bachelor/bmad-vergleichsstudie/.lizard-tmp-WOSzIR/code/seed-b-frontend/.angular/cache/22.1.3/seed-b-frontend/vite/deps/core-l1vVDnYc.js","/home/alex/dev/Bachelor/bmad-vergleichsstudie/.lizard-tmp-WOSzIR/code/seed-b-frontend/.angular/cache/22.1.3/seed-b-frontend/vite/deps/core-l1vVDnYc.js","(anonymous)","(anonymous)",22553,22553
1,1,4,0,1,"(anonymous)@22554-22554@/home/alex/dev/Bachelor/bmad-vergleichsstudie/.lizard-tmp-WOSzIR/code/seed-b-frontend/.angular/cache/22.1.3/seed-b-frontend/vite/deps/core-l1vVDnYc.js","/home/alex/dev/Bachelor/bmad-vergleichsstudie/.lizard-tmp-WOSzIR/code/seed-b-frontend/.angular/cache/22.1.3/seed-b-frontend/vite/deps/core-l1vVDnYc.js","(anonymous)","(anonymous)",22554,22554
1,1,4,0,1,"(anonymous)@22557-22557@/home/alex/dev/Bachelor/bmad-vergleichsstudie/.lizard-tmp-WOSzIR/code/seed-b-frontend/.angular/cache/22.1.3/seed-b-frontend/vite/deps/core-l1vVDnYc.js","/home/alex/dev/Bachelor/bmad-vergleichsstudie/.lizard-tmp-WOSzIR/code/seed-b-frontend/.angular/cache/22.1.3/seed-b-frontend/vite/deps/core-l1vVDnYc.js","(anonymous)","(anonymous)",22557,22557
11,4,91,0,11,"destroy@22551-22561@/home/alex/dev/Bachelor/bmad-vergleichsstudie/.lizard-tmp-WOSzIR/code/seed-b-frontend/.angular/cache/22.1.3/seed-b-frontend/vite/deps/core-l1vVDnYc.js","/home/alex/dev/Bachelor/bmad-vergleichsstudie/.lizard-tmp-WOSzIR/code/seed-b-frontend/.angular/cache/22.1.3/seed-b-frontend/vite/deps/core-l1vVDnYc.js","destroy","destroy ( )",22551,22561
3,1,9,0,3,"get destroyed@22562-22564@/home/alex/dev/Bachelor/bmad-vergleichsstudie/.lizard-tmp-WOSzIR/code/seed-b-frontend/.angular/cache/22.1.3/seed-b-frontend/vite/deps/core-l1vVDnYc.js","/home/alex/dev/Bachelor/bmad-vergleichsstudie/.lizard-tmp-WOSzIR/code/seed-b-frontend/.angular/cache/22.1.3/seed-b-frontend/vite/deps/core-l1vVDnYc.js","get destroyed","get destroyed ( )",22562,22564
3,2,19,0,3,"PlatformRef_Factory@22565-22567@/home/alex/dev/Bachelor/bmad-vergleichsstudie/.lizard-tmp-WOSzIR/code/seed-b-frontend/.angular/cache/22.1.3/seed-b-frontend/vite/deps/core-l1vVDnYc.js","/home/alex/dev/Bachelor/bmad-vergleichsstudie/.lizard-tmp-WOSzIR/code/seed-b-frontend/.angular/cache/22.1.3/seed-b-frontend/vite/deps/core-l1vVDnYc.js","PlatformRef_Factory","PlatformRef_Factory ( )",22565,22567
1,1,6,0,1,"(anonymous)@22578-22578@/home/alex/dev/Bachelor/bmad-vergleichsstudie/.lizard-tmp-WOSzIR/code/seed-b-frontend/.angular/cache/22.1.3/seed-b-frontend/vite/deps/core-l1vVDnYc.js","/home/alex/dev/Bachelor/bmad-vergleichsstudie/.lizard-tmp-WOSzIR/code/seed-b-frontend/.angular/cache/22.1.3/seed-b-frontend/vite/deps/core-l1vVDnYc.js","(anonymous)","(anonymous)",22578,22578
6,3,42,0,6,"(anonymous)@22574-22579@/home/alex/dev/Bachelor/bmad-vergleichsstudie/.lizard-tmp-WOSzIR/code/seed-b-frontend/.angular/cache/22.1.3/seed-b-frontend/vite/deps/core-l1vVDnYc.js","/home/alex/dev/Bachelor/bmad-vergleichsstudie/.lizard-tmp-WOSzIR/code/seed-b-frontend/.angular/cache/22.1.3/seed-b-frontend/vite/deps/core-l1vVDnYc.js","(anonymous)","(anonymous)",22574,22579
9,1,34,0,9,"(anonymous)@22589-22597@/home/alex/dev/Bachelor/bmad-vergleichsstudie/.lizard-tmp-WOSzIR/code/seed-b-frontend/.angular/cache/22.1.3/seed-b-frontend/vite/deps/core-l1vVDnYc.js","/home/alex/dev/Bachelor/bmad-vergleichsstudie/.lizard-tmp-WOSzIR/code/seed-b-frontend/.angular/cache/22.1.3/seed-b-frontend/vite/deps/core-l1vVDnYc.js","(anonymous)","(anonymous)",22589,22597
31,10,196,1,39,"serializeInjector@22580-22618@/home/alex/dev/Bachelor/bmad-vergleichsstudie/.lizard-tmp-WOSzIR/code/seed-b-frontend/.angular/cache/22.1.3/seed-b-frontend/vite/deps/core-l1vVDnYc.js","/home/alex/dev/Bachelor/bmad-vergleichsstudie/.lizard-tmp-WOSzIR/code/seed-b-frontend/.angular/cache/22.1.3/seed-b-frontend/vite/deps/core-l1vVDnYc.js","serializeInjector","serializeInjector ( injector )",22580,22618
5,2,41,0,5,"execute@22651-22655@/home/alex/dev/Bachelor/bmad-vergleichsstudie/.lizard-tmp-WOSzIR/code/seed-b-frontend/.angular/cache/22.1.3/seed-b-frontend/vite/deps/core-l1vVDnYc.js","/home/alex/dev/Bachelor/bmad-vergleichsstudie/.lizard-tmp-WOSzIR/code/seed-b-frontend/.angular/cache/22.1.3/seed-b-frontend/vite/deps/core-l1vVDnYc.js","execute","execute ( )",22651,22655
5,2,52,0,5,"(anonymous)@22658-22662@/home/alex/dev/Bachelor/bmad-vergleichsstudie/.lizard-tmp-WOSzIR/code/seed-b-frontend/.angular/cache/22.1.3/seed-b-frontend/vite/deps/core-l1vVDnYc.js","/home/alex/dev/Bachelor/bmad-vergleichsstudie/.lizard-tmp-WOSzIR/code/seed-b-frontend/.angular/cache/22.1.3/seed-b-frontend/vite/deps/core-l1vVDnYc.js","(anonymous)","(anonymous)",22658,22662
1,1,5,0,1,"(anonymous)@22664-22664@/home/alex/dev/Bachelor/bmad-vergleichsstudie/.lizard-tmp-WOSzIR/code/seed-b-frontend/.angular/cache/22.1.3/seed-b-frontend/vite/deps/core-l1vVDnYc.js","/home/alex/dev/Bachelor/bmad-vergleichsstudie/.lizard-tmp-WOSzIR/code/seed-b-frontend/.angular/cache/22.1.3/seed-b-frontend/vite/deps/core-l1vVDnYc.js","(anonymous)","(anonymous)",22664,22664
7,1,41,1,11,"discoverDiGraph@22657-22667@/home/alex/dev/Bachelor/bmad-vergleichsstudie/.lizard-tmp-WOSzIR/code/seed-b-frontend/.angular/cache/22.1.3/seed-b-frontend/vite/deps/core-l1vVDnYc.js","/home/alex/dev/Bachelor/bmad-vergleichsstudie/.lizard-tmp-WOSzIR/code/seed-b-frontend/.angular/cache/22.1.3/seed-b-frontend/vite/deps/core-l1vVDnYc.js","discoverDiGraph","discoverDiGraph ( roots )",22657,22667
24,7,200,1,24,"walkElementInjectors@22668-22691@/home/alex/dev/Bachelor/bmad-vergleichsstudie/.lizard-tmp-WOSzIR/code/seed-b-frontend/.angular/cache/22.1.3/seed-b-frontend/vite/deps/core-l1vVDnYc.js","/home/alex/dev/Bachelor/bmad-vergleichsstudie/.lizard-tmp-WOSzIR/code/seed-b-frontend/.angular/cache/22.1.3/seed-b-frontend/vite/deps/core-l1vVDnYc.js","walkElementInjectors","walkElementInjectors ( rootLView )",22668,22691
14,5,104,1,14,"serializeAncestors@22695-22708@/home/alex/dev/Bachelor/bmad-vergleichsstudie/.lizard-tmp-WOSzIR/code/seed-b-frontend/.angular/cache/22.1.3/seed-b-frontend/vite/deps/core-l1vVDnYc.js","/home/alex/dev/Bachelor/bmad-vergleichsstudie/.lizard-tmp-WOSzIR/code/seed-b-frontend/.angular/cache/22.1.3/seed-b-frontend/vite/deps/core-l1vVDnYc.js","serializeAncestors","serializeAncestors ( injector )",22695,22708
8,4,59,1,21,"collectEnvInjectors@22692-22712@/home/alex/dev/Bachelor/bmad-vergleichsstudie/.lizard-tmp-WOSzIR/code/seed-b-frontend/.angular/cache/22.1.3/seed-b-frontend/vite/deps/core-l1vVDnYc.js","/home/alex/dev/Bachelor/bmad-vergleichsstudie/.lizard-tmp-WOSzIR/code/seed-b-frontend/.angular/cache/22.1.3/seed-b-frontend/vite/deps/core-l1vVDnYc.js","collectEnvInjectors","collectEnvInjectors ( rootLViews )",22692,22712
8,3,36,2,8,"isTNodeDescendant@22713-22720@/home/alex/dev/Bachelor/bmad-vergleichsstudie/.lizard-tmp-WOSzIR/code/seed-b-frontend/.angular/cache/22.1.3/seed-b-frontend/vite/deps/core-l1vVDnYc.js","/home/alex/dev/Bachelor/bmad-vergleichsstudie/.lizard-tmp-WOSzIR/code/seed-b-frontend/.angular/cache/22.1.3/seed-b-frontend/vite/deps/core-l1vVDnYc.js","isTNodeDescendant","isTNodeDescendant ( node , ancestor )",22713,22720
9,5,59,3,9,"isLViewDescendantOfTNode@22721-22729@/home/alex/dev/Bachelor/bmad-vergleichsstudie/.lizard-tmp-WOSzIR/code/seed-b-frontend/.angular/cache/22.1.3/seed-b-frontend/vite/deps/core-l1vVDnYc.js","/home/alex/dev/Bachelor/bmad-vergleichsstudie/.lizard-tmp-WOSzIR/code/seed-b-frontend/.angular/cache/22.1.3/seed-b-frontend/vite/deps/core-l1vVDnYc.js","isLViewDescendantOfTNode","isLViewDescendantOfTNode ( lView , parentLView , parentTNode )",22721,22729
6,4,51,1,6,"getParentEnvInjector@22730-22735@/home/alex/dev/Bachelor/bmad-vergleichsstudie/.lizard-tmp-WOSzIR/code/seed-b-frontend/.angular/cache/22.1.3/seed-b-frontend/vite/deps/core-l1vVDnYc.js","/home/alex/dev/Bachelor/bmad-vergleichsstudie/.lizard-tmp-WOSzIR/code/seed-b-frontend/.angular/cache/22.1.3/seed-b-frontend/vite/deps/core-l1vVDnYc.js","getParentEnvInjector","getParentEnvInjector ( injector )",22730,22735
1,1,2,0,1,"(anonymous)@22781-22781@/home/alex/dev/Bachelor/bmad-vergleichsstudie/.lizard-tmp-WOSzIR/code/seed-b-frontend/.angular/cache/22.1.3/seed-b-frontend/vite/deps/core-l1vVDnYc.js","/home/alex/dev/Bachelor/bmad-vergleichsstudie/.lizard-tmp-WOSzIR/code/seed-b-frontend/.angular/cache/22.1.3/seed-b-frontend/vite/deps/core-l1vVDnYc.js","(anonymous)","(anonymous)",22781,22781
10,3,83,1,10,"execute@22775-22784@/home/alex/dev/Bachelor/bmad-vergleichsstudie/.lizard-tmp-WOSzIR/code/seed-b-frontend/.angular/cache/22.1.3/seed-b-frontend/vite/deps/core-l1vVDnYc.js","/home/alex/dev/Bachelor/bmad-vergleichsstudie/.lizard-tmp-WOSzIR/code/seed-b-frontend/.angular/cache/22.1.3/seed-b-frontend/vite/deps/core-l1vVDnYc.js","execute","execute ( target )",22775,22784
1,1,2,0,1,"(anonymous)@22787-22787@/home/alex/dev/Bachelor/bmad-vergleichsstudie/.lizard-tmp-WOSzIR/code/seed-b-frontend/.angular/cache/22.1.3/seed-b-frontend/vite/deps/core-l1vVDnYc.js","/home/alex/dev/Bachelor/bmad-vergleichsstudie/.lizard-tmp-WOSzIR/code/seed-b-frontend/.angular/cache/22.1.3/seed-b-frontend/vite/deps/core-l1vVDnYc.js","(anonymous)","(anonymous)",22787,22787
6,1,24,1,6,"listener@22788-22793@/home/alex/dev/Bachelor/bmad-vergleichsstudie/.lizard-tmp-WOSzIR/code/seed-b-frontend/.angular/cache/22.1.3/seed-b-frontend/vite/deps/core-l1vVDnYc.js","/home/alex/dev/Bachelor/bmad-vergleichsstudie/.lizard-tmp-WOSzIR/code/seed-b-frontend/.angular/cache/22.1.3/seed-b-frontend/vite/deps/core-l1vVDnYc.js","listener","listener ( inputEvent )",22788,22793
3,1,11,0,3,"(anonymous)@22795-22797@/home/alex/dev/Bachelor/bmad-vergleichsstudie/.lizard-tmp-WOSzIR/code/seed-b-frontend/.angular/cache/22.1.3/seed-b-frontend/vite/deps/core-l1vVDnYc.js","/home/alex/dev/Bachelor/bmad-vergleichsstudie/.lizard-tmp-WOSzIR/code/seed-b-frontend/.angular/cache/22.1.3/seed-b-frontend/vite/deps/core-l1vVDnYc.js","(anonymous)","(anonymous)",22795,22797
6,3,40,0,13,"registerAiTools@22786-22798@/home/alex/dev/Bachelor/bmad-vergleichsstudie/.lizard-tmp-WOSzIR/code/seed-b-frontend/.angular/cache/22.1.3/seed-b-frontend/vite/deps/core-l1vVDnYc.js","/home/alex/dev/Bachelor/bmad-vergleichsstudie/.lizard-tmp-WOSzIR/code/seed-b-frontend/.angular/cache/22.1.3/seed-b-frontend/vite/deps/core-l1vVDnYc.js","registerAiTools","registerAiTools ( )",22786,22798
10,5,67,1,10,"createPlatform@22801-22810@/home/alex/dev/Bachelor/bmad-vergleichsstudie/.lizard-tmp-WOSzIR/code/seed-b-frontend/.angular/cache/22.1.3/seed-b-frontend/vite/deps/core-l1vVDnYc.js","/home/alex/dev/Bachelor/bmad-vergleichsstudie/.lizard-tmp-WOSzIR/code/seed-b-frontend/.angular/cache/22.1.3/seed-b-frontend/vite/deps/core-l1vVDnYc.js","createPlatform","createPlatform ( injector )",22801,22810
13,4,55,0,13,"(anonymous)@22814-22826@/home/alex/dev/Bachelor/bmad-vergleichsstudie/.lizard-tmp-WOSzIR/code/seed-b-frontend/.angular/cache/22.1.3/seed-b-frontend/vite/deps/core-l1vVDnYc.js","/home/alex/dev/Bachelor/bmad-vergleichsstudie/.lizard-tmp-WOSzIR/code/seed-b-frontend/.angular/cache/22.1.3/seed-b-frontend/vite/deps/core-l1vVDnYc.js","(anonymous)","(anonymous)",22814,22826
6,1,46,3,18,"createPlatformFactory@22811-22828@/home/alex/dev/Bachelor/bmad-vergleichsstudie/.lizard-tmp-WOSzIR/code/seed-b-frontend/.angular/cache/22.1.3/seed-b-frontend/vite/deps/core-l1vVDnYc.js","/home/alex/dev/Bachelor/bmad-vergleichsstudie/.lizard-tmp-WOSzIR/code/seed-b-frontend/.angular/cache/22.1.3/seed-b-frontend/vite/deps/core-l1vVDnYc.js","createPlatformFactory","createPlatformFactory ( parentPlatformFactory , name , providers )",22811,22828
15,1,55,2,15,"createPlatformInjector@22830-22844@/home/alex/dev/Bachelor/bmad-vergleichsstudie/.lizard-tmp-WOSzIR/code/seed-b-frontend/.angular/cache/22.1.3/seed-b-frontend/vite/deps/core-l1vVDnYc.js","/home/alex/dev/Bachelor/bmad-vergleichsstudie/.lizard-tmp-WOSzIR/code/seed-b-frontend/.angular/cache/22.1.3/seed-b-frontend/vite/deps/core-l1vVDnYc.js","createPlatformInjector","createPlatformInjector ( providers , name )",22830,22844
6,6,64,1,6,"assertPlatform@22846-22851@/home/alex/dev/Bachelor/bmad-vergleichsstudie/.lizard-tmp-WOSzIR/code/seed-b-frontend/.angular/cache/22.1.3/seed-b-frontend/vite/deps/core-l1vVDnYc.js","/home/alex/dev/Bachelor/bmad-vergleichsstudie/.lizard-tmp-WOSzIR/code/seed-b-frontend/.angular/cache/22.1.3/seed-b-frontend/vite/deps/core-l1vVDnYc.js","assertPlatform","assertPlatform ( requiredToken )",22846,22851
3,3,15,0,3,"getPlatform@22852-22854@/home/alex/dev/Bachelor/bmad-vergleichsstudie/.lizard-tmp-WOSzIR/code/seed-b-frontend/.angular/cache/22.1.3/seed-b-frontend/vite/deps/core-l1vVDnYc.js","/home/alex/dev/Bachelor/bmad-vergleichsstudie/.lizard-tmp-WOSzIR/code/seed-b-frontend/.angular/cache/22.1.3/seed-b-frontend/vite/deps/core-l1vVDnYc.js","getPlatform","getPlatform ( )",22852,22854
5,3,23,0,5,"destroyPlatform@22855-22859@/home/alex/dev/Bachelor/bmad-vergleichsstudie/.lizard-tmp-WOSzIR/code/seed-b-frontend/.angular/cache/22.1.3/seed-b-frontend/vite/deps/core-l1vVDnYc.js","/home/alex/dev/Bachelor/bmad-vergleichsstudie/.lizard-tmp-WOSzIR/code/seed-b-frontend/.angular/cache/22.1.3/seed-b-frontend/vite/deps/core-l1vVDnYc.js","destroyPlatform","destroyPlatform ( )",22855,22859
10,4,58,1,10,"createOrReusePlatformInjector@22862-22871@/home/alex/dev/Bachelor/bmad-vergleichsstudie/.lizard-tmp-WOSzIR/code/seed-b-frontend/.angular/cache/22.1.3/seed-b-frontend/vite/deps/core-l1vVDnYc.js","/home/alex/dev/Bachelor/bmad-vergleichsstudie/.lizard-tmp-WOSzIR/code/seed-b-frontend/.angular/cache/22.1.3/seed-b-frontend/vite/deps/core-l1vVDnYc.js","createOrReusePlatformInjector","createOrReusePlatformInjector ( providers )",22862,22871
7,1,20,1,7,"providePlatformInitializer@22872-22878@/home/alex/dev/Bachelor/bmad-vergleichsstudie/.lizard-tmp-WOSzIR/code/seed-b-frontend/.angular/cache/22.1.3/seed-b-frontend/vite/deps/core-l1vVDnYc.js","/home/alex/dev/Bachelor/bmad-vergleichsstudie/.lizard-tmp-WOSzIR/code/seed-b-frontend/.angular/cache/22.1.3/seed-b-frontend/vite/deps/core-l1vVDnYc.js","providePlatformInitializer","providePlatformInitializer ( initializerFn )",22872,22878
1,1,4,0,1,"(anonymous)@22882-22882@/home/alex/dev/Bachelor/bmad-vergleichsstudie/.lizard-tmp-WOSzIR/code/seed-b-frontend/.angular/cache/22.1.3/seed-b-frontend/vite/deps/core-l1vVDnYc.js","/home/alex/dev/Bachelor/bmad-vergleichsstudie/.lizard-tmp-WOSzIR/code/seed-b-frontend/.angular/cache/22.1.3/seed-b-frontend/vite/deps/core-l1vVDnYc.js","(anonymous)","(anonymous)",22882,22882
3,1,12,0,3,"(anonymous)@22881-22883@/home/alex/dev/Bachelor/bmad-vergleichsstudie/.lizard-tmp-WOSzIR/code/seed-b-frontend/.angular/cache/22.1.3/seed-b-frontend/vite/deps/core-l1vVDnYc.js","/home/alex/dev/Bachelor/bmad-vergleichsstudie/.lizard-tmp-WOSzIR/code/seed-b-frontend/.angular/cache/22.1.3/seed-b-frontend/vite/deps/core-l1vVDnYc.js","(anonymous)","(anonymous)",22881,22883
4,1,27,1,6,"runPlatformInitializers@22879-22884@/home/alex/dev/Bachelor/bmad-vergleichsstudie/.lizard-tmp-WOSzIR/code/seed-b-frontend/.angular/cache/22.1.3/seed-b-frontend/vite/deps/core-l1vVDnYc.js","/home/alex/dev/Bachelor/bmad-vergleichsstudie/.lizard-tmp-WOSzIR/code/seed-b-frontend/.angular/cache/22.1.3/seed-b-frontend/vite/deps/core-l1vVDnYc.js","runPlatformInitializers","runPlatformInitializers ( injector )",22879,22884
27,11,148,1,27,"internalCreateApplication@22885-22911@/home/alex/dev/Bachelor/bmad-vergleichsstudie/.lizard-tmp-WOSzIR/code/seed-b-frontend/.angular/cache/22.1.3/seed-b-frontend/vite/deps/core-l1vVDnYc.js","/home/alex/dev/Bachelor/bmad-vergleichsstudie/.lizard-tmp-WOSzIR/code/seed-b-frontend/.angular/cache/22.1.3/seed-b-frontend/vite/deps/core-l1vVDnYc.js","internalCreateApplication","internalCreateApplication ( config )",22885,22911
10,2,71,1,10,"add@22915-22924@/home/alex/dev/Bachelor/bmad-vergleichsstudie/.lizard-tmp-WOSzIR/code/seed-b-frontend/.angular/cache/22.1.3/seed-b-frontend/vite/deps/core-l1vVDnYc.js","/home/alex/dev/Bachelor/bmad-vergleichsstudie/.lizard-tmp-WOSzIR/code/seed-b-frontend/.angular/cache/22.1.3/seed-b-frontend/vite/deps/core-l1vVDnYc.js","add","add ( serializedView )",22915,22924
3,1,9,0,3,"getAll@22925-22927@/home/alex/dev/Bachelor/bmad-vergleichsstudie/.lizard-tmp-WOSzIR/code/seed-b-frontend/.angular/cache/22.1.3/seed-b-frontend/vite/deps/core-l1vVDnYc.js","/home/alex/dev/Bachelor/bmad-vergleichsstudie/.lizard-tmp-WOSzIR/code/seed-b-frontend/.angular/cache/22.1.3/seed-b-frontend/vite/deps/core-l1vVDnYc.js","getAll","getAll ( )",22925,22927
4,2,28,1,4,"getSsrId@22930-22933@/home/alex/dev/Bachelor/bmad-vergleichsstudie/.lizard-tmp-WOSzIR/code/seed-b-frontend/.angular/cache/22.1.3/seed-b-frontend/vite/deps/core-l1vVDnYc.js","/home/alex/dev/Bachelor/bmad-vergleichsstudie/.lizard-tmp-WOSzIR/code/seed-b-frontend/.angular/cache/22.1.3/seed-b-frontend/vite/deps/core-l1vVDnYc.js","getSsrId","getSsrId ( tView )",22930,22933
5,1,31,3,5,"calcNumRootNodes@22934-22938@/home/alex/dev/Bachelor/bmad-vergleichsstudie/.lizard-tmp-WOSzIR/code/seed-b-frontend/.angular/cache/22.1.3/seed-b-frontend/vite/deps/core-l1vVDnYc.js","/home/alex/dev/Bachelor/bmad-vergleichsstudie/.lizard-tmp-WOSzIR/code/seed-b-frontend/.angular/cache/22.1.3/seed-b-frontend/vite/deps/core-l1vVDnYc.js","calcNumRootNodes","calcNumRootNodes ( tView , lView , tNode )",22934,22938
5,1,23,1,5,"calcNumRootNodesInLContainer@22939-22943@/home/alex/dev/Bachelor/bmad-vergleichsstudie/.lizard-tmp-WOSzIR/code/seed-b-frontend/.angular/cache/22.1.3/seed-b-frontend/vite/deps/core-l1vVDnYc.js","/home/alex/dev/Bachelor/bmad-vergleichsstudie/.lizard-tmp-WOSzIR/code/seed-b-frontend/.angular/cache/22.1.3/seed-b-frontend/vite/deps/core-l1vVDnYc.js","calcNumRootNodesInLContainer","calcNumRootNodesInLContainer ( lContainer )",22939,22943
5,3,42,2,5,"annotateComponentLViewForHydration@22944-22948@/home/alex/dev/Bachelor/bmad-vergleichsstudie/.lizard-tmp-WOSzIR/code/seed-b-frontend/.angular/cache/22.1.3/seed-b-frontend/vite/deps/core-l1vVDnYc.js","/home/alex/dev/Bachelor/bmad-vergleichsstudie/.lizard-tmp-WOSzIR/code/seed-b-frontend/.angular/cache/22.1.3/seed-b-frontend/vite/deps/core-l1vVDnYc.js","annotateComponentLViewForHydration","annotateComponentLViewForHydration ( lView , context )",22944,22948
11,2,101,2,11,"annotateLContainerForHydration@22949-22959@/home/alex/dev/Bachelor/bmad-vergleichsstudie/.lizard-tmp-WOSzIR/code/seed-b-frontend/.angular/cache/22.1.3/seed-b-frontend/vite/deps/core-l1vVDnYc.js","/home/alex/dev/Bachelor/bmad-vergleichsstudie/.lizard-tmp-WOSzIR/code/seed-b-frontend/.angular/cache/22.1.3/seed-b-frontend/vite/deps/core-l1vVDnYc.js","annotateLContainerForHydration","annotateLContainerForHydration ( lContainer , context )",22949,22959
42,6,263,2,42,"annotateForHydration@22960-23001@/home/alex/dev/Bachelor/bmad-vergleichsstudie/.lizard-tmp-WOSzIR/code/seed-b-frontend/.angular/cache/22.1.3/seed-b-frontend/vite/deps/core-l1vVDnYc.js","/home/alex/dev/Bachelor/bmad-vergleichsstudie/.lizard-tmp-WOSzIR/code/seed-b-frontend/.angular/cache/22.1.3/seed-b-frontend/vite/deps/core-l1vVDnYc.js","annotateForHydration","annotateForHydration ( appRef , doc )",22960,23001
81,25,610,5,81,"serializeLContainer@23002-23082@/home/alex/dev/Bachelor/bmad-vergleichsstudie/.lizard-tmp-WOSzIR/code/seed-b-frontend/.angular/cache/22.1.3/seed-b-frontend/vite/deps/core-l1vVDnYc.js","/home/alex/dev/Bachelor/bmad-vergleichsstudie/.lizard-tmp-WOSzIR/code/seed-b-frontend/.angular/cache/22.1.3/seed-b-frontend/vite/deps/core-l1vVDnYc.js","serializeLContainer","serializeLContainer ( lContainer , tNode , lView , parentDeferBlockId , context )",23002,23082
19,5,104,1,19,"serializeHydrateTriggers@23083-23101@/home/alex/dev/Bachelor/bmad-vergleichsstudie/.lizard-tmp-WOSzIR/code/seed-b-frontend/.angular/cache/22.1.3/seed-b-frontend/vite/deps/core-l1vVDnYc.js","/home/alex/dev/Bachelor/bmad-vergleichsstudie/.lizard-tmp-WOSzIR/code/seed-b-frontend/.angular/cache/22.1.3/seed-b-frontend/vite/deps/core-l1vVDnYc.js","serializeHydrateTriggers","serializeHydrateTriggers ( triggerMap )",23083,23101
5,5,49,4,5,"appendSerializedNodePath@23102-23106@/home/alex/dev/Bachelor/bmad-vergleichsstudie/.lizard-tmp-WOSzIR/code/seed-b-frontend/.angular/cache/22.1.3/seed-b-frontend/vite/deps/core-l1vVDnYc.js","/home/alex/dev/Bachelor/bmad-vergleichsstudie/.lizard-tmp-WOSzIR/code/seed-b-frontend/.angular/cache/22.1.3/seed-b-frontend/vite/deps/core-l1vVDnYc.js","appendSerializedNodePath","appendSerializedNodePath ( ngh , tNode , lView , excludedParentNodes )",23102,23106
5,5,56,2,5,"appendDisconnectedNodeIndex@23107-23111@/home/alex/dev/Bachelor/bmad-vergleichsstudie/.lizard-tmp-WOSzIR/code/seed-b-frontend/.angular/cache/22.1.3/seed-b-frontend/vite/deps/core-l1vVDnYc.js","/home/alex/dev/Bachelor/bmad-vergleichsstudie/.lizard-tmp-WOSzIR/code/seed-b-frontend/.angular/cache/22.1.3/seed-b-frontend/vite/deps/core-l1vVDnYc.js","appendDisconnectedNodeIndex","appendDisconnectedNodeIndex ( ngh , tNodeOrNoOffsetIndex )",23107,23111
64,44,705,3,64,"serializeLView@23112-23175@/home/alex/dev/Bachelor/bmad-vergleichsstudie/.lizard-tmp-WOSzIR/code/seed-b-frontend/.angular/cache/22.1.3/seed-b-frontend/vite/deps/core-l1vVDnYc.js","/home/alex/dev/Bachelor/bmad-vergleichsstudie/.lizard-tmp-WOSzIR/code/seed-b-frontend/.angular/cache/22.1.3/seed-b-frontend/vite/deps/core-l1vVDnYc.js","serializeLView","serializeLView ( lView , parentDeferBlockId null , context )",23112,23175
5,9,97,4,5,"conditionallyAnnotateNodePath@23176-23180@/home/alex/dev/Bachelor/bmad-vergleichsstudie/.lizard-tmp-WOSzIR/code/seed-b-frontend/.angular/cache/22.1.3/seed-b-frontend/vite/deps/core-l1vVDnYc.js","/home/alex/dev/Bachelor/bmad-vergleichsstudie/.lizard-tmp-WOSzIR/code/seed-b-frontend/.angular/cache/22.1.3/seed-b-frontend/vite/deps/core-l1vVDnYc.js","conditionallyAnnotateNodePath","conditionallyAnnotateNodePath ( ngh , tNode , lView , excludedParentNodes )",23176,23180
6,3,52,1,6,"componentUsesShadowDomEncapsulation@23181-23186@/home/alex/dev/Bachelor/bmad-vergleichsstudie/.lizard-tmp-WOSzIR/code/seed-b-frontend/.angular/cache/22.1.3/seed-b-frontend/vite/deps/core-l1vVDnYc.js","/home/alex/dev/Bachelor/bmad-vergleichsstudie/.lizard-tmp-WOSzIR/code/seed-b-frontend/.angular/cache/22.1.3/seed-b-frontend/vite/deps/core-l1vVDnYc.js","componentUsesShadowDomEncapsulation","componentUsesShadowDomEncapsulation ( lView )",23181,23186
12,4,97,4,12,"annotateHostElementForHydration@23187-23198@/home/alex/dev/Bachelor/bmad-vergleichsstudie/.lizard-tmp-WOSzIR/code/seed-b-frontend/.angular/cache/22.1.3/seed-b-frontend/vite/deps/core-l1vVDnYc.js","/home/alex/dev/Bachelor/bmad-vergleichsstudie/.lizard-tmp-WOSzIR/code/seed-b-frontend/.angular/cache/22.1.3/seed-b-frontend/vite/deps/core-l1vVDnYc.js","annotateHostElementForHydration","annotateHostElementForHydration ( element , lView , parentDeferBlockId , context )",23187,23198
3,1,18,2,3,"annotateDeferBlockAnchorForHydration@23199-23201@/home/alex/dev/Bachelor/bmad-vergleichsstudie/.lizard-tmp-WOSzIR/code/seed-b-frontend/.angular/cache/22.1.3/seed-b-frontend/vite/deps/core-l1vVDnYc.js","/home/alex/dev/Bachelor/bmad-vergleichsstudie/.lizard-tmp-WOSzIR/code/seed-b-frontend/.angular/cache/22.1.3/seed-b-frontend/vite/deps/core-l1vVDnYc.js","annotateDeferBlockAnchorForHydration","annotateDeferBlockAnchorForHydration ( comment , deferBlockId )",23199,23201
3,2,30,2,3,"insertCorruptedTextNodeMarkers@23202-23204@/home/alex/dev/Bachelor/bmad-vergleichsstudie/.lizard-tmp-WOSzIR/code/seed-b-frontend/.angular/cache/22.1.3/seed-b-frontend/vite/deps/core-l1vVDnYc.js","/home/alex/dev/Bachelor/bmad-vergleichsstudie/.lizard-tmp-WOSzIR/code/seed-b-frontend/.angular/cache/22.1.3/seed-b-frontend/vite/deps/core-l1vVDnYc.js","insertCorruptedTextNodeMarkers","insertCorruptedTextNodeMarkers ( corruptedTextNodes , doc )",23202,23204
8,3,37,1,8,"isContentProjectedNode@23205-23212@/home/alex/dev/Bachelor/bmad-vergleichsstudie/.lizard-tmp-WOSzIR/code/seed-b-frontend/.angular/cache/22.1.3/seed-b-frontend/vite/deps/core-l1vVDnYc.js","/home/alex/dev/Bachelor/bmad-vergleichsstudie/.lizard-tmp-WOSzIR/code/seed-b-frontend/.angular/cache/22.1.3/seed-b-frontend/vite/deps/core-l1vVDnYc.js","isContentProjectedNode","isContentProjectedNode ( tNode )",23205,23212
1,1,8,0,1,"(anonymous)@23217-23217@/home/alex/dev/Bachelor/bmad-vergleichsstudie/.lizard-tmp-WOSzIR/code/seed-b-frontend/.angular/cache/22.1.3/seed-b-frontend/vite/deps/core-l1vVDnYc.js","/home/alex/dev/Bachelor/bmad-vergleichsstudie/.lizard-tmp-WOSzIR/code/seed-b-frontend/.angular/cache/22.1.3/seed-b-frontend/vite/deps/core-l1vVDnYc.js","(anonymous)","(anonymous)",23217,23217
8,4,78,4,8,"annotateDeferBlockRootNodesWithJsAction@23213-23220@/home/alex/dev/Bachelor/bmad-vergleichsstudie/.lizard-tmp-WOSzIR/code/seed-b-frontend/.angular/cache/22.1.3/seed-b-frontend/vite/deps/core-l1vVDnYc.js","/home/alex/dev/Bachelor/bmad-vergleichsstudie/.lizard-tmp-WOSzIR/code/seed-b-frontend/.angular/cache/22.1.3/seed-b-frontend/vite/deps/core-l1vVDnYc.js","annotateDeferBlockRootNodesWithJsAction","annotateDeferBlockRootNodesWithJsAction ( tDetails , rootNodes , parentDeferBlockId , context )",23213,23220
9,5,63,1,9,"getCurrentClosestComponentInstance@23221-23229@/home/alex/dev/Bachelor/bmad-vergleichsstudie/.lizard-tmp-WOSzIR/code/seed-b-frontend/.angular/cache/22.1.3/seed-b-frontend/vite/deps/core-l1vVDnYc.js","/home/alex/dev/Bachelor/bmad-vergleichsstudie/.lizard-tmp-WOSzIR/code/seed-b-frontend/.angular/cache/22.1.3/seed-b-frontend/vite/deps/core-l1vVDnYc.js","getCurrentClosestComponentInstance","getCurrentClosestComponentInstance ( predicate )",23221,23229
5,2,29,1,5,"startMeasuring@23232-23236@/home/alex/dev/Bachelor/bmad-vergleichsstudie/.lizard-tmp-WOSzIR/code/seed-b-frontend/.angular/cache/22.1.3/seed-b-frontend/vite/deps/core-l1vVDnYc.js","/home/alex/dev/Bachelor/bmad-vergleichsstudie/.lizard-tmp-WOSzIR/code/seed-b-frontend/.angular/cache/22.1.3/seed-b-frontend/vite/deps/core-l1vVDnYc.js","startMeasuring","startMeasuring ( label )",23232,23236
8,2,58,1,8,"stopMeasuring@23237-23244@/home/alex/dev/Bachelor/bmad-vergleichsstudie/.lizard-tmp-WOSzIR/code/seed-b-frontend/.angular/cache/22.1.3/seed-b-frontend/vite/deps/core-l1vVDnYc.js","/home/alex/dev/Bachelor/bmad-vergleichsstudie/.lizard-tmp-WOSzIR/code/seed-b-frontend/.angular/cache/22.1.3/seed-b-frontend/vite/deps/core-l1vVDnYc.js","stopMeasuring","stopMeasuring ( label )",23237,23244
8,1,41,1,8,"labels@23245-23252@/home/alex/dev/Bachelor/bmad-vergleichsstudie/.lizard-tmp-WOSzIR/code/seed-b-frontend/.angular/cache/22.1.3/seed-b-frontend/vite/deps/core-l1vVDnYc.js","/home/alex/dev/Bachelor/bmad-vergleichsstudie/.lizard-tmp-WOSzIR/code/seed-b-frontend/.angular/cache/22.1.3/seed-b-frontend/vite/deps/core-l1vVDnYc.js","labels","labels ( label )",23245,23252
8,5,45,0,8,"enableProfiling@23254-23261@/home/alex/dev/Bachelor/bmad-vergleichsstudie/.lizard-tmp-WOSzIR/code/seed-b-frontend/.angular/cache/22.1.3/seed-b-frontend/vite/deps/core-l1vVDnYc.js","/home/alex/dev/Bachelor/bmad-vergleichsstudie/.lizard-tmp-WOSzIR/code/seed-b-frontend/.angular/cache/22.1.3/seed-b-frontend/vite/deps/core-l1vVDnYc.js","enableProfiling","enableProfiling ( )",23254,23261
3,1,8,0,3,"disableProfiling@23262-23264@/home/alex/dev/Bachelor/bmad-vergleichsstudie/.lizard-tmp-WOSzIR/code/seed-b-frontend/.angular/cache/22.1.3/seed-b-frontend/vite/deps/core-l1vVDnYc.js","/home/alex/dev/Bachelor/bmad-vergleichsstudie/.lizard-tmp-WOSzIR/code/seed-b-frontend/.angular/cache/22.1.3/seed-b-frontend/vite/deps/core-l1vVDnYc.js","disableProfiling","disableProfiling ( )",23262,23264
1,1,5,1,1,"ɵassertType@23265-23265@/home/alex/dev/Bachelor/bmad-vergleichsstudie/.lizard-tmp-WOSzIR/code/seed-b-frontend/.angular/cache/22.1.3/seed-b-frontend/vite/deps/core-l1vVDnYc.js","/home/alex/dev/Bachelor/bmad-vergleichsstudie/.lizard-tmp-WOSzIR/code/seed-b-frontend/.angular/cache/22.1.3/seed-b-frontend/vite/deps/core-l1vVDnYc.js","ɵassertType","ɵassertType ( value )",23265,23265
3,3,21,1,3,"booleanAttribute@23266-23268@/home/alex/dev/Bachelor/bmad-vergleichsstudie/.lizard-tmp-WOSzIR/code/seed-b-frontend/.angular/cache/22.1.3/seed-b-frontend/vite/deps/core-l1vVDnYc.js","/home/alex/dev/Bachelor/bmad-vergleichsstudie/.lizard-tmp-WOSzIR/code/seed-b-frontend/.angular/cache/22.1.3/seed-b-frontend/vite/deps/core-l1vVDnYc.js","booleanAttribute","booleanAttribute ( value )",23266,23268
3,3,35,2,3,"numberAttribute@23269-23271@/home/alex/dev/Bachelor/bmad-vergleichsstudie/.lizard-tmp-WOSzIR/code/seed-b-frontend/.angular/cache/22.1.3/seed-b-frontend/vite/deps/core-l1vVDnYc.js","/home/alex/dev/Bachelor/bmad-vergleichsstudie/.lizard-tmp-WOSzIR/code/seed-b-frontend/.angular/cache/22.1.3/seed-b-frontend/vite/deps/core-l1vVDnYc.js","numberAttribute","numberAttribute ( value , fallbackValue NaN )",23269,23271
7,4,57,0,7,"consumerMarkedDirty@23281-23287@/home/alex/dev/Bachelor/bmad-vergleichsstudie/.lizard-tmp-WOSzIR/code/seed-b-frontend/.angular/cache/22.1.3/seed-b-frontend/vite/deps/core-l1vVDnYc.js","/home/alex/dev/Bachelor/bmad-vergleichsstudie/.lizard-tmp-WOSzIR/code/seed-b-frontend/.angular/cache/22.1.3/seed-b-frontend/vite/deps/core-l1vVDnYc.js","consumerMarkedDirty","consumerMarkedDirty ( )",23281,23287
26,10,181,1,26,"phaseFn@23288-23313@/home/alex/dev/Bachelor/bmad-vergleichsstudie/.lizard-tmp-WOSzIR/code/seed-b-frontend/.angular/cache/22.1.3/seed-b-frontend/vite/deps/core-l1vVDnYc.js","/home/alex/dev/Bachelor/bmad-vergleichsstudie/.lizard-tmp-WOSzIR/code/seed-b-frontend/.angular/cache/22.1.3/seed-b-frontend/vite/deps/core-l1vVDnYc.js","phaseFn","phaseFn ( previousValue )",23288,23313
10,1,37,0,41,"AFTER_RENDER_PHASE_EFFECT_NODE@23274-23314@/home/alex/dev/Bachelor/bmad-vergleichsstudie/.lizard-tmp-WOSzIR/code/seed-b-frontend/.angular/cache/22.1.3/seed-b-frontend/vite/deps/core-l1vVDnYc.js","/home/alex/dev/Bachelor/bmad-vergleichsstudie/.lizard-tmp-WOSzIR/code/seed-b-frontend/.angular/cache/22.1.3/seed-b-frontend/vite/deps/core-l1vVDnYc.js","AFTER_RENDER_PHASE_EFFECT_NODE","AFTER_RENDER_PHASE_EFFECT_NODE ( ( )",23274,23314
4,1,12,0,4,"node.signal@23341-23344@/home/alex/dev/Bachelor/bmad-vergleichsstudie/.lizard-tmp-WOSzIR/code/seed-b-frontend/.angular/cache/22.1.3/seed-b-frontend/vite/deps/core-l1vVDnYc.js","/home/alex/dev/Bachelor/bmad-vergleichsstudie/.lizard-tmp-WOSzIR/code/seed-b-frontend/.angular/cache/22.1.3/seed-b-frontend/vite/deps/core-l1vVDnYc.js","node.signal","node.signal",23341,23344
1,3,18,0,1,"node.registerCleanupFn@23346-23346@/home/alex/dev/Bachelor/bmad-vergleichsstudie/.lizard-tmp-WOSzIR/code/seed-b-frontend/.angular/cache/22.1.3/seed-b-frontend/vite/deps/core-l1vVDnYc.js","/home/alex/dev/Bachelor/bmad-vergleichsstudie/.lizard-tmp-WOSzIR/code/seed-b-frontend/.angular/cache/22.1.3/seed-b-frontend/vite/deps/core-l1vVDnYc.js","node.registerCleanupFn","node.registerCleanupFn",23346,23346
1,1,7,0,1,"(anonymous)@23348-23348@/home/alex/dev/Bachelor/bmad-vergleichsstudie/.lizard-tmp-WOSzIR/code/seed-b-frontend/.angular/cache/22.1.3/seed-b-frontend/vite/deps/core-l1vVDnYc.js","/home/alex/dev/Bachelor/bmad-vergleichsstudie/.lizard-tmp-WOSzIR/code/seed-b-frontend/.angular/cache/22.1.3/seed-b-frontend/vite/deps/core-l1vVDnYc.js","(anonymous)","(anonymous)",23348,23348
24,4,174,6,27,"constructor@23325-23351@/home/alex/dev/Bachelor/bmad-vergleichsstudie/.lizard-tmp-WOSzIR/code/seed-b-frontend/.angular/cache/22.1.3/seed-b-frontend/vite/deps/core-l1vVDnYc.js","/home/alex/dev/Bachelor/bmad-vergleichsstudie/.lizard-tmp-WOSzIR/code/seed-b-frontend/.angular/cache/22.1.3/seed-b-frontend/vite/deps/core-l1vVDnYc.js","constructor","constructor ( impl , effectHooks , view , scheduler , injector , snapshot null )",23325,23351
4,1,16,0,4,"afterRun@23352-23355@/home/alex/dev/Bachelor/bmad-vergleichsstudie/.lizard-tmp-WOSzIR/code/seed-b-frontend/.angular/cache/22.1.3/seed-b-frontend/vite/deps/core-l1vVDnYc.js","/home/alex/dev/Bachelor/bmad-vergleichsstudie/.lizard-tmp-WOSzIR/code/seed-b-frontend/.angular/cache/22.1.3/seed-b-frontend/vite/deps/core-l1vVDnYc.js","afterRun","afterRun ( )",23352,23355
9,8,68,0,9,"destroy@23356-23364@/home/alex/dev/Bachelor/bmad-vergleichsstudie/.lizard-tmp-WOSzIR/code/seed-b-frontend/.angular/cache/22.1.3/seed-b-frontend/vite/deps/core-l1vVDnYc.js","/home/alex/dev/Bachelor/bmad-vergleichsstudie/.lizard-tmp-WOSzIR/code/seed-b-frontend/.angular/cache/22.1.3/seed-b-frontend/vite/deps/core-l1vVDnYc.js","destroy","destroy ( )",23356,23364
20,9,188,2,20,"afterRenderEffect@23366-23385@/home/alex/dev/Bachelor/bmad-vergleichsstudie/.lizard-tmp-WOSzIR/code/seed-b-frontend/.angular/cache/22.1.3/seed-b-frontend/vite/deps/core-l1vVDnYc.js","/home/alex/dev/Bachelor/bmad-vergleichsstudie/.lizard-tmp-WOSzIR/code/seed-b-frontend/.angular/cache/22.1.3/seed-b-frontend/vite/deps/core-l1vVDnYc.js","afterRenderEffect","afterRenderEffect ( callbackOrSpec , options )",23366,23385
12,1,46,2,12,"setupDebugInfo@23386-23397@/home/alex/dev/Bachelor/bmad-vergleichsstudie/.lizard-tmp-WOSzIR/code/seed-b-frontend/.angular/cache/22.1.3/seed-b-frontend/vite/deps/core-l1vVDnYc.js","/home/alex/dev/Bachelor/bmad-vergleichsstudie/.lizard-tmp-WOSzIR/code/seed-b-frontend/.angular/cache/22.1.3/seed-b-frontend/vite/deps/core-l1vVDnYc.js","setupDebugInfo","setupDebugInfo ( node , injector )",23386,23397
8,5,35,1,8,"phaseDebugName@23398-23405@/home/alex/dev/Bachelor/bmad-vergleichsstudie/.lizard-tmp-WOSzIR/code/seed-b-frontend/.angular/cache/22.1.3/seed-b-frontend/vite/deps/core-l1vVDnYc.js","/home/alex/dev/Bachelor/bmad-vergleichsstudie/.lizard-tmp-WOSzIR/code/seed-b-frontend/.angular/cache/22.1.3/seed-b-frontend/vite/deps/core-l1vVDnYc.js","phaseDebugName","phaseDebugName ( phase )",23398,23405
7,1,40,1,7,"ɵɵngDeclareDirective@23406-23412@/home/alex/dev/Bachelor/bmad-vergleichsstudie/.lizard-tmp-WOSzIR/code/seed-b-frontend/.angular/cache/22.1.3/seed-b-frontend/vite/deps/core-l1vVDnYc.js","/home/alex/dev/Bachelor/bmad-vergleichsstudie/.lizard-tmp-WOSzIR/code/seed-b-frontend/.angular/cache/22.1.3/seed-b-frontend/vite/deps/core-l1vVDnYc.js","ɵɵngDeclareDirective","ɵɵngDeclareDirective ( decl )",23406,23412
3,5,30,1,3,"ɵɵngDeclareClassMetadata@23413-23415@/home/alex/dev/Bachelor/bmad-vergleichsstudie/.lizard-tmp-WOSzIR/code/seed-b-frontend/.angular/cache/22.1.3/seed-b-frontend/vite/deps/core-l1vVDnYc.js","/home/alex/dev/Bachelor/bmad-vergleichsstudie/.lizard-tmp-WOSzIR/code/seed-b-frontend/.angular/cache/22.1.3/seed-b-frontend/vite/deps/core-l1vVDnYc.js","ɵɵngDeclareClassMetadata","ɵɵngDeclareClassMetadata ( decl )",23413,23415
4,1,32,0,4,"(anonymous)@23417-23420@/home/alex/dev/Bachelor/bmad-vergleichsstudie/.lizard-tmp-WOSzIR/code/seed-b-frontend/.angular/cache/22.1.3/seed-b-frontend/vite/deps/core-l1vVDnYc.js","/home/alex/dev/Bachelor/bmad-vergleichsstudie/.lizard-tmp-WOSzIR/code/seed-b-frontend/.angular/cache/22.1.3/seed-b-frontend/vite/deps/core-l1vVDnYc.js","(anonymous)","(anonymous)",23417,23420
3,1,23,1,6,"ɵɵngDeclareClassMetadataAsync@23416-23421@/home/alex/dev/Bachelor/bmad-vergleichsstudie/.lizard-tmp-WOSzIR/code/seed-b-frontend/.angular/cache/22.1.3/seed-b-frontend/vite/deps/core-l1vVDnYc.js","/home/alex/dev/Bachelor/bmad-vergleichsstudie/.lizard-tmp-WOSzIR/code/seed-b-frontend/.angular/cache/22.1.3/seed-b-frontend/vite/deps/core-l1vVDnYc.js","ɵɵngDeclareClassMetadataAsync","ɵɵngDeclareClassMetadataAsync ( decl )",23416,23421
7,1,40,1,7,"ɵɵngDeclareComponent@23422-23428@/home/alex/dev/Bachelor/bmad-vergleichsstudie/.lizard-tmp-WOSzIR/code/seed-b-frontend/.angular/cache/22.1.3/seed-b-frontend/vite/deps/core-l1vVDnYc.js","/home/alex/dev/Bachelor/bmad-vergleichsstudie/.lizard-tmp-WOSzIR/code/seed-b-frontend/.angular/cache/22.1.3/seed-b-frontend/vite/deps/core-l1vVDnYc.js","ɵɵngDeclareComponent","ɵɵngDeclareComponent ( decl )",23422,23428
7,1,45,1,7,"ɵɵngDeclareFactory@23429-23435@/home/alex/dev/Bachelor/bmad-vergleichsstudie/.lizard-tmp-WOSzIR/code/seed-b-frontend/.angular/cache/22.1.3/seed-b-frontend/vite/deps/core-l1vVDnYc.js","/home/alex/dev/Bachelor/bmad-vergleichsstudie/.lizard-tmp-WOSzIR/code/seed-b-frontend/.angular/cache/22.1.3/seed-b-frontend/vite/deps/core-l1vVDnYc.js","ɵɵngDeclareFactory","ɵɵngDeclareFactory ( decl )",23429,23435
10,7,59,1,10,"getFactoryKind@23436-23445@/home/alex/dev/Bachelor/bmad-vergleichsstudie/.lizard-tmp-WOSzIR/code/seed-b-frontend/.angular/cache/22.1.3/seed-b-frontend/vite/deps/core-l1vVDnYc.js","/home/alex/dev/Bachelor/bmad-vergleichsstudie/.lizard-tmp-WOSzIR/code/seed-b-frontend/.angular/cache/22.1.3/seed-b-frontend/vite/deps/core-l1vVDnYc.js","getFactoryKind","getFactoryKind ( target )",23436,23445
7,1,40,1,7,"ɵɵngDeclareInjectable@23446-23452@/home/alex/dev/Bachelor/bmad-vergleichsstudie/.lizard-tmp-WOSzIR/code/seed-b-frontend/.angular/cache/22.1.3/seed-b-frontend/vite/deps/core-l1vVDnYc.js","/home/alex/dev/Bachelor/bmad-vergleichsstudie/.lizard-tmp-WOSzIR/code/seed-b-frontend/.angular/cache/22.1.3/seed-b-frontend/vite/deps/core-l1vVDnYc.js","ɵɵngDeclareInjectable","ɵɵngDeclareInjectable ( decl )",23446,23452
7,1,40,1,7,"ɵɵngDeclareInjector@23453-23459@/home/alex/dev/Bachelor/bmad-vergleichsstudie/.lizard-tmp-WOSzIR/code/seed-b-frontend/.angular/cache/22.1.3/seed-b-frontend/vite/deps/core-l1vVDnYc.js","/home/alex/dev/Bachelor/bmad-vergleichsstudie/.lizard-tmp-WOSzIR/code/seed-b-frontend/.angular/cache/22.1.3/seed-b-frontend/vite/deps/core-l1vVDnYc.js","ɵɵngDeclareInjector","ɵɵngDeclareInjector ( decl )",23453,23459
7,1,40,1,7,"ɵɵngDeclareNgModule@23460-23466@/home/alex/dev/Bachelor/bmad-vergleichsstudie/.lizard-tmp-WOSzIR/code/seed-b-frontend/.angular/cache/22.1.3/seed-b-frontend/vite/deps/core-l1vVDnYc.js","/home/alex/dev/Bachelor/bmad-vergleichsstudie/.lizard-tmp-WOSzIR/code/seed-b-frontend/.angular/cache/22.1.3/seed-b-frontend/vite/deps/core-l1vVDnYc.js","ɵɵngDeclareNgModule","ɵɵngDeclareNgModule ( decl )",23460,23466
7,1,40,1,7,"ɵɵngDeclarePipe@23467-23473@/home/alex/dev/Bachelor/bmad-vergleichsstudie/.lizard-tmp-WOSzIR/code/seed-b-frontend/.angular/cache/22.1.3/seed-b-frontend/vite/deps/core-l1vVDnYc.js","/home/alex/dev/Bachelor/bmad-vergleichsstudie/.lizard-tmp-WOSzIR/code/seed-b-frontend/.angular/cache/22.1.3/seed-b-frontend/vite/deps/core-l1vVDnYc.js","ɵɵngDeclarePipe","ɵɵngDeclarePipe ( decl )",23467,23473
7,1,40,1,7,"ɵɵngDeclareService@23474-23480@/home/alex/dev/Bachelor/bmad-vergleichsstudie/.lizard-tmp-WOSzIR/code/seed-b-frontend/.angular/cache/22.1.3/seed-b-frontend/vite/deps/core-l1vVDnYc.js","/home/alex/dev/Bachelor/bmad-vergleichsstudie/.lizard-tmp-WOSzIR/code/seed-b-frontend/.angular/cache/22.1.3/seed-b-frontend/vite/deps/core-l1vVDnYc.js","ɵɵngDeclareService","ɵɵngDeclareService ( decl )",23474,23480
5,2,31,1,5,"getModuleFactory@23481-23485@/home/alex/dev/Bachelor/bmad-vergleichsstudie/.lizard-tmp-WOSzIR/code/seed-b-frontend/.angular/cache/22.1.3/seed-b-frontend/vite/deps/core-l1vVDnYc.js","/home/alex/dev/Bachelor/bmad-vergleichsstudie/.lizard-tmp-WOSzIR/code/seed-b-frontend/.angular/cache/22.1.3/seed-b-frontend/vite/deps/core-l1vVDnYc.js","getModuleFactory","getModuleFactory ( id )",23481,23485
5,2,27,1,5,"getNgModuleById@23486-23490@/home/alex/dev/Bachelor/bmad-vergleichsstudie/.lizard-tmp-WOSzIR/code/seed-b-frontend/.angular/cache/22.1.3/seed-b-frontend/vite/deps/core-l1vVDnYc.js","/home/alex/dev/Bachelor/bmad-vergleichsstudie/.lizard-tmp-WOSzIR/code/seed-b-frontend/.angular/cache/22.1.3/seed-b-frontend/vite/deps/core-l1vVDnYc.js","getNgModuleById","getNgModuleById ( id )",23486,23490
3,2,22,1,3,"noModuleError@23491-23493@/home/alex/dev/Bachelor/bmad-vergleichsstudie/.lizard-tmp-WOSzIR/code/seed-b-frontend/.angular/cache/22.1.3/seed-b-frontend/vite/deps/core-l1vVDnYc.js","/home/alex/dev/Bachelor/bmad-vergleichsstudie/.lizard-tmp-WOSzIR/code/seed-b-frontend/.angular/cache/22.1.3/seed-b-frontend/vite/deps/core-l1vVDnYc.js","noModuleError","noModuleError ( id )",23491,23493
6,3,65,2,6,"createComponent@23497-23502@/home/alex/dev/Bachelor/bmad-vergleichsstudie/.lizard-tmp-WOSzIR/code/seed-b-frontend/.angular/cache/22.1.3/seed-b-frontend/vite/deps/core-l1vVDnYc.js","/home/alex/dev/Bachelor/bmad-vergleichsstudie/.lizard-tmp-WOSzIR/code/seed-b-frontend/.angular/cache/22.1.3/seed-b-frontend/vite/deps/core-l1vVDnYc.js","createComponent","createComponent ( component , options )",23497,23502
3,1,9,0,3,"get selector@23508-23510@/home/alex/dev/Bachelor/bmad-vergleichsstudie/.lizard-tmp-WOSzIR/code/seed-b-frontend/.angular/cache/22.1.3/seed-b-frontend/vite/deps/core-l1vVDnYc.js","/home/alex/dev/Bachelor/bmad-vergleichsstudie/.lizard-tmp-WOSzIR/code/seed-b-frontend/.angular/cache/22.1.3/seed-b-frontend/vite/deps/core-l1vVDnYc.js","get selector","get selector ( )",23508,23510
3,1,9,0,3,"get type@23511-23513@/home/alex/dev/Bachelor/bmad-vergleichsstudie/.lizard-tmp-WOSzIR/code/seed-b-frontend/.angular/cache/22.1.3/seed-b-frontend/vite/deps/core-l1vVDnYc.js","/home/alex/dev/Bachelor/bmad-vergleichsstudie/.lizard-tmp-WOSzIR/code/seed-b-frontend/.angular/cache/22.1.3/seed-b-frontend/vite/deps/core-l1vVDnYc.js","get type","get type ( )",23511,23513
3,1,9,0,3,"get inputs@23514-23516@/home/alex/dev/Bachelor/bmad-vergleichsstudie/.lizard-tmp-WOSzIR/code/seed-b-frontend/.angular/cache/22.1.3/seed-b-frontend/vite/deps/core-l1vVDnYc.js","/home/alex/dev/Bachelor/bmad-vergleichsstudie/.lizard-tmp-WOSzIR/code/seed-b-frontend/.angular/cache/22.1.3/seed-b-frontend/vite/deps/core-l1vVDnYc.js","get inputs","get inputs ( )",23514,23516
3,1,9,0,3,"get outputs@23517-23519@/home/alex/dev/Bachelor/bmad-vergleichsstudie/.lizard-tmp-WOSzIR/code/seed-b-frontend/.angular/cache/22.1.3/seed-b-frontend/vite/deps/core-l1vVDnYc.js","/home/alex/dev/Bachelor/bmad-vergleichsstudie/.lizard-tmp-WOSzIR/code/seed-b-frontend/.angular/cache/22.1.3/seed-b-frontend/vite/deps/core-l1vVDnYc.js","get outputs","get outputs ( )",23517,23519
3,1,9,0,3,"get ngContentSelectors@23520-23522@/home/alex/dev/Bachelor/bmad-vergleichsstudie/.lizard-tmp-WOSzIR/code/seed-b-frontend/.angular/cache/22.1.3/seed-b-frontend/vite/deps/core-l1vVDnYc.js","/home/alex/dev/Bachelor/bmad-vergleichsstudie/.lizard-tmp-WOSzIR/code/seed-b-frontend/.angular/cache/22.1.3/seed-b-frontend/vite/deps/core-l1vVDnYc.js","get ngContentSelectors","get ngContentSelectors ( )",23520,23522
3,1,9,0,3,"get isStandalone@23523-23525@/home/alex/dev/Bachelor/bmad-vergleichsstudie/.lizard-tmp-WOSzIR/code/seed-b-frontend/.angular/cache/22.1.3/seed-b-frontend/vite/deps/core-l1vVDnYc.js","/home/alex/dev/Bachelor/bmad-vergleichsstudie/.lizard-tmp-WOSzIR/code/seed-b-frontend/.angular/cache/22.1.3/seed-b-frontend/vite/deps/core-l1vVDnYc.js","get isStandalone","get isStandalone ( )",23523,23525
3,1,9,0,3,"get isSignal@23526-23528@/home/alex/dev/Bachelor/bmad-vergleichsstudie/.lizard-tmp-WOSzIR/code/seed-b-frontend/.angular/cache/22.1.3/seed-b-frontend/vite/deps/core-l1vVDnYc.js","/home/alex/dev/Bachelor/bmad-vergleichsstudie/.lizard-tmp-WOSzIR/code/seed-b-frontend/.angular/cache/22.1.3/seed-b-frontend/vite/deps/core-l1vVDnYc.js","get isSignal","get isSignal ( )",23526,23528
14,2,61,1,28,"reflectComponentType@23503-23530@/home/alex/dev/Bachelor/bmad-vergleichsstudie/.lizard-tmp-WOSzIR/code/seed-b-frontend/.angular/cache/22.1.3/seed-b-frontend/vite/deps/core-l1vVDnYc.js","/home/alex/dev/Bachelor/bmad-vergleichsstudie/.lizard-tmp-WOSzIR/code/seed-b-frontend/.angular/cache/22.1.3/seed-b-frontend/vite/deps/core-l1vVDnYc.js","reflectComponentType","reflectComponentType ( component )",23503,23530
3,2,22,1,3,"resourceFromSnapshots@23531-23533@/home/alex/dev/Bachelor/bmad-vergleichsstudie/.lizard-tmp-WOSzIR/code/seed-b-frontend/.angular/cache/22.1.3/seed-b-frontend/vite/deps/core-l1vVDnYc.js","/home/alex/dev/Bachelor/bmad-vergleichsstudie/.lizard-tmp-WOSzIR/code/seed-b-frontend/.angular/cache/22.1.3/seed-b-frontend/vite/deps/core-l1vVDnYc.js","resourceFromSnapshots","resourceFromSnapshots ( source )",23531,23533
3,1,11,1,3,"constructor@23536-23538@/home/alex/dev/Bachelor/bmad-vergleichsstudie/.lizard-tmp-WOSzIR/code/seed-b-frontend/.angular/cache/22.1.3/seed-b-frontend/vite/deps/core-l1vVDnYc.js","/home/alex/dev/Bachelor/bmad-vergleichsstudie/.lizard-tmp-WOSzIR/code/seed-b-frontend/.angular/cache/22.1.3/seed-b-frontend/vite/deps/core-l1vVDnYc.js","constructor","constructor ( snapshot )",23536,23538
3,1,11,0,3,"get state@23539-23541@/home/alex/dev/Bachelor/bmad-vergleichsstudie/.lizard-tmp-WOSzIR/code/seed-b-frontend/.angular/cache/22.1.3/seed-b-frontend/vite/deps/core-l1vVDnYc.js","/home/alex/dev/Bachelor/bmad-vergleichsstudie/.lizard-tmp-WOSzIR/code/seed-b-frontend/.angular/cache/22.1.3/seed-b-frontend/vite/deps/core-l1vVDnYc.js","get state","get state ( )",23539,23541
4,2,34,0,4,"computed@23542-23545@/home/alex/dev/Bachelor/bmad-vergleichsstudie/.lizard-tmp-WOSzIR/code/seed-b-frontend/.angular/cache/22.1.3/seed-b-frontend/vite/deps/core-l1vVDnYc.js","/home/alex/dev/Bachelor/bmad-vergleichsstudie/.lizard-tmp-WOSzIR/code/seed-b-frontend/.angular/cache/22.1.3/seed-b-frontend/vite/deps/core-l1vVDnYc.js","computed","computed ( ( )",23542,23545
1,1,6,0,1,"(anonymous)@23546-23546@/home/alex/dev/Bachelor/bmad-vergleichsstudie/.lizard-tmp-WOSzIR/code/seed-b-frontend/.angular/cache/22.1.3/seed-b-frontend/vite/deps/core-l1vVDnYc.js","/home/alex/dev/Bachelor/bmad-vergleichsstudie/.lizard-tmp-WOSzIR/code/seed-b-frontend/.angular/cache/22.1.3/seed-b-frontend/vite/deps/core-l1vVDnYc.js","(anonymous)","(anonymous)",23546,23546
1,2,17,0,1,"(anonymous)@23547-23547@/home/alex/dev/Bachelor/bmad-vergleichsstudie/.lizard-tmp-WOSzIR/code/seed-b-frontend/.angular/cache/22.1.3/seed-b-frontend/vite/deps/core-l1vVDnYc.js","/home/alex/dev/Bachelor/bmad-vergleichsstudie/.lizard-tmp-WOSzIR/code/seed-b-frontend/.angular/cache/22.1.3/seed-b-frontend/vite/deps/core-l1vVDnYc.js","(anonymous)","(anonymous)",23547,23547
1,2,16,0,1,"(anonymous)@23548-23548@/home/alex/dev/Bachelor/bmad-vergleichsstudie/.lizard-tmp-WOSzIR/code/seed-b-frontend/.angular/cache/22.1.3/seed-b-frontend/vite/deps/core-l1vVDnYc.js","/home/alex/dev/Bachelor/bmad-vergleichsstudie/.lizard-tmp-WOSzIR/code/seed-b-frontend/.angular/cache/22.1.3/seed-b-frontend/vite/deps/core-l1vVDnYc.js","(anonymous)","(anonymous)",23548,23548
1,2,17,0,1,"(anonymous)@23549-23549@/home/alex/dev/Bachelor/bmad-vergleichsstudie/.lizard-tmp-WOSzIR/code/seed-b-frontend/.angular/cache/22.1.3/seed-b-frontend/vite/deps/core-l1vVDnYc.js","/home/alex/dev/Bachelor/bmad-vergleichsstudie/.lizard-tmp-WOSzIR/code/seed-b-frontend/.angular/cache/22.1.3/seed-b-frontend/vite/deps/core-l1vVDnYc.js","(anonymous)","(anonymous)",23549,23549
3,1,7,0,3,"(anonymous)@23560-23562@/home/alex/dev/Bachelor/bmad-vergleichsstudie/.lizard-tmp-WOSzIR/code/seed-b-frontend/.angular/cache/22.1.3/seed-b-frontend/vite/deps/core-l1vVDnYc.js","/home/alex/dev/Bachelor/bmad-vergleichsstudie/.lizard-tmp-WOSzIR/code/seed-b-frontend/.angular/cache/22.1.3/seed-b-frontend/vite/deps/core-l1vVDnYc.js","(anonymous)","(anonymous)",23560,23562
17,2,53,0,17,"source@23564-23580@/home/alex/dev/Bachelor/bmad-vergleichsstudie/.lizard-tmp-WOSzIR/code/seed-b-frontend/.angular/cache/22.1.3/seed-b-frontend/vite/deps/core-l1vVDnYc.js","/home/alex/dev/Bachelor/bmad-vergleichsstudie/.lizard-tmp-WOSzIR/code/seed-b-frontend/.angular/cache/22.1.3/seed-b-frontend/vite/deps/core-l1vVDnYc.js","source","source ( )",23564,23580
11,3,52,2,11,"computation@23581-23591@/home/alex/dev/Bachelor/bmad-vergleichsstudie/.lizard-tmp-WOSzIR/code/seed-b-frontend/.angular/cache/22.1.3/seed-b-frontend/vite/deps/core-l1vVDnYc.js","/home/alex/dev/Bachelor/bmad-vergleichsstudie/.lizard-tmp-WOSzIR/code/seed-b-frontend/.angular/cache/22.1.3/seed-b-frontend/vite/deps/core-l1vVDnYc.js","computation","computation ( res , previous )",23581,23591
1,1,7,0,1,"(anonymous)@23616-23616@/home/alex/dev/Bachelor/bmad-vergleichsstudie/.lizard-tmp-WOSzIR/code/seed-b-frontend/.angular/cache/22.1.3/seed-b-frontend/vite/deps/core-l1vVDnYc.js","/home/alex/dev/Bachelor/bmad-vergleichsstudie/.lizard-tmp-WOSzIR/code/seed-b-frontend/.angular/cache/22.1.3/seed-b-frontend/vite/deps/core-l1vVDnYc.js","(anonymous)","(anonymous)",23616,23616
1,2,20,1,1,"result@23616-23616@/home/alex/dev/Bachelor/bmad-vergleichsstudie/.lizard-tmp-WOSzIR/code/seed-b-frontend/.angular/cache/22.1.3/seed-b-frontend/vite/deps/core-l1vVDnYc.js","/home/alex/dev/Bachelor/bmad-vergleichsstudie/.lizard-tmp-WOSzIR/code/seed-b-frontend/.angular/cache/22.1.3/seed-b-frontend/vite/deps/core-l1vVDnYc.js","result","result ( typeof wait ( )",23616,23616
24,9,133,0,24,"(anonymous)@23593-23616@/home/alex/dev/Bachelor/bmad-vergleichsstudie/.lizard-tmp-WOSzIR/code/seed-b-frontend/.angular/cache/22.1.3/seed-b-frontend/vite/deps/core-l1vVDnYc.js","/home/alex/dev/Bachelor/bmad-vergleichsstudie/.lizard-tmp-WOSzIR/code/seed-b-frontend/.angular/cache/22.1.3/seed-b-frontend/vite/deps/core-l1vVDnYc.js","(anonymous)","(anonymous)",23593,23616
9,2,30,0,9,"(anonymous)@23630-23638@/home/alex/dev/Bachelor/bmad-vergleichsstudie/.lizard-tmp-WOSzIR/code/seed-b-frontend/.angular/cache/22.1.3/seed-b-frontend/vite/deps/core-l1vVDnYc.js","/home/alex/dev/Bachelor/bmad-vergleichsstudie/.lizard-tmp-WOSzIR/code/seed-b-frontend/.angular/cache/22.1.3/seed-b-frontend/vite/deps/core-l1vVDnYc.js","(anonymous)","(anonymous)",23630,23638
28,9,182,3,87,"debounced@23554-23640@/home/alex/dev/Bachelor/bmad-vergleichsstudie/.lizard-tmp-WOSzIR/code/seed-b-frontend/.angular/cache/22.1.3/seed-b-frontend/vite/deps/core-l1vVDnYc.js","/home/alex/dev/Bachelor/bmad-vergleichsstudie/.lizard-tmp-WOSzIR/code/seed-b-frontend/.angular/cache/22.1.3/seed-b-frontend/vite/deps/core-l1vVDnYc.js","debounced","debounced ( source , wait , options )",23554,23640
3,2,14,0,3,"isDevMode@23643-23645@/home/alex/dev/Bachelor/bmad-vergleichsstudie/.lizard-tmp-WOSzIR/code/seed-b-frontend/.angular/cache/22.1.3/seed-b-frontend/vite/deps/core-l1vVDnYc.js","/home/alex/dev/Bachelor/bmad-vergleichsstudie/.lizard-tmp-WOSzIR/code/seed-b-frontend/.angular/cache/22.1.3/seed-b-frontend/vite/deps/core-l1vVDnYc.js","isDevMode","isDevMode ( )",23643,23645
3,3,20,0,3,"enableProdMode@23646-23648@/home/alex/dev/Bachelor/bmad-vergleichsstudie/.lizard-tmp-WOSzIR/code/seed-b-frontend/.angular/cache/22.1.3/seed-b-frontend/vite/deps/core-l1vVDnYc.js","/home/alex/dev/Bachelor/bmad-vergleichsstudie/.lizard-tmp-WOSzIR/code/seed-b-frontend/.angular/cache/22.1.3/seed-b-frontend/vite/deps/core-l1vVDnYc.js","enableProdMode","enableProdMode ( )",23646,23648
4,1,18,0,4,"(anonymous)@23660-23663@/home/alex/dev/Bachelor/bmad-vergleichsstudie/.lizard-tmp-WOSzIR/code/seed-b-frontend/.angular/cache/22.1.3/seed-b-frontend/vite/deps/core-l1vVDnYc.js","/home/alex/dev/Bachelor/bmad-vergleichsstudie/.lizard-tmp-WOSzIR/code/seed-b-frontend/.angular/cache/22.1.3/seed-b-frontend/vite/deps/core-l1vVDnYc.js","(anonymous)","(anonymous)",23660,23663
2,1,15,2,5,"execute@23660-23664@/home/alex/dev/Bachelor/bmad-vergleichsstudie/.lizard-tmp-WOSzIR/code/seed-b-frontend/.angular/cache/22.1.3/seed-b-frontend/vite/deps/core-l1vVDnYc.js","/home/alex/dev/Bachelor/bmad-vergleichsstudie/.lizard-tmp-WOSzIR/code/seed-b-frontend/.angular/cache/22.1.3/seed-b-frontend/vite/deps/core-l1vVDnYc.js","execute","execute ( args , client )",23660,23664
1,1,7,0,1,"(anonymous)@23665-23665@/home/alex/dev/Bachelor/bmad-vergleichsstudie/.lizard-tmp-WOSzIR/code/seed-b-frontend/.angular/cache/22.1.3/seed-b-frontend/vite/deps/core-l1vVDnYc.js","/home/alex/dev/Bachelor/bmad-vergleichsstudie/.lizard-tmp-WOSzIR/code/seed-b-frontend/.angular/cache/22.1.3/seed-b-frontend/vite/deps/core-l1vVDnYc.js","(anonymous)","(anonymous)",23665,23665
15,10,123,2,19,"declareExperimentalWebMcpTool@23649-23667@/home/alex/dev/Bachelor/bmad-vergleichsstudie/.lizard-tmp-WOSzIR/code/seed-b-frontend/.angular/cache/22.1.3/seed-b-frontend/vite/deps/core-l1vVDnYc.js","/home/alex/dev/Bachelor/bmad-vergleichsstudie/.lizard-tmp-WOSzIR/code/seed-b-frontend/.angular/cache/22.1.3/seed-b-frontend/vite/deps/core-l1vVDnYc.js","declareExperimentalWebMcpTool","declareExperimentalWebMcpTool ( tool , injector )",23649,23667
3,2,14,0,3,"(anonymous)@23669-23671@/home/alex/dev/Bachelor/bmad-vergleichsstudie/.lizard-tmp-WOSzIR/code/seed-b-frontend/.angular/cache/22.1.3/seed-b-frontend/vite/deps/core-l1vVDnYc.js","/home/alex/dev/Bachelor/bmad-vergleichsstudie/.lizard-tmp-WOSzIR/code/seed-b-frontend/.angular/cache/22.1.3/seed-b-frontend/vite/deps/core-l1vVDnYc.js","(anonymous)","(anonymous)",23669,23671
3,1,19,1,5,"provideExperimentalWebMcpTools@23668-23672@/home/alex/dev/Bachelor/bmad-vergleichsstudie/.lizard-tmp-WOSzIR/code/seed-b-frontend/.angular/cache/22.1.3/seed-b-frontend/vite/deps/core-l1vVDnYc.js","/home/alex/dev/Bachelor/bmad-vergleichsstudie/.lizard-tmp-WOSzIR/code/seed-b-frontend/.angular/cache/22.1.3/seed-b-frontend/vite/deps/core-l1vVDnYc.js","provideExperimentalWebMcpTools","provideExperimentalWebMcpTools ( tools )",23668,23672
3,2,15,1,3,"isScheduler@3-5@/home/alex/dev/Bachelor/bmad-vergleichsstudie/.lizard-tmp-WOSzIR/code/seed-b-frontend/.angular/cache/22.1.3/seed-b-frontend/vite/deps/http-Cfp88Ns8.js","/home/alex/dev/Bachelor/bmad-vergleichsstudie/.lizard-tmp-WOSzIR/code/seed-b-frontend/.angular/cache/22.1.3/seed-b-frontend/vite/deps/http-Cfp88Ns8.js","isScheduler","isScheduler ( value )",3,5
3,1,15,1,3,"last@8-10@/home/alex/dev/Bachelor/bmad-vergleichsstudie/.lizard-tmp-WOSzIR/code/seed-b-frontend/.angular/cache/22.1.3/seed-b-frontend/vite/deps/http-Cfp88Ns8.js","/home/alex/dev/Bachelor/bmad-vergleichsstudie/.lizard-tmp-WOSzIR/code/seed-b-frontend/.angular/cache/22.1.3/seed-b-frontend/vite/deps/http-Cfp88Ns8.js","last","last ( arr )",8,10
3,2,23,1,3,"popResultSelector@11-13@/home/alex/dev/Bachelor/bmad-vergleichsstudie/.lizard-tmp-WOSzIR/code/seed-b-frontend/.angular/cache/22.1.3/seed-b-frontend/vite/deps/http-Cfp88Ns8.js","/home/alex/dev/Bachelor/bmad-vergleichsstudie/.lizard-tmp-WOSzIR/code/seed-b-frontend/.angular/cache/22.1.3/seed-b-frontend/vite/deps/http-Cfp88Ns8.js","popResultSelector","popResultSelector ( args )",11,13
3,2,23,1,3,"popScheduler@14-16@/home/alex/dev/Bachelor/bmad-vergleichsstudie/.lizard-tmp-WOSzIR/code/seed-b-frontend/.angular/cache/22.1.3/seed-b-frontend/vite/deps/http-Cfp88Ns8.js","/home/alex/dev/Bachelor/bmad-vergleichsstudie/.lizard-tmp-WOSzIR/code/seed-b-frontend/.angular/cache/22.1.3/seed-b-frontend/vite/deps/http-Cfp88Ns8.js","popScheduler","popScheduler ( args )",14,16
3,3,22,1,3,"isArrayLike@19-21@/home/alex/dev/Bachelor/bmad-vergleichsstudie/.lizard-tmp-WOSzIR/code/seed-b-frontend/.angular/cache/22.1.3/seed-b-frontend/vite/deps/http-Cfp88Ns8.js","/home/alex/dev/Bachelor/bmad-vergleichsstudie/.lizard-tmp-WOSzIR/code/seed-b-frontend/.angular/cache/22.1.3/seed-b-frontend/vite/deps/http-Cfp88Ns8.js","isArrayLike","isArrayLike ( function ( x )",19,21
3,3,25,1,3,"isPromise@24-26@/home/alex/dev/Bachelor/bmad-vergleichsstudie/.lizard-tmp-WOSzIR/code/seed-b-frontend/.angular/cache/22.1.3/seed-b-frontend/vite/deps/http-Cfp88Ns8.js","/home/alex/dev/Bachelor/bmad-vergleichsstudie/.lizard-tmp-WOSzIR/code/seed-b-frontend/.angular/cache/22.1.3/seed-b-frontend/vite/deps/http-Cfp88Ns8.js","isPromise","isPromise ( value )",24,26
3,1,14,1,3,"isInteropObservable@29-31@/home/alex/dev/Bachelor/bmad-vergleichsstudie/.lizard-tmp-WOSzIR/code/seed-b-frontend/.angular/cache/22.1.3/seed-b-frontend/vite/deps/http-Cfp88Ns8.js","/home/alex/dev/Bachelor/bmad-vergleichsstudie/.lizard-tmp-WOSzIR/code/seed-b-frontend/.angular/cache/22.1.3/seed-b-frontend/vite/deps/http-Cfp88Ns8.js","isInteropObservable","isInteropObservable ( input )",29,31
3,4,32,1,3,"isAsyncIterable@34-36@/home/alex/dev/Bachelor/bmad-vergleichsstudie/.lizard-tmp-WOSzIR/code/seed-b-frontend/.angular/cache/22.1.3/seed-b-frontend/vite/deps/http-Cfp88Ns8.js","/home/alex/dev/Bachelor/bmad-vergleichsstudie/.lizard-tmp-WOSzIR/code/seed-b-frontend/.angular/cache/22.1.3/seed-b-frontend/vite/deps/http-Cfp88Ns8.js","isAsyncIterable","isAsyncIterable ( obj )",34,36
3,3,33,1,3,"createInvalidObservableTypeError@39-41@/home/alex/dev/Bachelor/bmad-vergleichsstudie/.lizard-tmp-WOSzIR/code/seed-b-frontend/.angular/cache/22.1.3/seed-b-frontend/vite/deps/http-Cfp88Ns8.js","/home/alex/dev/Bachelor/bmad-vergleichsstudie/.lizard-tmp-WOSzIR/code/seed-b-frontend/.angular/cache/22.1.3/seed-b-frontend/vite/deps/http-Cfp88Ns8.js","createInvalidObservableTypeError","createInvalidObservableTypeError ( input )",39,41
4,3,24,0,4,"getSymbolIterator@44-47@/home/alex/dev/Bachelor/bmad-vergleichsstudie/.lizard-tmp-WOSzIR/code/seed-b-frontend/.angular/cache/22.1.3/seed-b-frontend/vite/deps/http-Cfp88Ns8.js","/home/alex/dev/Bachelor/bmad-vergleichsstudie/.lizard-tmp-WOSzIR/code/seed-b-frontend/.angular/cache/22.1.3/seed-b-frontend/vite/deps/http-Cfp88Ns8.js","getSymbolIterator","getSymbolIterator ( )",44,47
3,3,26,1,3,"isIterable@51-53@/home/alex/dev/Bachelor/bmad-vergleichsstudie/.lizard-tmp-WOSzIR/code/seed-b-frontend/.angular/cache/22.1.3/seed-b-frontend/vite/deps/http-Cfp88Ns8.js","/home/alex/dev/Bachelor/bmad-vergleichsstudie/.lizard-tmp-WOSzIR/code/seed-b-frontend/.angular/cache/22.1.3/seed-b-frontend/vite/deps/http-Cfp88Ns8.js","isIterable","isIterable ( input )",51,53
31,13,207,0,31,"(anonymous)@59-89@/home/alex/dev/Bachelor/bmad-vergleichsstudie/.lizard-tmp-WOSzIR/code/seed-b-frontend/.angular/cache/22.1.3/seed-b-frontend/vite/deps/http-Cfp88Ns8.js","/home/alex/dev/Bachelor/bmad-vergleichsstudie/.lizard-tmp-WOSzIR/code/seed-b-frontend/.angular/cache/22.1.3/seed-b-frontend/vite/deps/http-Cfp88Ns8.js","(anonymous)","(anonymous) ( )",59,89
4,1,22,0,34,"readableStreamLikeToAsyncGenerator_1@57-90@/home/alex/dev/Bachelor/bmad-vergleichsstudie/.lizard-tmp-WOSzIR/code/seed-b-frontend/.angular/cache/22.1.3/seed-b-frontend/vite/deps/http-Cfp88Ns8.js","/home/alex/dev/Bachelor/bmad-vergleichsstudie/.lizard-tmp-WOSzIR/code/seed-b-frontend/.angular/cache/22.1.3/seed-b-frontend/vite/deps/http-Cfp88Ns8.js","readableStreamLikeToAsyncGenerator_1","readableStreamLikeToAsyncGenerator_1 ( )",57,90
3,1,17,1,36,"readableStreamLikeToAsyncGenerator@56-91@/home/alex/dev/Bachelor/bmad-vergleichsstudie/.lizard-tmp-WOSzIR/code/seed-b-frontend/.angular/cache/22.1.3/seed-b-frontend/vite/deps/http-Cfp88Ns8.js","/home/alex/dev/Bachelor/bmad-vergleichsstudie/.lizard-tmp-WOSzIR/code/seed-b-frontend/.angular/cache/22.1.3/seed-b-frontend/vite/deps/http-Cfp88Ns8.js","readableStreamLikeToAsyncGenerator","readableStreamLikeToAsyncGenerator ( readableStream )",56,91
3,3,25,1,3,"isReadableStreamLike@92-94@/home/alex/dev/Bachelor/bmad-vergleichsstudie/.lizard-tmp-WOSzIR/code/seed-b-frontend/.angular/cache/22.1.3/seed-b-frontend/vite/deps/http-Cfp88Ns8.js","/home/alex/dev/Bachelor/bmad-vergleichsstudie/.lizard-tmp-WOSzIR/code/seed-b-frontend/.angular/cache/22.1.3/seed-b-frontend/vite/deps/http-Cfp88Ns8.js","isReadableStreamLike","isReadableStreamLike ( obj )",92,94
12,9,106,1,12,"innerFrom@97-108@/home/alex/dev/Bachelor/bmad-vergleichsstudie/.lizard-tmp-WOSzIR/code/seed-b-frontend/.angular/cache/22.1.3/seed-b-frontend/vite/deps/http-Cfp88Ns8.js","/home/alex/dev/Bachelor/bmad-vergleichsstudie/.lizard-tmp-WOSzIR/code/seed-b-frontend/.angular/cache/22.1.3/seed-b-frontend/vite/deps/http-Cfp88Ns8.js","innerFrom","innerFrom ( input )",97,108
5,2,39,1,5,"(anonymous)@110-114@/home/alex/dev/Bachelor/bmad-vergleichsstudie/.lizard-tmp-WOSzIR/code/seed-b-frontend/.angular/cache/22.1.3/seed-b-frontend/vite/deps/http-Cfp88Ns8.js","/home/alex/dev/Bachelor/bmad-vergleichsstudie/.lizard-tmp-WOSzIR/code/seed-b-frontend/.angular/cache/22.1.3/seed-b-frontend/vite/deps/http-Cfp88Ns8.js","(anonymous)","(anonymous) ( subscriber )",110,114
3,1,13,1,7,"fromInteropObservable@109-115@/home/alex/dev/Bachelor/bmad-vergleichsstudie/.lizard-tmp-WOSzIR/code/seed-b-frontend/.angular/cache/22.1.3/seed-b-frontend/vite/deps/http-Cfp88Ns8.js","/home/alex/dev/Bachelor/bmad-vergleichsstudie/.lizard-tmp-WOSzIR/code/seed-b-frontend/.angular/cache/22.1.3/seed-b-frontend/vite/deps/http-Cfp88Ns8.js","fromInteropObservable","fromInteropObservable ( obj )",109,115
4,3,42,1,4,"(anonymous)@117-120@/home/alex/dev/Bachelor/bmad-vergleichsstudie/.lizard-tmp-WOSzIR/code/seed-b-frontend/.angular/cache/22.1.3/seed-b-frontend/vite/deps/http-Cfp88Ns8.js","/home/alex/dev/Bachelor/bmad-vergleichsstudie/.lizard-tmp-WOSzIR/code/seed-b-frontend/.angular/cache/22.1.3/seed-b-frontend/vite/deps/http-Cfp88Ns8.js","(anonymous)","(anonymous) ( subscriber )",117,120
3,1,13,1,6,"fromArrayLike@116-121@/home/alex/dev/Bachelor/bmad-vergleichsstudie/.lizard-tmp-WOSzIR/code/seed-b-frontend/.angular/cache/22.1.3/seed-b-frontend/vite/deps/http-Cfp88Ns8.js","/home/alex/dev/Bachelor/bmad-vergleichsstudie/.lizard-tmp-WOSzIR/code/seed-b-frontend/.angular/cache/22.1.3/seed-b-frontend/vite/deps/http-Cfp88Ns8.js","fromArrayLike","fromArrayLike ( array )",116,121
6,2,27,1,6,"(anonymous)@124-129@/home/alex/dev/Bachelor/bmad-vergleichsstudie/.lizard-tmp-WOSzIR/code/seed-b-frontend/.angular/cache/22.1.3/seed-b-frontend/vite/deps/http-Cfp88Ns8.js","/home/alex/dev/Bachelor/bmad-vergleichsstudie/.lizard-tmp-WOSzIR/code/seed-b-frontend/.angular/cache/22.1.3/seed-b-frontend/vite/deps/http-Cfp88Ns8.js","(anonymous)","(anonymous) ( value )",124,129
3,1,13,1,3,"(anonymous)@129-131@/home/alex/dev/Bachelor/bmad-vergleichsstudie/.lizard-tmp-WOSzIR/code/seed-b-frontend/.angular/cache/22.1.3/seed-b-frontend/vite/deps/http-Cfp88Ns8.js","/home/alex/dev/Bachelor/bmad-vergleichsstudie/.lizard-tmp-WOSzIR/code/seed-b-frontend/.angular/cache/22.1.3/seed-b-frontend/vite/deps/http-Cfp88Ns8.js","(anonymous)","(anonymous) ( err )",129,131
3,1,23,1,10,"(anonymous)@123-132@/home/alex/dev/Bachelor/bmad-vergleichsstudie/.lizard-tmp-WOSzIR/code/seed-b-frontend/.angular/cache/22.1.3/seed-b-frontend/vite/deps/http-Cfp88Ns8.js","/home/alex/dev/Bachelor/bmad-vergleichsstudie/.lizard-tmp-WOSzIR/code/seed-b-frontend/.angular/cache/22.1.3/seed-b-frontend/vite/deps/http-Cfp88Ns8.js","(anonymous)","(anonymous) ( subscriber )",123,132
3,1,13,1,12,"fromPromise@122-133@/home/alex/dev/Bachelor/bmad-vergleichsstudie/.lizard-tmp-WOSzIR/code/seed-b-frontend/.angular/cache/22.1.3/seed-b-frontend/vite/deps/http-Cfp88Ns8.js","/home/alex/dev/Bachelor/bmad-vergleichsstudie/.lizard-tmp-WOSzIR/code/seed-b-frontend/.angular/cache/22.1.3/seed-b-frontend/vite/deps/http-Cfp88Ns8.js","fromPromise","fromPromise ( promise )",122,133
19,8,130,1,19,"(anonymous)@135-153@/home/alex/dev/Bachelor/bmad-vergleichsstudie/.lizard-tmp-WOSzIR/code/seed-b-frontend/.angular/cache/22.1.3/seed-b-frontend/vite/deps/http-Cfp88Ns8.js","/home/alex/dev/Bachelor/bmad-vergleichsstudie/.lizard-tmp-WOSzIR/code/seed-b-frontend/.angular/cache/22.1.3/seed-b-frontend/vite/deps/http-Cfp88Ns8.js","(anonymous)","(anonymous) ( subscriber )",135,153
3,1,13,1,21,"fromIterable@134-154@/home/alex/dev/Bachelor/bmad-vergleichsstudie/.lizard-tmp-WOSzIR/code/seed-b-frontend/.angular/cache/22.1.3/seed-b-frontend/vite/deps/http-Cfp88Ns8.js","/home/alex/dev/Bachelor/bmad-vergleichsstudie/.lizard-tmp-WOSzIR/code/seed-b-frontend/.angular/cache/22.1.3/seed-b-frontend/vite/deps/http-Cfp88Ns8.js","fromIterable","fromIterable ( iterable )",134,154
3,1,13,1,3,"(anonymous)@157-159@/home/alex/dev/Bachelor/bmad-vergleichsstudie/.lizard-tmp-WOSzIR/code/seed-b-frontend/.angular/cache/22.1.3/seed-b-frontend/vite/deps/http-Cfp88Ns8.js","/home/alex/dev/Bachelor/bmad-vergleichsstudie/.lizard-tmp-WOSzIR/code/seed-b-frontend/.angular/cache/22.1.3/seed-b-frontend/vite/deps/http-Cfp88Ns8.js","(anonymous)","(anonymous) ( err )",157,159
3,2,18,1,5,"(anonymous)@156-160@/home/alex/dev/Bachelor/bmad-vergleichsstudie/.lizard-tmp-WOSzIR/code/seed-b-frontend/.angular/cache/22.1.3/seed-b-frontend/vite/deps/http-Cfp88Ns8.js","/home/alex/dev/Bachelor/bmad-vergleichsstudie/.lizard-tmp-WOSzIR/code/seed-b-frontend/.angular/cache/22.1.3/seed-b-frontend/vite/deps/http-Cfp88Ns8.js","(anonymous)","(anonymous) ( subscriber )",156,160
3,1,13,1,7,"fromAsyncIterable@155-161@/home/alex/dev/Bachelor/bmad-vergleichsstudie/.lizard-tmp-WOSzIR/code/seed-b-frontend/.angular/cache/22.1.3/seed-b-frontend/vite/deps/http-Cfp88Ns8.js","/home/alex/dev/Bachelor/bmad-vergleichsstudie/.lizard-tmp-WOSzIR/code/seed-b-frontend/.angular/cache/22.1.3/seed-b-frontend/vite/deps/http-Cfp88Ns8.js","fromAsyncIterable","fromAsyncIterable ( asyncIterable )",155,161
3,1,14,1,3,"fromReadableStreamLike@162-164@/home/alex/dev/Bachelor/bmad-vergleichsstudie/.lizard-tmp-WOSzIR/code/seed-b-frontend/.angular/cache/22.1.3/seed-b-frontend/vite/deps/http-Cfp88Ns8.js","/home/alex/dev/Bachelor/bmad-vergleichsstudie/.lizard-tmp-WOSzIR/code/seed-b-frontend/.angular/cache/22.1.3/seed-b-frontend/vite/deps/http-Cfp88Ns8.js","fromReadableStreamLike","fromReadableStreamLike ( readableStream )",162,164
46,19,286,0,46,"(anonymous)@170-215@/home/alex/dev/Bachelor/bmad-vergleichsstudie/.lizard-tmp-WOSzIR/code/seed-b-frontend/.angular/cache/22.1.3/seed-b-frontend/vite/deps/http-Cfp88Ns8.js","/home/alex/dev/Bachelor/bmad-vergleichsstudie/.lizard-tmp-WOSzIR/code/seed-b-frontend/.angular/cache/22.1.3/seed-b-frontend/vite/deps/http-Cfp88Ns8.js","(anonymous)","(anonymous) ( )",170,215
4,1,18,0,49,"(anonymous)@168-216@/home/alex/dev/Bachelor/bmad-vergleichsstudie/.lizard-tmp-WOSzIR/code/seed-b-frontend/.angular/cache/22.1.3/seed-b-frontend/vite/deps/http-Cfp88Ns8.js","/home/alex/dev/Bachelor/bmad-vergleichsstudie/.lizard-tmp-WOSzIR/code/seed-b-frontend/.angular/cache/22.1.3/seed-b-frontend/vite/deps/http-Cfp88Ns8.js","(anonymous)","(anonymous) ( )",168,216
5,1,32,2,53,"process@165-217@/home/alex/dev/Bachelor/bmad-vergleichsstudie/.lizard-tmp-WOSzIR/code/seed-b-frontend/.angular/cache/22.1.3/seed-b-frontend/vite/deps/http-Cfp88Ns8.js","/home/alex/dev/Bachelor/bmad-vergleichsstudie/.lizard-tmp-WOSzIR/code/seed-b-frontend/.angular/cache/22.1.3/seed-b-frontend/vite/deps/http-Cfp88Ns8.js","process","process ( asyncIterable , subscriber )",165,217
5,2,33,0,5,"(anonymous)@223-227@/home/alex/dev/Bachelor/bmad-vergleichsstudie/.lizard-tmp-WOSzIR/code/seed-b-frontend/.angular/cache/22.1.3/seed-b-frontend/vite/deps/http-Cfp88Ns8.js","/home/alex/dev/Bachelor/bmad-vergleichsstudie/.lizard-tmp-WOSzIR/code/seed-b-frontend/.angular/cache/22.1.3/seed-b-frontend/vite/deps/http-Cfp88Ns8.js","(anonymous)","(anonymous) ( )",223,227
7,4,63,5,11,"executeSchedule@220-230@/home/alex/dev/Bachelor/bmad-vergleichsstudie/.lizard-tmp-WOSzIR/code/seed-b-frontend/.angular/cache/22.1.3/seed-b-frontend/vite/deps/http-Cfp88Ns8.js","/home/alex/dev/Bachelor/bmad-vergleichsstudie/.lizard-tmp-WOSzIR/code/seed-b-frontend/.angular/cache/22.1.3/seed-b-frontend/vite/deps/http-Cfp88Ns8.js","executeSchedule","executeSchedule ( parentSubscription , scheduler , work , delay , repeat )",220,230
3,1,12,0,3,"(anonymous)@237-239@/home/alex/dev/Bachelor/bmad-vergleichsstudie/.lizard-tmp-WOSzIR/code/seed-b-frontend/.angular/cache/22.1.3/seed-b-frontend/vite/deps/http-Cfp88Ns8.js","/home/alex/dev/Bachelor/bmad-vergleichsstudie/.lizard-tmp-WOSzIR/code/seed-b-frontend/.angular/cache/22.1.3/seed-b-frontend/vite/deps/http-Cfp88Ns8.js","(anonymous)","(anonymous) ( )",237,239
3,1,18,1,5,"(anonymous)@236-240@/home/alex/dev/Bachelor/bmad-vergleichsstudie/.lizard-tmp-WOSzIR/code/seed-b-frontend/.angular/cache/22.1.3/seed-b-frontend/vite/deps/http-Cfp88Ns8.js","/home/alex/dev/Bachelor/bmad-vergleichsstudie/.lizard-tmp-WOSzIR/code/seed-b-frontend/.angular/cache/22.1.3/seed-b-frontend/vite/deps/http-Cfp88Ns8.js","(anonymous)","(anonymous) ( value )",236,240
3,1,11,0,3,"(anonymous)@241-243@/home/alex/dev/Bachelor/bmad-vergleichsstudie/.lizard-tmp-WOSzIR/code/seed-b-frontend/.angular/cache/22.1.3/seed-b-frontend/vite/deps/http-Cfp88Ns8.js","/home/alex/dev/Bachelor/bmad-vergleichsstudie/.lizard-tmp-WOSzIR/code/seed-b-frontend/.angular/cache/22.1.3/seed-b-frontend/vite/deps/http-Cfp88Ns8.js","(anonymous)","(anonymous) ( )",241,243
3,1,17,0,5,"(anonymous)@240-244@/home/alex/dev/Bachelor/bmad-vergleichsstudie/.lizard-tmp-WOSzIR/code/seed-b-frontend/.angular/cache/22.1.3/seed-b-frontend/vite/deps/http-Cfp88Ns8.js","/home/alex/dev/Bachelor/bmad-vergleichsstudie/.lizard-tmp-WOSzIR/code/seed-b-frontend/.angular/cache/22.1.3/seed-b-frontend/vite/deps/http-Cfp88Ns8.js","(anonymous)","(anonymous) ( )",240,244
3,1,12,0,3,"(anonymous)@245-247@/home/alex/dev/Bachelor/bmad-vergleichsstudie/.lizard-tmp-WOSzIR/code/seed-b-frontend/.angular/cache/22.1.3/seed-b-frontend/vite/deps/http-Cfp88Ns8.js","/home/alex/dev/Bachelor/bmad-vergleichsstudie/.lizard-tmp-WOSzIR/code/seed-b-frontend/.angular/cache/22.1.3/seed-b-frontend/vite/deps/http-Cfp88Ns8.js","(anonymous)","(anonymous) ( )",245,247
3,1,18,1,5,"(anonymous)@244-248@/home/alex/dev/Bachelor/bmad-vergleichsstudie/.lizard-tmp-WOSzIR/code/seed-b-frontend/.angular/cache/22.1.3/seed-b-frontend/vite/deps/http-Cfp88Ns8.js","/home/alex/dev/Bachelor/bmad-vergleichsstudie/.lizard-tmp-WOSzIR/code/seed-b-frontend/.angular/cache/22.1.3/seed-b-frontend/vite/deps/http-Cfp88Ns8.js","(anonymous)","(anonymous) ( err )",244,248
3,1,26,2,15,"(anonymous)@235-249@/home/alex/dev/Bachelor/bmad-vergleichsstudie/.lizard-tmp-WOSzIR/code/seed-b-frontend/.angular/cache/22.1.3/seed-b-frontend/vite/deps/http-Cfp88Ns8.js","/home/alex/dev/Bachelor/bmad-vergleichsstudie/.lizard-tmp-WOSzIR/code/seed-b-frontend/.angular/cache/22.1.3/seed-b-frontend/vite/deps/http-Cfp88Ns8.js","(anonymous)","(anonymous) ( source , subscriber )",235,249
4,2,25,2,18,"observeOn@233-250@/home/alex/dev/Bachelor/bmad-vergleichsstudie/.lizard-tmp-WOSzIR/code/seed-b-frontend/.angular/cache/22.1.3/seed-b-frontend/vite/deps/http-Cfp88Ns8.js","/home/alex/dev/Bachelor/bmad-vergleichsstudie/.lizard-tmp-WOSzIR/code/seed-b-frontend/.angular/cache/22.1.3/seed-b-frontend/vite/deps/http-Cfp88Ns8.js","observeOn","observeOn ( scheduler , delay )",233,250
3,1,12,0,3,"(anonymous)@256-258@/home/alex/dev/Bachelor/bmad-vergleichsstudie/.lizard-tmp-WOSzIR/code/seed-b-frontend/.angular/cache/22.1.3/seed-b-frontend/vite/deps/http-Cfp88Ns8.js","/home/alex/dev/Bachelor/bmad-vergleichsstudie/.lizard-tmp-WOSzIR/code/seed-b-frontend/.angular/cache/22.1.3/seed-b-frontend/vite/deps/http-Cfp88Ns8.js","(anonymous)","(anonymous) ( )",256,258
3,1,22,2,5,"(anonymous)@255-259@/home/alex/dev/Bachelor/bmad-vergleichsstudie/.lizard-tmp-WOSzIR/code/seed-b-frontend/.angular/cache/22.1.3/seed-b-frontend/vite/deps/http-Cfp88Ns8.js","/home/alex/dev/Bachelor/bmad-vergleichsstudie/.lizard-tmp-WOSzIR/code/seed-b-frontend/.angular/cache/22.1.3/seed-b-frontend/vite/deps/http-Cfp88Ns8.js","(anonymous)","(anonymous) ( source , subscriber )",255,259
4,2,25,2,8,"subscribeOn@253-260@/home/alex/dev/Bachelor/bmad-vergleichsstudie/.lizard-tmp-WOSzIR/code/seed-b-frontend/.angular/cache/22.1.3/seed-b-frontend/vite/deps/http-Cfp88Ns8.js","/home/alex/dev/Bachelor/bmad-vergleichsstudie/.lizard-tmp-WOSzIR/code/seed-b-frontend/.angular/cache/22.1.3/seed-b-frontend/vite/deps/http-Cfp88Ns8.js","subscribeOn","subscribeOn ( scheduler , delay )",253,260
3,1,26,2,3,"scheduleObservable@263-265@/home/alex/dev/Bachelor/bmad-vergleichsstudie/.lizard-tmp-WOSzIR/code/seed-b-frontend/.angular/cache/22.1.3/seed-b-frontend/vite/deps/http-Cfp88Ns8.js","/home/alex/dev/Bachelor/bmad-vergleichsstudie/.lizard-tmp-WOSzIR/code/seed-b-frontend/.angular/cache/22.1.3/seed-b-frontend/vite/deps/http-Cfp88Ns8.js","scheduleObservable","scheduleObservable ( input , scheduler )",263,265
3,1,26,2,3,"schedulePromise@268-270@/home/alex/dev/Bachelor/bmad-vergleichsstudie/.lizard-tmp-WOSzIR/code/seed-b-frontend/.angular/cache/22.1.3/seed-b-frontend/vite/deps/http-Cfp88Ns8.js","/home/alex/dev/Bachelor/bmad-vergleichsstudie/.lizard-tmp-WOSzIR/code/seed-b-frontend/.angular/cache/22.1.3/seed-b-frontend/vite/deps/http-Cfp88Ns8.js","schedulePromise","schedulePromise ( input , scheduler )",268,270
7,3,45,0,7,"(anonymous)@276-282@/home/alex/dev/Bachelor/bmad-vergleichsstudie/.lizard-tmp-WOSzIR/code/seed-b-frontend/.angular/cache/22.1.3/seed-b-frontend/vite/deps/http-Cfp88Ns8.js","/home/alex/dev/Bachelor/bmad-vergleichsstudie/.lizard-tmp-WOSzIR/code/seed-b-frontend/.angular/cache/22.1.3/seed-b-frontend/vite/deps/http-Cfp88Ns8.js","(anonymous)","(anonymous) ( )",276,282
4,1,19,1,10,"(anonymous)@274-283@/home/alex/dev/Bachelor/bmad-vergleichsstudie/.lizard-tmp-WOSzIR/code/seed-b-frontend/.angular/cache/22.1.3/seed-b-frontend/vite/deps/http-Cfp88Ns8.js","/home/alex/dev/Bachelor/bmad-vergleichsstudie/.lizard-tmp-WOSzIR/code/seed-b-frontend/.angular/cache/22.1.3/seed-b-frontend/vite/deps/http-Cfp88Ns8.js","(anonymous)","(anonymous) ( subscriber )",274,283
3,1,15,2,12,"scheduleArray@273-284@/home/alex/dev/Bachelor/bmad-vergleichsstudie/.lizard-tmp-WOSzIR/code/seed-b-frontend/.angular/cache/22.1.3/seed-b-frontend/vite/deps/http-Cfp88Ns8.js","/home/alex/dev/Bachelor/bmad-vergleichsstudie/.lizard-tmp-WOSzIR/code/seed-b-frontend/.angular/cache/22.1.3/seed-b-frontend/vite/deps/http-Cfp88Ns8.js","scheduleArray","scheduleArray ( input , scheduler )",273,284
13,3,70,0,13,"(anonymous)@292-304@/home/alex/dev/Bachelor/bmad-vergleichsstudie/.lizard-tmp-WOSzIR/code/seed-b-frontend/.angular/cache/22.1.3/seed-b-frontend/vite/deps/http-Cfp88Ns8.js","/home/alex/dev/Bachelor/bmad-vergleichsstudie/.lizard-tmp-WOSzIR/code/seed-b-frontend/.angular/cache/22.1.3/seed-b-frontend/vite/deps/http-Cfp88Ns8.js","(anonymous)","(anonymous) ( )",292,304
4,1,28,0,16,"(anonymous)@290-305@/home/alex/dev/Bachelor/bmad-vergleichsstudie/.lizard-tmp-WOSzIR/code/seed-b-frontend/.angular/cache/22.1.3/seed-b-frontend/vite/deps/http-Cfp88Ns8.js","/home/alex/dev/Bachelor/bmad-vergleichsstudie/.lizard-tmp-WOSzIR/code/seed-b-frontend/.angular/cache/22.1.3/seed-b-frontend/vite/deps/http-Cfp88Ns8.js","(anonymous)","(anonymous) ( )",290,305
3,4,34,0,3,"(anonymous)@306-308@/home/alex/dev/Bachelor/bmad-vergleichsstudie/.lizard-tmp-WOSzIR/code/seed-b-frontend/.angular/cache/22.1.3/seed-b-frontend/vite/deps/http-Cfp88Ns8.js","/home/alex/dev/Bachelor/bmad-vergleichsstudie/.lizard-tmp-WOSzIR/code/seed-b-frontend/.angular/cache/22.1.3/seed-b-frontend/vite/deps/http-Cfp88Ns8.js","(anonymous)","(anonymous) ( )",306,308
5,1,23,1,22,"(anonymous)@288-309@/home/alex/dev/Bachelor/bmad-vergleichsstudie/.lizard-tmp-WOSzIR/code/seed-b-frontend/.angular/cache/22.1.3/seed-b-frontend/vite/deps/http-Cfp88Ns8.js","/home/alex/dev/Bachelor/bmad-vergleichsstudie/.lizard-tmp-WOSzIR/code/seed-b-frontend/.angular/cache/22.1.3/seed-b-frontend/vite/deps/http-Cfp88Ns8.js","(anonymous)","(anonymous) ( subscriber )",288,309
3,1,15,2,24,"scheduleIterable@287-310@/home/alex/dev/Bachelor/bmad-vergleichsstudie/.lizard-tmp-WOSzIR/code/seed-b-frontend/.angular/cache/22.1.3/seed-b-frontend/vite/deps/http-Cfp88Ns8.js","/home/alex/dev/Bachelor/bmad-vergleichsstudie/.lizard-tmp-WOSzIR/code/seed-b-frontend/.angular/cache/22.1.3/seed-b-frontend/vite/deps/http-Cfp88Ns8.js","scheduleIterable","scheduleIterable ( input , scheduler )",287,310
4,2,27,1,4,"(anonymous)@319-322@/home/alex/dev/Bachelor/bmad-vergleichsstudie/.lizard-tmp-WOSzIR/code/seed-b-frontend/.angular/cache/22.1.3/seed-b-frontend/vite/deps/http-Cfp88Ns8.js","/home/alex/dev/Bachelor/bmad-vergleichsstudie/.lizard-tmp-WOSzIR/code/seed-b-frontend/.angular/cache/22.1.3/seed-b-frontend/vite/deps/http-Cfp88Ns8.js","(anonymous)","(anonymous) ( result )",319,322
3,1,16,0,6,"(anonymous)@318-323@/home/alex/dev/Bachelor/bmad-vergleichsstudie/.lizard-tmp-WOSzIR/code/seed-b-frontend/.angular/cache/22.1.3/seed-b-frontend/vite/deps/http-Cfp88Ns8.js","/home/alex/dev/Bachelor/bmad-vergleichsstudie/.lizard-tmp-WOSzIR/code/seed-b-frontend/.angular/cache/22.1.3/seed-b-frontend/vite/deps/http-Cfp88Ns8.js","(anonymous)","(anonymous) ( )",318,323
4,1,30,0,9,"(anonymous)@316-324@/home/alex/dev/Bachelor/bmad-vergleichsstudie/.lizard-tmp-WOSzIR/code/seed-b-frontend/.angular/cache/22.1.3/seed-b-frontend/vite/deps/http-Cfp88Ns8.js","/home/alex/dev/Bachelor/bmad-vergleichsstudie/.lizard-tmp-WOSzIR/code/seed-b-frontend/.angular/cache/22.1.3/seed-b-frontend/vite/deps/http-Cfp88Ns8.js","(anonymous)","(anonymous) ( )",316,324
3,1,15,1,11,"(anonymous)@315-325@/home/alex/dev/Bachelor/bmad-vergleichsstudie/.lizard-tmp-WOSzIR/code/seed-b-frontend/.angular/cache/22.1.3/seed-b-frontend/vite/deps/http-Cfp88Ns8.js","/home/alex/dev/Bachelor/bmad-vergleichsstudie/.lizard-tmp-WOSzIR/code/seed-b-frontend/.angular/cache/22.1.3/seed-b-frontend/vite/deps/http-Cfp88Ns8.js","(anonymous)","(anonymous) ( subscriber )",315,325
4,2,27,2,14,"scheduleAsyncIterable@313-326@/home/alex/dev/Bachelor/bmad-vergleichsstudie/.lizard-tmp-WOSzIR/code/seed-b-frontend/.angular/cache/22.1.3/seed-b-frontend/vite/deps/http-Cfp88Ns8.js","/home/alex/dev/Bachelor/bmad-vergleichsstudie/.lizard-tmp-WOSzIR/code/seed-b-frontend/.angular/cache/22.1.3/seed-b-frontend/vite/deps/http-Cfp88Ns8.js","scheduleAsyncIterable","scheduleAsyncIterable ( input , scheduler )",313,326
3,1,18,2,3,"scheduleReadableStreamLike@329-331@/home/alex/dev/Bachelor/bmad-vergleichsstudie/.lizard-tmp-WOSzIR/code/seed-b-frontend/.angular/cache/22.1.3/seed-b-frontend/vite/deps/http-Cfp88Ns8.js","/home/alex/dev/Bachelor/bmad-vergleichsstudie/.lizard-tmp-WOSzIR/code/seed-b-frontend/.angular/cache/22.1.3/seed-b-frontend/vite/deps/http-Cfp88Ns8.js","scheduleReadableStreamLike","scheduleReadableStreamLike ( input , scheduler )",329,331
11,8,111,2,11,"scheduled@334-344@/home/alex/dev/Bachelor/bmad-vergleichsstudie/.lizard-tmp-WOSzIR/code/seed-b-frontend/.angular/cache/22.1.3/seed-b-frontend/vite/deps/http-Cfp88Ns8.js","/home/alex/dev/Bachelor/bmad-vergleichsstudie/.lizard-tmp-WOSzIR/code/seed-b-frontend/.angular/cache/22.1.3/seed-b-frontend/vite/deps/http-Cfp88Ns8.js","scheduled","scheduled ( input , scheduler )",334,344
3,2,22,2,3,"from@347-349@/home/alex/dev/Bachelor/bmad-vergleichsstudie/.lizard-tmp-WOSzIR/code/seed-b-frontend/.angular/cache/22.1.3/seed-b-frontend/vite/deps/http-Cfp88Ns8.js","/home/alex/dev/Bachelor/bmad-vergleichsstudie/.lizard-tmp-WOSzIR/code/seed-b-frontend/.angular/cache/22.1.3/seed-b-frontend/vite/deps/http-Cfp88Ns8.js","from","from ( input , scheduler )",347,349
5,2,47,0,5,"of@352-356@/home/alex/dev/Bachelor/bmad-vergleichsstudie/.lizard-tmp-WOSzIR/code/seed-b-frontend/.angular/cache/22.1.3/seed-b-frontend/vite/deps/http-Cfp88Ns8.js","/home/alex/dev/Bachelor/bmad-vergleichsstudie/.lizard-tmp-WOSzIR/code/seed-b-frontend/.angular/cache/22.1.3/seed-b-frontend/vite/deps/http-Cfp88Ns8.js","of","of ( )",352,356
3,4,22,0,3,"checkComplete@364-366@/home/alex/dev/Bachelor/bmad-vergleichsstudie/.lizard-tmp-WOSzIR/code/seed-b-frontend/.angular/cache/22.1.3/seed-b-frontend/vite/deps/http-Cfp88Ns8.js","/home/alex/dev/Bachelor/bmad-vergleichsstudie/.lizard-tmp-WOSzIR/code/seed-b-frontend/.angular/cache/22.1.3/seed-b-frontend/vite/deps/http-Cfp88Ns8.js","checkComplete","checkComplete ( )",364,366
3,2,22,1,3,"outerNext@367-369@/home/alex/dev/Bachelor/bmad-vergleichsstudie/.lizard-tmp-WOSzIR/code/seed-b-frontend/.angular/cache/22.1.3/seed-b-frontend/vite/deps/http-Cfp88Ns8.js","/home/alex/dev/Bachelor/bmad-vergleichsstudie/.lizard-tmp-WOSzIR/code/seed-b-frontend/.angular/cache/22.1.3/seed-b-frontend/vite/deps/http-Cfp88Ns8.js","outerNext","outerNext ( value )",367,369
5,4,36,1,5,"(anonymous)@374-378@/home/alex/dev/Bachelor/bmad-vergleichsstudie/.lizard-tmp-WOSzIR/code/seed-b-frontend/.angular/cache/22.1.3/seed-b-frontend/vite/deps/http-Cfp88Ns8.js","/home/alex/dev/Bachelor/bmad-vergleichsstudie/.lizard-tmp-WOSzIR/code/seed-b-frontend/.angular/cache/22.1.3/seed-b-frontend/vite/deps/http-Cfp88Ns8.js","(anonymous)","(anonymous) ( innerValue )",374,378
3,1,8,0,3,"(anonymous)@378-380@/home/alex/dev/Bachelor/bmad-vergleichsstudie/.lizard-tmp-WOSzIR/code/seed-b-frontend/.angular/cache/22.1.3/seed-b-frontend/vite/deps/http-Cfp88Ns8.js","/home/alex/dev/Bachelor/bmad-vergleichsstudie/.lizard-tmp-WOSzIR/code/seed-b-frontend/.angular/cache/22.1.3/seed-b-frontend/vite/deps/http-Cfp88Ns8.js","(anonymous)","(anonymous) ( )",378,380
3,1,10,0,3,"(anonymous)@385-387@/home/alex/dev/Bachelor/bmad-vergleichsstudie/.lizard-tmp-WOSzIR/code/seed-b-frontend/.angular/cache/22.1.3/seed-b-frontend/vite/deps/http-Cfp88Ns8.js","/home/alex/dev/Bachelor/bmad-vergleichsstudie/.lizard-tmp-WOSzIR/code/seed-b-frontend/.angular/cache/22.1.3/seed-b-frontend/vite/deps/http-Cfp88Ns8.js","(anonymous)","(anonymous) ( )",385,387
5,2,33,0,7,"_loop_1@383-389@/home/alex/dev/Bachelor/bmad-vergleichsstudie/.lizard-tmp-WOSzIR/code/seed-b-frontend/.angular/cache/22.1.3/seed-b-frontend/vite/deps/http-Cfp88Ns8.js","/home/alex/dev/Bachelor/bmad-vergleichsstudie/.lizard-tmp-WOSzIR/code/seed-b-frontend/.angular/cache/22.1.3/seed-b-frontend/vite/deps/http-Cfp88Ns8.js","_loop_1","_loop_1 ( )",383,389
10,5,51,0,16,"(anonymous)@380-395@/home/alex/dev/Bachelor/bmad-vergleichsstudie/.lizard-tmp-WOSzIR/code/seed-b-frontend/.angular/cache/22.1.3/seed-b-frontend/vite/deps/http-Cfp88Ns8.js","/home/alex/dev/Bachelor/bmad-vergleichsstudie/.lizard-tmp-WOSzIR/code/seed-b-frontend/.angular/cache/22.1.3/seed-b-frontend/vite/deps/http-Cfp88Ns8.js","(anonymous)","(anonymous) ( )",380,395
6,2,53,1,27,"doInnerSub@370-396@/home/alex/dev/Bachelor/bmad-vergleichsstudie/.lizard-tmp-WOSzIR/code/seed-b-frontend/.angular/cache/22.1.3/seed-b-frontend/vite/deps/http-Cfp88Ns8.js","/home/alex/dev/Bachelor/bmad-vergleichsstudie/.lizard-tmp-WOSzIR/code/seed-b-frontend/.angular/cache/22.1.3/seed-b-frontend/vite/deps/http-Cfp88Ns8.js","doInnerSub","doInnerSub ( value )",370,396
4,1,12,0,4,"(anonymous)@397-400@/home/alex/dev/Bachelor/bmad-vergleichsstudie/.lizard-tmp-WOSzIR/code/seed-b-frontend/.angular/cache/22.1.3/seed-b-frontend/vite/deps/http-Cfp88Ns8.js","/home/alex/dev/Bachelor/bmad-vergleichsstudie/.lizard-tmp-WOSzIR/code/seed-b-frontend/.angular/cache/22.1.3/seed-b-frontend/vite/deps/http-Cfp88Ns8.js","(anonymous)","(anonymous) ( )",397,400
3,3,17,0,3,"(anonymous)@401-403@/home/alex/dev/Bachelor/bmad-vergleichsstudie/.lizard-tmp-WOSzIR/code/seed-b-frontend/.angular/cache/22.1.3/seed-b-frontend/vite/deps/http-Cfp88Ns8.js","/home/alex/dev/Bachelor/bmad-vergleichsstudie/.lizard-tmp-WOSzIR/code/seed-b-frontend/.angular/cache/22.1.3/seed-b-frontend/vite/deps/http-Cfp88Ns8.js","(anonymous)","(anonymous) ( )",401,403
11,1,77,8,46,"mergeInternals@359-404@/home/alex/dev/Bachelor/bmad-vergleichsstudie/.lizard-tmp-WOSzIR/code/seed-b-frontend/.angular/cache/22.1.3/seed-b-frontend/vite/deps/http-Cfp88Ns8.js","/home/alex/dev/Bachelor/bmad-vergleichsstudie/.lizard-tmp-WOSzIR/code/seed-b-frontend/.angular/cache/22.1.3/seed-b-frontend/vite/deps/http-Cfp88Ns8.js","mergeInternals","mergeInternals ( source , subscriber , project , concurrent , onBeforeNext , expand , innerSubScheduler , additionalFinalizer )",359,404
3,1,19,2,3,"(anonymous)@410-412@/home/alex/dev/Bachelor/bmad-vergleichsstudie/.lizard-tmp-WOSzIR/code/seed-b-frontend/.angular/cache/22.1.3/seed-b-frontend/vite/deps/http-Cfp88Ns8.js","/home/alex/dev/Bachelor/bmad-vergleichsstudie/.lizard-tmp-WOSzIR/code/seed-b-frontend/.angular/cache/22.1.3/seed-b-frontend/vite/deps/http-Cfp88Ns8.js","(anonymous)","(anonymous) ( b , ii )",410,412
3,1,25,2,5,"(anonymous)@409-413@/home/alex/dev/Bachelor/bmad-vergleichsstudie/.lizard-tmp-WOSzIR/code/seed-b-frontend/.angular/cache/22.1.3/seed-b-frontend/vite/deps/http-Cfp88Ns8.js","/home/alex/dev/Bachelor/bmad-vergleichsstudie/.lizard-tmp-WOSzIR/code/seed-b-frontend/.angular/cache/22.1.3/seed-b-frontend/vite/deps/http-Cfp88Ns8.js","(anonymous)","(anonymous) ( a , i )",409,413
3,1,19,2,3,"(anonymous)@415-417@/home/alex/dev/Bachelor/bmad-vergleichsstudie/.lizard-tmp-WOSzIR/code/seed-b-frontend/.angular/cache/22.1.3/seed-b-frontend/vite/deps/http-Cfp88Ns8.js","/home/alex/dev/Bachelor/bmad-vergleichsstudie/.lizard-tmp-WOSzIR/code/seed-b-frontend/.angular/cache/22.1.3/seed-b-frontend/vite/deps/http-Cfp88Ns8.js","(anonymous)","(anonymous) ( source , subscriber )",415,417
6,4,55,3,12,"mergeMap@407-418@/home/alex/dev/Bachelor/bmad-vergleichsstudie/.lizard-tmp-WOSzIR/code/seed-b-frontend/.angular/cache/22.1.3/seed-b-frontend/vite/deps/http-Cfp88Ns8.js","/home/alex/dev/Bachelor/bmad-vergleichsstudie/.lizard-tmp-WOSzIR/code/seed-b-frontend/.angular/cache/22.1.3/seed-b-frontend/vite/deps/http-Cfp88Ns8.js","mergeMap","mergeMap ( project , resultSelector , concurrent )",407,418
3,2,25,1,3,"(anonymous)@424-426@/home/alex/dev/Bachelor/bmad-vergleichsstudie/.lizard-tmp-WOSzIR/code/seed-b-frontend/.angular/cache/22.1.3/seed-b-frontend/vite/deps/http-Cfp88Ns8.js","/home/alex/dev/Bachelor/bmad-vergleichsstudie/.lizard-tmp-WOSzIR/code/seed-b-frontend/.angular/cache/22.1.3/seed-b-frontend/vite/deps/http-Cfp88Ns8.js","(anonymous)","(anonymous) ( value )",424,426
4,1,25,2,6,"(anonymous)@422-427@/home/alex/dev/Bachelor/bmad-vergleichsstudie/.lizard-tmp-WOSzIR/code/seed-b-frontend/.angular/cache/22.1.3/seed-b-frontend/vite/deps/http-Cfp88Ns8.js","/home/alex/dev/Bachelor/bmad-vergleichsstudie/.lizard-tmp-WOSzIR/code/seed-b-frontend/.angular/cache/22.1.3/seed-b-frontend/vite/deps/http-Cfp88Ns8.js","(anonymous)","(anonymous) ( source , subscriber )",422,427
3,1,14,2,8,"filter@421-428@/home/alex/dev/Bachelor/bmad-vergleichsstudie/.lizard-tmp-WOSzIR/code/seed-b-frontend/.angular/cache/22.1.3/seed-b-frontend/vite/deps/http-Cfp88Ns8.js","/home/alex/dev/Bachelor/bmad-vergleichsstudie/.lizard-tmp-WOSzIR/code/seed-b-frontend/.angular/cache/22.1.3/seed-b-frontend/vite/deps/http-Cfp88Ns8.js","filter","filter ( predicate , thisArg )",421,428
3,2,29,2,3,"concatMap@431-433@/home/alex/dev/Bachelor/bmad-vergleichsstudie/.lizard-tmp-WOSzIR/code/seed-b-frontend/.angular/cache/22.1.3/seed-b-frontend/vite/deps/http-Cfp88Ns8.js","/home/alex/dev/Bachelor/bmad-vergleichsstudie/.lizard-tmp-WOSzIR/code/seed-b-frontend/.angular/cache/22.1.3/seed-b-frontend/vite/deps/http-Cfp88Ns8.js","concatMap","concatMap ( project , resultSelector )",431,433
7,1,27,2,7,"(anonymous)@437-443@/home/alex/dev/Bachelor/bmad-vergleichsstudie/.lizard-tmp-WOSzIR/code/seed-b-frontend/.angular/cache/22.1.3/seed-b-frontend/vite/deps/http-Cfp88Ns8.js","/home/alex/dev/Bachelor/bmad-vergleichsstudie/.lizard-tmp-WOSzIR/code/seed-b-frontend/.angular/cache/22.1.3/seed-b-frontend/vite/deps/http-Cfp88Ns8.js","(anonymous)","(anonymous) ( source , subscriber )",437,443
3,1,12,1,9,"finalize@436-444@/home/alex/dev/Bachelor/bmad-vergleichsstudie/.lizard-tmp-WOSzIR/code/seed-b-frontend/.angular/cache/22.1.3/seed-b-frontend/vite/deps/http-Cfp88Ns8.js","/home/alex/dev/Bachelor/bmad-vergleichsstudie/.lizard-tmp-WOSzIR/code/seed-b-frontend/.angular/cache/22.1.3/seed-b-frontend/vite/deps/http-Cfp88Ns8.js","finalize","finalize ( callback )",436,444
3,3,16,0,3,"checkComplete@452-454@/home/alex/dev/Bachelor/bmad-vergleichsstudie/.lizard-tmp-WOSzIR/code/seed-b-frontend/.angular/cache/22.1.3/seed-b-frontend/vite/deps/http-Cfp88Ns8.js","/home/alex/dev/Bachelor/bmad-vergleichsstudie/.lizard-tmp-WOSzIR/code/seed-b-frontend/.angular/cache/22.1.3/seed-b-frontend/vite/deps/http-Cfp88Ns8.js","checkComplete","checkComplete ( )",452,454
3,2,27,1,3,"(anonymous)@459-461@/home/alex/dev/Bachelor/bmad-vergleichsstudie/.lizard-tmp-WOSzIR/code/seed-b-frontend/.angular/cache/22.1.3/seed-b-frontend/vite/deps/http-Cfp88Ns8.js","/home/alex/dev/Bachelor/bmad-vergleichsstudie/.lizard-tmp-WOSzIR/code/seed-b-frontend/.angular/cache/22.1.3/seed-b-frontend/vite/deps/http-Cfp88Ns8.js","(anonymous)","(anonymous) ( innerValue )",459,461
4,1,12,0,4,"(anonymous)@461-464@/home/alex/dev/Bachelor/bmad-vergleichsstudie/.lizard-tmp-WOSzIR/code/seed-b-frontend/.angular/cache/22.1.3/seed-b-frontend/vite/deps/http-Cfp88Ns8.js","/home/alex/dev/Bachelor/bmad-vergleichsstudie/.lizard-tmp-WOSzIR/code/seed-b-frontend/.angular/cache/22.1.3/seed-b-frontend/vite/deps/http-Cfp88Ns8.js","(anonymous)","(anonymous) ( )",461,464
6,3,57,1,11,"(anonymous)@455-465@/home/alex/dev/Bachelor/bmad-vergleichsstudie/.lizard-tmp-WOSzIR/code/seed-b-frontend/.angular/cache/22.1.3/seed-b-frontend/vite/deps/http-Cfp88Ns8.js","/home/alex/dev/Bachelor/bmad-vergleichsstudie/.lizard-tmp-WOSzIR/code/seed-b-frontend/.angular/cache/22.1.3/seed-b-frontend/vite/deps/http-Cfp88Ns8.js","(anonymous)","(anonymous) ( value )",455,465
4,1,12,0,4,"(anonymous)@465-468@/home/alex/dev/Bachelor/bmad-vergleichsstudie/.lizard-tmp-WOSzIR/code/seed-b-frontend/.angular/cache/22.1.3/seed-b-frontend/vite/deps/http-Cfp88Ns8.js","/home/alex/dev/Bachelor/bmad-vergleichsstudie/.lizard-tmp-WOSzIR/code/seed-b-frontend/.angular/cache/22.1.3/seed-b-frontend/vite/deps/http-Cfp88Ns8.js","(anonymous)","(anonymous) ( )",465,468
7,1,44,2,22,"(anonymous)@448-469@/home/alex/dev/Bachelor/bmad-vergleichsstudie/.lizard-tmp-WOSzIR/code/seed-b-frontend/.angular/cache/22.1.3/seed-b-frontend/vite/deps/http-Cfp88Ns8.js","/home/alex/dev/Bachelor/bmad-vergleichsstudie/.lizard-tmp-WOSzIR/code/seed-b-frontend/.angular/cache/22.1.3/seed-b-frontend/vite/deps/http-Cfp88Ns8.js","(anonymous)","(anonymous) ( source , subscriber )",448,469
3,1,14,2,24,"switchMap@447-470@/home/alex/dev/Bachelor/bmad-vergleichsstudie/.lizard-tmp-WOSzIR/code/seed-b-frontend/.angular/cache/22.1.3/seed-b-frontend/vite/deps/http-Cfp88Ns8.js","/home/alex/dev/Bachelor/bmad-vergleichsstudie/.lizard-tmp-WOSzIR/code/seed-b-frontend/.angular/cache/22.1.3/seed-b-frontend/vite/deps/http-Cfp88Ns8.js","switchMap","switchMap ( project , resultSelector )",447,470
15,8,150,2,15,"parseCookieValue@478-492@/home/alex/dev/Bachelor/bmad-vergleichsstudie/.lizard-tmp-WOSzIR/code/seed-b-frontend/.angular/cache/22.1.3/seed-b-frontend/vite/deps/http-Cfp88Ns8.js","/home/alex/dev/Bachelor/bmad-vergleichsstudie/.lizard-tmp-WOSzIR/code/seed-b-frontend/.angular/cache/22.1.3/seed-b-frontend/vite/deps/http-Cfp88Ns8.js","parseCookieValue","parseCookieValue ( cookieStr , name )",478,492
3,1,10,0,3,"build@494-496@/home/alex/dev/Bachelor/bmad-vergleichsstudie/.lizard-tmp-WOSzIR/code/seed-b-frontend/.angular/cache/22.1.3/seed-b-frontend/vite/deps/http-Cfp88Ns8.js","/home/alex/dev/Bachelor/bmad-vergleichsstudie/.lizard-tmp-WOSzIR/code/seed-b-frontend/.angular/cache/22.1.3/seed-b-frontend/vite/deps/http-Cfp88Ns8.js","build","build ( )",494,496
3,2,15,0,3,"BrowserXhr_Factory@497-499@/home/alex/dev/Bachelor/bmad-vergleichsstudie/.lizard-tmp-WOSzIR/code/seed-b-frontend/.angular/cache/22.1.3/seed-b-frontend/vite/deps/http-Cfp88Ns8.js","/home/alex/dev/Bachelor/bmad-vergleichsstudie/.lizard-tmp-WOSzIR/code/seed-b-frontend/.angular/cache/22.1.3/seed-b-frontend/vite/deps/http-Cfp88Ns8.js","BrowserXhr_Factory","BrowserXhr_Factory ( )",497,499
3,3,28,0,3,"(anonymous)@505-507@/home/alex/dev/Bachelor/bmad-vergleichsstudie/.lizard-tmp-WOSzIR/code/seed-b-frontend/.angular/cache/22.1.3/seed-b-frontend/vite/deps/http-Cfp88Ns8.js","/home/alex/dev/Bachelor/bmad-vergleichsstudie/.lizard-tmp-WOSzIR/code/seed-b-frontend/.angular/cache/22.1.3/seed-b-frontend/vite/deps/http-Cfp88Ns8.js","(anonymous)","(anonymous)",505,507
3,2,15,0,3,"XhrFactory_Factory@509-511@/home/alex/dev/Bachelor/bmad-vergleichsstudie/.lizard-tmp-WOSzIR/code/seed-b-frontend/.angular/cache/22.1.3/seed-b-frontend/vite/deps/http-Cfp88Ns8.js","/home/alex/dev/Bachelor/bmad-vergleichsstudie/.lizard-tmp-WOSzIR/code/seed-b-frontend/.angular/cache/22.1.3/seed-b-frontend/vite/deps/http-Cfp88Ns8.js","XhrFactory_Factory","XhrFactory_Factory ( )",509,511
8,3,46,2,8,"ɵɵdefineInjectable@512-519@/home/alex/dev/Bachelor/bmad-vergleichsstudie/.lizard-tmp-WOSzIR/code/seed-b-frontend/.angular/cache/22.1.3/seed-b-frontend/vite/deps/http-Cfp88Ns8.js","/home/alex/dev/Bachelor/bmad-vergleichsstudie/.lizard-tmp-WOSzIR/code/seed-b-frontend/.angular/cache/22.1.3/seed-b-frontend/vite/deps/http-Cfp88Ns8.js","ɵɵdefineInjectable","ɵɵdefineInjectable ( token XhrFactory , factory function XhrFactory_Factory ( )",512,519
9,3,42,0,9,"(anonymous)@523-531@/home/alex/dev/Bachelor/bmad-vergleichsstudie/.lizard-tmp-WOSzIR/code/seed-b-frontend/.angular/cache/22.1.3/seed-b-frontend/vite/deps/http-Cfp88Ns8.js","/home/alex/dev/Bachelor/bmad-vergleichsstudie/.lizard-tmp-WOSzIR/code/seed-b-frontend/.angular/cache/22.1.3/seed-b-frontend/vite/deps/http-Cfp88Ns8.js","(anonymous)","(anonymous)",523,531
3,1,7,0,3,"getDOM@540-542@/home/alex/dev/Bachelor/bmad-vergleichsstudie/.lizard-tmp-WOSzIR/code/seed-b-frontend/.angular/cache/22.1.3/seed-b-frontend/vite/deps/http-Cfp88Ns8.js","/home/alex/dev/Bachelor/bmad-vergleichsstudie/.lizard-tmp-WOSzIR/code/seed-b-frontend/.angular/cache/22.1.3/seed-b-frontend/vite/deps/http-Cfp88Ns8.js","getDOM","getDOM ( )",540,542
3,3,11,1,3,"setRootDomAdapter@543-545@/home/alex/dev/Bachelor/bmad-vergleichsstudie/.lizard-tmp-WOSzIR/code/seed-b-frontend/.angular/cache/22.1.3/seed-b-frontend/vite/deps/http-Cfp88Ns8.js","/home/alex/dev/Bachelor/bmad-vergleichsstudie/.lizard-tmp-WOSzIR/code/seed-b-frontend/.angular/cache/22.1.3/seed-b-frontend/vite/deps/http-Cfp88Ns8.js","setRootDomAdapter","setRootDomAdapter ( adapter )",543,545
3,2,16,1,3,"historyGo@548-550@/home/alex/dev/Bachelor/bmad-vergleichsstudie/.lizard-tmp-WOSzIR/code/seed-b-frontend/.angular/cache/22.1.3/seed-b-frontend/vite/deps/http-Cfp88Ns8.js","/home/alex/dev/Bachelor/bmad-vergleichsstudie/.lizard-tmp-WOSzIR/code/seed-b-frontend/.angular/cache/22.1.3/seed-b-frontend/vite/deps/http-Cfp88Ns8.js","historyGo","historyGo ( relativePosition )",548,550
3,2,15,0,3,"PlatformLocation_Factory@551-553@/home/alex/dev/Bachelor/bmad-vergleichsstudie/.lizard-tmp-WOSzIR/code/seed-b-frontend/.angular/cache/22.1.3/seed-b-frontend/vite/deps/http-Cfp88Ns8.js","/home/alex/dev/Bachelor/bmad-vergleichsstudie/.lizard-tmp-WOSzIR/code/seed-b-frontend/.angular/cache/22.1.3/seed-b-frontend/vite/deps/http-Cfp88Ns8.js","PlatformLocation_Factory","PlatformLocation_Factory ( )",551,553
9,3,48,0,9,"(anonymous)@560-568@/home/alex/dev/Bachelor/bmad-vergleichsstudie/.lizard-tmp-WOSzIR/code/seed-b-frontend/.angular/cache/22.1.3/seed-b-frontend/vite/deps/http-Cfp88Ns8.js","/home/alex/dev/Bachelor/bmad-vergleichsstudie/.lizard-tmp-WOSzIR/code/seed-b-frontend/.angular/cache/22.1.3/seed-b-frontend/vite/deps/http-Cfp88Ns8.js","(anonymous)","(anonymous)",560,568
5,1,24,0,5,"constructor@574-578@/home/alex/dev/Bachelor/bmad-vergleichsstudie/.lizard-tmp-WOSzIR/code/seed-b-frontend/.angular/cache/22.1.3/seed-b-frontend/vite/deps/http-Cfp88Ns8.js","/home/alex/dev/Bachelor/bmad-vergleichsstudie/.lizard-tmp-WOSzIR/code/seed-b-frontend/.angular/cache/22.1.3/seed-b-frontend/vite/deps/http-Cfp88Ns8.js","constructor","constructor ( )",574,578
3,1,16,0,3,"getBaseHrefFromDOM@579-581@/home/alex/dev/Bachelor/bmad-vergleichsstudie/.lizard-tmp-WOSzIR/code/seed-b-frontend/.angular/cache/22.1.3/seed-b-frontend/vite/deps/http-Cfp88Ns8.js","/home/alex/dev/Bachelor/bmad-vergleichsstudie/.lizard-tmp-WOSzIR/code/seed-b-frontend/.angular/cache/22.1.3/seed-b-frontend/vite/deps/http-Cfp88Ns8.js","getBaseHrefFromDOM","getBaseHrefFromDOM ( )",579,581
1,1,9,0,1,"(anonymous)@585-585@/home/alex/dev/Bachelor/bmad-vergleichsstudie/.lizard-tmp-WOSzIR/code/seed-b-frontend/.angular/cache/22.1.3/seed-b-frontend/vite/deps/http-Cfp88Ns8.js","/home/alex/dev/Bachelor/bmad-vergleichsstudie/.lizard-tmp-WOSzIR/code/seed-b-frontend/.angular/cache/22.1.3/seed-b-frontend/vite/deps/http-Cfp88Ns8.js","(anonymous)","(anonymous)",585,585
5,1,37,1,5,"onPopState@582-586@/home/alex/dev/Bachelor/bmad-vergleichsstudie/.lizard-tmp-WOSzIR/code/seed-b-frontend/.angular/cache/22.1.3/seed-b-frontend/vite/deps/http-Cfp88Ns8.js","/home/alex/dev/Bachelor/bmad-vergleichsstudie/.lizard-tmp-WOSzIR/code/seed-b-frontend/.angular/cache/22.1.3/seed-b-frontend/vite/deps/http-Cfp88Ns8.js","onPopState","onPopState ( fn )",582,586
1,1,9,0,1,"(anonymous)@590-590@/home/alex/dev/Bachelor/bmad-vergleichsstudie/.lizard-tmp-WOSzIR/code/seed-b-frontend/.angular/cache/22.1.3/seed-b-frontend/vite/deps/http-Cfp88Ns8.js","/home/alex/dev/Bachelor/bmad-vergleichsstudie/.lizard-tmp-WOSzIR/code/seed-b-frontend/.angular/cache/22.1.3/seed-b-frontend/vite/deps/http-Cfp88Ns8.js","(anonymous)","(anonymous)",590,590
5,1,37,1,5,"onHashChange@587-591@/home/alex/dev/Bachelor/bmad-vergleichsstudie/.lizard-tmp-WOSzIR/code/seed-b-frontend/.angular/cache/22.1.3/seed-b-frontend/vite/deps/http-Cfp88Ns8.js","/home/alex/dev/Bachelor/bmad-vergleichsstudie/.lizard-tmp-WOSzIR/code/seed-b-frontend/.angular/cache/22.1.3/seed-b-frontend/vite/deps/http-Cfp88Ns8.js","onHashChange","onHashChange ( fn )",587,591
3,1,11,0,3,"get href@592-594@/home/alex/dev/Bachelor/bmad-vergleichsstudie/.lizard-tmp-WOSzIR/code/seed-b-frontend/.angular/cache/22.1.3/seed-b-frontend/vite/deps/http-Cfp88Ns8.js","/home/alex/dev/Bachelor/bmad-vergleichsstudie/.lizard-tmp-WOSzIR/code/seed-b-frontend/.angular/cache/22.1.3/seed-b-frontend/vite/deps/http-Cfp88Ns8.js","get href","get href ( )",592,594
3,1,11,0,3,"get protocol@595-597@/home/alex/dev/Bachelor/bmad-vergleichsstudie/.lizard-tmp-WOSzIR/code/seed-b-frontend/.angular/cache/22.1.3/seed-b-frontend/vite/deps/http-Cfp88Ns8.js","/home/alex/dev/Bachelor/bmad-vergleichsstudie/.lizard-tmp-WOSzIR/code/seed-b-frontend/.angular/cache/22.1.3/seed-b-frontend/vite/deps/http-Cfp88Ns8.js","get protocol","get protocol ( )",595,597
3,1,11,0,3,"get hostname@598-600@/home/alex/dev/Bachelor/bmad-vergleichsstudie/.lizard-tmp-WOSzIR/code/seed-b-frontend/.angular/cache/22.1.3/seed-b-frontend/vite/deps/http-Cfp88Ns8.js","/home/alex/dev/Bachelor/bmad-vergleichsstudie/.lizard-tmp-WOSzIR/code/seed-b-frontend/.angular/cache/22.1.3/seed-b-frontend/vite/deps/http-Cfp88Ns8.js","get hostname","get hostname ( )",598,600
3,1,11,0,3,"get port@601-603@/home/alex/dev/Bachelor/bmad-vergleichsstudie/.lizard-tmp-WOSzIR/code/seed-b-frontend/.angular/cache/22.1.3/seed-b-frontend/vite/deps/http-Cfp88Ns8.js","/home/alex/dev/Bachelor/bmad-vergleichsstudie/.lizard-tmp-WOSzIR/code/seed-b-frontend/.angular/cache/22.1.3/seed-b-frontend/vite/deps/http-Cfp88Ns8.js","get port","get port ( )",601,603
3,1,11,0,3,"get pathname@604-606@/home/alex/dev/Bachelor/bmad-vergleichsstudie/.lizard-tmp-WOSzIR/code/seed-b-frontend/.angular/cache/22.1.3/seed-b-frontend/vite/deps/http-Cfp88Ns8.js","/home/alex/dev/Bachelor/bmad-vergleichsstudie/.lizard-tmp-WOSzIR/code/seed-b-frontend/.angular/cache/22.1.3/seed-b-frontend/vite/deps/http-Cfp88Ns8.js","get pathname","get pathname ( )",604,606
3,1,11,0,3,"get search@607-609@/home/alex/dev/Bachelor/bmad-vergleichsstudie/.lizard-tmp-WOSzIR/code/seed-b-frontend/.angular/cache/22.1.3/seed-b-frontend/vite/deps/http-Cfp88Ns8.js","/home/alex/dev/Bachelor/bmad-vergleichsstudie/.lizard-tmp-WOSzIR/code/seed-b-frontend/.angular/cache/22.1.3/seed-b-frontend/vite/deps/http-Cfp88Ns8.js","get search","get search ( )",607,609
3,1,11,0,3,"get hash@610-612@/home/alex/dev/Bachelor/bmad-vergleichsstudie/.lizard-tmp-WOSzIR/code/seed-b-frontend/.angular/cache/22.1.3/seed-b-frontend/vite/deps/http-Cfp88Ns8.js","/home/alex/dev/Bachelor/bmad-vergleichsstudie/.lizard-tmp-WOSzIR/code/seed-b-frontend/.angular/cache/22.1.3/seed-b-frontend/vite/deps/http-Cfp88Ns8.js","get hash","get hash ( )",610,612
3,1,13,1,3,"set pathname@613-615@/home/alex/dev/Bachelor/bmad-vergleichsstudie/.lizard-tmp-WOSzIR/code/seed-b-frontend/.angular/cache/22.1.3/seed-b-frontend/vite/deps/http-Cfp88Ns8.js","/home/alex/dev/Bachelor/bmad-vergleichsstudie/.lizard-tmp-WOSzIR/code/seed-b-frontend/.angular/cache/22.1.3/seed-b-frontend/vite/deps/http-Cfp88Ns8.js","set pathname","set pathname ( newPath )",613,615
3,1,22,3,3,"pushState@616-618@/home/alex/dev/Bachelor/bmad-vergleichsstudie/.lizard-tmp-WOSzIR/code/seed-b-frontend/.angular/cache/22.1.3/seed-b-frontend/vite/deps/http-Cfp88Ns8.js","/home/alex/dev/Bachelor/bmad-vergleichsstudie/.lizard-tmp-WOSzIR/code/seed-b-frontend/.angular/cache/22.1.3/seed-b-frontend/vite/deps/http-Cfp88Ns8.js","pushState","pushState ( state , title , url )",616,618
3,1,22,3,3,"replaceState@619-621@/home/alex/dev/Bachelor/bmad-vergleichsstudie/.lizard-tmp-WOSzIR/code/seed-b-frontend/.angular/cache/22.1.3/seed-b-frontend/vite/deps/http-Cfp88Ns8.js","/home/alex/dev/Bachelor/bmad-vergleichsstudie/.lizard-tmp-WOSzIR/code/seed-b-frontend/.angular/cache/22.1.3/seed-b-frontend/vite/deps/http-Cfp88Ns8.js","replaceState","replaceState ( state , title , url )",619,621
3,1,12,0,3,"forward@622-624@/home/alex/dev/Bachelor/bmad-vergleichsstudie/.lizard-tmp-WOSzIR/code/seed-b-frontend/.angular/cache/22.1.3/seed-b-frontend/vite/deps/http-Cfp88Ns8.js","/home/alex/dev/Bachelor/bmad-vergleichsstudie/.lizard-tmp-WOSzIR/code/seed-b-frontend/.angular/cache/22.1.3/seed-b-frontend/vite/deps/http-Cfp88Ns8.js","forward","forward ( )",622,624
3,1,12,0,3,"back@625-627@/home/alex/dev/Bachelor/bmad-vergleichsstudie/.lizard-tmp-WOSzIR/code/seed-b-frontend/.angular/cache/22.1.3/seed-b-frontend/vite/deps/http-Cfp88Ns8.js","/home/alex/dev/Bachelor/bmad-vergleichsstudie/.lizard-tmp-WOSzIR/code/seed-b-frontend/.angular/cache/22.1.3/seed-b-frontend/vite/deps/http-Cfp88Ns8.js","back","back ( )",625,627
3,1,16,1,3,"historyGo@628-630@/home/alex/dev/Bachelor/bmad-vergleichsstudie/.lizard-tmp-WOSzIR/code/seed-b-frontend/.angular/cache/22.1.3/seed-b-frontend/vite/deps/http-Cfp88Ns8.js","/home/alex/dev/Bachelor/bmad-vergleichsstudie/.lizard-tmp-WOSzIR/code/seed-b-frontend/.angular/cache/22.1.3/seed-b-frontend/vite/deps/http-Cfp88Ns8.js","historyGo","historyGo ( relativePosition )",628,630
3,1,11,0,3,"getState@631-633@/home/alex/dev/Bachelor/bmad-vergleichsstudie/.lizard-tmp-WOSzIR/code/seed-b-frontend/.angular/cache/22.1.3/seed-b-frontend/vite/deps/http-Cfp88Ns8.js","/home/alex/dev/Bachelor/bmad-vergleichsstudie/.lizard-tmp-WOSzIR/code/seed-b-frontend/.angular/cache/22.1.3/seed-b-frontend/vite/deps/http-Cfp88Ns8.js","getState","getState ( )",631,633
3,2,15,0,3,"BrowserPlatformLocation_Factory@634-636@/home/alex/dev/Bachelor/bmad-vergleichsstudie/.lizard-tmp-WOSzIR/code/seed-b-frontend/.angular/cache/22.1.3/seed-b-frontend/vite/deps/http-Cfp88Ns8.js","/home/alex/dev/Bachelor/bmad-vergleichsstudie/.lizard-tmp-WOSzIR/code/seed-b-frontend/.angular/cache/22.1.3/seed-b-frontend/vite/deps/http-Cfp88Ns8.js","BrowserPlatformLocation_Factory","BrowserPlatformLocation_Factory ( )",634,636
3,1,20,2,3,"ɵɵdefineInjectable@637-639@/home/alex/dev/Bachelor/bmad-vergleichsstudie/.lizard-tmp-WOSzIR/code/seed-b-frontend/.angular/cache/22.1.3/seed-b-frontend/vite/deps/http-Cfp88Ns8.js","/home/alex/dev/Bachelor/bmad-vergleichsstudie/.lizard-tmp-WOSzIR/code/seed-b-frontend/.angular/cache/22.1.3/seed-b-frontend/vite/deps/http-Cfp88Ns8.js","ɵɵdefineInjectable","ɵɵdefineInjectable ( token BrowserPlatformLocation , factory ( ) ( ( )",637,639
1,1,5,0,1,"(anonymous)@650-650@/home/alex/dev/Bachelor/bmad-vergleichsstudie/.lizard-tmp-WOSzIR/code/seed-b-frontend/.angular/cache/22.1.3/seed-b-frontend/vite/deps/http-Cfp88Ns8.js","/home/alex/dev/Bachelor/bmad-vergleichsstudie/.lizard-tmp-WOSzIR/code/seed-b-frontend/.angular/cache/22.1.3/seed-b-frontend/vite/deps/http-Cfp88Ns8.js","(anonymous)","(anonymous)",650,650
9,3,48,0,9,"(anonymous)@643-651@/home/alex/dev/Bachelor/bmad-vergleichsstudie/.lizard-tmp-WOSzIR/code/seed-b-frontend/.angular/cache/22.1.3/seed-b-frontend/vite/deps/http-Cfp88Ns8.js","/home/alex/dev/Bachelor/bmad-vergleichsstudie/.lizard-tmp-WOSzIR/code/seed-b-frontend/.angular/cache/22.1.3/seed-b-frontend/vite/deps/http-Cfp88Ns8.js","(anonymous)","(anonymous)",643,651
8,2,57,0,8,"(anonymous)@668-675@/home/alex/dev/Bachelor/bmad-vergleichsstudie/.lizard-tmp-WOSzIR/code/seed-b-frontend/.angular/cache/22.1.3/seed-b-frontend/vite/deps/http-Cfp88Ns8.js","/home/alex/dev/Bachelor/bmad-vergleichsstudie/.lizard-tmp-WOSzIR/code/seed-b-frontend/.angular/cache/22.1.3/seed-b-frontend/vite/deps/http-Cfp88Ns8.js","(anonymous)","(anonymous)",668,675
4,1,27,0,11,"this.lazyInit@666-676@/home/alex/dev/Bachelor/bmad-vergleichsstudie/.lizard-tmp-WOSzIR/code/seed-b-frontend/.angular/cache/22.1.3/seed-b-frontend/vite/deps/http-Cfp88Ns8.js","/home/alex/dev/Bachelor/bmad-vergleichsstudie/.lizard-tmp-WOSzIR/code/seed-b-frontend/.angular/cache/22.1.3/seed-b-frontend/vite/deps/http-Cfp88Ns8.js","this.lazyInit","this.lazyInit",666,676
3,1,11,0,3,"(anonymous)@679-681@/home/alex/dev/Bachelor/bmad-vergleichsstudie/.lizard-tmp-WOSzIR/code/seed-b-frontend/.angular/cache/22.1.3/seed-b-frontend/vite/deps/http-Cfp88Ns8.js","/home/alex/dev/Bachelor/bmad-vergleichsstudie/.lizard-tmp-WOSzIR/code/seed-b-frontend/.angular/cache/22.1.3/seed-b-frontend/vite/deps/http-Cfp88Ns8.js","(anonymous)","(anonymous)",679,681
3,1,11,0,3,"(anonymous)@685-687@/home/alex/dev/Bachelor/bmad-vergleichsstudie/.lizard-tmp-WOSzIR/code/seed-b-frontend/.angular/cache/22.1.3/seed-b-frontend/vite/deps/http-Cfp88Ns8.js","/home/alex/dev/Bachelor/bmad-vergleichsstudie/.lizard-tmp-WOSzIR/code/seed-b-frontend/.angular/cache/22.1.3/seed-b-frontend/vite/deps/http-Cfp88Ns8.js","(anonymous)","(anonymous)",685,687
5,3,45,0,7,"this.lazyInit@682-688@/home/alex/dev/Bachelor/bmad-vergleichsstudie/.lizard-tmp-WOSzIR/code/seed-b-frontend/.angular/cache/22.1.3/seed-b-frontend/vite/deps/http-Cfp88Ns8.js","/home/alex/dev/Bachelor/bmad-vergleichsstudie/.lizard-tmp-WOSzIR/code/seed-b-frontend/.angular/cache/22.1.3/seed-b-frontend/vite/deps/http-Cfp88Ns8.js","this.lazyInit","this.lazyInit",682,688
8,5,82,1,26,"constructor@664-689@/home/alex/dev/Bachelor/bmad-vergleichsstudie/.lizard-tmp-WOSzIR/code/seed-b-frontend/.angular/cache/22.1.3/seed-b-frontend/vite/deps/http-Cfp88Ns8.js","/home/alex/dev/Bachelor/bmad-vergleichsstudie/.lizard-tmp-WOSzIR/code/seed-b-frontend/.angular/cache/22.1.3/seed-b-frontend/vite/deps/http-Cfp88Ns8.js","constructor","constructor ( headers )",664,689
4,1,25,1,4,"has@690-693@/home/alex/dev/Bachelor/bmad-vergleichsstudie/.lizard-tmp-WOSzIR/code/seed-b-frontend/.angular/cache/22.1.3/seed-b-frontend/vite/deps/http-Cfp88Ns8.js","/home/alex/dev/Bachelor/bmad-vergleichsstudie/.lizard-tmp-WOSzIR/code/seed-b-frontend/.angular/cache/22.1.3/seed-b-frontend/vite/deps/http-Cfp88Ns8.js","has","has ( name )",690,693
1,1,7,0,1,"(anonymous)@737-737@/home/alex/dev/Bachelor/bmad-vergleichsstudie/.lizard-tmp-WOSzIR/code/seed-b-frontend/.angular/cache/22.1.3/seed-b-frontend/vite/deps/http-Cfp88Ns8.js","/home/alex/dev/Bachelor/bmad-vergleichsstudie/.lizard-tmp-WOSzIR/code/seed-b-frontend/.angular/cache/22.1.3/seed-b-frontend/vite/deps/http-Cfp88Ns8.js","(anonymous)","(anonymous)",737,737
1,1,10,0,1,"(anonymous)@777-777@/home/alex/dev/Bachelor/bmad-vergleichsstudie/.lizard-tmp-WOSzIR/code/seed-b-frontend/.angular/cache/22.1.3/seed-b-frontend/vite/deps/http-Cfp88Ns8.js","/home/alex/dev/Bachelor/bmad-vergleichsstudie/.lizard-tmp-WOSzIR/code/seed-b-frontend/.angular/cache/22.1.3/seed-b-frontend/vite/deps/http-Cfp88Ns8.js","(anonymous)","(anonymous)",777,777
1,1,6,0,1,"(anonymous)@793-793@/home/alex/dev/Bachelor/bmad-vergleichsstudie/.lizard-tmp-WOSzIR/code/seed-b-frontend/.angular/cache/22.1.3/seed-b-frontend/vite/deps/http-Cfp88Ns8.js","/home/alex/dev/Bachelor/bmad-vergleichsstudie/.lizard-tmp-WOSzIR/code/seed-b-frontend/.angular/cache/22.1.3/seed-b-frontend/vite/deps/http-Cfp88Ns8.js","(anonymous)","(anonymous)",793,793
1,1,21,0,1,"(anonymous)@800-800@/home/alex/dev/Bachelor/bmad-vergleichsstudie/.lizard-tmp-WOSzIR/code/seed-b-frontend/.angular/cache/22.1.3/seed-b-frontend/vite/deps/http-Cfp88Ns8.js","/home/alex/dev/Bachelor/bmad-vergleichsstudie/.lizard-tmp-WOSzIR/code/seed-b-frontend/.angular/cache/22.1.3/seed-b-frontend/vite/deps/http-Cfp88Ns8.js","(anonymous)","(anonymous)",800,800
3,5,69,1,3,"assertValidHeaders@803-805@/home/alex/dev/Bachelor/bmad-vergleichsstudie/.lizard-tmp-WOSzIR/code/seed-b-frontend/.angular/cache/22.1.3/seed-b-frontend/vite/deps/http-Cfp88Ns8.js","/home/alex/dev/Bachelor/bmad-vergleichsstudie/.lizard-tmp-WOSzIR/code/seed-b-frontend/.angular/cache/22.1.3/seed-b-frontend/vite/deps/http-Cfp88Ns8.js","assertValidHeaders","assertValidHeaders ( headers )",803,805
3,1,11,1,3,"constructor@808-810@/home/alex/dev/Bachelor/bmad-vergleichsstudie/.lizard-tmp-WOSzIR/code/seed-b-frontend/.angular/cache/22.1.3/seed-b-frontend/vite/deps/http-Cfp88Ns8.js","/home/alex/dev/Bachelor/bmad-vergleichsstudie/.lizard-tmp-WOSzIR/code/seed-b-frontend/.angular/cache/22.1.3/seed-b-frontend/vite/deps/http-Cfp88Ns8.js","constructor","constructor ( defaultValue )",808,810
3,1,11,1,3,"encodeKey@834-836@/home/alex/dev/Bachelor/bmad-vergleichsstudie/.lizard-tmp-WOSzIR/code/seed-b-frontend/.angular/cache/22.1.3/seed-b-frontend/vite/deps/http-Cfp88Ns8.js","/home/alex/dev/Bachelor/bmad-vergleichsstudie/.lizard-tmp-WOSzIR/code/seed-b-frontend/.angular/cache/22.1.3/seed-b-frontend/vite/deps/http-Cfp88Ns8.js","encodeKey","encodeKey ( key )",834,836
3,1,11,1,3,"encodeValue@837-839@/home/alex/dev/Bachelor/bmad-vergleichsstudie/.lizard-tmp-WOSzIR/code/seed-b-frontend/.angular/cache/22.1.3/seed-b-frontend/vite/deps/http-Cfp88Ns8.js","/home/alex/dev/Bachelor/bmad-vergleichsstudie/.lizard-tmp-WOSzIR/code/seed-b-frontend/.angular/cache/22.1.3/seed-b-frontend/vite/deps/http-Cfp88Ns8.js","encodeValue","encodeValue ( value )",837,839
3,1,11,1,3,"decodeKey@840-842@/home/alex/dev/Bachelor/bmad-vergleichsstudie/.lizard-tmp-WOSzIR/code/seed-b-frontend/.angular/cache/22.1.3/seed-b-frontend/vite/deps/http-Cfp88Ns8.js","/home/alex/dev/Bachelor/bmad-vergleichsstudie/.lizard-tmp-WOSzIR/code/seed-b-frontend/.angular/cache/22.1.3/seed-b-frontend/vite/deps/http-Cfp88Ns8.js","decodeKey","decodeKey ( key )",840,842
3,1,11,1,3,"decodeValue@843-845@/home/alex/dev/Bachelor/bmad-vergleichsstudie/.lizard-tmp-WOSzIR/code/seed-b-frontend/.angular/cache/22.1.3/seed-b-frontend/vite/deps/http-Cfp88Ns8.js","/home/alex/dev/Bachelor/bmad-vergleichsstudie/.lizard-tmp-WOSzIR/code/seed-b-frontend/.angular/cache/22.1.3/seed-b-frontend/vite/deps/http-Cfp88Ns8.js","decodeValue","decodeValue ( value )",843,845
7,3,94,0,7,"(anonymous)@849-855@/home/alex/dev/Bachelor/bmad-vergleichsstudie/.lizard-tmp-WOSzIR/code/seed-b-frontend/.angular/cache/22.1.3/seed-b-frontend/vite/deps/http-Cfp88Ns8.js","/home/alex/dev/Bachelor/bmad-vergleichsstudie/.lizard-tmp-WOSzIR/code/seed-b-frontend/.angular/cache/22.1.3/seed-b-frontend/vite/deps/http-Cfp88Ns8.js","(anonymous)","(anonymous)",849,855
5,2,48,2,11,"paramParser@847-857@/home/alex/dev/Bachelor/bmad-vergleichsstudie/.lizard-tmp-WOSzIR/code/seed-b-frontend/.angular/cache/22.1.3/seed-b-frontend/vite/deps/http-Cfp88Ns8.js","/home/alex/dev/Bachelor/bmad-vergleichsstudie/.lizard-tmp-WOSzIR/code/seed-b-frontend/.angular/cache/22.1.3/seed-b-frontend/vite/deps/http-Cfp88Ns8.js","paramParser","paramParser ( rawParams , codec )",847,857
1,3,8,0,1,"(anonymous)@870-870@/home/alex/dev/Bachelor/bmad-vergleichsstudie/.lizard-tmp-WOSzIR/code/seed-b-frontend/.angular/cache/22.1.3/seed-b-frontend/vite/deps/http-Cfp88Ns8.js","/home/alex/dev/Bachelor/bmad-vergleichsstudie/.lizard-tmp-WOSzIR/code/seed-b-frontend/.angular/cache/22.1.3/seed-b-frontend/vite/deps/http-Cfp88Ns8.js","(anonymous)","(anonymous)",870,870
3,1,23,1,3,"standardEncoding@869-871@/home/alex/dev/Bachelor/bmad-vergleichsstudie/.lizard-tmp-WOSzIR/code/seed-b-frontend/.angular/cache/22.1.3/seed-b-frontend/vite/deps/http-Cfp88Ns8.js","/home/alex/dev/Bachelor/bmad-vergleichsstudie/.lizard-tmp-WOSzIR/code/seed-b-frontend/.angular/cache/22.1.3/seed-b-frontend/vite/deps/http-Cfp88Ns8.js","standardEncoding","standardEncoding ( v )",869,871
3,1,12,1,3,"valueToString@872-874@/home/alex/dev/Bachelor/bmad-vergleichsstudie/.lizard-tmp-WOSzIR/code/seed-b-frontend/.angular/cache/22.1.3/seed-b-frontend/vite/deps/http-Cfp88Ns8.js","/home/alex/dev/Bachelor/bmad-vergleichsstudie/.lizard-tmp-WOSzIR/code/seed-b-frontend/.angular/cache/22.1.3/seed-b-frontend/vite/deps/http-Cfp88Ns8.js","valueToString","valueToString ( value )",872,874
5,2,47,0,5,"(anonymous)@887-891@/home/alex/dev/Bachelor/bmad-vergleichsstudie/.lizard-tmp-WOSzIR/code/seed-b-frontend/.angular/cache/22.1.3/seed-b-frontend/vite/deps/http-Cfp88Ns8.js","/home/alex/dev/Bachelor/bmad-vergleichsstudie/.lizard-tmp-WOSzIR/code/seed-b-frontend/.angular/cache/22.1.3/seed-b-frontend/vite/deps/http-Cfp88Ns8.js","(anonymous)","(anonymous)",887,891
10,6,106,1,14,"constructor@880-893@/home/alex/dev/Bachelor/bmad-vergleichsstudie/.lizard-tmp-WOSzIR/code/seed-b-frontend/.angular/cache/22.1.3/seed-b-frontend/vite/deps/http-Cfp88Ns8.js","/home/alex/dev/Bachelor/bmad-vergleichsstudie/.lizard-tmp-WOSzIR/code/seed-b-frontend/.angular/cache/22.1.3/seed-b-frontend/vite/deps/http-Cfp88Ns8.js","constructor","constructor ( options )",880,893
4,1,21,1,4,"has@894-897@/home/alex/dev/Bachelor/bmad-vergleichsstudie/.lizard-tmp-WOSzIR/code/seed-b-frontend/.angular/cache/22.1.3/seed-b-frontend/vite/deps/http-Cfp88Ns8.js","/home/alex/dev/Bachelor/bmad-vergleichsstudie/.lizard-tmp-WOSzIR/code/seed-b-frontend/.angular/cache/22.1.3/seed-b-frontend/vite/deps/http-Cfp88Ns8.js","has","has ( param )",894,897
7,1,19,0,7,"(anonymous)@922-928@/home/alex/dev/Bachelor/bmad-vergleichsstudie/.lizard-tmp-WOSzIR/code/seed-b-frontend/.angular/cache/22.1.3/seed-b-frontend/vite/deps/http-Cfp88Ns8.js","/home/alex/dev/Bachelor/bmad-vergleichsstudie/.lizard-tmp-WOSzIR/code/seed-b-frontend/.angular/cache/22.1.3/seed-b-frontend/vite/deps/http-Cfp88Ns8.js","(anonymous)","(anonymous)",922,928
9,2,46,0,15,"(anonymous)@920-934@/home/alex/dev/Bachelor/bmad-vergleichsstudie/.lizard-tmp-WOSzIR/code/seed-b-frontend/.angular/cache/22.1.3/seed-b-frontend/vite/deps/http-Cfp88Ns8.js","/home/alex/dev/Bachelor/bmad-vergleichsstudie/.lizard-tmp-WOSzIR/code/seed-b-frontend/.angular/cache/22.1.3/seed-b-frontend/vite/deps/http-Cfp88Ns8.js","(anonymous)","(anonymous)",920,934
1,1,13,0,1,"(anonymous)@955-955@/home/alex/dev/Bachelor/bmad-vergleichsstudie/.lizard-tmp-WOSzIR/code/seed-b-frontend/.angular/cache/22.1.3/seed-b-frontend/vite/deps/http-Cfp88Ns8.js","/home/alex/dev/Bachelor/bmad-vergleichsstudie/.lizard-tmp-WOSzIR/code/seed-b-frontend/.angular/cache/22.1.3/seed-b-frontend/vite/deps/http-Cfp88Ns8.js","(anonymous)","(anonymous)",955,955
4,1,37,0,4,"(anonymous)@953-956@/home/alex/dev/Bachelor/bmad-vergleichsstudie/.lizard-tmp-WOSzIR/code/seed-b-frontend/.angular/cache/22.1.3/seed-b-frontend/vite/deps/http-Cfp88Ns8.js","/home/alex/dev/Bachelor/bmad-vergleichsstudie/.lizard-tmp-WOSzIR/code/seed-b-frontend/.angular/cache/22.1.3/seed-b-frontend/vite/deps/http-Cfp88Ns8.js","(anonymous)","(anonymous)",953,956
1,1,4,0,1,"(anonymous)@956-956@/home/alex/dev/Bachelor/bmad-vergleichsstudie/.lizard-tmp-WOSzIR/code/seed-b-frontend/.angular/cache/22.1.3/seed-b-frontend/vite/deps/http-Cfp88Ns8.js","/home/alex/dev/Bachelor/bmad-vergleichsstudie/.lizard-tmp-WOSzIR/code/seed-b-frontend/.angular/cache/22.1.3/seed-b-frontend/vite/deps/http-Cfp88Ns8.js","(anonymous)","(anonymous)",956,956
19,9,180,0,19,"(anonymous)@969-987@/home/alex/dev/Bachelor/bmad-vergleichsstudie/.lizard-tmp-WOSzIR/code/seed-b-frontend/.angular/cache/22.1.3/seed-b-frontend/vite/deps/http-Cfp88Ns8.js","/home/alex/dev/Bachelor/bmad-vergleichsstudie/.lizard-tmp-WOSzIR/code/seed-b-frontend/.angular/cache/22.1.3/seed-b-frontend/vite/deps/http-Cfp88Ns8.js","(anonymous)","(anonymous)",969,987
10,6,34,1,10,"mightHaveBody@993-1002@/home/alex/dev/Bachelor/bmad-vergleichsstudie/.lizard-tmp-WOSzIR/code/seed-b-frontend/.angular/cache/22.1.3/seed-b-frontend/vite/deps/http-Cfp88Ns8.js","/home/alex/dev/Bachelor/bmad-vergleichsstudie/.lizard-tmp-WOSzIR/code/seed-b-frontend/.angular/cache/22.1.3/seed-b-frontend/vite/deps/http-Cfp88Ns8.js","mightHaveBody","mightHaveBody ( method )",993,1002
3,2,15,1,3,"isArrayBuffer@1003-1005@/home/alex/dev/Bachelor/bmad-vergleichsstudie/.lizard-tmp-WOSzIR/code/seed-b-frontend/.angular/cache/22.1.3/seed-b-frontend/vite/deps/http-Cfp88Ns8.js","/home/alex/dev/Bachelor/bmad-vergleichsstudie/.lizard-tmp-WOSzIR/code/seed-b-frontend/.angular/cache/22.1.3/seed-b-frontend/vite/deps/http-Cfp88Ns8.js","isArrayBuffer","isArrayBuffer ( value )",1003,1005
3,2,15,1,3,"isBlob@1006-1008@/home/alex/dev/Bachelor/bmad-vergleichsstudie/.lizard-tmp-WOSzIR/code/seed-b-frontend/.angular/cache/22.1.3/seed-b-frontend/vite/deps/http-Cfp88Ns8.js","/home/alex/dev/Bachelor/bmad-vergleichsstudie/.lizard-tmp-WOSzIR/code/seed-b-frontend/.angular/cache/22.1.3/seed-b-frontend/vite/deps/http-Cfp88Ns8.js","isBlob","isBlob ( value )",1006,1008
3,2,15,1,3,"isFormData@1009-1011@/home/alex/dev/Bachelor/bmad-vergleichsstudie/.lizard-tmp-WOSzIR/code/seed-b-frontend/.angular/cache/22.1.3/seed-b-frontend/vite/deps/http-Cfp88Ns8.js","/home/alex/dev/Bachelor/bmad-vergleichsstudie/.lizard-tmp-WOSzIR/code/seed-b-frontend/.angular/cache/22.1.3/seed-b-frontend/vite/deps/http-Cfp88Ns8.js","isFormData","isFormData ( value )",1009,1011
3,2,15,1,3,"isUrlSearchParams@1012-1014@/home/alex/dev/Bachelor/bmad-vergleichsstudie/.lizard-tmp-WOSzIR/code/seed-b-frontend/.angular/cache/22.1.3/seed-b-frontend/vite/deps/http-Cfp88Ns8.js","/home/alex/dev/Bachelor/bmad-vergleichsstudie/.lizard-tmp-WOSzIR/code/seed-b-frontend/.angular/cache/22.1.3/seed-b-frontend/vite/deps/http-Cfp88Ns8.js","isUrlSearchParams","isUrlSearchParams ( value )",1012,1014
1627,244,7001,4,1634,"constructor@1044-2677@/home/alex/dev/Bachelor/bmad-vergleichsstudie/.lizard-tmp-WOSzIR/code/seed-b-frontend/.angular/cache/22.1.3/seed-b-frontend/vite/deps/http-Cfp88Ns8.js","/home/alex/dev/Bachelor/bmad-vergleichsstudie/.lizard-tmp-WOSzIR/code/seed-b-frontend/.angular/cache/22.1.3/seed-b-frontend/vite/deps/http-Cfp88Ns8.js","constructor","constructor ( method , url , third , fourth )",1044,2677
1,1,14,0,1,"(anonymous)@2705-2705@/home/alex/dev/Bachelor/bmad-vergleichsstudie/.lizard-tmp-WOSzIR/code/seed-b-frontend/.angular/cache/22.1.3/seed-b-frontend/vite/deps/http-Cfp88Ns8.js","/home/alex/dev/Bachelor/bmad-vergleichsstudie/.lizard-tmp-WOSzIR/code/seed-b-frontend/.angular/cache/22.1.3/seed-b-frontend/vite/deps/http-Cfp88Ns8.js","(anonymous)","(anonymous)",2705,2705
7,1,44,0,7,"httpResource@2707-2713@/home/alex/dev/Bachelor/bmad-vergleichsstudie/.lizard-tmp-WOSzIR/code/seed-b-frontend/.angular/cache/22.1.3/seed-b-frontend/vite/deps/http-Cfp88Ns8.js","/home/alex/dev/Bachelor/bmad-vergleichsstudie/.lizard-tmp-WOSzIR/code/seed-b-frontend/.angular/cache/22.1.3/seed-b-frontend/vite/deps/http-Cfp88Ns8.js","httpResource","httpResource ( ( )",2707,2713
11,9,101,1,11,"getInitialStream@2721-2731@/home/alex/dev/Bachelor/bmad-vergleichsstudie/.lizard-tmp-WOSzIR/code/seed-b-frontend/.angular/cache/22.1.3/seed-b-frontend/vite/deps/http-Cfp88Ns8.js","/home/alex/dev/Bachelor/bmad-vergleichsstudie/.lizard-tmp-WOSzIR/code/seed-b-frontend/.angular/cache/22.1.3/seed-b-frontend/vite/deps/http-Cfp88Ns8.js","getInitialStream","getInitialStream ( req )",2721,2731
1,1,27,0,1,"(anonymous)@2732-2732@/home/alex/dev/Bachelor/bmad-vergleichsstudie/.lizard-tmp-WOSzIR/code/seed-b-frontend/.angular/cache/22.1.3/seed-b-frontend/vite/deps/http-Cfp88Ns8.js","/home/alex/dev/Bachelor/bmad-vergleichsstudie/.lizard-tmp-WOSzIR/code/seed-b-frontend/.angular/cache/22.1.3/seed-b-frontend/vite/deps/http-Cfp88Ns8.js","(anonymous)","(anonymous)",2732,2732
9,5,105,2,19,"httpResource@2715-2733@/home/alex/dev/Bachelor/bmad-vergleichsstudie/.lizard-tmp-WOSzIR/code/seed-b-frontend/.angular/cache/22.1.3/seed-b-frontend/vite/deps/http-Cfp88Ns8.js","/home/alex/dev/Bachelor/bmad-vergleichsstudie/.lizard-tmp-WOSzIR/code/seed-b-frontend/.angular/cache/22.1.3/seed-b-frontend/vite/deps/http-Cfp88Ns8.js","httpResource","httpResource ( request , options )",2715,2733
3,1,10,1,21,"makeHttpResourceFn@2714-2734@/home/alex/dev/Bachelor/bmad-vergleichsstudie/.lizard-tmp-WOSzIR/code/seed-b-frontend/.angular/cache/22.1.3/seed-b-frontend/vite/deps/http-Cfp88Ns8.js","/home/alex/dev/Bachelor/bmad-vergleichsstudie/.lizard-tmp-WOSzIR/code/seed-b-frontend/.angular/cache/22.1.3/seed-b-frontend/vite/deps/http-Cfp88Ns8.js","makeHttpResourceFn","makeHttpResourceFn ( responseType )",2714,2734
26,10,210,3,26,"normalizeRequest@2735-2760@/home/alex/dev/Bachelor/bmad-vergleichsstudie/.lizard-tmp-WOSzIR/code/seed-b-frontend/.angular/cache/22.1.3/seed-b-frontend/vite/deps/http-Cfp88Ns8.js","/home/alex/dev/Bachelor/bmad-vergleichsstudie/.lizard-tmp-WOSzIR/code/seed-b-frontend/.angular/cache/22.1.3/seed-b-frontend/vite/deps/http-Cfp88Ns8.js","normalizeRequest","normalizeRequest ( ctx , request , responseType )",2735,2760
5,2,28,3,5,"linkedSignal@2763-2767@/home/alex/dev/Bachelor/bmad-vergleichsstudie/.lizard-tmp-WOSzIR/code/seed-b-frontend/.angular/cache/22.1.3/seed-b-frontend/vite/deps/http-Cfp88Ns8.js","/home/alex/dev/Bachelor/bmad-vergleichsstudie/.lizard-tmp-WOSzIR/code/seed-b-frontend/.angular/cache/22.1.3/seed-b-frontend/vite/deps/http-Cfp88Ns8.js","linkedSignal","linkedSignal ( ngDevMode debugName , source this extRequest , computation ( )",2763,2767
2,1,6,0,2,"computation@2771-2772@/home/alex/dev/Bachelor/bmad-vergleichsstudie/.lizard-tmp-WOSzIR/code/seed-b-frontend/.angular/cache/22.1.3/seed-b-frontend/vite/deps/http-Cfp88Ns8.js","/home/alex/dev/Bachelor/bmad-vergleichsstudie/.lizard-tmp-WOSzIR/code/seed-b-frontend/.angular/cache/22.1.3/seed-b-frontend/vite/deps/http-Cfp88Ns8.js","computation","computation ( )",2771,2772
2,1,6,0,2,"computation@2776-2777@/home/alex/dev/Bachelor/bmad-vergleichsstudie/.lizard-tmp-WOSzIR/code/seed-b-frontend/.angular/cache/22.1.3/seed-b-frontend/vite/deps/http-Cfp88Ns8.js","/home/alex/dev/Bachelor/bmad-vergleichsstudie/.lizard-tmp-WOSzIR/code/seed-b-frontend/.angular/cache/22.1.3/seed-b-frontend/vite/deps/http-Cfp88Ns8.js","computation","computation ( )",2776,2777
1,4,40,0,1,"(anonymous)@2778-2778@/home/alex/dev/Bachelor/bmad-vergleichsstudie/.lizard-tmp-WOSzIR/code/seed-b-frontend/.angular/cache/22.1.3/seed-b-frontend/vite/deps/http-Cfp88Ns8.js","/home/alex/dev/Bachelor/bmad-vergleichsstudie/.lizard-tmp-WOSzIR/code/seed-b-frontend/.angular/cache/22.1.3/seed-b-frontend/vite/deps/http-Cfp88Ns8.js","(anonymous)","(anonymous)",2778,2778
4,1,15,0,4,"onAbort@2785-2788@/home/alex/dev/Bachelor/bmad-vergleichsstudie/.lizard-tmp-WOSzIR/code/seed-b-frontend/.angular/cache/22.1.3/seed-b-frontend/vite/deps/http-Cfp88Ns8.js","/home/alex/dev/Bachelor/bmad-vergleichsstudie/.lizard-tmp-WOSzIR/code/seed-b-frontend/.angular/cache/22.1.3/seed-b-frontend/vite/deps/http-Cfp88Ns8.js","onAbort","onAbort ( )",2785,2788
1,1,4,0,1,"(anonymous)@2792-2792@/home/alex/dev/Bachelor/bmad-vergleichsstudie/.lizard-tmp-WOSzIR/code/seed-b-frontend/.angular/cache/22.1.3/seed-b-frontend/vite/deps/http-Cfp88Ns8.js","/home/alex/dev/Bachelor/bmad-vergleichsstudie/.lizard-tmp-WOSzIR/code/seed-b-frontend/.angular/cache/22.1.3/seed-b-frontend/vite/deps/http-Cfp88Ns8.js","(anonymous)","(anonymous)",2792,2792
3,1,17,1,3,"send@2793-2795@/home/alex/dev/Bachelor/bmad-vergleichsstudie/.lizard-tmp-WOSzIR/code/seed-b-frontend/.angular/cache/22.1.3/seed-b-frontend/vite/deps/http-Cfp88Ns8.js","/home/alex/dev/Bachelor/bmad-vergleichsstudie/.lizard-tmp-WOSzIR/code/seed-b-frontend/.angular/cache/22.1.3/seed-b-frontend/vite/deps/http-Cfp88Ns8.js","send","send ( value )",2793,2795
11,2,89,3,16,"super@2782-2797@/home/alex/dev/Bachelor/bmad-vergleichsstudie/.lizard-tmp-WOSzIR/code/seed-b-frontend/.angular/cache/22.1.3/seed-b-frontend/vite/deps/http-Cfp88Ns8.js","/home/alex/dev/Bachelor/bmad-vergleichsstudie/.lizard-tmp-WOSzIR/code/seed-b-frontend/.angular/cache/22.1.3/seed-b-frontend/vite/deps/http-Cfp88Ns8.js","super","super ( request , ( params request , abortSignal )",2782,2797
16,5,100,1,16,"next@2799-2814@/home/alex/dev/Bachelor/bmad-vergleichsstudie/.lizard-tmp-WOSzIR/code/seed-b-frontend/.angular/cache/22.1.3/seed-b-frontend/vite/deps/http-Cfp88Ns8.js","/home/alex/dev/Bachelor/bmad-vergleichsstudie/.lizard-tmp-WOSzIR/code/seed-b-frontend/.angular/cache/22.1.3/seed-b-frontend/vite/deps/http-Cfp88Ns8.js","next","next ( event )",2799,2814
8,2,52,1,8,"error@2815-2822@/home/alex/dev/Bachelor/bmad-vergleichsstudie/.lizard-tmp-WOSzIR/code/seed-b-frontend/.angular/cache/22.1.3/seed-b-frontend/vite/deps/http-Cfp88Ns8.js","/home/alex/dev/Bachelor/bmad-vergleichsstudie/.lizard-tmp-WOSzIR/code/seed-b-frontend/.angular/cache/22.1.3/seed-b-frontend/vite/deps/http-Cfp88Ns8.js","error","error ( error )",2815,2822
4,3,35,0,4,"complete@2823-2826@/home/alex/dev/Bachelor/bmad-vergleichsstudie/.lizard-tmp-WOSzIR/code/seed-b-frontend/.angular/cache/22.1.3/seed-b-frontend/vite/deps/http-Cfp88Ns8.js","/home/alex/dev/Bachelor/bmad-vergleichsstudie/.lizard-tmp-WOSzIR/code/seed-b-frontend/.angular/cache/22.1.3/seed-b-frontend/vite/deps/http-Cfp88Ns8.js","complete","complete ( )",2823,2826
6,6,75,2,6,"joinWithSlash@9-14@/home/alex/dev/Bachelor/bmad-vergleichsstudie/.lizard-tmp-WOSzIR/code/seed-b-frontend/.angular/cache/22.1.3/seed-b-frontend/vite/deps/platform-browser-D6KUmwRj.js","/home/alex/dev/Bachelor/bmad-vergleichsstudie/.lizard-tmp-WOSzIR/code/seed-b-frontend/.angular/cache/22.1.3/seed-b-frontend/vite/deps/platform-browser-D6KUmwRj.js","joinWithSlash","joinWithSlash ( start , end )",9,14
1,1,5,0,1,"(anonymous)@31-31@/home/alex/dev/Bachelor/bmad-vergleichsstudie/.lizard-tmp-WOSzIR/code/seed-b-frontend/.angular/cache/22.1.3/seed-b-frontend/vite/deps/platform-browser-D6KUmwRj.js","/home/alex/dev/Bachelor/bmad-vergleichsstudie/.lizard-tmp-WOSzIR/code/seed-b-frontend/.angular/cache/22.1.3/seed-b-frontend/vite/deps/platform-browser-D6KUmwRj.js","(anonymous)","(anonymous)",31,31
2,1,12,0,2,"factory@31-32@/home/alex/dev/Bachelor/bmad-vergleichsstudie/.lizard-tmp-WOSzIR/code/seed-b-frontend/.angular/cache/22.1.3/seed-b-frontend/vite/deps/platform-browser-D6KUmwRj.js","/home/alex/dev/Bachelor/bmad-vergleichsstudie/.lizard-tmp-WOSzIR/code/seed-b-frontend/.angular/cache/22.1.3/seed-b-frontend/vite/deps/platform-browser-D6KUmwRj.js","factory","factory ( )",31,32
9,3,48,0,9,"(anonymous)@35-43@/home/alex/dev/Bachelor/bmad-vergleichsstudie/.lizard-tmp-WOSzIR/code/seed-b-frontend/.angular/cache/22.1.3/seed-b-frontend/vite/deps/platform-browser-D6KUmwRj.js","/home/alex/dev/Bachelor/bmad-vergleichsstudie/.lizard-tmp-WOSzIR/code/seed-b-frontend/.angular/cache/22.1.3/seed-b-frontend/vite/deps/platform-browser-D6KUmwRj.js","(anonymous)","(anonymous)",35,43
5,7,45,1,5,"constructor@49-53@/home/alex/dev/Bachelor/bmad-vergleichsstudie/.lizard-tmp-WOSzIR/code/seed-b-frontend/.angular/cache/22.1.3/seed-b-frontend/vite/deps/platform-browser-D6KUmwRj.js","/home/alex/dev/Bachelor/bmad-vergleichsstudie/.lizard-tmp-WOSzIR/code/seed-b-frontend/.angular/cache/22.1.3/seed-b-frontend/vite/deps/platform-browser-D6KUmwRj.js","constructor","constructor ( , href )",49,53
3,2,22,0,3,"ngOnDestroy@54-56@/home/alex/dev/Bachelor/bmad-vergleichsstudie/.lizard-tmp-WOSzIR/code/seed-b-frontend/.angular/cache/22.1.3/seed-b-frontend/vite/deps/platform-browser-D6KUmwRj.js","/home/alex/dev/Bachelor/bmad-vergleichsstudie/.lizard-tmp-WOSzIR/code/seed-b-frontend/.angular/cache/22.1.3/seed-b-frontend/vite/deps/platform-browser-D6KUmwRj.js","ngOnDestroy","ngOnDestroy ( )",54,56
3,1,30,1,3,"onPopState@57-59@/home/alex/dev/Bachelor/bmad-vergleichsstudie/.lizard-tmp-WOSzIR/code/seed-b-frontend/.angular/cache/22.1.3/seed-b-frontend/vite/deps/platform-browser-D6KUmwRj.js","/home/alex/dev/Bachelor/bmad-vergleichsstudie/.lizard-tmp-WOSzIR/code/seed-b-frontend/.angular/cache/22.1.3/seed-b-frontend/vite/deps/platform-browser-D6KUmwRj.js","onPopState","onPopState ( fn )",57,59
3,1,9,0,3,"getBaseHref@60-62@/home/alex/dev/Bachelor/bmad-vergleichsstudie/.lizard-tmp-WOSzIR/code/seed-b-frontend/.angular/cache/22.1.3/seed-b-frontend/vite/deps/platform-browser-D6KUmwRj.js","/home/alex/dev/Bachelor/bmad-vergleichsstudie/.lizard-tmp-WOSzIR/code/seed-b-frontend/.angular/cache/22.1.3/seed-b-frontend/vite/deps/platform-browser-D6KUmwRj.js","getBaseHref","getBaseHref ( )",60,62
3,1,15,1,3,"prepareExternalUrl@63-65@/home/alex/dev/Bachelor/bmad-vergleichsstudie/.lizard-tmp-WOSzIR/code/seed-b-frontend/.angular/cache/22.1.3/seed-b-frontend/vite/deps/platform-browser-D6KUmwRj.js","/home/alex/dev/Bachelor/bmad-vergleichsstudie/.lizard-tmp-WOSzIR/code/seed-b-frontend/.angular/cache/22.1.3/seed-b-frontend/vite/deps/platform-browser-D6KUmwRj.js","prepareExternalUrl","prepareExternalUrl ( internal )",63,65
5,3,50,1,5,"path@66-70@/home/alex/dev/Bachelor/bmad-vergleichsstudie/.lizard-tmp-WOSzIR/code/seed-b-frontend/.angular/cache/22.1.3/seed-b-frontend/vite/deps/platform-browser-D6KUmwRj.js","/home/alex/dev/Bachelor/bmad-vergleichsstudie/.lizard-tmp-WOSzIR/code/seed-b-frontend/.angular/cache/22.1.3/seed-b-frontend/vite/deps/platform-browser-D6KUmwRj.js","path","path ( includeHash false )",66,70
4,1,39,4,4,"pushState@71-74@/home/alex/dev/Bachelor/bmad-vergleichsstudie/.lizard-tmp-WOSzIR/code/seed-b-frontend/.angular/cache/22.1.3/seed-b-frontend/vite/deps/platform-browser-D6KUmwRj.js","/home/alex/dev/Bachelor/bmad-vergleichsstudie/.lizard-tmp-WOSzIR/code/seed-b-frontend/.angular/cache/22.1.3/seed-b-frontend/vite/deps/platform-browser-D6KUmwRj.js","pushState","pushState ( state , title , url , queryParams )",71,74
4,1,39,4,4,"replaceState@75-78@/home/alex/dev/Bachelor/bmad-vergleichsstudie/.lizard-tmp-WOSzIR/code/seed-b-frontend/.angular/cache/22.1.3/seed-b-frontend/vite/deps/platform-browser-D6KUmwRj.js","/home/alex/dev/Bachelor/bmad-vergleichsstudie/.lizard-tmp-WOSzIR/code/seed-b-frontend/.angular/cache/22.1.3/seed-b-frontend/vite/deps/platform-browser-D6KUmwRj.js","replaceState","replaceState ( state , title , url , queryParams )",75,78
3,1,12,0,3,"forward@79-81@/home/alex/dev/Bachelor/bmad-vergleichsstudie/.lizard-tmp-WOSzIR/code/seed-b-frontend/.angular/cache/22.1.3/seed-b-frontend/vite/deps/platform-browser-D6KUmwRj.js","/home/alex/dev/Bachelor/bmad-vergleichsstudie/.lizard-tmp-WOSzIR/code/seed-b-frontend/.angular/cache/22.1.3/seed-b-frontend/vite/deps/platform-browser-D6KUmwRj.js","forward","forward ( )",79,81
3,1,12,0,3,"back@82-84@/home/alex/dev/Bachelor/bmad-vergleichsstudie/.lizard-tmp-WOSzIR/code/seed-b-frontend/.angular/cache/22.1.3/seed-b-frontend/vite/deps/platform-browser-D6KUmwRj.js","/home/alex/dev/Bachelor/bmad-vergleichsstudie/.lizard-tmp-WOSzIR/code/seed-b-frontend/.angular/cache/22.1.3/seed-b-frontend/vite/deps/platform-browser-D6KUmwRj.js","back","back ( )",82,84
3,1,13,0,3,"getState@85-87@/home/alex/dev/Bachelor/bmad-vergleichsstudie/.lizard-tmp-WOSzIR/code/seed-b-frontend/.angular/cache/22.1.3/seed-b-frontend/vite/deps/platform-browser-D6KUmwRj.js","/home/alex/dev/Bachelor/bmad-vergleichsstudie/.lizard-tmp-WOSzIR/code/seed-b-frontend/.angular/cache/22.1.3/seed-b-frontend/vite/deps/platform-browser-D6KUmwRj.js","getState","getState ( )",85,87
2,1,15,1,2,"historyGo@88-89@/home/alex/dev/Bachelor/bmad-vergleichsstudie/.lizard-tmp-WOSzIR/code/seed-b-frontend/.angular/cache/22.1.3/seed-b-frontend/vite/deps/platform-browser-D6KUmwRj.js","/home/alex/dev/Bachelor/bmad-vergleichsstudie/.lizard-tmp-WOSzIR/code/seed-b-frontend/.angular/cache/22.1.3/seed-b-frontend/vite/deps/platform-browser-D6KUmwRj.js","historyGo","historyGo ( relativePosition )",88,89
3,2,26,0,3,"PathLocationStrategy_Factory@91-93@/home/alex/dev/Bachelor/bmad-vergleichsstudie/.lizard-tmp-WOSzIR/code/seed-b-frontend/.angular/cache/22.1.3/seed-b-frontend/vite/deps/platform-browser-D6KUmwRj.js","/home/alex/dev/Bachelor/bmad-vergleichsstudie/.lizard-tmp-WOSzIR/code/seed-b-frontend/.angular/cache/22.1.3/seed-b-frontend/vite/deps/platform-browser-D6KUmwRj.js","PathLocationStrategy_Factory","PathLocationStrategy_Factory ( )",91,93
45,3,129,1,85,"stripTrailingSlash@15-99@/home/alex/dev/Bachelor/bmad-vergleichsstudie/.lizard-tmp-WOSzIR/code/seed-b-frontend/.angular/cache/22.1.3/seed-b-frontend/vite/deps/platform-browser-D6KUmwRj.js","/home/alex/dev/Bachelor/bmad-vergleichsstudie/.lizard-tmp-WOSzIR/code/seed-b-frontend/.angular/cache/22.1.3/seed-b-frontend/vite/deps/platform-browser-D6KUmwRj.js","stripTrailingSlash","stripTrailingSlash ( url )",15,99
1,1,6,0,1,"(anonymous)@104-104@/home/alex/dev/Bachelor/bmad-vergleichsstudie/.lizard-tmp-WOSzIR/code/seed-b-frontend/.angular/cache/22.1.3/seed-b-frontend/vite/deps/platform-browser-D6KUmwRj.js","/home/alex/dev/Bachelor/bmad-vergleichsstudie/.lizard-tmp-WOSzIR/code/seed-b-frontend/.angular/cache/22.1.3/seed-b-frontend/vite/deps/platform-browser-D6KUmwRj.js","(anonymous)","(anonymous)",104,104
11,3,69,0,11,"(anonymous)@100-110@/home/alex/dev/Bachelor/bmad-vergleichsstudie/.lizard-tmp-WOSzIR/code/seed-b-frontend/.angular/cache/22.1.3/seed-b-frontend/vite/deps/platform-browser-D6KUmwRj.js","/home/alex/dev/Bachelor/bmad-vergleichsstudie/.lizard-tmp-WOSzIR/code/seed-b-frontend/.angular/cache/22.1.3/seed-b-frontend/vite/deps/platform-browser-D6KUmwRj.js","(anonymous)","(anonymous)",100,110
5,3,57,1,5,"prepareExternalUrl@113-117@/home/alex/dev/Bachelor/bmad-vergleichsstudie/.lizard-tmp-WOSzIR/code/seed-b-frontend/.angular/cache/22.1.3/seed-b-frontend/vite/deps/platform-browser-D6KUmwRj.js","/home/alex/dev/Bachelor/bmad-vergleichsstudie/.lizard-tmp-WOSzIR/code/seed-b-frontend/.angular/cache/22.1.3/seed-b-frontend/vite/deps/platform-browser-D6KUmwRj.js","prepareExternalUrl","prepareExternalUrl ( internal )",113,117
3,3,24,0,3,"NoTrailingSlashPathLocationStrategy_Factory@120-122@/home/alex/dev/Bachelor/bmad-vergleichsstudie/.lizard-tmp-WOSzIR/code/seed-b-frontend/.angular/cache/22.1.3/seed-b-frontend/vite/deps/platform-browser-D6KUmwRj.js","/home/alex/dev/Bachelor/bmad-vergleichsstudie/.lizard-tmp-WOSzIR/code/seed-b-frontend/.angular/cache/22.1.3/seed-b-frontend/vite/deps/platform-browser-D6KUmwRj.js","NoTrailingSlashPathLocationStrategy_Factory","NoTrailingSlashPathLocationStrategy_Factory ( )",120,122
4,1,14,0,6,"ɵfac@118-123@/home/alex/dev/Bachelor/bmad-vergleichsstudie/.lizard-tmp-WOSzIR/code/seed-b-frontend/.angular/cache/22.1.3/seed-b-frontend/vite/deps/platform-browser-D6KUmwRj.js","/home/alex/dev/Bachelor/bmad-vergleichsstudie/.lizard-tmp-WOSzIR/code/seed-b-frontend/.angular/cache/22.1.3/seed-b-frontend/vite/deps/platform-browser-D6KUmwRj.js","ɵfac","ɵfac ( ( )",118,123
6,3,38,0,6,"(anonymous)@130-135@/home/alex/dev/Bachelor/bmad-vergleichsstudie/.lizard-tmp-WOSzIR/code/seed-b-frontend/.angular/cache/22.1.3/seed-b-frontend/vite/deps/platform-browser-D6KUmwRj.js","/home/alex/dev/Bachelor/bmad-vergleichsstudie/.lizard-tmp-WOSzIR/code/seed-b-frontend/.angular/cache/22.1.3/seed-b-frontend/vite/deps/platform-browser-D6KUmwRj.js","(anonymous)","(anonymous)",130,135
5,2,46,1,5,"prepareExternalUrl@137-141@/home/alex/dev/Bachelor/bmad-vergleichsstudie/.lizard-tmp-WOSzIR/code/seed-b-frontend/.angular/cache/22.1.3/seed-b-frontend/vite/deps/platform-browser-D6KUmwRj.js","/home/alex/dev/Bachelor/bmad-vergleichsstudie/.lizard-tmp-WOSzIR/code/seed-b-frontend/.angular/cache/22.1.3/seed-b-frontend/vite/deps/platform-browser-D6KUmwRj.js","prepareExternalUrl","prepareExternalUrl ( internal )",137,141
3,3,24,0,3,"TrailingSlashPathLocationStrategy_Factory@144-146@/home/alex/dev/Bachelor/bmad-vergleichsstudie/.lizard-tmp-WOSzIR/code/seed-b-frontend/.angular/cache/22.1.3/seed-b-frontend/vite/deps/platform-browser-D6KUmwRj.js","/home/alex/dev/Bachelor/bmad-vergleichsstudie/.lizard-tmp-WOSzIR/code/seed-b-frontend/.angular/cache/22.1.3/seed-b-frontend/vite/deps/platform-browser-D6KUmwRj.js","TrailingSlashPathLocationStrategy_Factory","TrailingSlashPathLocationStrategy_Factory ( )",144,146
4,1,14,0,6,"ɵfac@142-147@/home/alex/dev/Bachelor/bmad-vergleichsstudie/.lizard-tmp-WOSzIR/code/seed-b-frontend/.angular/cache/22.1.3/seed-b-frontend/vite/deps/platform-browser-D6KUmwRj.js","/home/alex/dev/Bachelor/bmad-vergleichsstudie/.lizard-tmp-WOSzIR/code/seed-b-frontend/.angular/cache/22.1.3/seed-b-frontend/vite/deps/platform-browser-D6KUmwRj.js","ɵfac","ɵfac ( ( )",142,147
6,3,38,0,6,"(anonymous)@154-159@/home/alex/dev/Bachelor/bmad-vergleichsstudie/.lizard-tmp-WOSzIR/code/seed-b-frontend/.angular/cache/22.1.3/seed-b-frontend/vite/deps/platform-browser-D6KUmwRj.js","/home/alex/dev/Bachelor/bmad-vergleichsstudie/.lizard-tmp-WOSzIR/code/seed-b-frontend/.angular/cache/22.1.3/seed-b-frontend/vite/deps/platform-browser-D6KUmwRj.js","(anonymous)","(anonymous)",154,159
2,1,8,0,2,"factory@253-254@/home/alex/dev/Bachelor/bmad-vergleichsstudie/.lizard-tmp-WOSzIR/code/seed-b-frontend/.angular/cache/22.1.3/seed-b-frontend/vite/deps/platform-browser-D6KUmwRj.js","/home/alex/dev/Bachelor/bmad-vergleichsstudie/.lizard-tmp-WOSzIR/code/seed-b-frontend/.angular/cache/22.1.3/seed-b-frontend/vite/deps/platform-browser-D6KUmwRj.js","factory","factory ( )",253,254
1,1,6,0,1,"(anonymous)@264-264@/home/alex/dev/Bachelor/bmad-vergleichsstudie/.lizard-tmp-WOSzIR/code/seed-b-frontend/.angular/cache/22.1.3/seed-b-frontend/vite/deps/platform-browser-D6KUmwRj.js","/home/alex/dev/Bachelor/bmad-vergleichsstudie/.lizard-tmp-WOSzIR/code/seed-b-frontend/.angular/cache/22.1.3/seed-b-frontend/vite/deps/platform-browser-D6KUmwRj.js","(anonymous)","(anonymous)",264,264
9,3,46,0,9,"(anonymous)@257-265@/home/alex/dev/Bachelor/bmad-vergleichsstudie/.lizard-tmp-WOSzIR/code/seed-b-frontend/.angular/cache/22.1.3/seed-b-frontend/vite/deps/platform-browser-D6KUmwRj.js","/home/alex/dev/Bachelor/bmad-vergleichsstudie/.lizard-tmp-WOSzIR/code/seed-b-frontend/.angular/cache/22.1.3/seed-b-frontend/vite/deps/platform-browser-D6KUmwRj.js","(anonymous)","(anonymous)",257,265
3,1,14,0,3,"createLocation@266-268@/home/alex/dev/Bachelor/bmad-vergleichsstudie/.lizard-tmp-WOSzIR/code/seed-b-frontend/.angular/cache/22.1.3/seed-b-frontend/vite/deps/platform-browser-D6KUmwRj.js","/home/alex/dev/Bachelor/bmad-vergleichsstudie/.lizard-tmp-WOSzIR/code/seed-b-frontend/.angular/cache/22.1.3/seed-b-frontend/vite/deps/platform-browser-D6KUmwRj.js","createLocation","createLocation ( )",266,268
11,5,65,2,11,"_stripBasePath@269-279@/home/alex/dev/Bachelor/bmad-vergleichsstudie/.lizard-tmp-WOSzIR/code/seed-b-frontend/.angular/cache/22.1.3/seed-b-frontend/vite/deps/platform-browser-D6KUmwRj.js","/home/alex/dev/Bachelor/bmad-vergleichsstudie/.lizard-tmp-WOSzIR/code/seed-b-frontend/.angular/cache/22.1.3/seed-b-frontend/vite/deps/platform-browser-D6KUmwRj.js","_stripBasePath","_stripBasePath ( basePath , url )",269,279
3,1,22,1,3,"_stripIndexHtml@280-282@/home/alex/dev/Bachelor/bmad-vergleichsstudie/.lizard-tmp-WOSzIR/code/seed-b-frontend/.angular/cache/22.1.3/seed-b-frontend/vite/deps/platform-browser-D6KUmwRj.js","/home/alex/dev/Bachelor/bmad-vergleichsstudie/.lizard-tmp-WOSzIR/code/seed-b-frontend/.angular/cache/22.1.3/seed-b-frontend/vite/deps/platform-browser-D6KUmwRj.js","_stripIndexHtml","_stripIndexHtml ( url )",280,282
7,2,51,1,7,"_stripOrigin@283-289@/home/alex/dev/Bachelor/bmad-vergleichsstudie/.lizard-tmp-WOSzIR/code/seed-b-frontend/.angular/cache/22.1.3/seed-b-frontend/vite/deps/platform-browser-D6KUmwRj.js","/home/alex/dev/Bachelor/bmad-vergleichsstudie/.lizard-tmp-WOSzIR/code/seed-b-frontend/.angular/cache/22.1.3/seed-b-frontend/vite/deps/platform-browser-D6KUmwRj.js","_stripOrigin","_stripOrigin ( baseHref )",283,289
5,2,29,0,5,"constructor@301-305@/home/alex/dev/Bachelor/bmad-vergleichsstudie/.lizard-tmp-WOSzIR/code/seed-b-frontend/.angular/cache/22.1.3/seed-b-frontend/vite/deps/platform-browser-D6KUmwRj.js","/home/alex/dev/Bachelor/bmad-vergleichsstudie/.lizard-tmp-WOSzIR/code/seed-b-frontend/.angular/cache/22.1.3/seed-b-frontend/vite/deps/platform-browser-D6KUmwRj.js","constructor","constructor ( , )",301,305
3,2,22,0,3,"ngOnDestroy@306-308@/home/alex/dev/Bachelor/bmad-vergleichsstudie/.lizard-tmp-WOSzIR/code/seed-b-frontend/.angular/cache/22.1.3/seed-b-frontend/vite/deps/platform-browser-D6KUmwRj.js","/home/alex/dev/Bachelor/bmad-vergleichsstudie/.lizard-tmp-WOSzIR/code/seed-b-frontend/.angular/cache/22.1.3/seed-b-frontend/vite/deps/platform-browser-D6KUmwRj.js","ngOnDestroy","ngOnDestroy ( )",306,308
3,1,30,1,3,"onPopState@309-311@/home/alex/dev/Bachelor/bmad-vergleichsstudie/.lizard-tmp-WOSzIR/code/seed-b-frontend/.angular/cache/22.1.3/seed-b-frontend/vite/deps/platform-browser-D6KUmwRj.js","/home/alex/dev/Bachelor/bmad-vergleichsstudie/.lizard-tmp-WOSzIR/code/seed-b-frontend/.angular/cache/22.1.3/seed-b-frontend/vite/deps/platform-browser-D6KUmwRj.js","onPopState","onPopState ( fn )",309,311
3,1,9,0,3,"getBaseHref@312-314@/home/alex/dev/Bachelor/bmad-vergleichsstudie/.lizard-tmp-WOSzIR/code/seed-b-frontend/.angular/cache/22.1.3/seed-b-frontend/vite/deps/platform-browser-D6KUmwRj.js","/home/alex/dev/Bachelor/bmad-vergleichsstudie/.lizard-tmp-WOSzIR/code/seed-b-frontend/.angular/cache/22.1.3/seed-b-frontend/vite/deps/platform-browser-D6KUmwRj.js","getBaseHref","getBaseHref ( )",312,314
4,4,35,1,4,"path@315-318@/home/alex/dev/Bachelor/bmad-vergleichsstudie/.lizard-tmp-WOSzIR/code/seed-b-frontend/.angular/cache/22.1.3/seed-b-frontend/vite/deps/platform-browser-D6KUmwRj.js","/home/alex/dev/Bachelor/bmad-vergleichsstudie/.lizard-tmp-WOSzIR/code/seed-b-frontend/.angular/cache/22.1.3/seed-b-frontend/vite/deps/platform-browser-D6KUmwRj.js","path","path ( includeHash false )",315,318
4,2,30,1,4,"prepareExternalUrl@319-322@/home/alex/dev/Bachelor/bmad-vergleichsstudie/.lizard-tmp-WOSzIR/code/seed-b-frontend/.angular/cache/22.1.3/seed-b-frontend/vite/deps/platform-browser-D6KUmwRj.js","/home/alex/dev/Bachelor/bmad-vergleichsstudie/.lizard-tmp-WOSzIR/code/seed-b-frontend/.angular/cache/22.1.3/seed-b-frontend/vite/deps/platform-browser-D6KUmwRj.js","prepareExternalUrl","prepareExternalUrl ( internal )",319,322
4,2,45,4,4,"pushState@323-326@/home/alex/dev/Bachelor/bmad-vergleichsstudie/.lizard-tmp-WOSzIR/code/seed-b-frontend/.angular/cache/22.1.3/seed-b-frontend/vite/deps/platform-browser-D6KUmwRj.js","/home/alex/dev/Bachelor/bmad-vergleichsstudie/.lizard-tmp-WOSzIR/code/seed-b-frontend/.angular/cache/22.1.3/seed-b-frontend/vite/deps/platform-browser-D6KUmwRj.js","pushState","pushState ( state , title , path , queryParams )",323,326
4,2,45,4,4,"replaceState@327-330@/home/alex/dev/Bachelor/bmad-vergleichsstudie/.lizard-tmp-WOSzIR/code/seed-b-frontend/.angular/cache/22.1.3/seed-b-frontend/vite/deps/platform-browser-D6KUmwRj.js","/home/alex/dev/Bachelor/bmad-vergleichsstudie/.lizard-tmp-WOSzIR/code/seed-b-frontend/.angular/cache/22.1.3/seed-b-frontend/vite/deps/platform-browser-D6KUmwRj.js","replaceState","replaceState ( state , title , path , queryParams )",327,330
3,1,12,0,3,"forward@331-333@/home/alex/dev/Bachelor/bmad-vergleichsstudie/.lizard-tmp-WOSzIR/code/seed-b-frontend/.angular/cache/22.1.3/seed-b-frontend/vite/deps/platform-browser-D6KUmwRj.js","/home/alex/dev/Bachelor/bmad-vergleichsstudie/.lizard-tmp-WOSzIR/code/seed-b-frontend/.angular/cache/22.1.3/seed-b-frontend/vite/deps/platform-browser-D6KUmwRj.js","forward","forward ( )",331,333
3,1,12,0,3,"back@334-336@/home/alex/dev/Bachelor/bmad-vergleichsstudie/.lizard-tmp-WOSzIR/code/seed-b-frontend/.angular/cache/22.1.3/seed-b-frontend/vite/deps/platform-browser-D6KUmwRj.js","/home/alex/dev/Bachelor/bmad-vergleichsstudie/.lizard-tmp-WOSzIR/code/seed-b-frontend/.angular/cache/22.1.3/seed-b-frontend/vite/deps/platform-browser-D6KUmwRj.js","back","back ( )",334,336
3,1,13,0,3,"getState@337-339@/home/alex/dev/Bachelor/bmad-vergleichsstudie/.lizard-tmp-WOSzIR/code/seed-b-frontend/.angular/cache/22.1.3/seed-b-frontend/vite/deps/platform-browser-D6KUmwRj.js","/home/alex/dev/Bachelor/bmad-vergleichsstudie/.lizard-tmp-WOSzIR/code/seed-b-frontend/.angular/cache/22.1.3/seed-b-frontend/vite/deps/platform-browser-D6KUmwRj.js","getState","getState ( )",337,339
2,1,15,1,2,"historyGo@340-341@/home/alex/dev/Bachelor/bmad-vergleichsstudie/.lizard-tmp-WOSzIR/code/seed-b-frontend/.angular/cache/22.1.3/seed-b-frontend/vite/deps/platform-browser-D6KUmwRj.js","/home/alex/dev/Bachelor/bmad-vergleichsstudie/.lizard-tmp-WOSzIR/code/seed-b-frontend/.angular/cache/22.1.3/seed-b-frontend/vite/deps/platform-browser-D6KUmwRj.js","historyGo","historyGo ( relativePosition )",340,341
3,2,26,0,3,"HashLocationStrategy_Factory@343-345@/home/alex/dev/Bachelor/bmad-vergleichsstudie/.lizard-tmp-WOSzIR/code/seed-b-frontend/.angular/cache/22.1.3/seed-b-frontend/vite/deps/platform-browser-D6KUmwRj.js","/home/alex/dev/Bachelor/bmad-vergleichsstudie/.lizard-tmp-WOSzIR/code/seed-b-frontend/.angular/cache/22.1.3/seed-b-frontend/vite/deps/platform-browser-D6KUmwRj.js","HashLocationStrategy_Factory","HashLocationStrategy_Factory ( )",343,345
124,1,121,1,191,"extractUrlPath@160-350@/home/alex/dev/Bachelor/bmad-vergleichsstudie/.lizard-tmp-WOSzIR/code/seed-b-frontend/.angular/cache/22.1.3/seed-b-frontend/vite/deps/platform-browser-D6KUmwRj.js","/home/alex/dev/Bachelor/bmad-vergleichsstudie/.lizard-tmp-WOSzIR/code/seed-b-frontend/.angular/cache/22.1.3/seed-b-frontend/vite/deps/platform-browser-D6KUmwRj.js","extractUrlPath","extractUrlPath ( url )",160,350
1,1,6,0,1,"(anonymous)@352-352@/home/alex/dev/Bachelor/bmad-vergleichsstudie/.lizard-tmp-WOSzIR/code/seed-b-frontend/.angular/cache/22.1.3/seed-b-frontend/vite/deps/platform-browser-D6KUmwRj.js","/home/alex/dev/Bachelor/bmad-vergleichsstudie/.lizard-tmp-WOSzIR/code/seed-b-frontend/.angular/cache/22.1.3/seed-b-frontend/vite/deps/platform-browser-D6KUmwRj.js","(anonymous)","(anonymous)",352,352
8,3,59,0,8,"(anonymous)@351-358@/home/alex/dev/Bachelor/bmad-vergleichsstudie/.lizard-tmp-WOSzIR/code/seed-b-frontend/.angular/cache/22.1.3/seed-b-frontend/vite/deps/platform-browser-D6KUmwRj.js","/home/alex/dev/Bachelor/bmad-vergleichsstudie/.lizard-tmp-WOSzIR/code/seed-b-frontend/.angular/cache/22.1.3/seed-b-frontend/vite/deps/platform-browser-D6KUmwRj.js","(anonymous)","(anonymous)",351,358
6,1,53,1,6,"(anonymous)@793-798@/home/alex/dev/Bachelor/bmad-vergleichsstudie/.lizard-tmp-WOSzIR/code/seed-b-frontend/.angular/cache/22.1.3/seed-b-frontend/vite/deps/platform-browser-D6KUmwRj.js","/home/alex/dev/Bachelor/bmad-vergleichsstudie/.lizard-tmp-WOSzIR/code/seed-b-frontend/.angular/cache/22.1.3/seed-b-frontend/vite/deps/platform-browser-D6KUmwRj.js","(anonymous)","(anonymous) ( NumberFormatStyle )",793,798
8,1,77,1,8,"(anonymous)@800-807@/home/alex/dev/Bachelor/bmad-vergleichsstudie/.lizard-tmp-WOSzIR/code/seed-b-frontend/.angular/cache/22.1.3/seed-b-frontend/vite/deps/platform-browser-D6KUmwRj.js","/home/alex/dev/Bachelor/bmad-vergleichsstudie/.lizard-tmp-WOSzIR/code/seed-b-frontend/.angular/cache/22.1.3/seed-b-frontend/vite/deps/platform-browser-D6KUmwRj.js","(anonymous)","(anonymous) ( Plural )",800,807
4,1,29,1,4,"(anonymous)@809-812@/home/alex/dev/Bachelor/bmad-vergleichsstudie/.lizard-tmp-WOSzIR/code/seed-b-frontend/.angular/cache/22.1.3/seed-b-frontend/vite/deps/platform-browser-D6KUmwRj.js","/home/alex/dev/Bachelor/bmad-vergleichsstudie/.lizard-tmp-WOSzIR/code/seed-b-frontend/.angular/cache/22.1.3/seed-b-frontend/vite/deps/platform-browser-D6KUmwRj.js","(anonymous)","(anonymous) ( FormStyle )",809,812
6,1,53,1,6,"(anonymous)@814-819@/home/alex/dev/Bachelor/bmad-vergleichsstudie/.lizard-tmp-WOSzIR/code/seed-b-frontend/.angular/cache/22.1.3/seed-b-frontend/vite/deps/platform-browser-D6KUmwRj.js","/home/alex/dev/Bachelor/bmad-vergleichsstudie/.lizard-tmp-WOSzIR/code/seed-b-frontend/.angular/cache/22.1.3/seed-b-frontend/vite/deps/platform-browser-D6KUmwRj.js","(anonymous)","(anonymous) ( TranslationWidth )",814,819
6,1,53,1,6,"(anonymous)@821-826@/home/alex/dev/Bachelor/bmad-vergleichsstudie/.lizard-tmp-WOSzIR/code/seed-b-frontend/.angular/cache/22.1.3/seed-b-frontend/vite/deps/platform-browser-D6KUmwRj.js","/home/alex/dev/Bachelor/bmad-vergleichsstudie/.lizard-tmp-WOSzIR/code/seed-b-frontend/.angular/cache/22.1.3/seed-b-frontend/vite/deps/platform-browser-D6KUmwRj.js","(anonymous)","(anonymous) ( FormatWidth )",821,826
9,1,89,1,9,"(anonymous)@844-852@/home/alex/dev/Bachelor/bmad-vergleichsstudie/.lizard-tmp-WOSzIR/code/seed-b-frontend/.angular/cache/22.1.3/seed-b-frontend/vite/deps/platform-browser-D6KUmwRj.js","/home/alex/dev/Bachelor/bmad-vergleichsstudie/.lizard-tmp-WOSzIR/code/seed-b-frontend/.angular/cache/22.1.3/seed-b-frontend/vite/deps/platform-browser-D6KUmwRj.js","(anonymous)","(anonymous) ( WeekDay )",844,852
3,1,16,1,3,"getLocaleId@853-855@/home/alex/dev/Bachelor/bmad-vergleichsstudie/.lizard-tmp-WOSzIR/code/seed-b-frontend/.angular/cache/22.1.3/seed-b-frontend/vite/deps/platform-browser-D6KUmwRj.js","/home/alex/dev/Bachelor/bmad-vergleichsstudie/.lizard-tmp-WOSzIR/code/seed-b-frontend/.angular/cache/22.1.3/seed-b-frontend/vite/deps/platform-browser-D6KUmwRj.js","getLocaleId","getLocaleId ( locale )",853,855
4,1,44,3,4,"getLocaleDayPeriods@856-859@/home/alex/dev/Bachelor/bmad-vergleichsstudie/.lizard-tmp-WOSzIR/code/seed-b-frontend/.angular/cache/22.1.3/seed-b-frontend/vite/deps/platform-browser-D6KUmwRj.js","/home/alex/dev/Bachelor/bmad-vergleichsstudie/.lizard-tmp-WOSzIR/code/seed-b-frontend/.angular/cache/22.1.3/seed-b-frontend/vite/deps/platform-browser-D6KUmwRj.js","getLocaleDayPeriods","getLocaleDayPeriods ( locale , formStyle , width )",856,859
4,1,44,3,4,"getLocaleDayNames@860-863@/home/alex/dev/Bachelor/bmad-vergleichsstudie/.lizard-tmp-WOSzIR/code/seed-b-frontend/.angular/cache/22.1.3/seed-b-frontend/vite/deps/platform-browser-D6KUmwRj.js","/home/alex/dev/Bachelor/bmad-vergleichsstudie/.lizard-tmp-WOSzIR/code/seed-b-frontend/.angular/cache/22.1.3/seed-b-frontend/vite/deps/platform-browser-D6KUmwRj.js","getLocaleDayNames","getLocaleDayNames ( locale , formStyle , width )",860,863
4,1,44,3,4,"getLocaleMonthNames@864-867@/home/alex/dev/Bachelor/bmad-vergleichsstudie/.lizard-tmp-WOSzIR/code/seed-b-frontend/.angular/cache/22.1.3/seed-b-frontend/vite/deps/platform-browser-D6KUmwRj.js","/home/alex/dev/Bachelor/bmad-vergleichsstudie/.lizard-tmp-WOSzIR/code/seed-b-frontend/.angular/cache/22.1.3/seed-b-frontend/vite/deps/platform-browser-D6KUmwRj.js","getLocaleMonthNames","getLocaleMonthNames ( locale , formStyle , width )",864,867
4,1,28,2,4,"getLocaleEraNames@868-871@/home/alex/dev/Bachelor/bmad-vergleichsstudie/.lizard-tmp-WOSzIR/code/seed-b-frontend/.angular/cache/22.1.3/seed-b-frontend/vite/deps/platform-browser-D6KUmwRj.js","/home/alex/dev/Bachelor/bmad-vergleichsstudie/.lizard-tmp-WOSzIR/code/seed-b-frontend/.angular/cache/22.1.3/seed-b-frontend/vite/deps/platform-browser-D6KUmwRj.js","getLocaleEraNames","getLocaleEraNames ( locale , width )",868,871
3,1,23,2,3,"getLocaleDateFormat@872-874@/home/alex/dev/Bachelor/bmad-vergleichsstudie/.lizard-tmp-WOSzIR/code/seed-b-frontend/.angular/cache/22.1.3/seed-b-frontend/vite/deps/platform-browser-D6KUmwRj.js","/home/alex/dev/Bachelor/bmad-vergleichsstudie/.lizard-tmp-WOSzIR/code/seed-b-frontend/.angular/cache/22.1.3/seed-b-frontend/vite/deps/platform-browser-D6KUmwRj.js","getLocaleDateFormat","getLocaleDateFormat ( locale , width )",872,874
3,1,23,2,3,"getLocaleTimeFormat@875-877@/home/alex/dev/Bachelor/bmad-vergleichsstudie/.lizard-tmp-WOSzIR/code/seed-b-frontend/.angular/cache/22.1.3/seed-b-frontend/vite/deps/platform-browser-D6KUmwRj.js","/home/alex/dev/Bachelor/bmad-vergleichsstudie/.lizard-tmp-WOSzIR/code/seed-b-frontend/.angular/cache/22.1.3/seed-b-frontend/vite/deps/platform-browser-D6KUmwRj.js","getLocaleTimeFormat","getLocaleTimeFormat ( locale , width )",875,877
4,1,28,2,4,"getLocaleDateTimeFormat@878-881@/home/alex/dev/Bachelor/bmad-vergleichsstudie/.lizard-tmp-WOSzIR/code/seed-b-frontend/.angular/cache/22.1.3/seed-b-frontend/vite/deps/platform-browser-D6KUmwRj.js","/home/alex/dev/Bachelor/bmad-vergleichsstudie/.lizard-tmp-WOSzIR/code/seed-b-frontend/.angular/cache/22.1.3/seed-b-frontend/vite/deps/platform-browser-D6KUmwRj.js","getLocaleDateTimeFormat","getLocaleDateTimeFormat ( locale , width )",878,881
9,4,83,2,9,"getLocaleNumberSymbol@882-890@/home/alex/dev/Bachelor/bmad-vergleichsstudie/.lizard-tmp-WOSzIR/code/seed-b-frontend/.angular/cache/22.1.3/seed-b-frontend/vite/deps/platform-browser-D6KUmwRj.js","/home/alex/dev/Bachelor/bmad-vergleichsstudie/.lizard-tmp-WOSzIR/code/seed-b-frontend/.angular/cache/22.1.3/seed-b-frontend/vite/deps/platform-browser-D6KUmwRj.js","getLocaleNumberSymbol","getLocaleNumberSymbol ( locale , symbol )",882,890
3,1,21,2,3,"getLocaleNumberFormat@891-893@/home/alex/dev/Bachelor/bmad-vergleichsstudie/.lizard-tmp-WOSzIR/code/seed-b-frontend/.angular/cache/22.1.3/seed-b-frontend/vite/deps/platform-browser-D6KUmwRj.js","/home/alex/dev/Bachelor/bmad-vergleichsstudie/.lizard-tmp-WOSzIR/code/seed-b-frontend/.angular/cache/22.1.3/seed-b-frontend/vite/deps/platform-browser-D6KUmwRj.js","getLocaleNumberFormat","getLocaleNumberFormat ( locale , type )",891,893
3,1,16,1,3,"getLocaleCurrencies@894-896@/home/alex/dev/Bachelor/bmad-vergleichsstudie/.lizard-tmp-WOSzIR/code/seed-b-frontend/.angular/cache/22.1.3/seed-b-frontend/vite/deps/platform-browser-D6KUmwRj.js","/home/alex/dev/Bachelor/bmad-vergleichsstudie/.lizard-tmp-WOSzIR/code/seed-b-frontend/.angular/cache/22.1.3/seed-b-frontend/vite/deps/platform-browser-D6KUmwRj.js","getLocaleCurrencies","getLocaleCurrencies ( locale )",894,896
3,3,32,1,3,"checkFullData@898-900@/home/alex/dev/Bachelor/bmad-vergleichsstudie/.lizard-tmp-WOSzIR/code/seed-b-frontend/.angular/cache/22.1.3/seed-b-frontend/vite/deps/platform-browser-D6KUmwRj.js","/home/alex/dev/Bachelor/bmad-vergleichsstudie/.lizard-tmp-WOSzIR/code/seed-b-frontend/.angular/cache/22.1.3/seed-b-frontend/vite/deps/platform-browser-D6KUmwRj.js","checkFullData","checkFullData ( data )",898,900
4,2,34,0,4,"(anonymous)@904-907@/home/alex/dev/Bachelor/bmad-vergleichsstudie/.lizard-tmp-WOSzIR/code/seed-b-frontend/.angular/cache/22.1.3/seed-b-frontend/vite/deps/platform-browser-D6KUmwRj.js","/home/alex/dev/Bachelor/bmad-vergleichsstudie/.lizard-tmp-WOSzIR/code/seed-b-frontend/.angular/cache/22.1.3/seed-b-frontend/vite/deps/platform-browser-D6KUmwRj.js","(anonymous)","(anonymous)",904,907
5,2,43,1,8,"getLocaleExtraDayPeriodRules@901-908@/home/alex/dev/Bachelor/bmad-vergleichsstudie/.lizard-tmp-WOSzIR/code/seed-b-frontend/.angular/cache/22.1.3/seed-b-frontend/vite/deps/platform-browser-D6KUmwRj.js","/home/alex/dev/Bachelor/bmad-vergleichsstudie/.lizard-tmp-WOSzIR/code/seed-b-frontend/.angular/cache/22.1.3/seed-b-frontend/vite/deps/platform-browser-D6KUmwRj.js","getLocaleExtraDayPeriodRules","getLocaleExtraDayPeriodRules ( locale )",901,908
5,3,61,3,5,"getLocaleExtraDayPeriods@909-913@/home/alex/dev/Bachelor/bmad-vergleichsstudie/.lizard-tmp-WOSzIR/code/seed-b-frontend/.angular/cache/22.1.3/seed-b-frontend/vite/deps/platform-browser-D6KUmwRj.js","/home/alex/dev/Bachelor/bmad-vergleichsstudie/.lizard-tmp-WOSzIR/code/seed-b-frontend/.angular/cache/22.1.3/seed-b-frontend/vite/deps/platform-browser-D6KUmwRj.js","getLocaleExtraDayPeriods","getLocaleExtraDayPeriods ( locale , formStyle , width )",909,913
4,4,49,2,4,"getLastDefinedValue@914-917@/home/alex/dev/Bachelor/bmad-vergleichsstudie/.lizard-tmp-WOSzIR/code/seed-b-frontend/.angular/cache/22.1.3/seed-b-frontend/vite/deps/platform-browser-D6KUmwRj.js","/home/alex/dev/Bachelor/bmad-vergleichsstudie/.lizard-tmp-WOSzIR/code/seed-b-frontend/.angular/cache/22.1.3/seed-b-frontend/vite/deps/platform-browser-D6KUmwRj.js","getLastDefinedValue","getLastDefinedValue ( data , index )",914,917
7,1,32,1,7,"extractTime@918-924@/home/alex/dev/Bachelor/bmad-vergleichsstudie/.lizard-tmp-WOSzIR/code/seed-b-frontend/.angular/cache/22.1.3/seed-b-frontend/vite/deps/platform-browser-D6KUmwRj.js","/home/alex/dev/Bachelor/bmad-vergleichsstudie/.lizard-tmp-WOSzIR/code/seed-b-frontend/.angular/cache/22.1.3/seed-b-frontend/vite/deps/platform-browser-D6KUmwRj.js","extractTime","extractTime ( time )",918,924
6,6,60,3,6,"getCurrencySymbol@925-930@/home/alex/dev/Bachelor/bmad-vergleichsstudie/.lizard-tmp-WOSzIR/code/seed-b-frontend/.angular/cache/22.1.3/seed-b-frontend/vite/deps/platform-browser-D6KUmwRj.js","/home/alex/dev/Bachelor/bmad-vergleichsstudie/.lizard-tmp-WOSzIR/code/seed-b-frontend/.angular/cache/22.1.3/seed-b-frontend/vite/deps/platform-browser-D6KUmwRj.js","getCurrencySymbol","getCurrencySymbol ( code , format , locale )",925,930
6,3,37,1,6,"getNumberOfCurrencyDigits@932-937@/home/alex/dev/Bachelor/bmad-vergleichsstudie/.lizard-tmp-WOSzIR/code/seed-b-frontend/.angular/cache/22.1.3/seed-b-frontend/vite/deps/platform-browser-D6KUmwRj.js","/home/alex/dev/Bachelor/bmad-vergleichsstudie/.lizard-tmp-WOSzIR/code/seed-b-frontend/.angular/cache/22.1.3/seed-b-frontend/vite/deps/platform-browser-D6KUmwRj.js","getNumberOfCurrencyDigits","getNumberOfCurrencyDigits ( code )",932,937
4,3,43,0,4,"(anonymous)@967-970@/home/alex/dev/Bachelor/bmad-vergleichsstudie/.lizard-tmp-WOSzIR/code/seed-b-frontend/.angular/cache/22.1.3/seed-b-frontend/vite/deps/platform-browser-D6KUmwRj.js","/home/alex/dev/Bachelor/bmad-vergleichsstudie/.lizard-tmp-WOSzIR/code/seed-b-frontend/.angular/cache/22.1.3/seed-b-frontend/vite/deps/platform-browser-D6KUmwRj.js","(anonymous)","(anonymous)",967,970
28,8,177,4,31,"formatDate@942-972@/home/alex/dev/Bachelor/bmad-vergleichsstudie/.lizard-tmp-WOSzIR/code/seed-b-frontend/.angular/cache/22.1.3/seed-b-frontend/vite/deps/platform-browser-D6KUmwRj.js","/home/alex/dev/Bachelor/bmad-vergleichsstudie/.lizard-tmp-WOSzIR/code/seed-b-frontend/.angular/cache/22.1.3/seed-b-frontend/vite/deps/platform-browser-D6KUmwRj.js","formatDate","formatDate ( value , format , locale , timezone )",942,972
3,3,30,1,3,"assertValidDateFormatLength@973-975@/home/alex/dev/Bachelor/bmad-vergleichsstudie/.lizard-tmp-WOSzIR/code/seed-b-frontend/.angular/cache/22.1.3/seed-b-frontend/vite/deps/platform-browser-D6KUmwRj.js","/home/alex/dev/Bachelor/bmad-vergleichsstudie/.lizard-tmp-WOSzIR/code/seed-b-frontend/.angular/cache/22.1.3/seed-b-frontend/vite/deps/platform-browser-D6KUmwRj.js","assertValidDateFormatLength","assertValidDateFormatLength ( format )",973,975
1,1,12,0,1,"(anonymous)@977-977@/home/alex/dev/Bachelor/bmad-vergleichsstudie/.lizard-tmp-WOSzIR/code/seed-b-frontend/.angular/cache/22.1.3/seed-b-frontend/vite/deps/platform-browser-D6KUmwRj.js","/home/alex/dev/Bachelor/bmad-vergleichsstudie/.lizard-tmp-WOSzIR/code/seed-b-frontend/.angular/cache/22.1.3/seed-b-frontend/vite/deps/platform-browser-D6KUmwRj.js","(anonymous)","(anonymous)",977,977
1,1,12,0,1,"(anonymous)@977-977@/home/alex/dev/Bachelor/bmad-vergleichsstudie/.lizard-tmp-WOSzIR/code/seed-b-frontend/.angular/cache/22.1.3/seed-b-frontend/vite/deps/platform-browser-D6KUmwRj.js","/home/alex/dev/Bachelor/bmad-vergleichsstudie/.lizard-tmp-WOSzIR/code/seed-b-frontend/.angular/cache/22.1.3/seed-b-frontend/vite/deps/platform-browser-D6KUmwRj.js","(anonymous)","(anonymous)",977,977
7,4,71,1,7,"assertValidDateFormat@976-982@/home/alex/dev/Bachelor/bmad-vergleichsstudie/.lizard-tmp-WOSzIR/code/seed-b-frontend/.angular/cache/22.1.3/seed-b-frontend/vite/deps/platform-browser-D6KUmwRj.js","/home/alex/dev/Bachelor/bmad-vergleichsstudie/.lizard-tmp-WOSzIR/code/seed-b-frontend/.angular/cache/22.1.3/seed-b-frontend/vite/deps/platform-browser-D6KUmwRj.js","assertValidDateFormat","assertValidDateFormat ( parts )",976,982
6,1,43,3,6,"createDate@983-988@/home/alex/dev/Bachelor/bmad-vergleichsstudie/.lizard-tmp-WOSzIR/code/seed-b-frontend/.angular/cache/22.1.3/seed-b-frontend/vite/deps/platform-browser-D6KUmwRj.js","/home/alex/dev/Bachelor/bmad-vergleichsstudie/.lizard-tmp-WOSzIR/code/seed-b-frontend/.angular/cache/22.1.3/seed-b-frontend/vite/deps/platform-browser-D6KUmwRj.js","createDate","createDate ( year , month , date )",983,988
54,17,384,2,54,"getNamedFormat@989-1042@/home/alex/dev/Bachelor/bmad-vergleichsstudie/.lizard-tmp-WOSzIR/code/seed-b-frontend/.angular/cache/22.1.3/seed-b-frontend/vite/deps/platform-browser-D6KUmwRj.js","/home/alex/dev/Bachelor/bmad-vergleichsstudie/.lizard-tmp-WOSzIR/code/seed-b-frontend/.angular/cache/22.1.3/seed-b-frontend/vite/deps/platform-browser-D6KUmwRj.js","getNamedFormat","getNamedFormat ( locale , format )",989,1042
3,2,24,2,3,"(anonymous)@1044-1046@/home/alex/dev/Bachelor/bmad-vergleichsstudie/.lizard-tmp-WOSzIR/code/seed-b-frontend/.angular/cache/22.1.3/seed-b-frontend/vite/deps/platform-browser-D6KUmwRj.js","/home/alex/dev/Bachelor/bmad-vergleichsstudie/.lizard-tmp-WOSzIR/code/seed-b-frontend/.angular/cache/22.1.3/seed-b-frontend/vite/deps/platform-browser-D6KUmwRj.js","(anonymous)","(anonymous) ( match , key )",1044,1046
4,2,25,2,6,"formatDateTime@1043-1048@/home/alex/dev/Bachelor/bmad-vergleichsstudie/.lizard-tmp-WOSzIR/code/seed-b-frontend/.angular/cache/22.1.3/seed-b-frontend/vite/deps/platform-browser-D6KUmwRj.js","/home/alex/dev/Bachelor/bmad-vergleichsstudie/.lizard-tmp-WOSzIR/code/seed-b-frontend/.angular/cache/22.1.3/seed-b-frontend/vite/deps/platform-browser-D6KUmwRj.js","formatDateTime","formatDateTime ( str , opt_values )",1043,1048
12,7,99,5,12,"padNumber@1049-1060@/home/alex/dev/Bachelor/bmad-vergleichsstudie/.lizard-tmp-WOSzIR/code/seed-b-frontend/.angular/cache/22.1.3/seed-b-frontend/vite/deps/platform-browser-D6KUmwRj.js","/home/alex/dev/Bachelor/bmad-vergleichsstudie/.lizard-tmp-WOSzIR/code/seed-b-frontend/.angular/cache/22.1.3/seed-b-frontend/vite/deps/platform-browser-D6KUmwRj.js","padNumber","padNumber ( num , digits , minusSign , trim , negWrap )",1049,1060
3,1,22,2,3,"formatFractionalSeconds@1061-1063@/home/alex/dev/Bachelor/bmad-vergleichsstudie/.lizard-tmp-WOSzIR/code/seed-b-frontend/.angular/cache/22.1.3/seed-b-frontend/vite/deps/platform-browser-D6KUmwRj.js","/home/alex/dev/Bachelor/bmad-vergleichsstudie/.lizard-tmp-WOSzIR/code/seed-b-frontend/.angular/cache/22.1.3/seed-b-frontend/vite/deps/platform-browser-D6KUmwRj.js","formatFractionalSeconds","formatFractionalSeconds ( milliseconds , digits )",1061,1063
9,7,96,2,9,"(anonymous)@1065-1073@/home/alex/dev/Bachelor/bmad-vergleichsstudie/.lizard-tmp-WOSzIR/code/seed-b-frontend/.angular/cache/22.1.3/seed-b-frontend/vite/deps/platform-browser-D6KUmwRj.js","/home/alex/dev/Bachelor/bmad-vergleichsstudie/.lizard-tmp-WOSzIR/code/seed-b-frontend/.angular/cache/22.1.3/seed-b-frontend/vite/deps/platform-browser-D6KUmwRj.js","(anonymous)","(anonymous) ( date , locale )",1065,1073
3,1,23,5,11,"dateGetter@1064-1074@/home/alex/dev/Bachelor/bmad-vergleichsstudie/.lizard-tmp-WOSzIR/code/seed-b-frontend/.angular/cache/22.1.3/seed-b-frontend/vite/deps/platform-browser-D6KUmwRj.js","/home/alex/dev/Bachelor/bmad-vergleichsstudie/.lizard-tmp-WOSzIR/code/seed-b-frontend/.angular/cache/22.1.3/seed-b-frontend/vite/deps/platform-browser-D6KUmwRj.js","dateGetter","dateGetter ( name , size , offset , trim false , negWrap false )",1064,1074
13,10,112,2,13,"getDatePart@1075-1087@/home/alex/dev/Bachelor/bmad-vergleichsstudie/.lizard-tmp-WOSzIR/code/seed-b-frontend/.angular/cache/22.1.3/seed-b-frontend/vite/deps/platform-browser-D6KUmwRj.js","/home/alex/dev/Bachelor/bmad-vergleichsstudie/.lizard-tmp-WOSzIR/code/seed-b-frontend/.angular/cache/22.1.3/seed-b-frontend/vite/deps/platform-browser-D6KUmwRj.js","getDatePart","getDatePart ( part , date )",1075,1087
3,1,23,2,3,"(anonymous)@1089-1091@/home/alex/dev/Bachelor/bmad-vergleichsstudie/.lizard-tmp-WOSzIR/code/seed-b-frontend/.angular/cache/22.1.3/seed-b-frontend/vite/deps/platform-browser-D6KUmwRj.js","/home/alex/dev/Bachelor/bmad-vergleichsstudie/.lizard-tmp-WOSzIR/code/seed-b-frontend/.angular/cache/22.1.3/seed-b-frontend/vite/deps/platform-browser-D6KUmwRj.js","(anonymous)","(anonymous) ( date , locale )",1089,1091
3,1,21,4,5,"dateStrGetter@1088-1092@/home/alex/dev/Bachelor/bmad-vergleichsstudie/.lizard-tmp-WOSzIR/code/seed-b-frontend/.angular/cache/22.1.3/seed-b-frontend/vite/deps/platform-browser-D6KUmwRj.js","/home/alex/dev/Bachelor/bmad-vergleichsstudie/.lizard-tmp-WOSzIR/code/seed-b-frontend/.angular/cache/22.1.3/seed-b-frontend/vite/deps/platform-browser-D6KUmwRj.js","dateStrGetter","dateStrGetter ( name , width , form FormStyle Format , extended false )",1088,1092
11,12,110,0,11,"(anonymous)@1103-1113@/home/alex/dev/Bachelor/bmad-vergleichsstudie/.lizard-tmp-WOSzIR/code/seed-b-frontend/.angular/cache/22.1.3/seed-b-frontend/vite/deps/platform-browser-D6KUmwRj.js","/home/alex/dev/Bachelor/bmad-vergleichsstudie/.lizard-tmp-WOSzIR/code/seed-b-frontend/.angular/cache/22.1.3/seed-b-frontend/vite/deps/platform-browser-D6KUmwRj.js","(anonymous)","(anonymous)",1103,1113
20,10,201,6,30,"getDateTranslation@1093-1122@/home/alex/dev/Bachelor/bmad-vergleichsstudie/.lizard-tmp-WOSzIR/code/seed-b-frontend/.angular/cache/22.1.3/seed-b-frontend/vite/deps/platform-browser-D6KUmwRj.js","/home/alex/dev/Bachelor/bmad-vergleichsstudie/.lizard-tmp-WOSzIR/code/seed-b-frontend/.angular/cache/22.1.3/seed-b-frontend/vite/deps/platform-browser-D6KUmwRj.js","getDateTranslation","getDateTranslation ( date , locale , name , width , form , extended )",1093,1122
13,12,237,3,13,"(anonymous)@1124-1136@/home/alex/dev/Bachelor/bmad-vergleichsstudie/.lizard-tmp-WOSzIR/code/seed-b-frontend/.angular/cache/22.1.3/seed-b-frontend/vite/deps/platform-browser-D6KUmwRj.js","/home/alex/dev/Bachelor/bmad-vergleichsstudie/.lizard-tmp-WOSzIR/code/seed-b-frontend/.angular/cache/22.1.3/seed-b-frontend/vite/deps/platform-browser-D6KUmwRj.js","(anonymous)","(anonymous) ( date , locale , offset )",1124,1136
3,1,9,1,15,"timeZoneGetter@1123-1137@/home/alex/dev/Bachelor/bmad-vergleichsstudie/.lizard-tmp-WOSzIR/code/seed-b-frontend/.angular/cache/22.1.3/seed-b-frontend/vite/deps/platform-browser-D6KUmwRj.js","/home/alex/dev/Bachelor/bmad-vergleichsstudie/.lizard-tmp-WOSzIR/code/seed-b-frontend/.angular/cache/22.1.3/seed-b-frontend/vite/deps/platform-browser-D6KUmwRj.js","timeZoneGetter","timeZoneGetter ( width )",1123,1137
4,2,43,1,4,"getFirstThursdayOfYear@1140-1143@/home/alex/dev/Bachelor/bmad-vergleichsstudie/.lizard-tmp-WOSzIR/code/seed-b-frontend/.angular/cache/22.1.3/seed-b-frontend/vite/deps/platform-browser-D6KUmwRj.js","/home/alex/dev/Bachelor/bmad-vergleichsstudie/.lizard-tmp-WOSzIR/code/seed-b-frontend/.angular/cache/22.1.3/seed-b-frontend/vite/deps/platform-browser-D6KUmwRj.js","getFirstThursdayOfYear","getFirstThursdayOfYear ( year )",1140,1143
5,2,52,1,5,"getThursdayThisIsoWeek@1144-1148@/home/alex/dev/Bachelor/bmad-vergleichsstudie/.lizard-tmp-WOSzIR/code/seed-b-frontend/.angular/cache/22.1.3/seed-b-frontend/vite/deps/platform-browser-D6KUmwRj.js","/home/alex/dev/Bachelor/bmad-vergleichsstudie/.lizard-tmp-WOSzIR/code/seed-b-frontend/.angular/cache/22.1.3/seed-b-frontend/vite/deps/platform-browser-D6KUmwRj.js","getThursdayThisIsoWeek","getThursdayThisIsoWeek ( datetime )",1144,1148
14,2,137,2,14,"(anonymous)@1150-1163@/home/alex/dev/Bachelor/bmad-vergleichsstudie/.lizard-tmp-WOSzIR/code/seed-b-frontend/.angular/cache/22.1.3/seed-b-frontend/vite/deps/platform-browser-D6KUmwRj.js","/home/alex/dev/Bachelor/bmad-vergleichsstudie/.lizard-tmp-WOSzIR/code/seed-b-frontend/.angular/cache/22.1.3/seed-b-frontend/vite/deps/platform-browser-D6KUmwRj.js","(anonymous)","(anonymous) ( date , locale )",1150,1163
3,1,13,2,16,"weekGetter@1149-1164@/home/alex/dev/Bachelor/bmad-vergleichsstudie/.lizard-tmp-WOSzIR/code/seed-b-frontend/.angular/cache/22.1.3/seed-b-frontend/vite/deps/platform-browser-D6KUmwRj.js","/home/alex/dev/Bachelor/bmad-vergleichsstudie/.lizard-tmp-WOSzIR/code/seed-b-frontend/.angular/cache/22.1.3/seed-b-frontend/vite/deps/platform-browser-D6KUmwRj.js","weekGetter","weekGetter ( size , monthBased false )",1149,1164
3,1,33,2,3,"(anonymous)@1166-1168@/home/alex/dev/Bachelor/bmad-vergleichsstudie/.lizard-tmp-WOSzIR/code/seed-b-frontend/.angular/cache/22.1.3/seed-b-frontend/vite/deps/platform-browser-D6KUmwRj.js","/home/alex/dev/Bachelor/bmad-vergleichsstudie/.lizard-tmp-WOSzIR/code/seed-b-frontend/.angular/cache/22.1.3/seed-b-frontend/vite/deps/platform-browser-D6KUmwRj.js","(anonymous)","(anonymous) ( date , locale )",1166,1168
3,1,13,2,5,"weekNumberingYearGetter@1165-1169@/home/alex/dev/Bachelor/bmad-vergleichsstudie/.lizard-tmp-WOSzIR/code/seed-b-frontend/.angular/cache/22.1.3/seed-b-frontend/vite/deps/platform-browser-D6KUmwRj.js","/home/alex/dev/Bachelor/bmad-vergleichsstudie/.lizard-tmp-WOSzIR/code/seed-b-frontend/.angular/cache/22.1.3/seed-b-frontend/vite/deps/platform-browser-D6KUmwRj.js","weekNumberingYearGetter","weekNumberingYearGetter ( size , trim false )",1165,1169
202,81,1038,1,202,"getDateFormatter@1171-1372@/home/alex/dev/Bachelor/bmad-vergleichsstudie/.lizard-tmp-WOSzIR/code/seed-b-frontend/.angular/cache/22.1.3/seed-b-frontend/vite/deps/platform-browser-D6KUmwRj.js","/home/alex/dev/Bachelor/bmad-vergleichsstudie/.lizard-tmp-WOSzIR/code/seed-b-frontend/.angular/cache/22.1.3/seed-b-frontend/vite/deps/platform-browser-D6KUmwRj.js","getDateFormatter","getDateFormatter ( format )",1171,1372
5,2,41,2,5,"timezoneToOffset@1373-1377@/home/alex/dev/Bachelor/bmad-vergleichsstudie/.lizard-tmp-WOSzIR/code/seed-b-frontend/.angular/cache/22.1.3/seed-b-frontend/vite/deps/platform-browser-D6KUmwRj.js","/home/alex/dev/Bachelor/bmad-vergleichsstudie/.lizard-tmp-WOSzIR/code/seed-b-frontend/.angular/cache/22.1.3/seed-b-frontend/vite/deps/platform-browser-D6KUmwRj.js","timezoneToOffset","timezoneToOffset ( timezone , fallback )",1373,1377
5,1,35,2,5,"addDateMinutes@1378-1382@/home/alex/dev/Bachelor/bmad-vergleichsstudie/.lizard-tmp-WOSzIR/code/seed-b-frontend/.angular/cache/22.1.3/seed-b-frontend/vite/deps/platform-browser-D6KUmwRj.js","/home/alex/dev/Bachelor/bmad-vergleichsstudie/.lizard-tmp-WOSzIR/code/seed-b-frontend/.angular/cache/22.1.3/seed-b-frontend/vite/deps/platform-browser-D6KUmwRj.js","addDateMinutes","addDateMinutes ( date , minutes )",1378,1382
5,1,43,3,5,"convertTimezoneToLocal@1383-1387@/home/alex/dev/Bachelor/bmad-vergleichsstudie/.lizard-tmp-WOSzIR/code/seed-b-frontend/.angular/cache/22.1.3/seed-b-frontend/vite/deps/platform-browser-D6KUmwRj.js","/home/alex/dev/Bachelor/bmad-vergleichsstudie/.lizard-tmp-WOSzIR/code/seed-b-frontend/.angular/cache/22.1.3/seed-b-frontend/vite/deps/platform-browser-D6KUmwRj.js","convertTimezoneToLocal","convertTimezoneToLocal ( date , timezone , reverse )",1383,1387
1,1,3,0,1,"(anonymous)@1394-1394@/home/alex/dev/Bachelor/bmad-vergleichsstudie/.lizard-tmp-WOSzIR/code/seed-b-frontend/.angular/cache/22.1.3/seed-b-frontend/vite/deps/platform-browser-D6KUmwRj.js","/home/alex/dev/Bachelor/bmad-vergleichsstudie/.lizard-tmp-WOSzIR/code/seed-b-frontend/.angular/cache/22.1.3/seed-b-frontend/vite/deps/platform-browser-D6KUmwRj.js","(anonymous)","(anonymous)",1394,1394
18,10,184,1,18,"toDate@1388-1405@/home/alex/dev/Bachelor/bmad-vergleichsstudie/.lizard-tmp-WOSzIR/code/seed-b-frontend/.angular/cache/22.1.3/seed-b-frontend/vite/deps/platform-browser-D6KUmwRj.js","/home/alex/dev/Bachelor/bmad-vergleichsstudie/.lizard-tmp-WOSzIR/code/seed-b-frontend/.angular/cache/22.1.3/seed-b-frontend/vite/deps/platform-browser-D6KUmwRj.js","toDate","toDate ( value )",1388,1405
18,8,213,1,18,"isoStringToDate@1406-1423@/home/alex/dev/Bachelor/bmad-vergleichsstudie/.lizard-tmp-WOSzIR/code/seed-b-frontend/.angular/cache/22.1.3/seed-b-frontend/vite/deps/platform-browser-D6KUmwRj.js","/home/alex/dev/Bachelor/bmad-vergleichsstudie/.lizard-tmp-WOSzIR/code/seed-b-frontend/.angular/cache/22.1.3/seed-b-frontend/vite/deps/platform-browser-D6KUmwRj.js","isoStringToDate","isoStringToDate ( match )",1406,1423
3,2,20,1,3,"isDate@1424-1426@/home/alex/dev/Bachelor/bmad-vergleichsstudie/.lizard-tmp-WOSzIR/code/seed-b-frontend/.angular/cache/22.1.3/seed-b-frontend/vite/deps/platform-browser-D6KUmwRj.js","/home/alex/dev/Bachelor/bmad-vergleichsstudie/.lizard-tmp-WOSzIR/code/seed-b-frontend/.angular/cache/22.1.3/seed-b-frontend/vite/deps/platform-browser-D6KUmwRj.js","isDate","isDate ( value )",1424,1426
1,1,3,0,1,"(anonymous)@1464-1464@/home/alex/dev/Bachelor/bmad-vergleichsstudie/.lizard-tmp-WOSzIR/code/seed-b-frontend/.angular/cache/22.1.3/seed-b-frontend/vite/deps/platform-browser-D6KUmwRj.js","/home/alex/dev/Bachelor/bmad-vergleichsstudie/.lizard-tmp-WOSzIR/code/seed-b-frontend/.angular/cache/22.1.3/seed-b-frontend/vite/deps/platform-browser-D6KUmwRj.js","(anonymous)","(anonymous)",1464,1464
48,25,544,7,48,"formatNumberToLocaleString@1436-1483@/home/alex/dev/Bachelor/bmad-vergleichsstudie/.lizard-tmp-WOSzIR/code/seed-b-frontend/.angular/cache/22.1.3/seed-b-frontend/vite/deps/platform-browser-D6KUmwRj.js","/home/alex/dev/Bachelor/bmad-vergleichsstudie/.lizard-tmp-WOSzIR/code/seed-b-frontend/.angular/cache/22.1.3/seed-b-frontend/vite/deps/platform-browser-D6KUmwRj.js","formatNumberToLocaleString","formatNumberToLocaleString ( value , pattern , locale , groupSymbol , decimalSymbol , digitsInfo , isPercent false )",1436,1483
6,1,92,5,6,"formatCurrency@1484-1489@/home/alex/dev/Bachelor/bmad-vergleichsstudie/.lizard-tmp-WOSzIR/code/seed-b-frontend/.angular/cache/22.1.3/seed-b-frontend/vite/deps/platform-browser-D6KUmwRj.js","/home/alex/dev/Bachelor/bmad-vergleichsstudie/.lizard-tmp-WOSzIR/code/seed-b-frontend/.angular/cache/22.1.3/seed-b-frontend/vite/deps/platform-browser-D6KUmwRj.js","formatCurrency","formatCurrency ( value , locale , currency , currencyCode , digitsInfo )",1484,1489
3,1,70,3,3,"formatPercent@1490-1492@/home/alex/dev/Bachelor/bmad-vergleichsstudie/.lizard-tmp-WOSzIR/code/seed-b-frontend/.angular/cache/22.1.3/seed-b-frontend/vite/deps/platform-browser-D6KUmwRj.js","/home/alex/dev/Bachelor/bmad-vergleichsstudie/.lizard-tmp-WOSzIR/code/seed-b-frontend/.angular/cache/22.1.3/seed-b-frontend/vite/deps/platform-browser-D6KUmwRj.js","formatPercent","formatPercent ( value , locale , digitsInfo )",1490,1492
3,1,48,3,3,"formatNumber@1493-1495@/home/alex/dev/Bachelor/bmad-vergleichsstudie/.lizard-tmp-WOSzIR/code/seed-b-frontend/.angular/cache/22.1.3/seed-b-frontend/vite/deps/platform-browser-D6KUmwRj.js","/home/alex/dev/Bachelor/bmad-vergleichsstudie/.lizard-tmp-WOSzIR/code/seed-b-frontend/.angular/cache/22.1.3/seed-b-frontend/vite/deps/platform-browser-D6KUmwRj.js","formatNumber","formatNumber ( value , locale , digitsInfo )",1493,1495
36,11,365,2,36,"parseNumberFormat@1496-1531@/home/alex/dev/Bachelor/bmad-vergleichsstudie/.lizard-tmp-WOSzIR/code/seed-b-frontend/.angular/cache/22.1.3/seed-b-frontend/vite/deps/platform-browser-D6KUmwRj.js","/home/alex/dev/Bachelor/bmad-vergleichsstudie/.lizard-tmp-WOSzIR/code/seed-b-frontend/.angular/cache/22.1.3/seed-b-frontend/vite/deps/platform-browser-D6KUmwRj.js","parseNumberFormat","parseNumberFormat ( format , minusSign )",1496,1531
11,5,89,1,11,"toPercent@1532-1542@/home/alex/dev/Bachelor/bmad-vergleichsstudie/.lizard-tmp-WOSzIR/code/seed-b-frontend/.angular/cache/22.1.3/seed-b-frontend/vite/deps/platform-browser-D6KUmwRj.js","/home/alex/dev/Bachelor/bmad-vergleichsstudie/.lizard-tmp-WOSzIR/code/seed-b-frontend/.angular/cache/22.1.3/seed-b-frontend/vite/deps/platform-browser-D6KUmwRj.js","toPercent","toPercent ( parsedNumber )",1532,1542
7,6,69,4,7,"(anonymous)@1603-1609@/home/alex/dev/Bachelor/bmad-vergleichsstudie/.lizard-tmp-WOSzIR/code/seed-b-frontend/.angular/cache/22.1.3/seed-b-frontend/vite/deps/platform-browser-D6KUmwRj.js","/home/alex/dev/Bachelor/bmad-vergleichsstudie/.lizard-tmp-WOSzIR/code/seed-b-frontend/.angular/cache/22.1.3/seed-b-frontend/vite/deps/platform-browser-D6KUmwRj.js","(anonymous)","(anonymous) ( carry , d , i , digits )",1603,1609
34,11,338,3,40,"roundNumber@1575-1614@/home/alex/dev/Bachelor/bmad-vergleichsstudie/.lizard-tmp-WOSzIR/code/seed-b-frontend/.angular/cache/22.1.3/seed-b-frontend/vite/deps/platform-browser-D6KUmwRj.js","/home/alex/dev/Bachelor/bmad-vergleichsstudie/.lizard-tmp-WOSzIR/code/seed-b-frontend/.angular/cache/22.1.3/seed-b-frontend/vite/deps/platform-browser-D6KUmwRj.js","roundNumber","roundNumber ( parsedNumber , minFrac , maxFrac )",1575,1614
5,3,36,1,5,"parseIntAutoRadix@1615-1619@/home/alex/dev/Bachelor/bmad-vergleichsstudie/.lizard-tmp-WOSzIR/code/seed-b-frontend/.angular/cache/22.1.3/seed-b-frontend/vite/deps/platform-browser-D6KUmwRj.js","/home/alex/dev/Bachelor/bmad-vergleichsstudie/.lizard-tmp-WOSzIR/code/seed-b-frontend/.angular/cache/22.1.3/seed-b-frontend/vite/deps/platform-browser-D6KUmwRj.js","parseIntAutoRadix","parseIntAutoRadix ( text )",1615,1619
3,2,15,0,3,"NgLocalization_Factory@1621-1623@/home/alex/dev/Bachelor/bmad-vergleichsstudie/.lizard-tmp-WOSzIR/code/seed-b-frontend/.angular/cache/22.1.3/seed-b-frontend/vite/deps/platform-browser-D6KUmwRj.js","/home/alex/dev/Bachelor/bmad-vergleichsstudie/.lizard-tmp-WOSzIR/code/seed-b-frontend/.angular/cache/22.1.3/seed-b-frontend/vite/deps/platform-browser-D6KUmwRj.js","NgLocalization_Factory","NgLocalization_Factory ( )",1621,1623
3,1,24,2,3,"ɵɵdefineService@1624-1626@/home/alex/dev/Bachelor/bmad-vergleichsstudie/.lizard-tmp-WOSzIR/code/seed-b-frontend/.angular/cache/22.1.3/seed-b-frontend/vite/deps/platform-browser-D6KUmwRj.js","/home/alex/dev/Bachelor/bmad-vergleichsstudie/.lizard-tmp-WOSzIR/code/seed-b-frontend/.angular/cache/22.1.3/seed-b-frontend/vite/deps/platform-browser-D6KUmwRj.js","ɵɵdefineService","ɵɵdefineService ( token NgLocalization , factory ( ) ( ( )",1624,1626
38,10,292,1,85,"parseNumber@1543-1627@/home/alex/dev/Bachelor/bmad-vergleichsstudie/.lizard-tmp-WOSzIR/code/seed-b-frontend/.angular/cache/22.1.3/seed-b-frontend/vite/deps/platform-browser-D6KUmwRj.js","/home/alex/dev/Bachelor/bmad-vergleichsstudie/.lizard-tmp-WOSzIR/code/seed-b-frontend/.angular/cache/22.1.3/seed-b-frontend/vite/deps/platform-browser-D6KUmwRj.js","parseNumber","parseNumber ( num )",1543,1627
6,3,48,0,6,"(anonymous)@1629-1634@/home/alex/dev/Bachelor/bmad-vergleichsstudie/.lizard-tmp-WOSzIR/code/seed-b-frontend/.angular/cache/22.1.3/seed-b-frontend/vite/deps/platform-browser-D6KUmwRj.js","/home/alex/dev/Bachelor/bmad-vergleichsstudie/.lizard-tmp-WOSzIR/code/seed-b-frontend/.angular/cache/22.1.3/seed-b-frontend/vite/deps/platform-browser-D6KUmwRj.js","(anonymous)","(anonymous)",1629,1634
8,5,94,4,8,"getPluralCategory@1635-1642@/home/alex/dev/Bachelor/bmad-vergleichsstudie/.lizard-tmp-WOSzIR/code/seed-b-frontend/.angular/cache/22.1.3/seed-b-frontend/vite/deps/platform-browser-D6KUmwRj.js","/home/alex/dev/Bachelor/bmad-vergleichsstudie/.lizard-tmp-WOSzIR/code/seed-b-frontend/.angular/cache/22.1.3/seed-b-frontend/vite/deps/platform-browser-D6KUmwRj.js","getPluralCategory","getPluralCategory ( value , cases , ngLocalization , locale )",1635,1642
4,1,15,1,4,"constructor@1645-1648@/home/alex/dev/Bachelor/bmad-vergleichsstudie/.lizard-tmp-WOSzIR/code/seed-b-frontend/.angular/cache/22.1.3/seed-b-frontend/vite/deps/platform-browser-D6KUmwRj.js","/home/alex/dev/Bachelor/bmad-vergleichsstudie/.lizard-tmp-WOSzIR/code/seed-b-frontend/.angular/cache/22.1.3/seed-b-frontend/vite/deps/platform-browser-D6KUmwRj.js","constructor","constructor ( locale )",1645,1648
10,7,68,2,10,"getPluralCategory@1649-1658@/home/alex/dev/Bachelor/bmad-vergleichsstudie/.lizard-tmp-WOSzIR/code/seed-b-frontend/.angular/cache/22.1.3/seed-b-frontend/vite/deps/platform-browser-D6KUmwRj.js","/home/alex/dev/Bachelor/bmad-vergleichsstudie/.lizard-tmp-WOSzIR/code/seed-b-frontend/.angular/cache/22.1.3/seed-b-frontend/vite/deps/platform-browser-D6KUmwRj.js","getPluralCategory","getPluralCategory ( value , locale )",1649,1658
3,2,19,0,3,"NgLocaleLocalization_Factory@1659-1661@/home/alex/dev/Bachelor/bmad-vergleichsstudie/.lizard-tmp-WOSzIR/code/seed-b-frontend/.angular/cache/22.1.3/seed-b-frontend/vite/deps/platform-browser-D6KUmwRj.js","/home/alex/dev/Bachelor/bmad-vergleichsstudie/.lizard-tmp-WOSzIR/code/seed-b-frontend/.angular/cache/22.1.3/seed-b-frontend/vite/deps/platform-browser-D6KUmwRj.js","NgLocaleLocalization_Factory","NgLocaleLocalization_Factory ( )",1659,1661
7,1,23,0,7,"(anonymous)@1668-1674@/home/alex/dev/Bachelor/bmad-vergleichsstudie/.lizard-tmp-WOSzIR/code/seed-b-frontend/.angular/cache/22.1.3/seed-b-frontend/vite/deps/platform-browser-D6KUmwRj.js","/home/alex/dev/Bachelor/bmad-vergleichsstudie/.lizard-tmp-WOSzIR/code/seed-b-frontend/.angular/cache/22.1.3/seed-b-frontend/vite/deps/platform-browser-D6KUmwRj.js","(anonymous)","(anonymous)",1668,1674
3,3,32,0,9,"(anonymous)@1667-1675@/home/alex/dev/Bachelor/bmad-vergleichsstudie/.lizard-tmp-WOSzIR/code/seed-b-frontend/.angular/cache/22.1.3/seed-b-frontend/vite/deps/platform-browser-D6KUmwRj.js","/home/alex/dev/Bachelor/bmad-vergleichsstudie/.lizard-tmp-WOSzIR/code/seed-b-frontend/.angular/cache/22.1.3/seed-b-frontend/vite/deps/platform-browser-D6KUmwRj.js","(anonymous)","(anonymous)",1667,1675
4,1,19,0,4,"constructor@1684-1687@/home/alex/dev/Bachelor/bmad-vergleichsstudie/.lizard-tmp-WOSzIR/code/seed-b-frontend/.angular/cache/22.1.3/seed-b-frontend/vite/deps/platform-browser-D6KUmwRj.js","/home/alex/dev/Bachelor/bmad-vergleichsstudie/.lizard-tmp-WOSzIR/code/seed-b-frontend/.angular/cache/22.1.3/seed-b-frontend/vite/deps/platform-browser-D6KUmwRj.js","constructor","constructor ( , )",1684,1687
3,2,26,1,3,"set klass@1688-1690@/home/alex/dev/Bachelor/bmad-vergleichsstudie/.lizard-tmp-WOSzIR/code/seed-b-frontend/.angular/cache/22.1.3/seed-b-frontend/vite/deps/platform-browser-D6KUmwRj.js","/home/alex/dev/Bachelor/bmad-vergleichsstudie/.lizard-tmp-WOSzIR/code/seed-b-frontend/.angular/cache/22.1.3/seed-b-frontend/vite/deps/platform-browser-D6KUmwRj.js","set klass","set klass ( value )",1688,1690
3,2,27,1,3,"set ngClass@1691-1693@/home/alex/dev/Bachelor/bmad-vergleichsstudie/.lizard-tmp-WOSzIR/code/seed-b-frontend/.angular/cache/22.1.3/seed-b-frontend/vite/deps/platform-browser-D6KUmwRj.js","/home/alex/dev/Bachelor/bmad-vergleichsstudie/.lizard-tmp-WOSzIR/code/seed-b-frontend/.angular/cache/22.1.3/seed-b-frontend/vite/deps/platform-browser-D6KUmwRj.js","set ngClass","set ngClass ( value )",1691,1693
7,7,98,0,7,"ngDoCheck@1694-1700@/home/alex/dev/Bachelor/bmad-vergleichsstudie/.lizard-tmp-WOSzIR/code/seed-b-frontend/.angular/cache/22.1.3/seed-b-frontend/vite/deps/platform-browser-D6KUmwRj.js","/home/alex/dev/Bachelor/bmad-vergleichsstudie/.lizard-tmp-WOSzIR/code/seed-b-frontend/.angular/cache/22.1.3/seed-b-frontend/vite/deps/platform-browser-D6KUmwRj.js","ngDoCheck","ngDoCheck ( )",1694,1700
14,3,80,2,14,"_updateState@1701-1714@/home/alex/dev/Bachelor/bmad-vergleichsstudie/.lizard-tmp-WOSzIR/code/seed-b-frontend/.angular/cache/22.1.3/seed-b-frontend/vite/deps/platform-browser-D6KUmwRj.js","/home/alex/dev/Bachelor/bmad-vergleichsstudie/.lizard-tmp-WOSzIR/code/seed-b-frontend/.angular/cache/22.1.3/seed-b-frontend/vite/deps/platform-browser-D6KUmwRj.js","_updateState","_updateState ( klass , nextEnabled )",1701,1714
14,5,96,0,14,"_applyStateDiff@1715-1728@/home/alex/dev/Bachelor/bmad-vergleichsstudie/.lizard-tmp-WOSzIR/code/seed-b-frontend/.angular/cache/22.1.3/seed-b-frontend/vite/deps/platform-browser-D6KUmwRj.js","/home/alex/dev/Bachelor/bmad-vergleichsstudie/.lizard-tmp-WOSzIR/code/seed-b-frontend/.angular/cache/22.1.3/seed-b-frontend/vite/deps/platform-browser-D6KUmwRj.js","_applyStateDiff","_applyStateDiff ( )",1715,1728
4,2,37,0,4,"(anonymous)@1734-1737@/home/alex/dev/Bachelor/bmad-vergleichsstudie/.lizard-tmp-WOSzIR/code/seed-b-frontend/.angular/cache/22.1.3/seed-b-frontend/vite/deps/platform-browser-D6KUmwRj.js","/home/alex/dev/Bachelor/bmad-vergleichsstudie/.lizard-tmp-WOSzIR/code/seed-b-frontend/.angular/cache/22.1.3/seed-b-frontend/vite/deps/platform-browser-D6KUmwRj.js","(anonymous)","(anonymous)",1734,1737
7,4,64,2,10,"_toggleClass@1729-1738@/home/alex/dev/Bachelor/bmad-vergleichsstudie/.lizard-tmp-WOSzIR/code/seed-b-frontend/.angular/cache/22.1.3/seed-b-frontend/vite/deps/platform-browser-D6KUmwRj.js","/home/alex/dev/Bachelor/bmad-vergleichsstudie/.lizard-tmp-WOSzIR/code/seed-b-frontend/.angular/cache/22.1.3/seed-b-frontend/vite/deps/platform-browser-D6KUmwRj.js","_toggleClass","_toggleClass ( klass , enabled )",1729,1738
3,2,24,0,3,"NgClass_Factory@1739-1741@/home/alex/dev/Bachelor/bmad-vergleichsstudie/.lizard-tmp-WOSzIR/code/seed-b-frontend/.angular/cache/22.1.3/seed-b-frontend/vite/deps/platform-browser-D6KUmwRj.js","/home/alex/dev/Bachelor/bmad-vergleichsstudie/.lizard-tmp-WOSzIR/code/seed-b-frontend/.angular/cache/22.1.3/seed-b-frontend/vite/deps/platform-browser-D6KUmwRj.js","NgClass_Factory","NgClass_Factory ( )",1739,1741
1,1,6,0,1,"(anonymous)@1763-1763@/home/alex/dev/Bachelor/bmad-vergleichsstudie/.lizard-tmp-WOSzIR/code/seed-b-frontend/.angular/cache/22.1.3/seed-b-frontend/vite/deps/platform-browser-D6KUmwRj.js","/home/alex/dev/Bachelor/bmad-vergleichsstudie/.lizard-tmp-WOSzIR/code/seed-b-frontend/.angular/cache/22.1.3/seed-b-frontend/vite/deps/platform-browser-D6KUmwRj.js","(anonymous)","(anonymous)",1763,1763
14,3,78,0,14,"(anonymous)@1759-1772@/home/alex/dev/Bachelor/bmad-vergleichsstudie/.lizard-tmp-WOSzIR/code/seed-b-frontend/.angular/cache/22.1.3/seed-b-frontend/vite/deps/platform-browser-D6KUmwRj.js","/home/alex/dev/Bachelor/bmad-vergleichsstudie/.lizard-tmp-WOSzIR/code/seed-b-frontend/.angular/cache/22.1.3/seed-b-frontend/vite/deps/platform-browser-D6KUmwRj.js","(anonymous)","(anonymous)",1759,1772
3,3,14,0,3,"get componentInstance@1785-1787@/home/alex/dev/Bachelor/bmad-vergleichsstudie/.lizard-tmp-WOSzIR/code/seed-b-frontend/.angular/cache/22.1.3/seed-b-frontend/vite/deps/platform-browser-D6KUmwRj.js","/home/alex/dev/Bachelor/bmad-vergleichsstudie/.lizard-tmp-WOSzIR/code/seed-b-frontend/.angular/cache/22.1.3/seed-b-frontend/vite/deps/platform-browser-D6KUmwRj.js","get componentInstance","get componentInstance ( )",1785,1787
3,1,11,0,3,"constructor@1788-1790@/home/alex/dev/Bachelor/bmad-vergleichsstudie/.lizard-tmp-WOSzIR/code/seed-b-frontend/.angular/cache/22.1.3/seed-b-frontend/vite/deps/platform-browser-D6KUmwRj.js","/home/alex/dev/Bachelor/bmad-vergleichsstudie/.lizard-tmp-WOSzIR/code/seed-b-frontend/.angular/cache/22.1.3/seed-b-frontend/vite/deps/platform-browser-D6KUmwRj.js","constructor","constructor ( )",1788,1790
3,1,14,1,3,"_needToReCreateNgModuleInstance@1791-1793@/home/alex/dev/Bachelor/bmad-vergleichsstudie/.lizard-tmp-WOSzIR/code/seed-b-frontend/.angular/cache/22.1.3/seed-b-frontend/vite/deps/platform-browser-D6KUmwRj.js","/home/alex/dev/Bachelor/bmad-vergleichsstudie/.lizard-tmp-WOSzIR/code/seed-b-frontend/.angular/cache/22.1.3/seed-b-frontend/vite/deps/platform-browser-D6KUmwRj.js","_needToReCreateNgModuleInstance","_needToReCreateNgModuleInstance ( changes )",1791,1793
3,5,45,1,3,"_needToReCreateComponentInstance@1794-1796@/home/alex/dev/Bachelor/bmad-vergleichsstudie/.lizard-tmp-WOSzIR/code/seed-b-frontend/.angular/cache/22.1.3/seed-b-frontend/vite/deps/platform-browser-D6KUmwRj.js","/home/alex/dev/Bachelor/bmad-vergleichsstudie/.lizard-tmp-WOSzIR/code/seed-b-frontend/.angular/cache/22.1.3/seed-b-frontend/vite/deps/platform-browser-D6KUmwRj.js","_needToReCreateComponentInstance","_needToReCreateComponentInstance ( changes )",1794,1796
21,6,146,1,21,"ngOnChanges@1797-1817@/home/alex/dev/Bachelor/bmad-vergleichsstudie/.lizard-tmp-WOSzIR/code/seed-b-frontend/.angular/cache/22.1.3/seed-b-frontend/vite/deps/platform-browser-D6KUmwRj.js","/home/alex/dev/Bachelor/bmad-vergleichsstudie/.lizard-tmp-WOSzIR/code/seed-b-frontend/.angular/cache/22.1.3/seed-b-frontend/vite/deps/platform-browser-D6KUmwRj.js","ngOnChanges","ngOnChanges ( changes )",1797,1817
6,4,52,0,6,"ngDoCheck@1818-1823@/home/alex/dev/Bachelor/bmad-vergleichsstudie/.lizard-tmp-WOSzIR/code/seed-b-frontend/.angular/cache/22.1.3/seed-b-frontend/vite/deps/platform-browser-D6KUmwRj.js","/home/alex/dev/Bachelor/bmad-vergleichsstudie/.lizard-tmp-WOSzIR/code/seed-b-frontend/.angular/cache/22.1.3/seed-b-frontend/vite/deps/platform-browser-D6KUmwRj.js","ngDoCheck","ngDoCheck ( )",1818,1823
3,1,12,0,3,"ngOnDestroy@1824-1826@/home/alex/dev/Bachelor/bmad-vergleichsstudie/.lizard-tmp-WOSzIR/code/seed-b-frontend/.angular/cache/22.1.3/seed-b-frontend/vite/deps/platform-browser-D6KUmwRj.js","/home/alex/dev/Bachelor/bmad-vergleichsstudie/.lizard-tmp-WOSzIR/code/seed-b-frontend/.angular/cache/22.1.3/seed-b-frontend/vite/deps/platform-browser-D6KUmwRj.js","ngOnDestroy","ngOnDestroy ( )",1824,1826
9,3,72,1,9,"_applyInputStateDiff@1827-1835@/home/alex/dev/Bachelor/bmad-vergleichsstudie/.lizard-tmp-WOSzIR/code/seed-b-frontend/.angular/cache/22.1.3/seed-b-frontend/vite/deps/platform-browser-D6KUmwRj.js","/home/alex/dev/Bachelor/bmad-vergleichsstudie/.lizard-tmp-WOSzIR/code/seed-b-frontend/.angular/cache/22.1.3/seed-b-frontend/vite/deps/platform-browser-D6KUmwRj.js","_applyInputStateDiff","_applyInputStateDiff ( componentRef )",1827,1835
3,2,19,0,3,"NgComponentOutlet_Factory@1836-1838@/home/alex/dev/Bachelor/bmad-vergleichsstudie/.lizard-tmp-WOSzIR/code/seed-b-frontend/.angular/cache/22.1.3/seed-b-frontend/vite/deps/platform-browser-D6KUmwRj.js","/home/alex/dev/Bachelor/bmad-vergleichsstudie/.lizard-tmp-WOSzIR/code/seed-b-frontend/.angular/cache/22.1.3/seed-b-frontend/vite/deps/platform-browser-D6KUmwRj.js","NgComponentOutlet_Factory","NgComponentOutlet_Factory ( )",1836,1838
1,1,6,0,1,"(anonymous)@1865-1865@/home/alex/dev/Bachelor/bmad-vergleichsstudie/.lizard-tmp-WOSzIR/code/seed-b-frontend/.angular/cache/22.1.3/seed-b-frontend/vite/deps/platform-browser-D6KUmwRj.js","/home/alex/dev/Bachelor/bmad-vergleichsstudie/.lizard-tmp-WOSzIR/code/seed-b-frontend/.angular/cache/22.1.3/seed-b-frontend/vite/deps/platform-browser-D6KUmwRj.js","(anonymous)","(anonymous)",1865,1865
16,3,106,0,16,"(anonymous)@1858-1873@/home/alex/dev/Bachelor/bmad-vergleichsstudie/.lizard-tmp-WOSzIR/code/seed-b-frontend/.angular/cache/22.1.3/seed-b-frontend/vite/deps/platform-browser-D6KUmwRj.js","/home/alex/dev/Bachelor/bmad-vergleichsstudie/.lizard-tmp-WOSzIR/code/seed-b-frontend/.angular/cache/22.1.3/seed-b-frontend/vite/deps/platform-browser-D6KUmwRj.js","(anonymous)","(anonymous)",1858,1873
3,1,16,1,3,"getParentInjector@1874-1876@/home/alex/dev/Bachelor/bmad-vergleichsstudie/.lizard-tmp-WOSzIR/code/seed-b-frontend/.angular/cache/22.1.3/seed-b-frontend/vite/deps/platform-browser-D6KUmwRj.js","/home/alex/dev/Bachelor/bmad-vergleichsstudie/.lizard-tmp-WOSzIR/code/seed-b-frontend/.angular/cache/22.1.3/seed-b-frontend/vite/deps/platform-browser-D6KUmwRj.js","getParentInjector","getParentInjector ( injector )",1874,1876
6,1,35,3,6,"constructor@1882-1887@/home/alex/dev/Bachelor/bmad-vergleichsstudie/.lizard-tmp-WOSzIR/code/seed-b-frontend/.angular/cache/22.1.3/seed-b-frontend/vite/deps/platform-browser-D6KUmwRj.js","/home/alex/dev/Bachelor/bmad-vergleichsstudie/.lizard-tmp-WOSzIR/code/seed-b-frontend/.angular/cache/22.1.3/seed-b-frontend/vite/deps/platform-browser-D6KUmwRj.js","constructor","constructor ( , ngForOf , index , count )",1882,1887
3,1,11,0,3,"get first@1888-1890@/home/alex/dev/Bachelor/bmad-vergleichsstudie/.lizard-tmp-WOSzIR/code/seed-b-frontend/.angular/cache/22.1.3/seed-b-frontend/vite/deps/platform-browser-D6KUmwRj.js","/home/alex/dev/Bachelor/bmad-vergleichsstudie/.lizard-tmp-WOSzIR/code/seed-b-frontend/.angular/cache/22.1.3/seed-b-frontend/vite/deps/platform-browser-D6KUmwRj.js","get first","get first ( )",1888,1890
3,1,15,0,3,"get last@1891-1893@/home/alex/dev/Bachelor/bmad-vergleichsstudie/.lizard-tmp-WOSzIR/code/seed-b-frontend/.angular/cache/22.1.3/seed-b-frontend/vite/deps/platform-browser-D6KUmwRj.js","/home/alex/dev/Bachelor/bmad-vergleichsstudie/.lizard-tmp-WOSzIR/code/seed-b-frontend/.angular/cache/22.1.3/seed-b-frontend/vite/deps/platform-browser-D6KUmwRj.js","get last","get last ( )",1891,1893
3,1,13,0,3,"get even@1894-1896@/home/alex/dev/Bachelor/bmad-vergleichsstudie/.lizard-tmp-WOSzIR/code/seed-b-frontend/.angular/cache/22.1.3/seed-b-frontend/vite/deps/platform-browser-D6KUmwRj.js","/home/alex/dev/Bachelor/bmad-vergleichsstudie/.lizard-tmp-WOSzIR/code/seed-b-frontend/.angular/cache/22.1.3/seed-b-frontend/vite/deps/platform-browser-D6KUmwRj.js","get even","get even ( )",1894,1896
3,1,10,0,3,"get odd@1897-1899@/home/alex/dev/Bachelor/bmad-vergleichsstudie/.lizard-tmp-WOSzIR/code/seed-b-frontend/.angular/cache/22.1.3/seed-b-frontend/vite/deps/platform-browser-D6KUmwRj.js","/home/alex/dev/Bachelor/bmad-vergleichsstudie/.lizard-tmp-WOSzIR/code/seed-b-frontend/.angular/cache/22.1.3/seed-b-frontend/vite/deps/platform-browser-D6KUmwRj.js","get odd","get odd ( )",1897,1899
4,1,17,1,4,"set ngForOf@1905-1908@/home/alex/dev/Bachelor/bmad-vergleichsstudie/.lizard-tmp-WOSzIR/code/seed-b-frontend/.angular/cache/22.1.3/seed-b-frontend/vite/deps/platform-browser-D6KUmwRj.js","/home/alex/dev/Bachelor/bmad-vergleichsstudie/.lizard-tmp-WOSzIR/code/seed-b-frontend/.angular/cache/22.1.3/seed-b-frontend/vite/deps/platform-browser-D6KUmwRj.js","set ngForOf","set ngForOf ( ngForOf )",1905,1908
4,5,44,1,4,"set ngForTrackBy@1909-1912@/home/alex/dev/Bachelor/bmad-vergleichsstudie/.lizard-tmp-WOSzIR/code/seed-b-frontend/.angular/cache/22.1.3/seed-b-frontend/vite/deps/platform-browser-D6KUmwRj.js","/home/alex/dev/Bachelor/bmad-vergleichsstudie/.lizard-tmp-WOSzIR/code/seed-b-frontend/.angular/cache/22.1.3/seed-b-frontend/vite/deps/platform-browser-D6KUmwRj.js","set ngForTrackBy","set ngForTrackBy ( fn )",1909,1912
3,1,9,0,3,"get ngForTrackBy@1913-1915@/home/alex/dev/Bachelor/bmad-vergleichsstudie/.lizard-tmp-WOSzIR/code/seed-b-frontend/.angular/cache/22.1.3/seed-b-frontend/vite/deps/platform-browser-D6KUmwRj.js","/home/alex/dev/Bachelor/bmad-vergleichsstudie/.lizard-tmp-WOSzIR/code/seed-b-frontend/.angular/cache/22.1.3/seed-b-frontend/vite/deps/platform-browser-D6KUmwRj.js","get ngForTrackBy","get ngForTrackBy ( )",1913,1915
5,1,27,0,5,"constructor@1920-1924@/home/alex/dev/Bachelor/bmad-vergleichsstudie/.lizard-tmp-WOSzIR/code/seed-b-frontend/.angular/cache/22.1.3/seed-b-frontend/vite/deps/platform-browser-D6KUmwRj.js","/home/alex/dev/Bachelor/bmad-vergleichsstudie/.lizard-tmp-WOSzIR/code/seed-b-frontend/.angular/cache/22.1.3/seed-b-frontend/vite/deps/platform-browser-D6KUmwRj.js","constructor","constructor ( , , )",1920,1924
3,2,15,1,3,"set ngForTemplate@1925-1927@/home/alex/dev/Bachelor/bmad-vergleichsstudie/.lizard-tmp-WOSzIR/code/seed-b-frontend/.angular/cache/22.1.3/seed-b-frontend/vite/deps/platform-browser-D6KUmwRj.js","/home/alex/dev/Bachelor/bmad-vergleichsstudie/.lizard-tmp-WOSzIR/code/seed-b-frontend/.angular/cache/22.1.3/seed-b-frontend/vite/deps/platform-browser-D6KUmwRj.js","set ngForTemplate","set ngForTemplate ( value )",1925,1927
18,10,159,0,18,"ngDoCheck@1928-1945@/home/alex/dev/Bachelor/bmad-vergleichsstudie/.lizard-tmp-WOSzIR/code/seed-b-frontend/.angular/cache/22.1.3/seed-b-frontend/vite/deps/platform-browser-D6KUmwRj.js","/home/alex/dev/Bachelor/bmad-vergleichsstudie/.lizard-tmp-WOSzIR/code/seed-b-frontend/.angular/cache/22.1.3/seed-b-frontend/vite/deps/platform-browser-D6KUmwRj.js","ngDoCheck","ngDoCheck ( )",1928,1945
9,6,102,0,9,"(anonymous)@1948-1956@/home/alex/dev/Bachelor/bmad-vergleichsstudie/.lizard-tmp-WOSzIR/code/seed-b-frontend/.angular/cache/22.1.3/seed-b-frontend/vite/deps/platform-browser-D6KUmwRj.js","/home/alex/dev/Bachelor/bmad-vergleichsstudie/.lizard-tmp-WOSzIR/code/seed-b-frontend/.angular/cache/22.1.3/seed-b-frontend/vite/deps/platform-browser-D6KUmwRj.js","(anonymous)","(anonymous)",1948,1956
3,1,16,0,3,"(anonymous)@1963-1965@/home/alex/dev/Bachelor/bmad-vergleichsstudie/.lizard-tmp-WOSzIR/code/seed-b-frontend/.angular/cache/22.1.3/seed-b-frontend/vite/deps/platform-browser-D6KUmwRj.js","/home/alex/dev/Bachelor/bmad-vergleichsstudie/.lizard-tmp-WOSzIR/code/seed-b-frontend/.angular/cache/22.1.3/seed-b-frontend/vite/deps/platform-browser-D6KUmwRj.js","(anonymous)","(anonymous)",1963,1965
11,2,92,1,21,"_applyChanges@1946-1966@/home/alex/dev/Bachelor/bmad-vergleichsstudie/.lizard-tmp-WOSzIR/code/seed-b-frontend/.angular/cache/22.1.3/seed-b-frontend/vite/deps/platform-browser-D6KUmwRj.js","/home/alex/dev/Bachelor/bmad-vergleichsstudie/.lizard-tmp-WOSzIR/code/seed-b-frontend/.angular/cache/22.1.3/seed-b-frontend/vite/deps/platform-browser-D6KUmwRj.js","_applyChanges","_applyChanges ( changes )",1946,1966
3,1,10,2,3,"ngTemplateContextGuard@1967-1969@/home/alex/dev/Bachelor/bmad-vergleichsstudie/.lizard-tmp-WOSzIR/code/seed-b-frontend/.angular/cache/22.1.3/seed-b-frontend/vite/deps/platform-browser-D6KUmwRj.js","/home/alex/dev/Bachelor/bmad-vergleichsstudie/.lizard-tmp-WOSzIR/code/seed-b-frontend/.angular/cache/22.1.3/seed-b-frontend/vite/deps/platform-browser-D6KUmwRj.js","ngTemplateContextGuard","ngTemplateContextGuard ( dir , ctx )",1967,1969
3,2,29,0,3,"NgForOf_Factory@1970-1972@/home/alex/dev/Bachelor/bmad-vergleichsstudie/.lizard-tmp-WOSzIR/code/seed-b-frontend/.angular/cache/22.1.3/seed-b-frontend/vite/deps/platform-browser-D6KUmwRj.js","/home/alex/dev/Bachelor/bmad-vergleichsstudie/.lizard-tmp-WOSzIR/code/seed-b-frontend/.angular/cache/22.1.3/seed-b-frontend/vite/deps/platform-browser-D6KUmwRj.js","NgForOf_Factory","NgForOf_Factory ( )",1970,1972
2,1,6,0,2,"(anonymous)@1993-1994@/home/alex/dev/Bachelor/bmad-vergleichsstudie/.lizard-tmp-WOSzIR/code/seed-b-frontend/.angular/cache/22.1.3/seed-b-frontend/vite/deps/platform-browser-D6KUmwRj.js","/home/alex/dev/Bachelor/bmad-vergleichsstudie/.lizard-tmp-WOSzIR/code/seed-b-frontend/.angular/cache/22.1.3/seed-b-frontend/vite/deps/platform-browser-D6KUmwRj.js","(anonymous)","(anonymous)",1993,1994
13,3,84,0,14,"(anonymous)@1989-2002@/home/alex/dev/Bachelor/bmad-vergleichsstudie/.lizard-tmp-WOSzIR/code/seed-b-frontend/.angular/cache/22.1.3/seed-b-frontend/vite/deps/platform-browser-D6KUmwRj.js","/home/alex/dev/Bachelor/bmad-vergleichsstudie/.lizard-tmp-WOSzIR/code/seed-b-frontend/.angular/cache/22.1.3/seed-b-frontend/vite/deps/platform-browser-D6KUmwRj.js","(anonymous)","(anonymous)",1989,2002
3,1,17,2,3,"applyViewChange@2003-2005@/home/alex/dev/Bachelor/bmad-vergleichsstudie/.lizard-tmp-WOSzIR/code/seed-b-frontend/.angular/cache/22.1.3/seed-b-frontend/vite/deps/platform-browser-D6KUmwRj.js","/home/alex/dev/Bachelor/bmad-vergleichsstudie/.lizard-tmp-WOSzIR/code/seed-b-frontend/.angular/cache/22.1.3/seed-b-frontend/vite/deps/platform-browser-D6KUmwRj.js","applyViewChange","applyViewChange ( view , record )",2003,2005
3,2,14,1,3,"getTypeName@2006-2008@/home/alex/dev/Bachelor/bmad-vergleichsstudie/.lizard-tmp-WOSzIR/code/seed-b-frontend/.angular/cache/22.1.3/seed-b-frontend/vite/deps/platform-browser-D6KUmwRj.js","/home/alex/dev/Bachelor/bmad-vergleichsstudie/.lizard-tmp-WOSzIR/code/seed-b-frontend/.angular/cache/22.1.3/seed-b-frontend/vite/deps/platform-browser-D6KUmwRj.js","getTypeName","getTypeName ( type )",2006,2008
4,1,19,1,4,"constructor@2016-2019@/home/alex/dev/Bachelor/bmad-vergleichsstudie/.lizard-tmp-WOSzIR/code/seed-b-frontend/.angular/cache/22.1.3/seed-b-frontend/vite/deps/platform-browser-D6KUmwRj.js","/home/alex/dev/Bachelor/bmad-vergleichsstudie/.lizard-tmp-WOSzIR/code/seed-b-frontend/.angular/cache/22.1.3/seed-b-frontend/vite/deps/platform-browser-D6KUmwRj.js","constructor","constructor ( , templateRef )",2016,2019
4,1,25,1,4,"set ngIf@2020-2023@/home/alex/dev/Bachelor/bmad-vergleichsstudie/.lizard-tmp-WOSzIR/code/seed-b-frontend/.angular/cache/22.1.3/seed-b-frontend/vite/deps/platform-browser-D6KUmwRj.js","/home/alex/dev/Bachelor/bmad-vergleichsstudie/.lizard-tmp-WOSzIR/code/seed-b-frontend/.angular/cache/22.1.3/seed-b-frontend/vite/deps/platform-browser-D6KUmwRj.js","set ngIf","set ngIf ( condition )",2020,2023
6,3,39,1,6,"set ngIfThen@2024-2029@/home/alex/dev/Bachelor/bmad-vergleichsstudie/.lizard-tmp-WOSzIR/code/seed-b-frontend/.angular/cache/22.1.3/seed-b-frontend/vite/deps/platform-browser-D6KUmwRj.js","/home/alex/dev/Bachelor/bmad-vergleichsstudie/.lizard-tmp-WOSzIR/code/seed-b-frontend/.angular/cache/22.1.3/seed-b-frontend/vite/deps/platform-browser-D6KUmwRj.js","set ngIfThen","set ngIfThen ( templateRef )",2024,2029
6,3,39,1,6,"set ngIfElse@2030-2035@/home/alex/dev/Bachelor/bmad-vergleichsstudie/.lizard-tmp-WOSzIR/code/seed-b-frontend/.angular/cache/22.1.3/seed-b-frontend/vite/deps/platform-browser-D6KUmwRj.js","/home/alex/dev/Bachelor/bmad-vergleichsstudie/.lizard-tmp-WOSzIR/code/seed-b-frontend/.angular/cache/22.1.3/seed-b-frontend/vite/deps/platform-browser-D6KUmwRj.js","set ngIfElse","set ngIfElse ( templateRef )",2030,2035
13,6,111,0,13,"_updateView@2036-2048@/home/alex/dev/Bachelor/bmad-vergleichsstudie/.lizard-tmp-WOSzIR/code/seed-b-frontend/.angular/cache/22.1.3/seed-b-frontend/vite/deps/platform-browser-D6KUmwRj.js","/home/alex/dev/Bachelor/bmad-vergleichsstudie/.lizard-tmp-WOSzIR/code/seed-b-frontend/.angular/cache/22.1.3/seed-b-frontend/vite/deps/platform-browser-D6KUmwRj.js","_updateView","_updateView ( )",2036,2048
3,1,10,2,3,"ngTemplateContextGuard@2051-2053@/home/alex/dev/Bachelor/bmad-vergleichsstudie/.lizard-tmp-WOSzIR/code/seed-b-frontend/.angular/cache/22.1.3/seed-b-frontend/vite/deps/platform-browser-D6KUmwRj.js","/home/alex/dev/Bachelor/bmad-vergleichsstudie/.lizard-tmp-WOSzIR/code/seed-b-frontend/.angular/cache/22.1.3/seed-b-frontend/vite/deps/platform-browser-D6KUmwRj.js","ngTemplateContextGuard","ngTemplateContextGuard ( dir , ctx )",2051,2053
3,2,24,0,3,"NgIf_Factory@2054-2056@/home/alex/dev/Bachelor/bmad-vergleichsstudie/.lizard-tmp-WOSzIR/code/seed-b-frontend/.angular/cache/22.1.3/seed-b-frontend/vite/deps/platform-browser-D6KUmwRj.js","/home/alex/dev/Bachelor/bmad-vergleichsstudie/.lizard-tmp-WOSzIR/code/seed-b-frontend/.angular/cache/22.1.3/seed-b-frontend/vite/deps/platform-browser-D6KUmwRj.js","NgIf_Factory","NgIf_Factory ( )",2054,2056
1,1,6,0,1,"(anonymous)@2075-2075@/home/alex/dev/Bachelor/bmad-vergleichsstudie/.lizard-tmp-WOSzIR/code/seed-b-frontend/.angular/cache/22.1.3/seed-b-frontend/vite/deps/platform-browser-D6KUmwRj.js","/home/alex/dev/Bachelor/bmad-vergleichsstudie/.lizard-tmp-WOSzIR/code/seed-b-frontend/.angular/cache/22.1.3/seed-b-frontend/vite/deps/platform-browser-D6KUmwRj.js","(anonymous)","(anonymous)",2075,2075
10,3,78,0,10,"(anonymous)@2071-2080@/home/alex/dev/Bachelor/bmad-vergleichsstudie/.lizard-tmp-WOSzIR/code/seed-b-frontend/.angular/cache/22.1.3/seed-b-frontend/vite/deps/platform-browser-D6KUmwRj.js","/home/alex/dev/Bachelor/bmad-vergleichsstudie/.lizard-tmp-WOSzIR/code/seed-b-frontend/.angular/cache/22.1.3/seed-b-frontend/vite/deps/platform-browser-D6KUmwRj.js","(anonymous)","(anonymous)",2071,2080
3,5,43,2,3,"assertTemplate@2085-2087@/home/alex/dev/Bachelor/bmad-vergleichsstudie/.lizard-tmp-WOSzIR/code/seed-b-frontend/.angular/cache/22.1.3/seed-b-frontend/vite/deps/platform-browser-D6KUmwRj.js","/home/alex/dev/Bachelor/bmad-vergleichsstudie/.lizard-tmp-WOSzIR/code/seed-b-frontend/.angular/cache/22.1.3/seed-b-frontend/vite/deps/platform-browser-D6KUmwRj.js","assertTemplate","assertTemplate ( templateRef , property )",2085,2087
4,1,19,0,4,"constructor@2092-2095@/home/alex/dev/Bachelor/bmad-vergleichsstudie/.lizard-tmp-WOSzIR/code/seed-b-frontend/.angular/cache/22.1.3/seed-b-frontend/vite/deps/platform-browser-D6KUmwRj.js","/home/alex/dev/Bachelor/bmad-vergleichsstudie/.lizard-tmp-WOSzIR/code/seed-b-frontend/.angular/cache/22.1.3/seed-b-frontend/vite/deps/platform-browser-D6KUmwRj.js","constructor","constructor ( , )",2092,2095
4,1,21,0,4,"create@2096-2099@/home/alex/dev/Bachelor/bmad-vergleichsstudie/.lizard-tmp-WOSzIR/code/seed-b-frontend/.angular/cache/22.1.3/seed-b-frontend/vite/deps/platform-browser-D6KUmwRj.js","/home/alex/dev/Bachelor/bmad-vergleichsstudie/.lizard-tmp-WOSzIR/code/seed-b-frontend/.angular/cache/22.1.3/seed-b-frontend/vite/deps/platform-browser-D6KUmwRj.js","create","create ( )",2096,2099
4,1,18,0,4,"destroy@2100-2103@/home/alex/dev/Bachelor/bmad-vergleichsstudie/.lizard-tmp-WOSzIR/code/seed-b-frontend/.angular/cache/22.1.3/seed-b-frontend/vite/deps/platform-browser-D6KUmwRj.js","/home/alex/dev/Bachelor/bmad-vergleichsstudie/.lizard-tmp-WOSzIR/code/seed-b-frontend/.angular/cache/22.1.3/seed-b-frontend/vite/deps/platform-browser-D6KUmwRj.js","destroy","destroy ( )",2100,2103
4,5,36,1,4,"enforceState@2104-2107@/home/alex/dev/Bachelor/bmad-vergleichsstudie/.lizard-tmp-WOSzIR/code/seed-b-frontend/.angular/cache/22.1.3/seed-b-frontend/vite/deps/platform-browser-D6KUmwRj.js","/home/alex/dev/Bachelor/bmad-vergleichsstudie/.lizard-tmp-WOSzIR/code/seed-b-frontend/.angular/cache/22.1.3/seed-b-frontend/vite/deps/platform-browser-D6KUmwRj.js","enforceState","enforceState ( created )",2104,2107
4,2,26,1,4,"set ngSwitch@2116-2119@/home/alex/dev/Bachelor/bmad-vergleichsstudie/.lizard-tmp-WOSzIR/code/seed-b-frontend/.angular/cache/22.1.3/seed-b-frontend/vite/deps/platform-browser-D6KUmwRj.js","/home/alex/dev/Bachelor/bmad-vergleichsstudie/.lizard-tmp-WOSzIR/code/seed-b-frontend/.angular/cache/22.1.3/seed-b-frontend/vite/deps/platform-browser-D6KUmwRj.js","set ngSwitch","set ngSwitch ( newValue )",2116,2119
3,1,10,0,3,"_addCase@2120-2122@/home/alex/dev/Bachelor/bmad-vergleichsstudie/.lizard-tmp-WOSzIR/code/seed-b-frontend/.angular/cache/22.1.3/seed-b-frontend/vite/deps/platform-browser-D6KUmwRj.js","/home/alex/dev/Bachelor/bmad-vergleichsstudie/.lizard-tmp-WOSzIR/code/seed-b-frontend/.angular/cache/22.1.3/seed-b-frontend/vite/deps/platform-browser-D6KUmwRj.js","_addCase","_addCase ( )",2120,2122
3,1,14,1,3,"_addDefault@2123-2125@/home/alex/dev/Bachelor/bmad-vergleichsstudie/.lizard-tmp-WOSzIR/code/seed-b-frontend/.angular/cache/22.1.3/seed-b-frontend/vite/deps/platform-browser-D6KUmwRj.js","/home/alex/dev/Bachelor/bmad-vergleichsstudie/.lizard-tmp-WOSzIR/code/seed-b-frontend/.angular/cache/22.1.3/seed-b-frontend/vite/deps/platform-browser-D6KUmwRj.js","_addDefault","_addDefault ( view )",2123,2125
11,3,63,1,11,"_matchCase@2126-2136@/home/alex/dev/Bachelor/bmad-vergleichsstudie/.lizard-tmp-WOSzIR/code/seed-b-frontend/.angular/cache/22.1.3/seed-b-frontend/vite/deps/platform-browser-D6KUmwRj.js","/home/alex/dev/Bachelor/bmad-vergleichsstudie/.lizard-tmp-WOSzIR/code/seed-b-frontend/.angular/cache/22.1.3/seed-b-frontend/vite/deps/platform-browser-D6KUmwRj.js","_matchCase","_matchCase ( value )",2126,2136
6,4,45,1,6,"_updateDefaultCases@2137-2142@/home/alex/dev/Bachelor/bmad-vergleichsstudie/.lizard-tmp-WOSzIR/code/seed-b-frontend/.angular/cache/22.1.3/seed-b-frontend/vite/deps/platform-browser-D6KUmwRj.js","/home/alex/dev/Bachelor/bmad-vergleichsstudie/.lizard-tmp-WOSzIR/code/seed-b-frontend/.angular/cache/22.1.3/seed-b-frontend/vite/deps/platform-browser-D6KUmwRj.js","_updateDefaultCases","_updateDefaultCases ( useDefault )",2137,2142
3,2,15,0,3,"NgSwitch_Factory@2143-2145@/home/alex/dev/Bachelor/bmad-vergleichsstudie/.lizard-tmp-WOSzIR/code/seed-b-frontend/.angular/cache/22.1.3/seed-b-frontend/vite/deps/platform-browser-D6KUmwRj.js","/home/alex/dev/Bachelor/bmad-vergleichsstudie/.lizard-tmp-WOSzIR/code/seed-b-frontend/.angular/cache/22.1.3/seed-b-frontend/vite/deps/platform-browser-D6KUmwRj.js","NgSwitch_Factory","NgSwitch_Factory ( )",2143,2145
6,3,48,0,6,"(anonymous)@2156-2161@/home/alex/dev/Bachelor/bmad-vergleichsstudie/.lizard-tmp-WOSzIR/code/seed-b-frontend/.angular/cache/22.1.3/seed-b-frontend/vite/deps/platform-browser-D6KUmwRj.js","/home/alex/dev/Bachelor/bmad-vergleichsstudie/.lizard-tmp-WOSzIR/code/seed-b-frontend/.angular/cache/22.1.3/seed-b-frontend/vite/deps/platform-browser-D6KUmwRj.js","(anonymous)","(anonymous)",2156,2161
6,4,54,3,6,"constructor@2166-2171@/home/alex/dev/Bachelor/bmad-vergleichsstudie/.lizard-tmp-WOSzIR/code/seed-b-frontend/.angular/cache/22.1.3/seed-b-frontend/vite/deps/platform-browser-D6KUmwRj.js","/home/alex/dev/Bachelor/bmad-vergleichsstudie/.lizard-tmp-WOSzIR/code/seed-b-frontend/.angular/cache/22.1.3/seed-b-frontend/vite/deps/platform-browser-D6KUmwRj.js","constructor","constructor ( viewContainer , templateRef , ngSwitch )",2166,2171
3,1,22,0,3,"ngDoCheck@2172-2174@/home/alex/dev/Bachelor/bmad-vergleichsstudie/.lizard-tmp-WOSzIR/code/seed-b-frontend/.angular/cache/22.1.3/seed-b-frontend/vite/deps/platform-browser-D6KUmwRj.js","/home/alex/dev/Bachelor/bmad-vergleichsstudie/.lizard-tmp-WOSzIR/code/seed-b-frontend/.angular/cache/22.1.3/seed-b-frontend/vite/deps/platform-browser-D6KUmwRj.js","ngDoCheck","ngDoCheck ( )",2172,2174
3,2,31,0,3,"NgSwitchCase_Factory@2175-2177@/home/alex/dev/Bachelor/bmad-vergleichsstudie/.lizard-tmp-WOSzIR/code/seed-b-frontend/.angular/cache/22.1.3/seed-b-frontend/vite/deps/platform-browser-D6KUmwRj.js","/home/alex/dev/Bachelor/bmad-vergleichsstudie/.lizard-tmp-WOSzIR/code/seed-b-frontend/.angular/cache/22.1.3/seed-b-frontend/vite/deps/platform-browser-D6KUmwRj.js","NgSwitchCase_Factory","NgSwitchCase_Factory ( )",2175,2177
2,1,6,0,2,"(anonymous)@2192-2193@/home/alex/dev/Bachelor/bmad-vergleichsstudie/.lizard-tmp-WOSzIR/code/seed-b-frontend/.angular/cache/22.1.3/seed-b-frontend/vite/deps/platform-browser-D6KUmwRj.js","/home/alex/dev/Bachelor/bmad-vergleichsstudie/.lizard-tmp-WOSzIR/code/seed-b-frontend/.angular/cache/22.1.3/seed-b-frontend/vite/deps/platform-browser-D6KUmwRj.js","(anonymous)","(anonymous)",2192,2193
12,3,80,0,13,"(anonymous)@2188-2200@/home/alex/dev/Bachelor/bmad-vergleichsstudie/.lizard-tmp-WOSzIR/code/seed-b-frontend/.angular/cache/22.1.3/seed-b-frontend/vite/deps/platform-browser-D6KUmwRj.js","/home/alex/dev/Bachelor/bmad-vergleichsstudie/.lizard-tmp-WOSzIR/code/seed-b-frontend/.angular/cache/22.1.3/seed-b-frontend/vite/deps/platform-browser-D6KUmwRj.js","(anonymous)","(anonymous)",2188,2200
4,4,43,3,4,"constructor@2202-2205@/home/alex/dev/Bachelor/bmad-vergleichsstudie/.lizard-tmp-WOSzIR/code/seed-b-frontend/.angular/cache/22.1.3/seed-b-frontend/vite/deps/platform-browser-D6KUmwRj.js","/home/alex/dev/Bachelor/bmad-vergleichsstudie/.lizard-tmp-WOSzIR/code/seed-b-frontend/.angular/cache/22.1.3/seed-b-frontend/vite/deps/platform-browser-D6KUmwRj.js","constructor","constructor ( viewContainer , templateRef , ngSwitch )",2202,2205
3,2,31,0,3,"NgSwitchDefault_Factory@2206-2208@/home/alex/dev/Bachelor/bmad-vergleichsstudie/.lizard-tmp-WOSzIR/code/seed-b-frontend/.angular/cache/22.1.3/seed-b-frontend/vite/deps/platform-browser-D6KUmwRj.js","/home/alex/dev/Bachelor/bmad-vergleichsstudie/.lizard-tmp-WOSzIR/code/seed-b-frontend/.angular/cache/22.1.3/seed-b-frontend/vite/deps/platform-browser-D6KUmwRj.js","NgSwitchDefault_Factory","NgSwitchDefault_Factory ( )",2206,2208
2,1,6,0,2,"(anonymous)@2222-2223@/home/alex/dev/Bachelor/bmad-vergleichsstudie/.lizard-tmp-WOSzIR/code/seed-b-frontend/.angular/cache/22.1.3/seed-b-frontend/vite/deps/platform-browser-D6KUmwRj.js","/home/alex/dev/Bachelor/bmad-vergleichsstudie/.lizard-tmp-WOSzIR/code/seed-b-frontend/.angular/cache/22.1.3/seed-b-frontend/vite/deps/platform-browser-D6KUmwRj.js","(anonymous)","(anonymous)",2222,2223
12,3,70,0,13,"(anonymous)@2218-2230@/home/alex/dev/Bachelor/bmad-vergleichsstudie/.lizard-tmp-WOSzIR/code/seed-b-frontend/.angular/cache/22.1.3/seed-b-frontend/vite/deps/platform-browser-D6KUmwRj.js","/home/alex/dev/Bachelor/bmad-vergleichsstudie/.lizard-tmp-WOSzIR/code/seed-b-frontend/.angular/cache/22.1.3/seed-b-frontend/vite/deps/platform-browser-D6KUmwRj.js","(anonymous)","(anonymous)",2218,2230
3,1,26,2,3,"throwNgSwitchProviderNotFoundError@2231-2233@/home/alex/dev/Bachelor/bmad-vergleichsstudie/.lizard-tmp-WOSzIR/code/seed-b-frontend/.angular/cache/22.1.3/seed-b-frontend/vite/deps/platform-browser-D6KUmwRj.js","/home/alex/dev/Bachelor/bmad-vergleichsstudie/.lizard-tmp-WOSzIR/code/seed-b-frontend/.angular/cache/22.1.3/seed-b-frontend/vite/deps/platform-browser-D6KUmwRj.js","throwNgSwitchProviderNotFoundError","throwNgSwitchProviderNotFoundError ( attrName , directiveName )",2231,2233
3,1,11,0,3,"constructor@2238-2240@/home/alex/dev/Bachelor/bmad-vergleichsstudie/.lizard-tmp-WOSzIR/code/seed-b-frontend/.angular/cache/22.1.3/seed-b-frontend/vite/deps/platform-browser-D6KUmwRj.js","/home/alex/dev/Bachelor/bmad-vergleichsstudie/.lizard-tmp-WOSzIR/code/seed-b-frontend/.angular/cache/22.1.3/seed-b-frontend/vite/deps/platform-browser-D6KUmwRj.js","constructor","constructor ( )",2238,2240
3,1,12,1,3,"set ngPlural@2241-2243@/home/alex/dev/Bachelor/bmad-vergleichsstudie/.lizard-tmp-WOSzIR/code/seed-b-frontend/.angular/cache/22.1.3/seed-b-frontend/vite/deps/platform-browser-D6KUmwRj.js","/home/alex/dev/Bachelor/bmad-vergleichsstudie/.lizard-tmp-WOSzIR/code/seed-b-frontend/.angular/cache/22.1.3/seed-b-frontend/vite/deps/platform-browser-D6KUmwRj.js","set ngPlural","set ngPlural ( value )",2241,2243
3,1,16,2,3,"addCase@2244-2246@/home/alex/dev/Bachelor/bmad-vergleichsstudie/.lizard-tmp-WOSzIR/code/seed-b-frontend/.angular/cache/22.1.3/seed-b-frontend/vite/deps/platform-browser-D6KUmwRj.js","/home/alex/dev/Bachelor/bmad-vergleichsstudie/.lizard-tmp-WOSzIR/code/seed-b-frontend/.angular/cache/22.1.3/seed-b-frontend/vite/deps/platform-browser-D6KUmwRj.js","addCase","addCase ( value , switchView )",2244,2246
5,1,44,1,5,"_updateView@2247-2251@/home/alex/dev/Bachelor/bmad-vergleichsstudie/.lizard-tmp-WOSzIR/code/seed-b-frontend/.angular/cache/22.1.3/seed-b-frontend/vite/deps/platform-browser-D6KUmwRj.js","/home/alex/dev/Bachelor/bmad-vergleichsstudie/.lizard-tmp-WOSzIR/code/seed-b-frontend/.angular/cache/22.1.3/seed-b-frontend/vite/deps/platform-browser-D6KUmwRj.js","_updateView","_updateView ( switchValue )",2247,2251
3,2,18,0,3,"_clearViews@2252-2254@/home/alex/dev/Bachelor/bmad-vergleichsstudie/.lizard-tmp-WOSzIR/code/seed-b-frontend/.angular/cache/22.1.3/seed-b-frontend/vite/deps/platform-browser-D6KUmwRj.js","/home/alex/dev/Bachelor/bmad-vergleichsstudie/.lizard-tmp-WOSzIR/code/seed-b-frontend/.angular/cache/22.1.3/seed-b-frontend/vite/deps/platform-browser-D6KUmwRj.js","_clearViews","_clearViews ( )",2252,2254
6,2,25,1,6,"_activateView@2255-2260@/home/alex/dev/Bachelor/bmad-vergleichsstudie/.lizard-tmp-WOSzIR/code/seed-b-frontend/.angular/cache/22.1.3/seed-b-frontend/vite/deps/platform-browser-D6KUmwRj.js","/home/alex/dev/Bachelor/bmad-vergleichsstudie/.lizard-tmp-WOSzIR/code/seed-b-frontend/.angular/cache/22.1.3/seed-b-frontend/vite/deps/platform-browser-D6KUmwRj.js","_activateView","_activateView ( view )",2255,2260
3,2,19,0,3,"NgPlural_Factory@2261-2263@/home/alex/dev/Bachelor/bmad-vergleichsstudie/.lizard-tmp-WOSzIR/code/seed-b-frontend/.angular/cache/22.1.3/seed-b-frontend/vite/deps/platform-browser-D6KUmwRj.js","/home/alex/dev/Bachelor/bmad-vergleichsstudie/.lizard-tmp-WOSzIR/code/seed-b-frontend/.angular/cache/22.1.3/seed-b-frontend/vite/deps/platform-browser-D6KUmwRj.js","NgPlural_Factory","NgPlural_Factory ( )",2261,2263
1,1,6,0,1,"(anonymous)@2278-2278@/home/alex/dev/Bachelor/bmad-vergleichsstudie/.lizard-tmp-WOSzIR/code/seed-b-frontend/.angular/cache/22.1.3/seed-b-frontend/vite/deps/platform-browser-D6KUmwRj.js","/home/alex/dev/Bachelor/bmad-vergleichsstudie/.lizard-tmp-WOSzIR/code/seed-b-frontend/.angular/cache/22.1.3/seed-b-frontend/vite/deps/platform-browser-D6KUmwRj.js","(anonymous)","(anonymous)",2278,2278
6,3,52,0,6,"(anonymous)@2274-2279@/home/alex/dev/Bachelor/bmad-vergleichsstudie/.lizard-tmp-WOSzIR/code/seed-b-frontend/.angular/cache/22.1.3/seed-b-frontend/vite/deps/platform-browser-D6KUmwRj.js","/home/alex/dev/Bachelor/bmad-vergleichsstudie/.lizard-tmp-WOSzIR/code/seed-b-frontend/.angular/cache/22.1.3/seed-b-frontend/vite/deps/platform-browser-D6KUmwRj.js","(anonymous)","(anonymous)",2274,2279
5,2,53,4,5,"constructor@2282-2286@/home/alex/dev/Bachelor/bmad-vergleichsstudie/.lizard-tmp-WOSzIR/code/seed-b-frontend/.angular/cache/22.1.3/seed-b-frontend/vite/deps/platform-browser-D6KUmwRj.js","/home/alex/dev/Bachelor/bmad-vergleichsstudie/.lizard-tmp-WOSzIR/code/seed-b-frontend/.angular/cache/22.1.3/seed-b-frontend/vite/deps/platform-browser-D6KUmwRj.js","constructor","constructor ( value , template , viewContainer , ngPlural )",2282,2286
3,2,36,0,3,"NgPluralCase_Factory@2287-2289@/home/alex/dev/Bachelor/bmad-vergleichsstudie/.lizard-tmp-WOSzIR/code/seed-b-frontend/.angular/cache/22.1.3/seed-b-frontend/vite/deps/platform-browser-D6KUmwRj.js","/home/alex/dev/Bachelor/bmad-vergleichsstudie/.lizard-tmp-WOSzIR/code/seed-b-frontend/.angular/cache/22.1.3/seed-b-frontend/vite/deps/platform-browser-D6KUmwRj.js","NgPluralCase_Factory","NgPluralCase_Factory ( )",2287,2289
8,1,23,0,8,"(anonymous)@2303-2310@/home/alex/dev/Bachelor/bmad-vergleichsstudie/.lizard-tmp-WOSzIR/code/seed-b-frontend/.angular/cache/22.1.3/seed-b-frontend/vite/deps/platform-browser-D6KUmwRj.js","/home/alex/dev/Bachelor/bmad-vergleichsstudie/.lizard-tmp-WOSzIR/code/seed-b-frontend/.angular/cache/22.1.3/seed-b-frontend/vite/deps/platform-browser-D6KUmwRj.js","(anonymous)","(anonymous)",2303,2310
13,3,70,0,20,"(anonymous)@2299-2318@/home/alex/dev/Bachelor/bmad-vergleichsstudie/.lizard-tmp-WOSzIR/code/seed-b-frontend/.angular/cache/22.1.3/seed-b-frontend/vite/deps/platform-browser-D6KUmwRj.js","/home/alex/dev/Bachelor/bmad-vergleichsstudie/.lizard-tmp-WOSzIR/code/seed-b-frontend/.angular/cache/22.1.3/seed-b-frontend/vite/deps/platform-browser-D6KUmwRj.js","(anonymous)","(anonymous)",2299,2318
5,1,27,0,5,"constructor@2325-2329@/home/alex/dev/Bachelor/bmad-vergleichsstudie/.lizard-tmp-WOSzIR/code/seed-b-frontend/.angular/cache/22.1.3/seed-b-frontend/vite/deps/platform-browser-D6KUmwRj.js","/home/alex/dev/Bachelor/bmad-vergleichsstudie/.lizard-tmp-WOSzIR/code/seed-b-frontend/.angular/cache/22.1.3/seed-b-frontend/vite/deps/platform-browser-D6KUmwRj.js","constructor","constructor ( , , )",2325,2329
4,3,37,1,4,"set ngStyle@2330-2333@/home/alex/dev/Bachelor/bmad-vergleichsstudie/.lizard-tmp-WOSzIR/code/seed-b-frontend/.angular/cache/22.1.3/seed-b-frontend/vite/deps/platform-browser-D6KUmwRj.js","/home/alex/dev/Bachelor/bmad-vergleichsstudie/.lizard-tmp-WOSzIR/code/seed-b-frontend/.angular/cache/22.1.3/seed-b-frontend/vite/deps/platform-browser-D6KUmwRj.js","set ngStyle","set ngStyle ( values )",2330,2333
6,3,37,0,6,"ngDoCheck@2334-2339@/home/alex/dev/Bachelor/bmad-vergleichsstudie/.lizard-tmp-WOSzIR/code/seed-b-frontend/.angular/cache/22.1.3/seed-b-frontend/vite/deps/platform-browser-D6KUmwRj.js","/home/alex/dev/Bachelor/bmad-vergleichsstudie/.lizard-tmp-WOSzIR/code/seed-b-frontend/.angular/cache/22.1.3/seed-b-frontend/vite/deps/platform-browser-D6KUmwRj.js","ngDoCheck","ngDoCheck ( )",2334,2339
6,4,95,2,6,"_setStyle@2340-2345@/home/alex/dev/Bachelor/bmad-vergleichsstudie/.lizard-tmp-WOSzIR/code/seed-b-frontend/.angular/cache/22.1.3/seed-b-frontend/vite/deps/platform-browser-D6KUmwRj.js","/home/alex/dev/Bachelor/bmad-vergleichsstudie/.lizard-tmp-WOSzIR/code/seed-b-frontend/.angular/cache/22.1.3/seed-b-frontend/vite/deps/platform-browser-D6KUmwRj.js","_setStyle","_setStyle ( nameAndUnit , value )",2340,2345
1,1,11,0,1,"(anonymous)@2347-2347@/home/alex/dev/Bachelor/bmad-vergleichsstudie/.lizard-tmp-WOSzIR/code/seed-b-frontend/.angular/cache/22.1.3/seed-b-frontend/vite/deps/platform-browser-D6KUmwRj.js","/home/alex/dev/Bachelor/bmad-vergleichsstudie/.lizard-tmp-WOSzIR/code/seed-b-frontend/.angular/cache/22.1.3/seed-b-frontend/vite/deps/platform-browser-D6KUmwRj.js","(anonymous)","(anonymous)",2347,2347
1,1,13,0,1,"(anonymous)@2348-2348@/home/alex/dev/Bachelor/bmad-vergleichsstudie/.lizard-tmp-WOSzIR/code/seed-b-frontend/.angular/cache/22.1.3/seed-b-frontend/vite/deps/platform-browser-D6KUmwRj.js","/home/alex/dev/Bachelor/bmad-vergleichsstudie/.lizard-tmp-WOSzIR/code/seed-b-frontend/.angular/cache/22.1.3/seed-b-frontend/vite/deps/platform-browser-D6KUmwRj.js","(anonymous)","(anonymous)",2348,2348
1,1,13,0,1,"(anonymous)@2349-2349@/home/alex/dev/Bachelor/bmad-vergleichsstudie/.lizard-tmp-WOSzIR/code/seed-b-frontend/.angular/cache/22.1.3/seed-b-frontend/vite/deps/platform-browser-D6KUmwRj.js","/home/alex/dev/Bachelor/bmad-vergleichsstudie/.lizard-tmp-WOSzIR/code/seed-b-frontend/.angular/cache/22.1.3/seed-b-frontend/vite/deps/platform-browser-D6KUmwRj.js","(anonymous)","(anonymous)",2349,2349
5,1,35,1,5,"_applyChanges@2346-2350@/home/alex/dev/Bachelor/bmad-vergleichsstudie/.lizard-tmp-WOSzIR/code/seed-b-frontend/.angular/cache/22.1.3/seed-b-frontend/vite/deps/platform-browser-D6KUmwRj.js","/home/alex/dev/Bachelor/bmad-vergleichsstudie/.lizard-tmp-WOSzIR/code/seed-b-frontend/.angular/cache/22.1.3/seed-b-frontend/vite/deps/platform-browser-D6KUmwRj.js","_applyChanges","_applyChanges ( changes )",2346,2350
3,2,29,0,3,"NgStyle_Factory@2351-2353@/home/alex/dev/Bachelor/bmad-vergleichsstudie/.lizard-tmp-WOSzIR/code/seed-b-frontend/.angular/cache/22.1.3/seed-b-frontend/vite/deps/platform-browser-D6KUmwRj.js","/home/alex/dev/Bachelor/bmad-vergleichsstudie/.lizard-tmp-WOSzIR/code/seed-b-frontend/.angular/cache/22.1.3/seed-b-frontend/vite/deps/platform-browser-D6KUmwRj.js","NgStyle_Factory","NgStyle_Factory ( )",2351,2353
2,1,6,0,2,"(anonymous)@2368-2369@/home/alex/dev/Bachelor/bmad-vergleichsstudie/.lizard-tmp-WOSzIR/code/seed-b-frontend/.angular/cache/22.1.3/seed-b-frontend/vite/deps/platform-browser-D6KUmwRj.js","/home/alex/dev/Bachelor/bmad-vergleichsstudie/.lizard-tmp-WOSzIR/code/seed-b-frontend/.angular/cache/22.1.3/seed-b-frontend/vite/deps/platform-browser-D6KUmwRj.js","(anonymous)","(anonymous)",2368,2369
11,3,68,0,12,"(anonymous)@2364-2375@/home/alex/dev/Bachelor/bmad-vergleichsstudie/.lizard-tmp-WOSzIR/code/seed-b-frontend/.angular/cache/22.1.3/seed-b-frontend/vite/deps/platform-browser-D6KUmwRj.js","/home/alex/dev/Bachelor/bmad-vergleichsstudie/.lizard-tmp-WOSzIR/code/seed-b-frontend/.angular/cache/22.1.3/seed-b-frontend/vite/deps/platform-browser-D6KUmwRj.js","(anonymous)","(anonymous)",2364,2375
3,1,11,0,3,"constructor@2384-2386@/home/alex/dev/Bachelor/bmad-vergleichsstudie/.lizard-tmp-WOSzIR/code/seed-b-frontend/.angular/cache/22.1.3/seed-b-frontend/vite/deps/platform-browser-D6KUmwRj.js","/home/alex/dev/Bachelor/bmad-vergleichsstudie/.lizard-tmp-WOSzIR/code/seed-b-frontend/.angular/cache/22.1.3/seed-b-frontend/vite/deps/platform-browser-D6KUmwRj.js","constructor","constructor ( )",2384,2386
12,4,94,1,12,"ngOnChanges@2387-2398@/home/alex/dev/Bachelor/bmad-vergleichsstudie/.lizard-tmp-WOSzIR/code/seed-b-frontend/.angular/cache/22.1.3/seed-b-frontend/vite/deps/platform-browser-D6KUmwRj.js","/home/alex/dev/Bachelor/bmad-vergleichsstudie/.lizard-tmp-WOSzIR/code/seed-b-frontend/.angular/cache/22.1.3/seed-b-frontend/vite/deps/platform-browser-D6KUmwRj.js","ngOnChanges","ngOnChanges ( changes )",2387,2398
4,4,26,0,4,"_getInjector@2399-2402@/home/alex/dev/Bachelor/bmad-vergleichsstudie/.lizard-tmp-WOSzIR/code/seed-b-frontend/.angular/cache/22.1.3/seed-b-frontend/vite/deps/platform-browser-D6KUmwRj.js","/home/alex/dev/Bachelor/bmad-vergleichsstudie/.lizard-tmp-WOSzIR/code/seed-b-frontend/.angular/cache/22.1.3/seed-b-frontend/vite/deps/platform-browser-D6KUmwRj.js","_getInjector","_getInjector ( )",2399,2402
3,2,20,1,3,"_shouldRecreateView@2403-2405@/home/alex/dev/Bachelor/bmad-vergleichsstudie/.lizard-tmp-WOSzIR/code/seed-b-frontend/.angular/cache/22.1.3/seed-b-frontend/vite/deps/platform-browser-D6KUmwRj.js","/home/alex/dev/Bachelor/bmad-vergleichsstudie/.lizard-tmp-WOSzIR/code/seed-b-frontend/.angular/cache/22.1.3/seed-b-frontend/vite/deps/platform-browser-D6KUmwRj.js","_shouldRecreateView","_shouldRecreateView ( changes )",2403,2405
4,2,34,2,4,"set :@2408-2411@/home/alex/dev/Bachelor/bmad-vergleichsstudie/.lizard-tmp-WOSzIR/code/seed-b-frontend/.angular/cache/22.1.3/seed-b-frontend/vite/deps/platform-browser-D6KUmwRj.js","/home/alex/dev/Bachelor/bmad-vergleichsstudie/.lizard-tmp-WOSzIR/code/seed-b-frontend/.angular/cache/22.1.3/seed-b-frontend/vite/deps/platform-browser-D6KUmwRj.js","set :","set : ( , prop , newValue )",2408,2411
4,2,33,2,4,"get :@2412-2415@/home/alex/dev/Bachelor/bmad-vergleichsstudie/.lizard-tmp-WOSzIR/code/seed-b-frontend/.angular/cache/22.1.3/seed-b-frontend/vite/deps/platform-browser-D6KUmwRj.js","/home/alex/dev/Bachelor/bmad-vergleichsstudie/.lizard-tmp-WOSzIR/code/seed-b-frontend/.angular/cache/22.1.3/seed-b-frontend/vite/deps/platform-browser-D6KUmwRj.js","get :","get : ( , prop , receiver )",2412,2415
6,1,22,0,12,"_createContextForwardProxy@2406-2417@/home/alex/dev/Bachelor/bmad-vergleichsstudie/.lizard-tmp-WOSzIR/code/seed-b-frontend/.angular/cache/22.1.3/seed-b-frontend/vite/deps/platform-browser-D6KUmwRj.js","/home/alex/dev/Bachelor/bmad-vergleichsstudie/.lizard-tmp-WOSzIR/code/seed-b-frontend/.angular/cache/22.1.3/seed-b-frontend/vite/deps/platform-browser-D6KUmwRj.js","_createContextForwardProxy","_createContextForwardProxy ( )",2406,2417
3,2,19,0,3,"NgTemplateOutlet_Factory@2418-2420@/home/alex/dev/Bachelor/bmad-vergleichsstudie/.lizard-tmp-WOSzIR/code/seed-b-frontend/.angular/cache/22.1.3/seed-b-frontend/vite/deps/platform-browser-D6KUmwRj.js","/home/alex/dev/Bachelor/bmad-vergleichsstudie/.lizard-tmp-WOSzIR/code/seed-b-frontend/.angular/cache/22.1.3/seed-b-frontend/vite/deps/platform-browser-D6KUmwRj.js","NgTemplateOutlet_Factory","NgTemplateOutlet_Factory ( )",2418,2420
1,1,6,0,1,"(anonymous)@2440-2440@/home/alex/dev/Bachelor/bmad-vergleichsstudie/.lizard-tmp-WOSzIR/code/seed-b-frontend/.angular/cache/22.1.3/seed-b-frontend/vite/deps/platform-browser-D6KUmwRj.js","/home/alex/dev/Bachelor/bmad-vergleichsstudie/.lizard-tmp-WOSzIR/code/seed-b-frontend/.angular/cache/22.1.3/seed-b-frontend/vite/deps/platform-browser-D6KUmwRj.js","(anonymous)","(anonymous)",2440,2440
10,3,72,0,10,"(anonymous)@2436-2445@/home/alex/dev/Bachelor/bmad-vergleichsstudie/.lizard-tmp-WOSzIR/code/seed-b-frontend/.angular/cache/22.1.3/seed-b-frontend/vite/deps/platform-browser-D6KUmwRj.js","/home/alex/dev/Bachelor/bmad-vergleichsstudie/.lizard-tmp-WOSzIR/code/seed-b-frontend/.angular/cache/22.1.3/seed-b-frontend/vite/deps/platform-browser-D6KUmwRj.js","(anonymous)","(anonymous)",2436,2445
3,2,28,2,3,"invalidPipeArgumentError@2459-2461@/home/alex/dev/Bachelor/bmad-vergleichsstudie/.lizard-tmp-WOSzIR/code/seed-b-frontend/.angular/cache/22.1.3/seed-b-frontend/vite/deps/platform-browser-D6KUmwRj.js","/home/alex/dev/Bachelor/bmad-vergleichsstudie/.lizard-tmp-WOSzIR/code/seed-b-frontend/.angular/cache/22.1.3/seed-b-frontend/vite/deps/platform-browser-D6KUmwRj.js","invalidPipeArgumentError","invalidPipeArgumentError ( type , value )",2459,2461
3,2,31,2,3,"warnIfSignal@2462-2464@/home/alex/dev/Bachelor/bmad-vergleichsstudie/.lizard-tmp-WOSzIR/code/seed-b-frontend/.angular/cache/22.1.3/seed-b-frontend/vite/deps/platform-browser-D6KUmwRj.js","/home/alex/dev/Bachelor/bmad-vergleichsstudie/.lizard-tmp-WOSzIR/code/seed-b-frontend/.angular/cache/22.1.3/seed-b-frontend/vite/deps/platform-browser-D6KUmwRj.js","warnIfSignal","warnIfSignal ( pipeName , value )",2462,2464
4,1,15,0,4,"(anonymous)@2467-2470@/home/alex/dev/Bachelor/bmad-vergleichsstudie/.lizard-tmp-WOSzIR/code/seed-b-frontend/.angular/cache/22.1.3/seed-b-frontend/vite/deps/platform-browser-D6KUmwRj.js","/home/alex/dev/Bachelor/bmad-vergleichsstudie/.lizard-tmp-WOSzIR/code/seed-b-frontend/.angular/cache/22.1.3/seed-b-frontend/vite/deps/platform-browser-D6KUmwRj.js","(anonymous)","(anonymous)",2467,2470
3,1,17,3,6,"createSubscription@2466-2471@/home/alex/dev/Bachelor/bmad-vergleichsstudie/.lizard-tmp-WOSzIR/code/seed-b-frontend/.angular/cache/22.1.3/seed-b-frontend/vite/deps/platform-browser-D6KUmwRj.js","/home/alex/dev/Bachelor/bmad-vergleichsstudie/.lizard-tmp-WOSzIR/code/seed-b-frontend/.angular/cache/22.1.3/seed-b-frontend/vite/deps/platform-browser-D6KUmwRj.js","createSubscription","createSubscription ( async , updateLatestValue , onError )",2466,2471
1,1,6,0,1,"(anonymous)@2473-2473@/home/alex/dev/Bachelor/bmad-vergleichsstudie/.lizard-tmp-WOSzIR/code/seed-b-frontend/.angular/cache/22.1.3/seed-b-frontend/vite/deps/platform-browser-D6KUmwRj.js","/home/alex/dev/Bachelor/bmad-vergleichsstudie/.lizard-tmp-WOSzIR/code/seed-b-frontend/.angular/cache/22.1.3/seed-b-frontend/vite/deps/platform-browser-D6KUmwRj.js","(anonymous)","(anonymous)",2473,2473
3,1,12,1,3,"dispose@2472-2474@/home/alex/dev/Bachelor/bmad-vergleichsstudie/.lizard-tmp-WOSzIR/code/seed-b-frontend/.angular/cache/22.1.3/seed-b-frontend/vite/deps/platform-browser-D6KUmwRj.js","/home/alex/dev/Bachelor/bmad-vergleichsstudie/.lizard-tmp-WOSzIR/code/seed-b-frontend/.angular/cache/22.1.3/seed-b-frontend/vite/deps/platform-browser-D6KUmwRj.js","dispose","dispose ( subscription )",2472,2474
1,1,5,0,1,"(anonymous)@2478-2478@/home/alex/dev/Bachelor/bmad-vergleichsstudie/.lizard-tmp-WOSzIR/code/seed-b-frontend/.angular/cache/22.1.3/seed-b-frontend/vite/deps/platform-browser-D6KUmwRj.js","/home/alex/dev/Bachelor/bmad-vergleichsstudie/.lizard-tmp-WOSzIR/code/seed-b-frontend/.angular/cache/22.1.3/seed-b-frontend/vite/deps/platform-browser-D6KUmwRj.js","(anonymous)","(anonymous)",2478,2478
1,1,5,0,1,"(anonymous)@2478-2478@/home/alex/dev/Bachelor/bmad-vergleichsstudie/.lizard-tmp-WOSzIR/code/seed-b-frontend/.angular/cache/22.1.3/seed-b-frontend/vite/deps/platform-browser-D6KUmwRj.js","/home/alex/dev/Bachelor/bmad-vergleichsstudie/.lizard-tmp-WOSzIR/code/seed-b-frontend/.angular/cache/22.1.3/seed-b-frontend/vite/deps/platform-browser-D6KUmwRj.js","(anonymous)","(anonymous)",2478,2478
2,1,23,3,2,"createSubscription@2477-2478@/home/alex/dev/Bachelor/bmad-vergleichsstudie/.lizard-tmp-WOSzIR/code/seed-b-frontend/.angular/cache/22.1.3/seed-b-frontend/vite/deps/platform-browser-D6KUmwRj.js","/home/alex/dev/Bachelor/bmad-vergleichsstudie/.lizard-tmp-WOSzIR/code/seed-b-frontend/.angular/cache/22.1.3/seed-b-frontend/vite/deps/platform-browser-D6KUmwRj.js","createSubscription","createSubscription ( async , updateLatestValue , onError )",2477,2478
4,1,13,0,4,"unsubscribe@2479-2482@/home/alex/dev/Bachelor/bmad-vergleichsstudie/.lizard-tmp-WOSzIR/code/seed-b-frontend/.angular/cache/22.1.3/seed-b-frontend/vite/deps/platform-browser-D6KUmwRj.js","/home/alex/dev/Bachelor/bmad-vergleichsstudie/.lizard-tmp-WOSzIR/code/seed-b-frontend/.angular/cache/22.1.3/seed-b-frontend/vite/deps/platform-browser-D6KUmwRj.js","unsubscribe","unsubscribe ( )",2479,2482
3,1,11,1,3,"constructor@2498-2500@/home/alex/dev/Bachelor/bmad-vergleichsstudie/.lizard-tmp-WOSzIR/code/seed-b-frontend/.angular/cache/22.1.3/seed-b-frontend/vite/deps/platform-browser-D6KUmwRj.js","/home/alex/dev/Bachelor/bmad-vergleichsstudie/.lizard-tmp-WOSzIR/code/seed-b-frontend/.angular/cache/22.1.3/seed-b-frontend/vite/deps/platform-browser-D6KUmwRj.js","constructor","constructor ( ref )",2498,2500
4,2,22,0,4,"ngOnDestroy@2501-2504@/home/alex/dev/Bachelor/bmad-vergleichsstudie/.lizard-tmp-WOSzIR/code/seed-b-frontend/.angular/cache/22.1.3/seed-b-frontend/vite/deps/platform-browser-D6KUmwRj.js","/home/alex/dev/Bachelor/bmad-vergleichsstudie/.lizard-tmp-WOSzIR/code/seed-b-frontend/.angular/cache/22.1.3/seed-b-frontend/vite/deps/platform-browser-D6KUmwRj.js","ngOnDestroy","ngOnDestroy ( )",2501,2504
16,4,77,1,16,"transform@2505-2520@/home/alex/dev/Bachelor/bmad-vergleichsstudie/.lizard-tmp-WOSzIR/code/seed-b-frontend/.angular/cache/22.1.3/seed-b-frontend/vite/deps/platform-browser-D6KUmwRj.js","/home/alex/dev/Bachelor/bmad-vergleichsstudie/.lizard-tmp-WOSzIR/code/seed-b-frontend/.angular/cache/22.1.3/seed-b-frontend/vite/deps/platform-browser-D6KUmwRj.js","transform","transform ( obj )",2505,2520
1,1,20,0,1,"(anonymous)@2524-2524@/home/alex/dev/Bachelor/bmad-vergleichsstudie/.lizard-tmp-WOSzIR/code/seed-b-frontend/.angular/cache/22.1.3/seed-b-frontend/vite/deps/platform-browser-D6KUmwRj.js","/home/alex/dev/Bachelor/bmad-vergleichsstudie/.lizard-tmp-WOSzIR/code/seed-b-frontend/.angular/cache/22.1.3/seed-b-frontend/vite/deps/platform-browser-D6KUmwRj.js","(anonymous)","(anonymous)",2524,2524
5,1,40,1,5,"_subscribe@2521-2525@/home/alex/dev/Bachelor/bmad-vergleichsstudie/.lizard-tmp-WOSzIR/code/seed-b-frontend/.angular/cache/22.1.3/seed-b-frontend/vite/deps/platform-browser-D6KUmwRj.js","/home/alex/dev/Bachelor/bmad-vergleichsstudie/.lizard-tmp-WOSzIR/code/seed-b-frontend/.angular/cache/22.1.3/seed-b-frontend/vite/deps/platform-browser-D6KUmwRj.js","_subscribe","_subscribe ( obj )",2521,2525
5,3,33,1,5,"_selectStrategy@2526-2530@/home/alex/dev/Bachelor/bmad-vergleichsstudie/.lizard-tmp-WOSzIR/code/seed-b-frontend/.angular/cache/22.1.3/seed-b-frontend/vite/deps/platform-browser-D6KUmwRj.js","/home/alex/dev/Bachelor/bmad-vergleichsstudie/.lizard-tmp-WOSzIR/code/seed-b-frontend/.angular/cache/22.1.3/seed-b-frontend/vite/deps/platform-browser-D6KUmwRj.js","_selectStrategy","_selectStrategy ( obj )",2526,2530
6,1,33,0,6,"_dispose@2531-2536@/home/alex/dev/Bachelor/bmad-vergleichsstudie/.lizard-tmp-WOSzIR/code/seed-b-frontend/.angular/cache/22.1.3/seed-b-frontend/vite/deps/platform-browser-D6KUmwRj.js","/home/alex/dev/Bachelor/bmad-vergleichsstudie/.lizard-tmp-WOSzIR/code/seed-b-frontend/.angular/cache/22.1.3/seed-b-frontend/vite/deps/platform-browser-D6KUmwRj.js","_dispose","_dispose ( )",2531,2536
6,3,37,2,6,"_updateLatestValue@2537-2542@/home/alex/dev/Bachelor/bmad-vergleichsstudie/.lizard-tmp-WOSzIR/code/seed-b-frontend/.angular/cache/22.1.3/seed-b-frontend/vite/deps/platform-browser-D6KUmwRj.js","/home/alex/dev/Bachelor/bmad-vergleichsstudie/.lizard-tmp-WOSzIR/code/seed-b-frontend/.angular/cache/22.1.3/seed-b-frontend/vite/deps/platform-browser-D6KUmwRj.js","_updateLatestValue","_updateLatestValue ( async , value )",2537,2542
3,2,21,0,3,"AsyncPipe_Factory@2543-2545@/home/alex/dev/Bachelor/bmad-vergleichsstudie/.lizard-tmp-WOSzIR/code/seed-b-frontend/.angular/cache/22.1.3/seed-b-frontend/vite/deps/platform-browser-D6KUmwRj.js","/home/alex/dev/Bachelor/bmad-vergleichsstudie/.lizard-tmp-WOSzIR/code/seed-b-frontend/.angular/cache/22.1.3/seed-b-frontend/vite/deps/platform-browser-D6KUmwRj.js","AsyncPipe_Factory","AsyncPipe_Factory ( )",2543,2545
1,1,6,0,1,"(anonymous)@2559-2559@/home/alex/dev/Bachelor/bmad-vergleichsstudie/.lizard-tmp-WOSzIR/code/seed-b-frontend/.angular/cache/22.1.3/seed-b-frontend/vite/deps/platform-browser-D6KUmwRj.js","/home/alex/dev/Bachelor/bmad-vergleichsstudie/.lizard-tmp-WOSzIR/code/seed-b-frontend/.angular/cache/22.1.3/seed-b-frontend/vite/deps/platform-browser-D6KUmwRj.js","(anonymous)","(anonymous)",2559,2559
9,3,46,0,9,"(anonymous)@2552-2560@/home/alex/dev/Bachelor/bmad-vergleichsstudie/.lizard-tmp-WOSzIR/code/seed-b-frontend/.angular/cache/22.1.3/seed-b-frontend/vite/deps/platform-browser-D6KUmwRj.js","/home/alex/dev/Bachelor/bmad-vergleichsstudie/.lizard-tmp-WOSzIR/code/seed-b-frontend/.angular/cache/22.1.3/seed-b-frontend/vite/deps/platform-browser-D6KUmwRj.js","(anonymous)","(anonymous)",2552,2560
5,2,28,1,5,"transform@2562-2566@/home/alex/dev/Bachelor/bmad-vergleichsstudie/.lizard-tmp-WOSzIR/code/seed-b-frontend/.angular/cache/22.1.3/seed-b-frontend/vite/deps/platform-browser-D6KUmwRj.js","/home/alex/dev/Bachelor/bmad-vergleichsstudie/.lizard-tmp-WOSzIR/code/seed-b-frontend/.angular/cache/22.1.3/seed-b-frontend/vite/deps/platform-browser-D6KUmwRj.js","transform","transform ( value )",2562,2566
3,2,15,0,3,"LowerCasePipe_Factory@2567-2569@/home/alex/dev/Bachelor/bmad-vergleichsstudie/.lizard-tmp-WOSzIR/code/seed-b-frontend/.angular/cache/22.1.3/seed-b-frontend/vite/deps/platform-browser-D6KUmwRj.js","/home/alex/dev/Bachelor/bmad-vergleichsstudie/.lizard-tmp-WOSzIR/code/seed-b-frontend/.angular/cache/22.1.3/seed-b-frontend/vite/deps/platform-browser-D6KUmwRj.js","LowerCasePipe_Factory","LowerCasePipe_Factory ( )",2567,2569
6,3,38,0,6,"(anonymous)@2576-2581@/home/alex/dev/Bachelor/bmad-vergleichsstudie/.lizard-tmp-WOSzIR/code/seed-b-frontend/.angular/cache/22.1.3/seed-b-frontend/vite/deps/platform-browser-D6KUmwRj.js","/home/alex/dev/Bachelor/bmad-vergleichsstudie/.lizard-tmp-WOSzIR/code/seed-b-frontend/.angular/cache/22.1.3/seed-b-frontend/vite/deps/platform-browser-D6KUmwRj.js","(anonymous)","(anonymous)",2576,2581
1,1,20,0,1,"(anonymous)@2587-2587@/home/alex/dev/Bachelor/bmad-vergleichsstudie/.lizard-tmp-WOSzIR/code/seed-b-frontend/.angular/cache/22.1.3/seed-b-frontend/vite/deps/platform-browser-D6KUmwRj.js","/home/alex/dev/Bachelor/bmad-vergleichsstudie/.lizard-tmp-WOSzIR/code/seed-b-frontend/.angular/cache/22.1.3/seed-b-frontend/vite/deps/platform-browser-D6KUmwRj.js","(anonymous)","(anonymous)",2587,2587
5,2,34,1,5,"transform@2584-2588@/home/alex/dev/Bachelor/bmad-vergleichsstudie/.lizard-tmp-WOSzIR/code/seed-b-frontend/.angular/cache/22.1.3/seed-b-frontend/vite/deps/platform-browser-D6KUmwRj.js","/home/alex/dev/Bachelor/bmad-vergleichsstudie/.lizard-tmp-WOSzIR/code/seed-b-frontend/.angular/cache/22.1.3/seed-b-frontend/vite/deps/platform-browser-D6KUmwRj.js","transform","transform ( value )",2584,2588
3,2,15,0,3,"TitleCasePipe_Factory@2589-2591@/home/alex/dev/Bachelor/bmad-vergleichsstudie/.lizard-tmp-WOSzIR/code/seed-b-frontend/.angular/cache/22.1.3/seed-b-frontend/vite/deps/platform-browser-D6KUmwRj.js","/home/alex/dev/Bachelor/bmad-vergleichsstudie/.lizard-tmp-WOSzIR/code/seed-b-frontend/.angular/cache/22.1.3/seed-b-frontend/vite/deps/platform-browser-D6KUmwRj.js","TitleCasePipe_Factory","TitleCasePipe_Factory ( )",2589,2591
6,3,38,0,6,"(anonymous)@2598-2603@/home/alex/dev/Bachelor/bmad-vergleichsstudie/.lizard-tmp-WOSzIR/code/seed-b-frontend/.angular/cache/22.1.3/seed-b-frontend/vite/deps/platform-browser-D6KUmwRj.js","/home/alex/dev/Bachelor/bmad-vergleichsstudie/.lizard-tmp-WOSzIR/code/seed-b-frontend/.angular/cache/22.1.3/seed-b-frontend/vite/deps/platform-browser-D6KUmwRj.js","(anonymous)","(anonymous)",2598,2603
5,2,28,1,5,"transform@2605-2609@/home/alex/dev/Bachelor/bmad-vergleichsstudie/.lizard-tmp-WOSzIR/code/seed-b-frontend/.angular/cache/22.1.3/seed-b-frontend/vite/deps/platform-browser-D6KUmwRj.js","/home/alex/dev/Bachelor/bmad-vergleichsstudie/.lizard-tmp-WOSzIR/code/seed-b-frontend/.angular/cache/22.1.3/seed-b-frontend/vite/deps/platform-browser-D6KUmwRj.js","transform","transform ( value )",2605,2609
3,2,15,0,3,"UpperCasePipe_Factory@2610-2612@/home/alex/dev/Bachelor/bmad-vergleichsstudie/.lizard-tmp-WOSzIR/code/seed-b-frontend/.angular/cache/22.1.3/seed-b-frontend/vite/deps/platform-browser-D6KUmwRj.js","/home/alex/dev/Bachelor/bmad-vergleichsstudie/.lizard-tmp-WOSzIR/code/seed-b-frontend/.angular/cache/22.1.3/seed-b-frontend/vite/deps/platform-browser-D6KUmwRj.js","UpperCasePipe_Factory","UpperCasePipe_Factory ( )",2610,2612
6,3,38,0,6,"(anonymous)@2619-2624@/home/alex/dev/Bachelor/bmad-vergleichsstudie/.lizard-tmp-WOSzIR/code/seed-b-frontend/.angular/cache/22.1.3/seed-b-frontend/vite/deps/platform-browser-D6KUmwRj.js","/home/alex/dev/Bachelor/bmad-vergleichsstudie/.lizard-tmp-WOSzIR/code/seed-b-frontend/.angular/cache/22.1.3/seed-b-frontend/vite/deps/platform-browser-D6KUmwRj.js","(anonymous)","(anonymous)",2619,2624
3,2,22,2,3,"assertPipeArgument@2625-2627@/home/alex/dev/Bachelor/bmad-vergleichsstudie/.lizard-tmp-WOSzIR/code/seed-b-frontend/.angular/cache/22.1.3/seed-b-frontend/vite/deps/platform-browser-D6KUmwRj.js","/home/alex/dev/Bachelor/bmad-vergleichsstudie/.lizard-tmp-WOSzIR/code/seed-b-frontend/.angular/cache/22.1.3/seed-b-frontend/vite/deps/platform-browser-D6KUmwRj.js","assertPipeArgument","assertPipeArgument ( pipe , value )",2625,2627
5,1,27,3,5,"constructor@2635-2639@/home/alex/dev/Bachelor/bmad-vergleichsstudie/.lizard-tmp-WOSzIR/code/seed-b-frontend/.angular/cache/22.1.3/seed-b-frontend/vite/deps/platform-browser-D6KUmwRj.js","/home/alex/dev/Bachelor/bmad-vergleichsstudie/.lizard-tmp-WOSzIR/code/seed-b-frontend/.angular/cache/22.1.3/seed-b-frontend/vite/deps/platform-browser-D6KUmwRj.js","constructor","constructor ( locale , defaultTimezone , defaultOptions )",2635,2639
10,16,99,4,10,"transform@2640-2649@/home/alex/dev/Bachelor/bmad-vergleichsstudie/.lizard-tmp-WOSzIR/code/seed-b-frontend/.angular/cache/22.1.3/seed-b-frontend/vite/deps/platform-browser-D6KUmwRj.js","/home/alex/dev/Bachelor/bmad-vergleichsstudie/.lizard-tmp-WOSzIR/code/seed-b-frontend/.angular/cache/22.1.3/seed-b-frontend/vite/deps/platform-browser-D6KUmwRj.js","transform","transform ( value , format , timezone , locale )",2640,2649
3,2,35,0,3,"DatePipe_Factory@2650-2652@/home/alex/dev/Bachelor/bmad-vergleichsstudie/.lizard-tmp-WOSzIR/code/seed-b-frontend/.angular/cache/22.1.3/seed-b-frontend/vite/deps/platform-browser-D6KUmwRj.js","/home/alex/dev/Bachelor/bmad-vergleichsstudie/.lizard-tmp-WOSzIR/code/seed-b-frontend/.angular/cache/22.1.3/seed-b-frontend/vite/deps/platform-browser-D6KUmwRj.js","DatePipe_Factory","DatePipe_Factory ( )",2650,2652
8,1,23,0,8,"(anonymous)@2663-2670@/home/alex/dev/Bachelor/bmad-vergleichsstudie/.lizard-tmp-WOSzIR/code/seed-b-frontend/.angular/cache/22.1.3/seed-b-frontend/vite/deps/platform-browser-D6KUmwRj.js","/home/alex/dev/Bachelor/bmad-vergleichsstudie/.lizard-tmp-WOSzIR/code/seed-b-frontend/.angular/cache/22.1.3/seed-b-frontend/vite/deps/platform-browser-D6KUmwRj.js","(anonymous)","(anonymous)",2663,2670
19,3,94,0,26,"(anonymous)@2659-2684@/home/alex/dev/Bachelor/bmad-vergleichsstudie/.lizard-tmp-WOSzIR/code/seed-b-frontend/.angular/cache/22.1.3/seed-b-frontend/vite/deps/platform-browser-D6KUmwRj.js","/home/alex/dev/Bachelor/bmad-vergleichsstudie/.lizard-tmp-WOSzIR/code/seed-b-frontend/.angular/cache/22.1.3/seed-b-frontend/vite/deps/platform-browser-D6KUmwRj.js","(anonymous)","(anonymous)",2659,2684
3,1,11,0,3,"constructor@2690-2692@/home/alex/dev/Bachelor/bmad-vergleichsstudie/.lizard-tmp-WOSzIR/code/seed-b-frontend/.angular/cache/22.1.3/seed-b-frontend/vite/deps/platform-browser-D6KUmwRj.js","/home/alex/dev/Bachelor/bmad-vergleichsstudie/.lizard-tmp-WOSzIR/code/seed-b-frontend/.angular/cache/22.1.3/seed-b-frontend/vite/deps/platform-browser-D6KUmwRj.js","constructor","constructor ( )",2690,2692
5,4,70,3,5,"transform@2693-2697@/home/alex/dev/Bachelor/bmad-vergleichsstudie/.lizard-tmp-WOSzIR/code/seed-b-frontend/.angular/cache/22.1.3/seed-b-frontend/vite/deps/platform-browser-D6KUmwRj.js","/home/alex/dev/Bachelor/bmad-vergleichsstudie/.lizard-tmp-WOSzIR/code/seed-b-frontend/.angular/cache/22.1.3/seed-b-frontend/vite/deps/platform-browser-D6KUmwRj.js","transform","transform ( value , pluralMap , locale )",2693,2697
3,2,21,0,3,"I18nPluralPipe_Factory@2698-2700@/home/alex/dev/Bachelor/bmad-vergleichsstudie/.lizard-tmp-WOSzIR/code/seed-b-frontend/.angular/cache/22.1.3/seed-b-frontend/vite/deps/platform-browser-D6KUmwRj.js","/home/alex/dev/Bachelor/bmad-vergleichsstudie/.lizard-tmp-WOSzIR/code/seed-b-frontend/.angular/cache/22.1.3/seed-b-frontend/vite/deps/platform-browser-D6KUmwRj.js","I18nPluralPipe_Factory","I18nPluralPipe_Factory ( )",2698,2700
1,1,6,0,1,"(anonymous)@2711-2711@/home/alex/dev/Bachelor/bmad-vergleichsstudie/.lizard-tmp-WOSzIR/code/seed-b-frontend/.angular/cache/22.1.3/seed-b-frontend/vite/deps/platform-browser-D6KUmwRj.js","/home/alex/dev/Bachelor/bmad-vergleichsstudie/.lizard-tmp-WOSzIR/code/seed-b-frontend/.angular/cache/22.1.3/seed-b-frontend/vite/deps/platform-browser-D6KUmwRj.js","(anonymous)","(anonymous)",2711,2711
6,3,42,0,6,"(anonymous)@2707-2712@/home/alex/dev/Bachelor/bmad-vergleichsstudie/.lizard-tmp-WOSzIR/code/seed-b-frontend/.angular/cache/22.1.3/seed-b-frontend/vite/deps/platform-browser-D6KUmwRj.js","/home/alex/dev/Bachelor/bmad-vergleichsstudie/.lizard-tmp-WOSzIR/code/seed-b-frontend/.angular/cache/22.1.3/seed-b-frontend/vite/deps/platform-browser-D6KUmwRj.js","(anonymous)","(anonymous)",2707,2712
7,6,73,2,7,"transform@2714-2720@/home/alex/dev/Bachelor/bmad-vergleichsstudie/.lizard-tmp-WOSzIR/code/seed-b-frontend/.angular/cache/22.1.3/seed-b-frontend/vite/deps/platform-browser-D6KUmwRj.js","/home/alex/dev/Bachelor/bmad-vergleichsstudie/.lizard-tmp-WOSzIR/code/seed-b-frontend/.angular/cache/22.1.3/seed-b-frontend/vite/deps/platform-browser-D6KUmwRj.js","transform","transform ( value , mapping )",2714,2720
3,2,15,0,3,"I18nSelectPipe_Factory@2721-2723@/home/alex/dev/Bachelor/bmad-vergleichsstudie/.lizard-tmp-WOSzIR/code/seed-b-frontend/.angular/cache/22.1.3/seed-b-frontend/vite/deps/platform-browser-D6KUmwRj.js","/home/alex/dev/Bachelor/bmad-vergleichsstudie/.lizard-tmp-WOSzIR/code/seed-b-frontend/.angular/cache/22.1.3/seed-b-frontend/vite/deps/platform-browser-D6KUmwRj.js","I18nSelectPipe_Factory","I18nSelectPipe_Factory ( )",2721,2723
6,3,38,0,6,"(anonymous)@2730-2735@/home/alex/dev/Bachelor/bmad-vergleichsstudie/.lizard-tmp-WOSzIR/code/seed-b-frontend/.angular/cache/22.1.3/seed-b-frontend/vite/deps/platform-browser-D6KUmwRj.js","/home/alex/dev/Bachelor/bmad-vergleichsstudie/.lizard-tmp-WOSzIR/code/seed-b-frontend/.angular/cache/22.1.3/seed-b-frontend/vite/deps/platform-browser-D6KUmwRj.js","(anonymous)","(anonymous)",2730,2735
4,2,26,1,4,"transform@2737-2740@/home/alex/dev/Bachelor/bmad-vergleichsstudie/.lizard-tmp-WOSzIR/code/seed-b-frontend/.angular/cache/22.1.3/seed-b-frontend/vite/deps/platform-browser-D6KUmwRj.js","/home/alex/dev/Bachelor/bmad-vergleichsstudie/.lizard-tmp-WOSzIR/code/seed-b-frontend/.angular/cache/22.1.3/seed-b-frontend/vite/deps/platform-browser-D6KUmwRj.js","transform","transform ( value )",2737,2740
3,2,15,0,3,"JsonPipe_Factory@2741-2743@/home/alex/dev/Bachelor/bmad-vergleichsstudie/.lizard-tmp-WOSzIR/code/seed-b-frontend/.angular/cache/22.1.3/seed-b-frontend/vite/deps/platform-browser-D6KUmwRj.js","/home/alex/dev/Bachelor/bmad-vergleichsstudie/.lizard-tmp-WOSzIR/code/seed-b-frontend/.angular/cache/22.1.3/seed-b-frontend/vite/deps/platform-browser-D6KUmwRj.js","JsonPipe_Factory","JsonPipe_Factory ( )",2741,2743
9,3,42,0,9,"(anonymous)@2750-2758@/home/alex/dev/Bachelor/bmad-vergleichsstudie/.lizard-tmp-WOSzIR/code/seed-b-frontend/.angular/cache/22.1.3/seed-b-frontend/vite/deps/platform-browser-D6KUmwRj.js","/home/alex/dev/Bachelor/bmad-vergleichsstudie/.lizard-tmp-WOSzIR/code/seed-b-frontend/.angular/cache/22.1.3/seed-b-frontend/vite/deps/platform-browser-D6KUmwRj.js","(anonymous)","(anonymous)",2750,2758
6,1,14,2,6,"makeKeyValuePair@2759-2764@/home/alex/dev/Bachelor/bmad-vergleichsstudie/.lizard-tmp-WOSzIR/code/seed-b-frontend/.angular/cache/22.1.3/seed-b-frontend/vite/deps/platform-browser-D6KUmwRj.js","/home/alex/dev/Bachelor/bmad-vergleichsstudie/.lizard-tmp-WOSzIR/code/seed-b-frontend/.angular/cache/22.1.3/seed-b-frontend/vite/deps/platform-browser-D6KUmwRj.js","makeKeyValuePair","makeKeyValuePair ( key , value )",2759,2764
3,1,11,1,3,"constructor@2767-2769@/home/alex/dev/Bachelor/bmad-vergleichsstudie/.lizard-tmp-WOSzIR/code/seed-b-frontend/.angular/cache/22.1.3/seed-b-frontend/vite/deps/platform-browser-D6KUmwRj.js","/home/alex/dev/Bachelor/bmad-vergleichsstudie/.lizard-tmp-WOSzIR/code/seed-b-frontend/.angular/cache/22.1.3/seed-b-frontend/vite/deps/platform-browser-D6KUmwRj.js","constructor","constructor ( differs )",2767,2769
3,1,20,0,3,"(anonymous)@2781-2783@/home/alex/dev/Bachelor/bmad-vergleichsstudie/.lizard-tmp-WOSzIR/code/seed-b-frontend/.angular/cache/22.1.3/seed-b-frontend/vite/deps/platform-browser-D6KUmwRj.js","/home/alex/dev/Bachelor/bmad-vergleichsstudie/.lizard-tmp-WOSzIR/code/seed-b-frontend/.angular/cache/22.1.3/seed-b-frontend/vite/deps/platform-browser-D6KUmwRj.js","(anonymous)","(anonymous)",2781,2783
16,11,134,2,18,"transform@2773-2790@/home/alex/dev/Bachelor/bmad-vergleichsstudie/.lizard-tmp-WOSzIR/code/seed-b-frontend/.angular/cache/22.1.3/seed-b-frontend/vite/deps/platform-browser-D6KUmwRj.js","/home/alex/dev/Bachelor/bmad-vergleichsstudie/.lizard-tmp-WOSzIR/code/seed-b-frontend/.angular/cache/22.1.3/seed-b-frontend/vite/deps/platform-browser-D6KUmwRj.js","transform","transform ( input , compareFn defaultComparator )",2773,2790
3,2,21,0,3,"KeyValuePipe_Factory@2791-2793@/home/alex/dev/Bachelor/bmad-vergleichsstudie/.lizard-tmp-WOSzIR/code/seed-b-frontend/.angular/cache/22.1.3/seed-b-frontend/vite/deps/platform-browser-D6KUmwRj.js","/home/alex/dev/Bachelor/bmad-vergleichsstudie/.lizard-tmp-WOSzIR/code/seed-b-frontend/.angular/cache/22.1.3/seed-b-frontend/vite/deps/platform-browser-D6KUmwRj.js","KeyValuePipe_Factory","KeyValuePipe_Factory ( )",2791,2793
1,1,6,0,1,"(anonymous)@2807-2807@/home/alex/dev/Bachelor/bmad-vergleichsstudie/.lizard-tmp-WOSzIR/code/seed-b-frontend/.angular/cache/22.1.3/seed-b-frontend/vite/deps/platform-browser-D6KUmwRj.js","/home/alex/dev/Bachelor/bmad-vergleichsstudie/.lizard-tmp-WOSzIR/code/seed-b-frontend/.angular/cache/22.1.3/seed-b-frontend/vite/deps/platform-browser-D6KUmwRj.js","(anonymous)","(anonymous)",2807,2807
9,3,46,0,9,"(anonymous)@2800-2808@/home/alex/dev/Bachelor/bmad-vergleichsstudie/.lizard-tmp-WOSzIR/code/seed-b-frontend/.angular/cache/22.1.3/seed-b-frontend/vite/deps/platform-browser-D6KUmwRj.js","/home/alex/dev/Bachelor/bmad-vergleichsstudie/.lizard-tmp-WOSzIR/code/seed-b-frontend/.angular/cache/22.1.3/seed-b-frontend/vite/deps/platform-browser-D6KUmwRj.js","(anonymous)","(anonymous)",2800,2808
868,193,5905,2,882,"defaultComparator@2809-3690@/home/alex/dev/Bachelor/bmad-vergleichsstudie/.lizard-tmp-WOSzIR/code/seed-b-frontend/.angular/cache/22.1.3/seed-b-frontend/vite/deps/platform-browser-D6KUmwRj.js","/home/alex/dev/Bachelor/bmad-vergleichsstudie/.lizard-tmp-WOSzIR/code/seed-b-frontend/.angular/cache/22.1.3/seed-b-frontend/vite/deps/platform-browser-D6KUmwRj.js","defaultComparator","defaultComparator ( keyValueA , keyValueB )",2809,3690
7,1,37,0,7,"callback@3706-3712@/home/alex/dev/Bachelor/bmad-vergleichsstudie/.lizard-tmp-WOSzIR/code/seed-b-frontend/.angular/cache/22.1.3/seed-b-frontend/vite/deps/platform-browser-D6KUmwRj.js","/home/alex/dev/Bachelor/bmad-vergleichsstudie/.lizard-tmp-WOSzIR/code/seed-b-frontend/.angular/cache/22.1.3/seed-b-frontend/vite/deps/platform-browser-D6KUmwRj.js","callback","callback ( )",3706,3712
4,1,10,0,4,"(anonymous)@3715-3718@/home/alex/dev/Bachelor/bmad-vergleichsstudie/.lizard-tmp-WOSzIR/code/seed-b-frontend/.angular/cache/22.1.3/seed-b-frontend/vite/deps/platform-browser-D6KUmwRj.js","/home/alex/dev/Bachelor/bmad-vergleichsstudie/.lizard-tmp-WOSzIR/code/seed-b-frontend/.angular/cache/22.1.3/seed-b-frontend/vite/deps/platform-browser-D6KUmwRj.js","(anonymous)","(anonymous)",3715,3718
3,2,15,0,3,"NgOptimizedImage_Factory@3724-3726@/home/alex/dev/Bachelor/bmad-vergleichsstudie/.lizard-tmp-WOSzIR/code/seed-b-frontend/.angular/cache/22.1.3/seed-b-frontend/vite/deps/platform-browser-D6KUmwRj.js","/home/alex/dev/Bachelor/bmad-vergleichsstudie/.lizard-tmp-WOSzIR/code/seed-b-frontend/.angular/cache/22.1.3/seed-b-frontend/vite/deps/platform-browser-D6KUmwRj.js","NgOptimizedImage_Factory","NgOptimizedImage_Factory ( )",3724,3726
3,12,130,2,3,"NgOptimizedImage_HostBindings@3735-3737@/home/alex/dev/Bachelor/bmad-vergleichsstudie/.lizard-tmp-WOSzIR/code/seed-b-frontend/.angular/cache/22.1.3/seed-b-frontend/vite/deps/platform-browser-D6KUmwRj.js","/home/alex/dev/Bachelor/bmad-vergleichsstudie/.lizard-tmp-WOSzIR/code/seed-b-frontend/.angular/cache/22.1.3/seed-b-frontend/vite/deps/platform-browser-D6KUmwRj.js","NgOptimizedImage_HostBindings","NgOptimizedImage_HostBindings ( rf , ctx )",3735,3737
41,1,228,0,41,"(anonymous)@3810-3850@/home/alex/dev/Bachelor/bmad-vergleichsstudie/.lizard-tmp-WOSzIR/code/seed-b-frontend/.angular/cache/22.1.3/seed-b-frontend/vite/deps/platform-browser-D6KUmwRj.js","/home/alex/dev/Bachelor/bmad-vergleichsstudie/.lizard-tmp-WOSzIR/code/seed-b-frontend/.angular/cache/22.1.3/seed-b-frontend/vite/deps/platform-browser-D6KUmwRj.js","(anonymous)","(anonymous)",3810,3850
19,3,79,0,59,"(anonymous)@3793-3851@/home/alex/dev/Bachelor/bmad-vergleichsstudie/.lizard-tmp-WOSzIR/code/seed-b-frontend/.angular/cache/22.1.3/seed-b-frontend/vite/deps/platform-browser-D6KUmwRj.js","/home/alex/dev/Bachelor/bmad-vergleichsstudie/.lizard-tmp-WOSzIR/code/seed-b-frontend/.angular/cache/22.1.3/seed-b-frontend/vite/deps/platform-browser-D6KUmwRj.js","(anonymous)","(anonymous)",3793,3851
1,1,4,0,1,"(anonymous)@3854-3854@/home/alex/dev/Bachelor/bmad-vergleichsstudie/.lizard-tmp-WOSzIR/code/seed-b-frontend/.angular/cache/22.1.3/seed-b-frontend/vite/deps/platform-browser-D6KUmwRj.js","/home/alex/dev/Bachelor/bmad-vergleichsstudie/.lizard-tmp-WOSzIR/code/seed-b-frontend/.angular/cache/22.1.3/seed-b-frontend/vite/deps/platform-browser-D6KUmwRj.js","(anonymous)","(anonymous)",3854,3854
5,2,50,1,5,"processConfig@3852-3856@/home/alex/dev/Bachelor/bmad-vergleichsstudie/.lizard-tmp-WOSzIR/code/seed-b-frontend/.angular/cache/22.1.3/seed-b-frontend/vite/deps/platform-browser-D6KUmwRj.js","/home/alex/dev/Bachelor/bmad-vergleichsstudie/.lizard-tmp-WOSzIR/code/seed-b-frontend/.angular/cache/22.1.3/seed-b-frontend/vite/deps/platform-browser-D6KUmwRj.js","processConfig","processConfig ( config )",3852,3856
3,2,50,1,3,"assertNoConflictingSrc@3857-3859@/home/alex/dev/Bachelor/bmad-vergleichsstudie/.lizard-tmp-WOSzIR/code/seed-b-frontend/.angular/cache/22.1.3/seed-b-frontend/vite/deps/platform-browser-D6KUmwRj.js","/home/alex/dev/Bachelor/bmad-vergleichsstudie/.lizard-tmp-WOSzIR/code/seed-b-frontend/.angular/cache/22.1.3/seed-b-frontend/vite/deps/platform-browser-D6KUmwRj.js","assertNoConflictingSrc","assertNoConflictingSrc ( dir )",3857,3859
3,2,50,1,3,"assertNoConflictingSrcset@3860-3862@/home/alex/dev/Bachelor/bmad-vergleichsstudie/.lizard-tmp-WOSzIR/code/seed-b-frontend/.angular/cache/22.1.3/seed-b-frontend/vite/deps/platform-browser-D6KUmwRj.js","/home/alex/dev/Bachelor/bmad-vergleichsstudie/.lizard-tmp-WOSzIR/code/seed-b-frontend/.angular/cache/22.1.3/seed-b-frontend/vite/deps/platform-browser-D6KUmwRj.js","assertNoConflictingSrcset","assertNoConflictingSrcset ( dir )",3860,3862
7,3,81,1,7,"assertNotBase64Image@3863-3869@/home/alex/dev/Bachelor/bmad-vergleichsstudie/.lizard-tmp-WOSzIR/code/seed-b-frontend/.angular/cache/22.1.3/seed-b-frontend/vite/deps/platform-browser-D6KUmwRj.js","/home/alex/dev/Bachelor/bmad-vergleichsstudie/.lizard-tmp-WOSzIR/code/seed-b-frontend/.angular/cache/22.1.3/seed-b-frontend/vite/deps/platform-browser-D6KUmwRj.js","assertNotBase64Image","assertNotBase64Image ( dir )",3863,3869
5,1,24,2,5,"assertValidPlaceholder@3873-3877@/home/alex/dev/Bachelor/bmad-vergleichsstudie/.lizard-tmp-WOSzIR/code/seed-b-frontend/.angular/cache/22.1.3/seed-b-frontend/vite/deps/platform-browser-D6KUmwRj.js","/home/alex/dev/Bachelor/bmad-vergleichsstudie/.lizard-tmp-WOSzIR/code/seed-b-frontend/.angular/cache/22.1.3/seed-b-frontend/vite/deps/platform-browser-D6KUmwRj.js","assertValidPlaceholder","assertValidPlaceholder ( dir , imageLoader )",3873,3877
3,3,40,1,3,"assertNoPlaceholderConfigWithoutPlaceholder@3878-3880@/home/alex/dev/Bachelor/bmad-vergleichsstudie/.lizard-tmp-WOSzIR/code/seed-b-frontend/.angular/cache/22.1.3/seed-b-frontend/vite/deps/platform-browser-D6KUmwRj.js","/home/alex/dev/Bachelor/bmad-vergleichsstudie/.lizard-tmp-WOSzIR/code/seed-b-frontend/.angular/cache/22.1.3/seed-b-frontend/vite/deps/platform-browser-D6KUmwRj.js","assertNoPlaceholderConfigWithoutPlaceholder","assertNoPlaceholderConfigWithoutPlaceholder ( dir )",3878,3880
3,3,43,2,3,"assertNoRelativePlaceholderWithoutLoader@3881-3883@/home/alex/dev/Bachelor/bmad-vergleichsstudie/.lizard-tmp-WOSzIR/code/seed-b-frontend/.angular/cache/22.1.3/seed-b-frontend/vite/deps/platform-browser-D6KUmwRj.js","/home/alex/dev/Bachelor/bmad-vergleichsstudie/.lizard-tmp-WOSzIR/code/seed-b-frontend/.angular/cache/22.1.3/seed-b-frontend/vite/deps/platform-browser-D6KUmwRj.js","assertNoRelativePlaceholderWithoutLoader","assertNoRelativePlaceholderWithoutLoader ( dir , imageLoader )",3881,3883
6,6,98,1,6,"assertNoOversizedDataUrl@3884-3889@/home/alex/dev/Bachelor/bmad-vergleichsstudie/.lizard-tmp-WOSzIR/code/seed-b-frontend/.angular/cache/22.1.3/seed-b-frontend/vite/deps/platform-browser-D6KUmwRj.js","/home/alex/dev/Bachelor/bmad-vergleichsstudie/.lizard-tmp-WOSzIR/code/seed-b-frontend/.angular/cache/22.1.3/seed-b-frontend/vite/deps/platform-browser-D6KUmwRj.js","assertNoOversizedDataUrl","assertNoOversizedDataUrl ( dir )",3884,3889
4,2,58,1,4,"assertNotBlobUrl@3890-3893@/home/alex/dev/Bachelor/bmad-vergleichsstudie/.lizard-tmp-WOSzIR/code/seed-b-frontend/.angular/cache/22.1.3/seed-b-frontend/vite/deps/platform-browser-D6KUmwRj.js","/home/alex/dev/Bachelor/bmad-vergleichsstudie/.lizard-tmp-WOSzIR/code/seed-b-frontend/.angular/cache/22.1.3/seed-b-frontend/vite/deps/platform-browser-D6KUmwRj.js","assertNotBlobUrl","assertNotBlobUrl ( dir )",3890,3893
5,4,67,3,5,"assertNonEmptyInput@3894-3898@/home/alex/dev/Bachelor/bmad-vergleichsstudie/.lizard-tmp-WOSzIR/code/seed-b-frontend/.angular/cache/22.1.3/seed-b-frontend/vite/deps/platform-browser-D6KUmwRj.js","/home/alex/dev/Bachelor/bmad-vergleichsstudie/.lizard-tmp-WOSzIR/code/seed-b-frontend/.angular/cache/22.1.3/seed-b-frontend/vite/deps/platform-browser-D6KUmwRj.js","assertNonEmptyInput","assertNonEmptyInput ( dir , name , value )",3894,3898
9,5,101,2,9,"assertValidNgSrcset@3899-3907@/home/alex/dev/Bachelor/bmad-vergleichsstudie/.lizard-tmp-WOSzIR/code/seed-b-frontend/.angular/cache/22.1.3/seed-b-frontend/vite/deps/platform-browser-D6KUmwRj.js","/home/alex/dev/Bachelor/bmad-vergleichsstudie/.lizard-tmp-WOSzIR/code/seed-b-frontend/.angular/cache/22.1.3/seed-b-frontend/vite/deps/platform-browser-D6KUmwRj.js","assertValidNgSrcset","assertValidNgSrcset ( dir , value )",3899,3907
1,2,11,0,1,"(anonymous)@3909-3909@/home/alex/dev/Bachelor/bmad-vergleichsstudie/.lizard-tmp-WOSzIR/code/seed-b-frontend/.angular/cache/22.1.3/seed-b-frontend/vite/deps/platform-browser-D6KUmwRj.js","/home/alex/dev/Bachelor/bmad-vergleichsstudie/.lizard-tmp-WOSzIR/code/seed-b-frontend/.angular/cache/22.1.3/seed-b-frontend/vite/deps/platform-browser-D6KUmwRj.js","(anonymous)","(anonymous)",3909,3909
3,2,68,2,3,"assertUnderDensityCap@3908-3910@/home/alex/dev/Bachelor/bmad-vergleichsstudie/.lizard-tmp-WOSzIR/code/seed-b-frontend/.angular/cache/22.1.3/seed-b-frontend/vite/deps/platform-browser-D6KUmwRj.js","/home/alex/dev/Bachelor/bmad-vergleichsstudie/.lizard-tmp-WOSzIR/code/seed-b-frontend/.angular/cache/22.1.3/seed-b-frontend/vite/deps/platform-browser-D6KUmwRj.js","assertUnderDensityCap","assertUnderDensityCap ( dir , value )",3908,3910
6,3,83,2,6,"postInitInputChangeError@3911-3916@/home/alex/dev/Bachelor/bmad-vergleichsstudie/.lizard-tmp-WOSzIR/code/seed-b-frontend/.angular/cache/22.1.3/seed-b-frontend/vite/deps/platform-browser-D6KUmwRj.js","/home/alex/dev/Bachelor/bmad-vergleichsstudie/.lizard-tmp-WOSzIR/code/seed-b-frontend/.angular/cache/22.1.3/seed-b-frontend/vite/deps/platform-browser-D6KUmwRj.js","postInitInputChangeError","postInitInputChangeError ( dir , inputName )",3911,3916
6,4,50,0,6,"(anonymous)@3918-3923@/home/alex/dev/Bachelor/bmad-vergleichsstudie/.lizard-tmp-WOSzIR/code/seed-b-frontend/.angular/cache/22.1.3/seed-b-frontend/vite/deps/platform-browser-D6KUmwRj.js","/home/alex/dev/Bachelor/bmad-vergleichsstudie/.lizard-tmp-WOSzIR/code/seed-b-frontend/.angular/cache/22.1.3/seed-b-frontend/vite/deps/platform-browser-D6KUmwRj.js","(anonymous)","(anonymous)",3918,3923
3,1,20,3,8,"assertNoPostInitInputChange@3917-3924@/home/alex/dev/Bachelor/bmad-vergleichsstudie/.lizard-tmp-WOSzIR/code/seed-b-frontend/.angular/cache/22.1.3/seed-b-frontend/vite/deps/platform-browser-D6KUmwRj.js","/home/alex/dev/Bachelor/bmad-vergleichsstudie/.lizard-tmp-WOSzIR/code/seed-b-frontend/.angular/cache/22.1.3/seed-b-frontend/vite/deps/platform-browser-D6KUmwRj.js","assertNoPostInitInputChange","assertNoPostInitInputChange ( dir , changes , inputs )",3917,3924
5,6,91,3,5,"assertGreaterThanZero@3925-3929@/home/alex/dev/Bachelor/bmad-vergleichsstudie/.lizard-tmp-WOSzIR/code/seed-b-frontend/.angular/cache/22.1.3/seed-b-frontend/vite/deps/platform-browser-D6KUmwRj.js","/home/alex/dev/Bachelor/bmad-vergleichsstudie/.lizard-tmp-WOSzIR/code/seed-b-frontend/.angular/cache/22.1.3/seed-b-frontend/vite/deps/platform-browser-D6KUmwRj.js","assertGreaterThanZero","assertGreaterThanZero ( dir , inputValue , inputName )",3925,3929
34,10,402,0,34,"callback@3931-3964@/home/alex/dev/Bachelor/bmad-vergleichsstudie/.lizard-tmp-WOSzIR/code/seed-b-frontend/.angular/cache/22.1.3/seed-b-frontend/vite/deps/platform-browser-D6KUmwRj.js","/home/alex/dev/Bachelor/bmad-vergleichsstudie/.lizard-tmp-WOSzIR/code/seed-b-frontend/.angular/cache/22.1.3/seed-b-frontend/vite/deps/platform-browser-D6KUmwRj.js","callback","callback ( )",3931,3964
4,1,10,0,4,"(anonymous)@3966-3969@/home/alex/dev/Bachelor/bmad-vergleichsstudie/.lizard-tmp-WOSzIR/code/seed-b-frontend/.angular/cache/22.1.3/seed-b-frontend/vite/deps/platform-browser-D6KUmwRj.js","/home/alex/dev/Bachelor/bmad-vergleichsstudie/.lizard-tmp-WOSzIR/code/seed-b-frontend/.angular/cache/22.1.3/seed-b-frontend/vite/deps/platform-browser-D6KUmwRj.js","(anonymous)","(anonymous)",3966,3969
4,1,10,0,4,"(anonymous)@3970-3973@/home/alex/dev/Bachelor/bmad-vergleichsstudie/.lizard-tmp-WOSzIR/code/seed-b-frontend/.angular/cache/22.1.3/seed-b-frontend/vite/deps/platform-browser-D6KUmwRj.js","/home/alex/dev/Bachelor/bmad-vergleichsstudie/.lizard-tmp-WOSzIR/code/seed-b-frontend/.angular/cache/22.1.3/seed-b-frontend/vite/deps/platform-browser-D6KUmwRj.js","(anonymous)","(anonymous)",3970,3973
7,1,64,4,46,"assertNoImageDistortion@3930-3975@/home/alex/dev/Bachelor/bmad-vergleichsstudie/.lizard-tmp-WOSzIR/code/seed-b-frontend/.angular/cache/22.1.3/seed-b-frontend/vite/deps/platform-browser-D6KUmwRj.js","/home/alex/dev/Bachelor/bmad-vergleichsstudie/.lizard-tmp-WOSzIR/code/seed-b-frontend/.angular/cache/22.1.3/seed-b-frontend/vite/deps/platform-browser-D6KUmwRj.js","assertNoImageDistortion","assertNoImageDistortion ( dir , img , renderer , destroyRef )",3930,3975
15,8,182,1,15,"assertNonEmptyWidthAndHeight@3976-3990@/home/alex/dev/Bachelor/bmad-vergleichsstudie/.lizard-tmp-WOSzIR/code/seed-b-frontend/.angular/cache/22.1.3/seed-b-frontend/vite/deps/platform-browser-D6KUmwRj.js","/home/alex/dev/Bachelor/bmad-vergleichsstudie/.lizard-tmp-WOSzIR/code/seed-b-frontend/.angular/cache/22.1.3/seed-b-frontend/vite/deps/platform-browser-D6KUmwRj.js","assertNonEmptyWidthAndHeight","assertNonEmptyWidthAndHeight ( dir )",3976,3990
30,4,207,1,135,"assertNoComplexSizes@3870-4004@/home/alex/dev/Bachelor/bmad-vergleichsstudie/.lizard-tmp-WOSzIR/code/seed-b-frontend/.angular/cache/22.1.3/seed-b-frontend/vite/deps/platform-browser-D6KUmwRj.js","/home/alex/dev/Bachelor/bmad-vergleichsstudie/.lizard-tmp-WOSzIR/code/seed-b-frontend/.angular/cache/22.1.3/seed-b-frontend/vite/deps/platform-browser-D6KUmwRj.js","assertNoComplexSizes","assertNoComplexSizes ( dir )",3870,4004
20,1,117,1,22,"CategoriesController::GetCategories@12-33@/home/alex/dev/Bachelor/bmad-vergleichsstudie/.lizard-tmp-WOSzIR/code/seed-b-backend.Api/Controllers/CategoriesController.cs","/home/alex/dev/Bachelor/bmad-vergleichsstudie/.lizard-tmp-WOSzIR/code/seed-b-backend.Api/Controllers/CategoriesController.cs","CategoriesController::GetCategories","GetCategories( CancellationToken ct = default)",12,33
12,1,163,8,14,"ProductsController::GetProducts@12-25@/home/alex/dev/Bachelor/bmad-vergleichsstudie/.lizard-tmp-WOSzIR/code/seed-b-backend.Api/Controllers/ProductsController.cs","/home/alex/dev/Bachelor/bmad-vergleichsstudie/.lizard-tmp-WOSzIR/code/seed-b-backend.Api/Controllers/ProductsController.cs","ProductsController::GetProducts","GetProducts( [ FromQuery ] int page = 1 , [ FromQuery ] string ? categoryId = null , [ FromQuery ] string ? subcategoryId = null , [ FromQuery ] string ? sortBy = null , [ FromQuery ] string ? sortDirection = null , [ FromQuery ] string ? search = null , [ FromQuery ] Dictionary<string,string> ? properties = null , CancellationToken ct = default)",12,25
29,2,244,2,31,"ProductsController::GetProduct@28-58@/home/alex/dev/Bachelor/bmad-vergleichsstudie/.lizard-tmp-WOSzIR/code/seed-b-backend.Api/Controllers/ProductsController.cs","/home/alex/dev/Bachelor/bmad-vergleichsstudie/.lizard-tmp-WOSzIR/code/seed-b-backend.Api/Controllers/ProductsController.cs","ProductsController::GetProduct","GetProduct( string id , CancellationToken ct = default)",28,58
16,2,72,3,17,"RatingsController::SubmitRating@12-28@/home/alex/dev/Bachelor/bmad-vergleichsstudie/.lizard-tmp-WOSzIR/code/seed-b-backend.Api/Controllers/RatingsController.cs","/home/alex/dev/Bachelor/bmad-vergleichsstudie/.lizard-tmp-WOSzIR/code/seed-b-backend.Api/Controllers/RatingsController.cs","RatingsController::SubmitRating","SubmitRating( string productId , [ FromBody ] SubmitRatingRequest request , CancellationToken ct = default)",12,28
13,4,96,3,15,"CartController::AddItem@12-26@/home/alex/dev/Bachelor/bmad-vergleichsstudie/.lizard-tmp-WOSzIR/code/seed-b-backend.Api/Controllers/CartController.cs","/home/alex/dev/Bachelor/bmad-vergleichsstudie/.lizard-tmp-WOSzIR/code/seed-b-backend.Api/Controllers/CartController.cs","CartController::AddItem","AddItem( [ FromHeader(Name='X-Cart-Id') ] string ? cartId , [ FromBody ] AddCartItemRequest request , CancellationToken ct = default)",12,26
8,3,65,2,8,"CartController::GetCart@29-36@/home/alex/dev/Bachelor/bmad-vergleichsstudie/.lizard-tmp-WOSzIR/code/seed-b-backend.Api/Controllers/CartController.cs","/home/alex/dev/Bachelor/bmad-vergleichsstudie/.lizard-tmp-WOSzIR/code/seed-b-backend.Api/Controllers/CartController.cs","CartController::GetCart","GetCart( [ FromHeader(Name='X-Cart-Id') ] string ? cartId , CancellationToken ct = default)",29,36
20,4,133,5,21,"CartController::UpdateItemQuantity@39-59@/home/alex/dev/Bachelor/bmad-vergleichsstudie/.lizard-tmp-WOSzIR/code/seed-b-backend.Api/Controllers/CartController.cs","/home/alex/dev/Bachelor/bmad-vergleichsstudie/.lizard-tmp-WOSzIR/code/seed-b-backend.Api/Controllers/CartController.cs","CartController::UpdateItemQuantity","UpdateItemQuantity( [ FromHeader(Name='X-Cart-Id') ] string ? cartId , string productId , string supplierId , [ FromBody ] UpdateCartItemQuantityRequest request , CancellationToken ct = default)",39,59
10,3,75,4,10,"CartController::RemoveItem@62-71@/home/alex/dev/Bachelor/bmad-vergleichsstudie/.lizard-tmp-WOSzIR/code/seed-b-backend.Api/Controllers/CartController.cs","/home/alex/dev/Bachelor/bmad-vergleichsstudie/.lizard-tmp-WOSzIR/code/seed-b-backend.Api/Controllers/CartController.cs","CartController::RemoveItem","RemoveItem( [ FromHeader(Name='X-Cart-Id') ] string ? cartId , string productId , string supplierId , CancellationToken ct = default)",62,71
17,1,87,1,17,"CartController::MapToDto@73-89@/home/alex/dev/Bachelor/bmad-vergleichsstudie/.lizard-tmp-WOSzIR/code/seed-b-backend.Api/Controllers/CartController.cs","/home/alex/dev/Bachelor/bmad-vergleichsstudie/.lizard-tmp-WOSzIR/code/seed-b-backend.Api/Controllers/CartController.cs","CartController::MapToDto","MapToDto( CartResult result)",73,89
7,1,11,0,91,"*global*@0-90@/home/alex/dev/Bachelor/bmad-vergleichsstudie/.lizard-tmp-WOSzIR/code/seed-b-backend.Api/Controllers/CartController.cs","/home/alex/dev/Bachelor/bmad-vergleichsstudie/.lizard-tmp-WOSzIR/code/seed-b-backend.Api/Controllers/CartController.cs","*global*","*global*",0,90
32,4,179,3,34,"OrdersController::PlaceOrder@12-45@/home/alex/dev/Bachelor/bmad-vergleichsstudie/.lizard-tmp-WOSzIR/code/seed-b-backend.Api/Controllers/OrdersController.cs","/home/alex/dev/Bachelor/bmad-vergleichsstudie/.lizard-tmp-WOSzIR/code/seed-b-backend.Api/Controllers/OrdersController.cs","OrdersController::PlaceOrder","PlaceOrder( [ FromHeader(Name='X-Cart-Id') ] string ? cartId , [ FromBody ] PlaceOrderRequest request , CancellationToken ct = default)",12,45
5,2,39,2,5,"OrdersController::GetOrder@48-52@/home/alex/dev/Bachelor/bmad-vergleichsstudie/.lizard-tmp-WOSzIR/code/seed-b-backend.Api/Controllers/OrdersController.cs","/home/alex/dev/Bachelor/bmad-vergleichsstudie/.lizard-tmp-WOSzIR/code/seed-b-backend.Api/Controllers/OrdersController.cs","OrdersController::GetOrder","GetOrder( Guid id , CancellationToken ct = default)",48,52
18,1,93,1,18,"OrdersController::MapToDto@54-71@/home/alex/dev/Bachelor/bmad-vergleichsstudie/.lizard-tmp-WOSzIR/code/seed-b-backend.Api/Controllers/OrdersController.cs","/home/alex/dev/Bachelor/bmad-vergleichsstudie/.lizard-tmp-WOSzIR/code/seed-b-backend.Api/Controllers/OrdersController.cs","OrdersController::MapToDto","MapToDto( OrderResult result)",54,71
5,1,7,0,73,"*global*@0-72@/home/alex/dev/Bachelor/bmad-vergleichsstudie/.lizard-tmp-WOSzIR/code/seed-b-backend.Api/Controllers/OrdersController.cs","/home/alex/dev/Bachelor/bmad-vergleichsstudie/.lizard-tmp-WOSzIR/code/seed-b-backend.Api/Controllers/OrdersController.cs","*global*","*global*",0,72
8,1,65,1,9,"CategoryConfiguration::Configure@9-17@/home/alex/dev/Bachelor/bmad-vergleichsstudie/.lizard-tmp-WOSzIR/code/seed-b-backend.Api/Data/Configurations/CategoryConfiguration.cs","/home/alex/dev/Bachelor/bmad-vergleichsstudie/.lizard-tmp-WOSzIR/code/seed-b-backend.Api/Data/Configurations/CategoryConfiguration.cs","CategoryConfiguration::Configure","CategoryConfiguration::Configure( EntityTypeBuilder<Category> builder)",9,17
11,1,94,1,13,"SubcategoryConfiguration::Configure@9-21@/home/alex/dev/Bachelor/bmad-vergleichsstudie/.lizard-tmp-WOSzIR/code/seed-b-backend.Api/Data/Configurations/SubcategoryConfiguration.cs","/home/alex/dev/Bachelor/bmad-vergleichsstudie/.lizard-tmp-WOSzIR/code/seed-b-backend.Api/Data/Configurations/SubcategoryConfiguration.cs","SubcategoryConfiguration::Configure","SubcategoryConfiguration::Configure( EntityTypeBuilder<Subcategory> builder)",9,21
4,1,28,1,4,"SubcategoryPropertyConfiguration::Configure@9-12@/home/alex/dev/Bachelor/bmad-vergleichsstudie/.lizard-tmp-WOSzIR/code/seed-b-backend.Api/Data/Configurations/SubcategoryPropertyConfiguration.cs","/home/alex/dev/Bachelor/bmad-vergleichsstudie/.lizard-tmp-WOSzIR/code/seed-b-backend.Api/Data/Configurations/SubcategoryPropertyConfiguration.cs","SubcategoryPropertyConfiguration::Configure","SubcategoryPropertyConfiguration::Configure( EntityTypeBuilder<SubcategoryProperty> builder)",9,12
4,1,28,1,4,"ProductPropertyValueConfiguration::Configure@9-12@/home/alex/dev/Bachelor/bmad-vergleichsstudie/.lizard-tmp-WOSzIR/code/seed-b-backend.Api/Data/Configurations/ProductPropertyValueConfiguration.cs","/home/alex/dev/Bachelor/bmad-vergleichsstudie/.lizard-tmp-WOSzIR/code/seed-b-backend.Api/Data/Configurations/ProductPropertyValueConfiguration.cs","ProductPropertyValueConfiguration::Configure","ProductPropertyValueConfiguration::Configure( EntityTypeBuilder<ProductPropertyValue> builder)",9,12
5,1,36,1,5,"SupplierConfiguration::Configure@9-13@/home/alex/dev/Bachelor/bmad-vergleichsstudie/.lizard-tmp-WOSzIR/code/seed-b-backend.Api/Data/Configurations/SupplierConfiguration.cs","/home/alex/dev/Bachelor/bmad-vergleichsstudie/.lizard-tmp-WOSzIR/code/seed-b-backend.Api/Data/Configurations/SupplierConfiguration.cs","SupplierConfiguration::Configure","SupplierConfiguration::Configure( EntityTypeBuilder<Supplier> builder)",9,13
8,1,75,1,9,"OfferConfiguration::Configure@9-17@/home/alex/dev/Bachelor/bmad-vergleichsstudie/.lizard-tmp-WOSzIR/code/seed-b-backend.Api/Data/Configurations/OfferConfiguration.cs","/home/alex/dev/Bachelor/bmad-vergleichsstudie/.lizard-tmp-WOSzIR/code/seed-b-backend.Api/Data/Configurations/OfferConfiguration.cs","OfferConfiguration::Configure","OfferConfiguration::Configure( EntityTypeBuilder<Offer> builder)",9,17
4,1,28,1,4,"RatingConfiguration::Configure@9-12@/home/alex/dev/Bachelor/bmad-vergleichsstudie/.lizard-tmp-WOSzIR/code/seed-b-backend.Api/Data/Configurations/RatingConfiguration.cs","/home/alex/dev/Bachelor/bmad-vergleichsstudie/.lizard-tmp-WOSzIR/code/seed-b-backend.Api/Data/Configurations/RatingConfiguration.cs","RatingConfiguration::Configure","RatingConfiguration::Configure( EntityTypeBuilder<Rating> builder)",9,12
15,1,143,1,18,"ProductConfiguration::Configure@9-26@/home/alex/dev/Bachelor/bmad-vergleichsstudie/.lizard-tmp-WOSzIR/code/seed-b-backend.Api/Data/Configurations/ProductConfiguration.cs","/home/alex/dev/Bachelor/bmad-vergleichsstudie/.lizard-tmp-WOSzIR/code/seed-b-backend.Api/Data/Configurations/ProductConfiguration.cs","ProductConfiguration::Configure","ProductConfiguration::Configure( EntityTypeBuilder<Product> builder)",9,26
4,1,21,1,4,"CartConfiguration::Configure@9-12@/home/alex/dev/Bachelor/bmad-vergleichsstudie/.lizard-tmp-WOSzIR/code/seed-b-backend.Api/Data/Configurations/CartConfiguration.cs","/home/alex/dev/Bachelor/bmad-vergleichsstudie/.lizard-tmp-WOSzIR/code/seed-b-backend.Api/Data/Configurations/CartConfiguration.cs","CartConfiguration::Configure","CartConfiguration::Configure( EntityTypeBuilder<Cart> builder)",9,12
14,1,116,1,17,"CartItemConfiguration::Configure@9-25@/home/alex/dev/Bachelor/bmad-vergleichsstudie/.lizard-tmp-WOSzIR/code/seed-b-backend.Api/Data/Configurations/CartItemConfiguration.cs","/home/alex/dev/Bachelor/bmad-vergleichsstudie/.lizard-tmp-WOSzIR/code/seed-b-backend.Api/Data/Configurations/CartItemConfiguration.cs","CartItemConfiguration::Configure","CartItemConfiguration::Configure( EntityTypeBuilder<CartItem> builder)",9,25
4,1,21,1,4,"OrderConfiguration::Configure@9-12@/home/alex/dev/Bachelor/bmad-vergleichsstudie/.lizard-tmp-WOSzIR/code/seed-b-backend.Api/Data/Configurations/OrderConfiguration.cs","/home/alex/dev/Bachelor/bmad-vergleichsstudie/.lizard-tmp-WOSzIR/code/seed-b-backend.Api/Data/Configurations/OrderConfiguration.cs","OrderConfiguration::Configure","OrderConfiguration::Configure( EntityTypeBuilder<Order> builder)",9,12
14,1,116,1,17,"OrderItemConfiguration::Configure@9-25@/home/alex/dev/Bachelor/bmad-vergleichsstudie/.lizard-tmp-WOSzIR/code/seed-b-backend.Api/Data/Configurations/OrderItemConfiguration.cs","/home/alex/dev/Bachelor/bmad-vergleichsstudie/.lizard-tmp-WOSzIR/code/seed-b-backend.Api/Data/Configurations/OrderItemConfiguration.cs","OrderItemConfiguration::Configure","OrderItemConfiguration::Configure( EntityTypeBuilder<OrderItem> builder)",9,25
6,1,36,1,7,"AppDbContextFactory::CreateDbContext@8-14@/home/alex/dev/Bachelor/bmad-vergleichsstudie/.lizard-tmp-WOSzIR/code/seed-b-backend.Api/Data/AppDbContextFactory.cs","/home/alex/dev/Bachelor/bmad-vergleichsstudie/.lizard-tmp-WOSzIR/code/seed-b-backend.Api/Data/AppDbContextFactory.cs","AppDbContextFactory::CreateDbContext","AppDbContextFactory::CreateDbContext( string [ ] args)",8,14
4,1,9,0,4,"SeedLoader::new@9-12@/home/alex/dev/Bachelor/bmad-vergleichsstudie/.lizard-tmp-WOSzIR/code/seed-b-backend.Api/Data/SeedLoader.cs","/home/alex/dev/Bachelor/bmad-vergleichsstudie/.lizard-tmp-WOSzIR/code/seed-b-backend.Api/Data/SeedLoader.cs","SeedLoader::new","SeedLoader::new()",9,12
73,4,385,2,83,"SeedLoader::LoadAsync@14-96@/home/alex/dev/Bachelor/bmad-vergleichsstudie/.lizard-tmp-WOSzIR/code/seed-b-backend.Api/Data/SeedLoader.cs","/home/alex/dev/Bachelor/bmad-vergleichsstudie/.lizard-tmp-WOSzIR/code/seed-b-backend.Api/Data/SeedLoader.cs","SeedLoader::LoadAsync","SeedLoader::LoadAsync( AppDbContext context , string contentRootPath)",14,96
21,8,104,1,21,"SeedValueCanonicalizer::Canonicalize@8-28@/home/alex/dev/Bachelor/bmad-vergleichsstudie/.lizard-tmp-WOSzIR/code/seed-b-backend.Api/Data/SeedValueCanonicalizer.cs","/home/alex/dev/Bachelor/bmad-vergleichsstudie/.lizard-tmp-WOSzIR/code/seed-b-backend.Api/Data/SeedValueCanonicalizer.cs","SeedValueCanonicalizer::Canonicalize","SeedValueCanonicalizer::Canonicalize( object ? rawValue)",8,28
12,1,65,1,12,"SeedValueCanonicalizer::CanonicalizeJsonElement@30-41@/home/alex/dev/Bachelor/bmad-vergleichsstudie/.lizard-tmp-WOSzIR/code/seed-b-backend.Api/Data/SeedValueCanonicalizer.cs","/home/alex/dev/Bachelor/bmad-vergleichsstudie/.lizard-tmp-WOSzIR/code/seed-b-backend.Api/Data/SeedValueCanonicalizer.cs","SeedValueCanonicalizer::CanonicalizeJsonElement","SeedValueCanonicalizer::CanonicalizeJsonElement( JsonElement element)",30,41
4,1,19,1,4,"AppDbContext::OnModelCreating@21-24@/home/alex/dev/Bachelor/bmad-vergleichsstudie/.lizard-tmp-WOSzIR/code/seed-b-backend.Api/Data/AppDbContext.cs","/home/alex/dev/Bachelor/bmad-vergleichsstudie/.lizard-tmp-WOSzIR/code/seed-b-backend.Api/Data/AppDbContext.cs","AppDbContext::OnModelCreating","OnModelCreating( ModelBuilder modelBuilder)",21,24
66,17,567,8,73,"CatalogService::GetProductsAsync@11-83@/home/alex/dev/Bachelor/bmad-vergleichsstudie/.lizard-tmp-WOSzIR/code/seed-b-backend.Api/Application/CatalogService.cs","/home/alex/dev/Bachelor/bmad-vergleichsstudie/.lizard-tmp-WOSzIR/code/seed-b-backend.Api/Application/CatalogService.cs","CatalogService::GetProductsAsync","GetProductsAsync( int page , string ? categoryId = null , string ? subcategoryId = null , string ? sortBy = null , string ? sortDirection = null , string ? search = null , IReadOnlyDictionary<string,string> ? propertyFilters = null , CancellationToken ct = default)",11,83
30,4,215,2,41,"CatalogService::GetProductDetailAsync@85-125@/home/alex/dev/Bachelor/bmad-vergleichsstudie/.lizard-tmp-WOSzIR/code/seed-b-backend.Api/Application/CatalogService.cs","/home/alex/dev/Bachelor/bmad-vergleichsstudie/.lizard-tmp-WOSzIR/code/seed-b-backend.Api/Application/CatalogService.cs","CatalogService::GetProductDetailAsync","GetProductDetailAsync( string id , CancellationToken ct = default)",85,125
8,1,56,1,8,"CatalogService::GetCategoriesAsync@127-134@/home/alex/dev/Bachelor/bmad-vergleichsstudie/.lizard-tmp-WOSzIR/code/seed-b-backend.Api/Application/CatalogService.cs","/home/alex/dev/Bachelor/bmad-vergleichsstudie/.lizard-tmp-WOSzIR/code/seed-b-backend.Api/Application/CatalogService.cs","CatalogService::GetCategoriesAsync","GetCategoriesAsync( CancellationToken ct = default)",127,134
45,8,283,4,60,"RatingService::SubmitRatingAsync@9-68@/home/alex/dev/Bachelor/bmad-vergleichsstudie/.lizard-tmp-WOSzIR/code/seed-b-backend.Api/Application/RatingService.cs","/home/alex/dev/Bachelor/bmad-vergleichsstudie/.lizard-tmp-WOSzIR/code/seed-b-backend.Api/Application/RatingService.cs","RatingService::SubmitRatingAsync","SubmitRatingAsync( string productId , string authorName , int score , CancellationToken ct = default)",9,68
41,12,298,5,53,"CartService::AddItemAsync@9-61@/home/alex/dev/Bachelor/bmad-vergleichsstudie/.lizard-tmp-WOSzIR/code/seed-b-backend.Api/Application/CartService.cs","/home/alex/dev/Bachelor/bmad-vergleichsstudie/.lizard-tmp-WOSzIR/code/seed-b-backend.Api/Application/CartService.cs","CartService::AddItemAsync","AddItemAsync( Guid ? cartId , string productId , string supplierId , int quantity , CancellationToken ct = default)",9,61
7,1,44,1,7,"CartService::CreateCartAsync@63-69@/home/alex/dev/Bachelor/bmad-vergleichsstudie/.lizard-tmp-WOSzIR/code/seed-b-backend.Api/Application/CartService.cs","/home/alex/dev/Bachelor/bmad-vergleichsstudie/.lizard-tmp-WOSzIR/code/seed-b-backend.Api/Application/CartService.cs","CartService::CreateCartAsync","CreateCartAsync( CancellationToken ct)",63,69
24,1,149,2,25,"CartService::BuildCartResultAsync@71-95@/home/alex/dev/Bachelor/bmad-vergleichsstudie/.lizard-tmp-WOSzIR/code/seed-b-backend.Api/Application/CartService.cs","/home/alex/dev/Bachelor/bmad-vergleichsstudie/.lizard-tmp-WOSzIR/code/seed-b-backend.Api/Application/CartService.cs","CartService::BuildCartResultAsync","BuildCartResultAsync( Guid cartId , CancellationToken ct)",71,95
8,3,69,2,9,"CartService::GetCartAsync@97-105@/home/alex/dev/Bachelor/bmad-vergleichsstudie/.lizard-tmp-WOSzIR/code/seed-b-backend.Api/Application/CartService.cs","/home/alex/dev/Bachelor/bmad-vergleichsstudie/.lizard-tmp-WOSzIR/code/seed-b-backend.Api/Application/CartService.cs","CartService::GetCartAsync","GetCartAsync( Guid ? cartId , CancellationToken ct = default)",97,105
28,8,186,5,31,"CartService::UpdateItemQuantityAsync@107-137@/home/alex/dev/Bachelor/bmad-vergleichsstudie/.lizard-tmp-WOSzIR/code/seed-b-backend.Api/Application/CartService.cs","/home/alex/dev/Bachelor/bmad-vergleichsstudie/.lizard-tmp-WOSzIR/code/seed-b-backend.Api/Application/CartService.cs","CartService::UpdateItemQuantityAsync","UpdateItemQuantityAsync( Guid cartId , string productId , string supplierId , int quantity , CancellationToken ct = default)",107,137
15,5,108,4,17,"CartService::RemoveItemAsync@139-155@/home/alex/dev/Bachelor/bmad-vergleichsstudie/.lizard-tmp-WOSzIR/code/seed-b-backend.Api/Application/CartService.cs","/home/alex/dev/Bachelor/bmad-vergleichsstudie/.lizard-tmp-WOSzIR/code/seed-b-backend.Api/Application/CartService.cs","CartService::RemoveItemAsync","RemoveItemAsync( Guid ? cartId , string productId , string supplierId , CancellationToken ct = default)",139,155
114,10,646,5,129,"OrderService::PlaceOrderAsync@10-138@/home/alex/dev/Bachelor/bmad-vergleichsstudie/.lizard-tmp-WOSzIR/code/seed-b-backend.Api/Application/OrderService.cs","/home/alex/dev/Bachelor/bmad-vergleichsstudie/.lizard-tmp-WOSzIR/code/seed-b-backend.Api/Application/OrderService.cs","OrderService::PlaceOrderAsync","PlaceOrderAsync( Guid ? cartId , string customerName , string deliveryAddress , string email , CancellationToken ct = default)",10,138
27,2,157,2,29,"OrderService::GetOrderAsync@140-168@/home/alex/dev/Bachelor/bmad-vergleichsstudie/.lizard-tmp-WOSzIR/code/seed-b-backend.Api/Application/OrderService.cs","/home/alex/dev/Bachelor/bmad-vergleichsstudie/.lizard-tmp-WOSzIR/code/seed-b-backend.Api/Application/OrderService.cs","OrderService::GetOrderAsync","GetOrderAsync( Guid orderId , CancellationToken ct = default)",140,168
5,1,27,1,5,"SeedValueCanonicalizerTests::ParseElement@8-12@/home/alex/dev/Bachelor/bmad-vergleichsstudie/.lizard-tmp-WOSzIR/code/seed-b-backend.Tests/Data/SeedValueCanonicalizerTests.cs","/home/alex/dev/Bachelor/bmad-vergleichsstudie/.lizard-tmp-WOSzIR/code/seed-b-backend.Tests/Data/SeedValueCanonicalizerTests.cs","SeedValueCanonicalizerTests::ParseElement","SeedValueCanonicalizerTests::ParseElement( string json)",8,12
4,1,19,0,4,"SeedValueCanonicalizerTests::Canonicalize_BoolTrue_ReturnsLowercaseTrue@14-17@/home/alex/dev/Bachelor/bmad-vergleichsstudie/.lizard-tmp-WOSzIR/code/seed-b-backend.Tests/Data/SeedValueCanonicalizerTests.cs","/home/alex/dev/Bachelor/bmad-vergleichsstudie/.lizard-tmp-WOSzIR/code/seed-b-backend.Tests/Data/SeedValueCanonicalizerTests.cs","SeedValueCanonicalizerTests::Canonicalize_BoolTrue_ReturnsLowercaseTrue","SeedValueCanonicalizerTests::Canonicalize_BoolTrue_ReturnsLowercaseTrue()",14,17
4,1,19,0,4,"SeedValueCanonicalizerTests::Canonicalize_BoolFalse_ReturnsLowercaseFalse@20-23@/home/alex/dev/Bachelor/bmad-vergleichsstudie/.lizard-tmp-WOSzIR/code/seed-b-backend.Tests/Data/SeedValueCanonicalizerTests.cs","/home/alex/dev/Bachelor/bmad-vergleichsstudie/.lizard-tmp-WOSzIR/code/seed-b-backend.Tests/Data/SeedValueCanonicalizerTests.cs","SeedValueCanonicalizerTests::Canonicalize_BoolFalse_ReturnsLowercaseFalse","SeedValueCanonicalizerTests::Canonicalize_BoolFalse_ReturnsLowercaseFalse()",20,23
4,1,19,0,4,"SeedValueCanonicalizerTests::Canonicalize_Int_ReturnsInvariantString@26-29@/home/alex/dev/Bachelor/bmad-vergleichsstudie/.lizard-tmp-WOSzIR/code/seed-b-backend.Tests/Data/SeedValueCanonicalizerTests.cs","/home/alex/dev/Bachelor/bmad-vergleichsstudie/.lizard-tmp-WOSzIR/code/seed-b-backend.Tests/Data/SeedValueCanonicalizerTests.cs","SeedValueCanonicalizerTests::Canonicalize_Int_ReturnsInvariantString","SeedValueCanonicalizerTests::Canonicalize_Int_ReturnsInvariantString()",26,29
4,1,19,0,4,"SeedValueCanonicalizerTests::Canonicalize_Double_ReturnsInvariantString@32-35@/home/alex/dev/Bachelor/bmad-vergleichsstudie/.lizard-tmp-WOSzIR/code/seed-b-backend.Tests/Data/SeedValueCanonicalizerTests.cs","/home/alex/dev/Bachelor/bmad-vergleichsstudie/.lizard-tmp-WOSzIR/code/seed-b-backend.Tests/Data/SeedValueCanonicalizerTests.cs","SeedValueCanonicalizerTests::Canonicalize_Double_ReturnsInvariantString","SeedValueCanonicalizerTests::Canonicalize_Double_ReturnsInvariantString()",32,35
4,1,19,0,4,"SeedValueCanonicalizerTests::Canonicalize_String_ReturnsSameString@38-41@/home/alex/dev/Bachelor/bmad-vergleichsstudie/.lizard-tmp-WOSzIR/code/seed-b-backend.Tests/Data/SeedValueCanonicalizerTests.cs","/home/alex/dev/Bachelor/bmad-vergleichsstudie/.lizard-tmp-WOSzIR/code/seed-b-backend.Tests/Data/SeedValueCanonicalizerTests.cs","SeedValueCanonicalizerTests::Canonicalize_String_ReturnsSameString","SeedValueCanonicalizerTests::Canonicalize_String_ReturnsSameString()",38,41
4,1,17,0,4,"SeedValueCanonicalizerTests::Canonicalize_Null_ReturnsNull@44-47@/home/alex/dev/Bachelor/bmad-vergleichsstudie/.lizard-tmp-WOSzIR/code/seed-b-backend.Tests/Data/SeedValueCanonicalizerTests.cs","/home/alex/dev/Bachelor/bmad-vergleichsstudie/.lizard-tmp-WOSzIR/code/seed-b-backend.Tests/Data/SeedValueCanonicalizerTests.cs","SeedValueCanonicalizerTests::Canonicalize_Null_ReturnsNull","SeedValueCanonicalizerTests::Canonicalize_Null_ReturnsNull()",44,47
4,1,22,0,4,"SeedValueCanonicalizerTests::Canonicalize_JsonElementTrue_ReturnsLowercaseTrue@50-53@/home/alex/dev/Bachelor/bmad-vergleichsstudie/.lizard-tmp-WOSzIR/code/seed-b-backend.Tests/Data/SeedValueCanonicalizerTests.cs","/home/alex/dev/Bachelor/bmad-vergleichsstudie/.lizard-tmp-WOSzIR/code/seed-b-backend.Tests/Data/SeedValueCanonicalizerTests.cs","SeedValueCanonicalizerTests::Canonicalize_JsonElementTrue_ReturnsLowercaseTrue","SeedValueCanonicalizerTests::Canonicalize_JsonElementTrue_ReturnsLowercaseTrue()",50,53
4,1,22,0,4,"SeedValueCanonicalizerTests::Canonicalize_JsonElementFalse_ReturnsLowercaseFalse@56-59@/home/alex/dev/Bachelor/bmad-vergleichsstudie/.lizard-tmp-WOSzIR/code/seed-b-backend.Tests/Data/SeedValueCanonicalizerTests.cs","/home/alex/dev/Bachelor/bmad-vergleichsstudie/.lizard-tmp-WOSzIR/code/seed-b-backend.Tests/Data/SeedValueCanonicalizerTests.cs","SeedValueCanonicalizerTests::Canonicalize_JsonElementFalse_ReturnsLowercaseFalse","SeedValueCanonicalizerTests::Canonicalize_JsonElementFalse_ReturnsLowercaseFalse()",56,59
4,1,22,0,4,"SeedValueCanonicalizerTests::Canonicalize_JsonElementString_ReturnsSameString@62-65@/home/alex/dev/Bachelor/bmad-vergleichsstudie/.lizard-tmp-WOSzIR/code/seed-b-backend.Tests/Data/SeedValueCanonicalizerTests.cs","/home/alex/dev/Bachelor/bmad-vergleichsstudie/.lizard-tmp-WOSzIR/code/seed-b-backend.Tests/Data/SeedValueCanonicalizerTests.cs","SeedValueCanonicalizerTests::Canonicalize_JsonElementString_ReturnsSameString","SeedValueCanonicalizerTests::Canonicalize_JsonElementString_ReturnsSameString()",62,65
4,1,22,0,4,"SeedValueCanonicalizerTests::Canonicalize_JsonElementInteger_ReturnsInvariantString@68-71@/home/alex/dev/Bachelor/bmad-vergleichsstudie/.lizard-tmp-WOSzIR/code/seed-b-backend.Tests/Data/SeedValueCanonicalizerTests.cs","/home/alex/dev/Bachelor/bmad-vergleichsstudie/.lizard-tmp-WOSzIR/code/seed-b-backend.Tests/Data/SeedValueCanonicalizerTests.cs","SeedValueCanonicalizerTests::Canonicalize_JsonElementInteger_ReturnsInvariantString","SeedValueCanonicalizerTests::Canonicalize_JsonElementInteger_ReturnsInvariantString()",68,71
4,1,22,0,4,"SeedValueCanonicalizerTests::Canonicalize_JsonElementDecimal_ReturnsInvariantString@74-77@/home/alex/dev/Bachelor/bmad-vergleichsstudie/.lizard-tmp-WOSzIR/code/seed-b-backend.Tests/Data/SeedValueCanonicalizerTests.cs","/home/alex/dev/Bachelor/bmad-vergleichsstudie/.lizard-tmp-WOSzIR/code/seed-b-backend.Tests/Data/SeedValueCanonicalizerTests.cs","SeedValueCanonicalizerTests::Canonicalize_JsonElementDecimal_ReturnsInvariantString","SeedValueCanonicalizerTests::Canonicalize_JsonElementDecimal_ReturnsInvariantString()",74,77
4,1,22,0,6,"SeedValueCanonicalizerTests::Canonicalize_JsonElementDecimalWithTrailingZero_PreservesTrailingZero@80-85@/home/alex/dev/Bachelor/bmad-vergleichsstudie/.lizard-tmp-WOSzIR/code/seed-b-backend.Tests/Data/SeedValueCanonicalizerTests.cs","/home/alex/dev/Bachelor/bmad-vergleichsstudie/.lizard-tmp-WOSzIR/code/seed-b-backend.Tests/Data/SeedValueCanonicalizerTests.cs","SeedValueCanonicalizerTests::Canonicalize_JsonElementDecimalWithTrailingZero_PreservesTrailingZero","SeedValueCanonicalizerTests::Canonicalize_JsonElementDecimalWithTrailingZero_PreservesTrailingZero()",80,85
4,1,20,0,4,"SeedValueCanonicalizerTests::Canonicalize_JsonElementNull_ReturnsNull@88-91@/home/alex/dev/Bachelor/bmad-vergleichsstudie/.lizard-tmp-WOSzIR/code/seed-b-backend.Tests/Data/SeedValueCanonicalizerTests.cs","/home/alex/dev/Bachelor/bmad-vergleichsstudie/.lizard-tmp-WOSzIR/code/seed-b-backend.Tests/Data/SeedValueCanonicalizerTests.cs","SeedValueCanonicalizerTests::Canonicalize_JsonElementNull_ReturnsNull","SeedValueCanonicalizerTests::Canonicalize_JsonElementNull_ReturnsNull()",88,91
10,1,53,0,12,"SeedLoaderTests::SeedLoaderTests@12-23@/home/alex/dev/Bachelor/bmad-vergleichsstudie/.lizard-tmp-WOSzIR/code/seed-b-backend.Tests/Data/SeedLoaderTests.cs","/home/alex/dev/Bachelor/bmad-vergleichsstudie/.lizard-tmp-WOSzIR/code/seed-b-backend.Tests/Data/SeedLoaderTests.cs","SeedLoaderTests::SeedLoaderTests","SeedLoaderTests::SeedLoaderTests()",12,23
5,1,17,0,5,"SeedLoaderTests::Dispose@25-29@/home/alex/dev/Bachelor/bmad-vergleichsstudie/.lizard-tmp-WOSzIR/code/seed-b-backend.Tests/Data/SeedLoaderTests.cs","/home/alex/dev/Bachelor/bmad-vergleichsstudie/.lizard-tmp-WOSzIR/code/seed-b-backend.Tests/Data/SeedLoaderTests.cs","SeedLoaderTests::Dispose","SeedLoaderTests::Dispose()",25,29
28,7,320,0,31,"SeedLoaderTests::LoadAsync_FreshDatabase_LoadsExpectedRowCounts@32-62@/home/alex/dev/Bachelor/bmad-vergleichsstudie/.lizard-tmp-WOSzIR/code/seed-b-backend.Tests/Data/SeedLoaderTests.cs","/home/alex/dev/Bachelor/bmad-vergleichsstudie/.lizard-tmp-WOSzIR/code/seed-b-backend.Tests/Data/SeedLoaderTests.cs","SeedLoaderTests::LoadAsync_FreshDatabase_LoadsExpectedRowCounts","SeedLoaderTests::LoadAsync_FreshDatabase_LoadsExpectedRowCounts()",32,62
8,1,77,0,9,"SeedLoaderTests::LoadAsync_CalledTwice_DoesNotDuplicateData@65-73@/home/alex/dev/Bachelor/bmad-vergleichsstudie/.lizard-tmp-WOSzIR/code/seed-b-backend.Tests/Data/SeedLoaderTests.cs","/home/alex/dev/Bachelor/bmad-vergleichsstudie/.lizard-tmp-WOSzIR/code/seed-b-backend.Tests/Data/SeedLoaderTests.cs","SeedLoaderTests::LoadAsync_CalledTwice_DoesNotDuplicateData","SeedLoaderTests::LoadAsync_CalledTwice_DoesNotDuplicateData()",65,73
14,1,128,0,17,"RatingConfigurationTests::RatingConfigurationTests@13-29@/home/alex/dev/Bachelor/bmad-vergleichsstudie/.lizard-tmp-WOSzIR/code/seed-b-backend.Tests/Data/RatingConfigurationTests.cs","/home/alex/dev/Bachelor/bmad-vergleichsstudie/.lizard-tmp-WOSzIR/code/seed-b-backend.Tests/Data/RatingConfigurationTests.cs","RatingConfigurationTests::RatingConfigurationTests","RatingConfigurationTests::RatingConfigurationTests()",13,29
5,1,17,0,5,"RatingConfigurationTests::Dispose@31-35@/home/alex/dev/Bachelor/bmad-vergleichsstudie/.lizard-tmp-WOSzIR/code/seed-b-backend.Tests/Data/RatingConfigurationTests.cs","/home/alex/dev/Bachelor/bmad-vergleichsstudie/.lizard-tmp-WOSzIR/code/seed-b-backend.Tests/Data/RatingConfigurationTests.cs","RatingConfigurationTests::Dispose","RatingConfigurationTests::Dispose()",31,35
11,1,102,0,17,"RatingConfigurationTests::SavingSecondRatingWithSameProductAndAuthor_ThrowsOnPrimaryKeyViolation@38-54@/home/alex/dev/Bachelor/bmad-vergleichsstudie/.lizard-tmp-WOSzIR/code/seed-b-backend.Tests/Data/RatingConfigurationTests.cs","/home/alex/dev/Bachelor/bmad-vergleichsstudie/.lizard-tmp-WOSzIR/code/seed-b-backend.Tests/Data/RatingConfigurationTests.cs","RatingConfigurationTests::SavingSecondRatingWithSameProductAndAuthor_ThrowsOnPrimaryKeyViolation","RatingConfigurationTests::SavingSecondRatingWithSameProductAndAuthor_ThrowsOnPrimaryKeyViolation()",38,54
9,1,65,0,11,"RatingConfigurationTests::SavingRatingsWithDifferentAuthorsForSameProduct_Succeeds@57-67@/home/alex/dev/Bachelor/bmad-vergleichsstudie/.lizard-tmp-WOSzIR/code/seed-b-backend.Tests/Data/RatingConfigurationTests.cs","/home/alex/dev/Bachelor/bmad-vergleichsstudie/.lizard-tmp-WOSzIR/code/seed-b-backend.Tests/Data/RatingConfigurationTests.cs","RatingConfigurationTests::SavingRatingsWithDifferentAuthorsForSameProduct_Succeeds","RatingConfigurationTests::SavingRatingsWithDifferentAuthorsForSameProduct_Succeeds()",57,67
13,2,82,0,19,"CatalogServiceTests::CatalogServiceTests@15-33@/home/alex/dev/Bachelor/bmad-vergleichsstudie/.lizard-tmp-WOSzIR/code/seed-b-backend.Tests/Application/CatalogServiceTests.cs","/home/alex/dev/Bachelor/bmad-vergleichsstudie/.lizard-tmp-WOSzIR/code/seed-b-backend.Tests/Application/CatalogServiceTests.cs","CatalogServiceTests::CatalogServiceTests","CatalogServiceTests::CatalogServiceTests()",15,33
5,1,17,0,5,"CatalogServiceTests::Dispose@35-39@/home/alex/dev/Bachelor/bmad-vergleichsstudie/.lizard-tmp-WOSzIR/code/seed-b-backend.Tests/Application/CatalogServiceTests.cs","/home/alex/dev/Bachelor/bmad-vergleichsstudie/.lizard-tmp-WOSzIR/code/seed-b-backend.Tests/Application/CatalogServiceTests.cs","CatalogServiceTests::Dispose","CatalogServiceTests::Dispose()",35,39
18,2,108,0,20,"CatalogServiceTests::SeedProducts@41-60@/home/alex/dev/Bachelor/bmad-vergleichsstudie/.lizard-tmp-WOSzIR/code/seed-b-backend.Tests/Application/CatalogServiceTests.cs","/home/alex/dev/Bachelor/bmad-vergleichsstudie/.lizard-tmp-WOSzIR/code/seed-b-backend.Tests/Application/CatalogServiceTests.cs","CatalogServiceTests::SeedProducts","CatalogServiceTests::SeedProducts()",41,60
7,1,53,0,8,"CatalogServiceTests::GetProductsAsync_FirstPage_Returns20Items@63-70@/home/alex/dev/Bachelor/bmad-vergleichsstudie/.lizard-tmp-WOSzIR/code/seed-b-backend.Tests/Application/CatalogServiceTests.cs","/home/alex/dev/Bachelor/bmad-vergleichsstudie/.lizard-tmp-WOSzIR/code/seed-b-backend.Tests/Application/CatalogServiceTests.cs","CatalogServiceTests::GetProductsAsync_FirstPage_Returns20Items","CatalogServiceTests::GetProductsAsync_FirstPage_Returns20Items()",63,70
6,1,40,0,7,"CatalogServiceTests::GetProductsAsync_LastPage_ReturnsRemainder@73-79@/home/alex/dev/Bachelor/bmad-vergleichsstudie/.lizard-tmp-WOSzIR/code/seed-b-backend.Tests/Application/CatalogServiceTests.cs","/home/alex/dev/Bachelor/bmad-vergleichsstudie/.lizard-tmp-WOSzIR/code/seed-b-backend.Tests/Application/CatalogServiceTests.cs","CatalogServiceTests::GetProductsAsync_LastPage_ReturnsRemainder","CatalogServiceTests::GetProductsAsync_LastPage_ReturnsRemainder()",73,79
6,1,36,0,7,"CatalogServiceTests::GetProductsAsync_PageBeyondRange_ReturnsEmptyList@82-88@/home/alex/dev/Bachelor/bmad-vergleichsstudie/.lizard-tmp-WOSzIR/code/seed-b-backend.Tests/Application/CatalogServiceTests.cs","/home/alex/dev/Bachelor/bmad-vergleichsstudie/.lizard-tmp-WOSzIR/code/seed-b-backend.Tests/Application/CatalogServiceTests.cs","CatalogServiceTests::GetProductsAsync_PageBeyondRange_ReturnsEmptyList","CatalogServiceTests::GetProductsAsync_PageBeyondRange_ReturnsEmptyList()",82,88
6,1,38,1,7,"CatalogServiceTests::GetProductsAsync_PageZeroOrNegative_ReturnsEmptyList@93-99@/home/alex/dev/Bachelor/bmad-vergleichsstudie/.lizard-tmp-WOSzIR/code/seed-b-backend.Tests/Application/CatalogServiceTests.cs","/home/alex/dev/Bachelor/bmad-vergleichsstudie/.lizard-tmp-WOSzIR/code/seed-b-backend.Tests/Application/CatalogServiceTests.cs","CatalogServiceTests::GetProductsAsync_PageZeroOrNegative_ReturnsEmptyList","CatalogServiceTests::GetProductsAsync_PageZeroOrNegative_ReturnsEmptyList( int page)",93,99
6,1,40,0,7,"CatalogServiceTests::GetProductsAsync_PageCausesSkipOverflow_ReturnsEmptyList@102-108@/home/alex/dev/Bachelor/bmad-vergleichsstudie/.lizard-tmp-WOSzIR/code/seed-b-backend.Tests/Application/CatalogServiceTests.cs","/home/alex/dev/Bachelor/bmad-vergleichsstudie/.lizard-tmp-WOSzIR/code/seed-b-backend.Tests/Application/CatalogServiceTests.cs","CatalogServiceTests::GetProductsAsync_PageCausesSkipOverflow_ReturnsEmptyList","CatalogServiceTests::GetProductsAsync_PageCausesSkipOverflow_ReturnsEmptyList()",102,108
6,1,58,0,7,"CatalogServiceTests::GetProductsAsync_OrderingIsStable@111-117@/home/alex/dev/Bachelor/bmad-vergleichsstudie/.lizard-tmp-WOSzIR/code/seed-b-backend.Tests/Application/CatalogServiceTests.cs","/home/alex/dev/Bachelor/bmad-vergleichsstudie/.lizard-tmp-WOSzIR/code/seed-b-backend.Tests/Application/CatalogServiceTests.cs","CatalogServiceTests::GetProductsAsync_OrderingIsStable","CatalogServiceTests::GetProductsAsync_OrderingIsStable()",111,117
14,1,203,0,17,"CatalogServiceTests::SeedCategoryHierarchy@119-135@/home/alex/dev/Bachelor/bmad-vergleichsstudie/.lizard-tmp-WOSzIR/code/seed-b-backend.Tests/Application/CatalogServiceTests.cs","/home/alex/dev/Bachelor/bmad-vergleichsstudie/.lizard-tmp-WOSzIR/code/seed-b-backend.Tests/Application/CatalogServiceTests.cs","CatalogServiceTests::SeedCategoryHierarchy","CatalogServiceTests::SeedCategoryHierarchy()",119,135
8,1,60,0,10,"CatalogServiceTests::GetProductsAsync_FilteredBySubcategory_ReturnsOnlyThatSubcategorysProducts@138-147@/home/alex/dev/Bachelor/bmad-vergleichsstudie/.lizard-tmp-WOSzIR/code/seed-b-backend.Tests/Application/CatalogServiceTests.cs","/home/alex/dev/Bachelor/bmad-vergleichsstudie/.lizard-tmp-WOSzIR/code/seed-b-backend.Tests/Application/CatalogServiceTests.cs","CatalogServiceTests::GetProductsAsync_FilteredBySubcategory_ReturnsOnlyThatSubcategorysProducts","CatalogServiceTests::GetProductsAsync_FilteredBySubcategory_ReturnsOnlyThatSubcategorysProducts()",138,147
8,1,75,0,10,"CatalogServiceTests::GetProductsAsync_FilteredByCategory_ReturnsProductsFromAllItsSubcategories@150-159@/home/alex/dev/Bachelor/bmad-vergleichsstudie/.lizard-tmp-WOSzIR/code/seed-b-backend.Tests/Application/CatalogServiceTests.cs","/home/alex/dev/Bachelor/bmad-vergleichsstudie/.lizard-tmp-WOSzIR/code/seed-b-backend.Tests/Application/CatalogServiceTests.cs","CatalogServiceTests::GetProductsAsync_FilteredByCategory_ReturnsProductsFromAllItsSubcategories","CatalogServiceTests::GetProductsAsync_FilteredByCategory_ReturnsProductsFromAllItsSubcategories()",150,159
6,1,40,0,7,"CatalogServiceTests::GetProductsAsync_FilteredByUnknownCategoryId_ReturnsEmptyList@162-168@/home/alex/dev/Bachelor/bmad-vergleichsstudie/.lizard-tmp-WOSzIR/code/seed-b-backend.Tests/Application/CatalogServiceTests.cs","/home/alex/dev/Bachelor/bmad-vergleichsstudie/.lizard-tmp-WOSzIR/code/seed-b-backend.Tests/Application/CatalogServiceTests.cs","CatalogServiceTests::GetProductsAsync_FilteredByUnknownCategoryId_ReturnsEmptyList","CatalogServiceTests::GetProductsAsync_FilteredByUnknownCategoryId_ReturnsEmptyList()",162,168
6,1,40,0,7,"CatalogServiceTests::GetProductsAsync_FilteredByUnknownSubcategoryId_ReturnsEmptyList@171-177@/home/alex/dev/Bachelor/bmad-vergleichsstudie/.lizard-tmp-WOSzIR/code/seed-b-backend.Tests/Application/CatalogServiceTests.cs","/home/alex/dev/Bachelor/bmad-vergleichsstudie/.lizard-tmp-WOSzIR/code/seed-b-backend.Tests/Application/CatalogServiceTests.cs","CatalogServiceTests::GetProductsAsync_FilteredByUnknownSubcategoryId_ReturnsEmptyList","CatalogServiceTests::GetProductsAsync_FilteredByUnknownSubcategoryId_ReturnsEmptyList()",171,177
7,1,53,0,9,"CatalogServiceTests::GetProductsAsync_SubcategoryIdTakesPrecedenceWhenBothProvided@180-188@/home/alex/dev/Bachelor/bmad-vergleichsstudie/.lizard-tmp-WOSzIR/code/seed-b-backend.Tests/Application/CatalogServiceTests.cs","/home/alex/dev/Bachelor/bmad-vergleichsstudie/.lizard-tmp-WOSzIR/code/seed-b-backend.Tests/Application/CatalogServiceTests.cs","CatalogServiceTests::GetProductsAsync_SubcategoryIdTakesPrecedenceWhenBothProvided","CatalogServiceTests::GetProductsAsync_SubcategoryIdTakesPrecedenceWhenBothProvided()",180,188
9,1,107,0,12,"CatalogServiceTests::GetCategoriesAsync_ReturnsAllCategoriesWithTheirSubcategories@191-202@/home/alex/dev/Bachelor/bmad-vergleichsstudie/.lizard-tmp-WOSzIR/code/seed-b-backend.Tests/Application/CatalogServiceTests.cs","/home/alex/dev/Bachelor/bmad-vergleichsstudie/.lizard-tmp-WOSzIR/code/seed-b-backend.Tests/Application/CatalogServiceTests.cs","CatalogServiceTests::GetCategoriesAsync_ReturnsAllCategoriesWithTheirSubcategories","CatalogServiceTests::GetCategoriesAsync_ReturnsAllCategoriesWithTheirSubcategories()",191,202
23,1,282,0,29,"CatalogServiceTests::SeedProductsWithOffers@204-232@/home/alex/dev/Bachelor/bmad-vergleichsstudie/.lizard-tmp-WOSzIR/code/seed-b-backend.Tests/Application/CatalogServiceTests.cs","/home/alex/dev/Bachelor/bmad-vergleichsstudie/.lizard-tmp-WOSzIR/code/seed-b-backend.Tests/Application/CatalogServiceTests.cs","CatalogServiceTests::SeedProductsWithOffers","CatalogServiceTests::SeedProductsWithOffers()",204,232
6,1,63,0,8,"CatalogServiceTests::GetProductsAsync_SortedByPriceAscending_OrdersByCheapestOfferPrice@235-242@/home/alex/dev/Bachelor/bmad-vergleichsstudie/.lizard-tmp-WOSzIR/code/seed-b-backend.Tests/Application/CatalogServiceTests.cs","/home/alex/dev/Bachelor/bmad-vergleichsstudie/.lizard-tmp-WOSzIR/code/seed-b-backend.Tests/Application/CatalogServiceTests.cs","CatalogServiceTests::GetProductsAsync_SortedByPriceAscending_OrdersByCheapestOfferPrice","CatalogServiceTests::GetProductsAsync_SortedByPriceAscending_OrdersByCheapestOfferPrice()",235,242
6,1,63,0,8,"CatalogServiceTests::GetProductsAsync_SortedByPriceDescending_OrdersByCheapestOfferPriceDescending@245-252@/home/alex/dev/Bachelor/bmad-vergleichsstudie/.lizard-tmp-WOSzIR/code/seed-b-backend.Tests/Application/CatalogServiceTests.cs","/home/alex/dev/Bachelor/bmad-vergleichsstudie/.lizard-tmp-WOSzIR/code/seed-b-backend.Tests/Application/CatalogServiceTests.cs","CatalogServiceTests::GetProductsAsync_SortedByPriceDescending_OrdersByCheapestOfferPriceDescending","CatalogServiceTests::GetProductsAsync_SortedByPriceDescending_OrdersByCheapestOfferPriceDescending()",245,252
6,1,63,0,8,"CatalogServiceTests::GetProductsAsync_SortedByNameAscending_OrdersAlphabetically@255-262@/home/alex/dev/Bachelor/bmad-vergleichsstudie/.lizard-tmp-WOSzIR/code/seed-b-backend.Tests/Application/CatalogServiceTests.cs","/home/alex/dev/Bachelor/bmad-vergleichsstudie/.lizard-tmp-WOSzIR/code/seed-b-backend.Tests/Application/CatalogServiceTests.cs","CatalogServiceTests::GetProductsAsync_SortedByNameAscending_OrdersAlphabetically","CatalogServiceTests::GetProductsAsync_SortedByNameAscending_OrdersAlphabetically()",255,262
6,1,63,0,8,"CatalogServiceTests::GetProductsAsync_SortedByNameDescending_OrdersReverseAlphabetically@265-272@/home/alex/dev/Bachelor/bmad-vergleichsstudie/.lizard-tmp-WOSzIR/code/seed-b-backend.Tests/Application/CatalogServiceTests.cs","/home/alex/dev/Bachelor/bmad-vergleichsstudie/.lizard-tmp-WOSzIR/code/seed-b-backend.Tests/Application/CatalogServiceTests.cs","CatalogServiceTests::GetProductsAsync_SortedByNameDescending_OrdersReverseAlphabetically","CatalogServiceTests::GetProductsAsync_SortedByNameDescending_OrdersReverseAlphabetically()",265,272
6,1,63,0,8,"CatalogServiceTests::GetProductsAsync_SortedByViewCountAscending_OrdersByViewCount@275-282@/home/alex/dev/Bachelor/bmad-vergleichsstudie/.lizard-tmp-WOSzIR/code/seed-b-backend.Tests/Application/CatalogServiceTests.cs","/home/alex/dev/Bachelor/bmad-vergleichsstudie/.lizard-tmp-WOSzIR/code/seed-b-backend.Tests/Application/CatalogServiceTests.cs","CatalogServiceTests::GetProductsAsync_SortedByViewCountAscending_OrdersByViewCount","CatalogServiceTests::GetProductsAsync_SortedByViewCountAscending_OrdersByViewCount()",275,282
6,1,63,0,8,"CatalogServiceTests::GetProductsAsync_SortedByViewCountDescending_OrdersByViewCountDescending@285-292@/home/alex/dev/Bachelor/bmad-vergleichsstudie/.lizard-tmp-WOSzIR/code/seed-b-backend.Tests/Application/CatalogServiceTests.cs","/home/alex/dev/Bachelor/bmad-vergleichsstudie/.lizard-tmp-WOSzIR/code/seed-b-backend.Tests/Application/CatalogServiceTests.cs","CatalogServiceTests::GetProductsAsync_SortedByViewCountDescending_OrdersByViewCountDescending","CatalogServiceTests::GetProductsAsync_SortedByViewCountDescending_OrdersByViewCountDescending()",285,292
6,1,59,0,8,"CatalogServiceTests::GetProductsAsync_UnknownSortBy_FallsBackToDefaultIdOrder@295-302@/home/alex/dev/Bachelor/bmad-vergleichsstudie/.lizard-tmp-WOSzIR/code/seed-b-backend.Tests/Application/CatalogServiceTests.cs","/home/alex/dev/Bachelor/bmad-vergleichsstudie/.lizard-tmp-WOSzIR/code/seed-b-backend.Tests/Application/CatalogServiceTests.cs","CatalogServiceTests::GetProductsAsync_UnknownSortBy_FallsBackToDefaultIdOrder","CatalogServiceTests::GetProductsAsync_UnknownSortBy_FallsBackToDefaultIdOrder()",295,302
7,1,67,0,9,"CatalogServiceTests::GetProductsAsync_SortCombinedWithSubcategoryFilter_AppliesBothTogether@305-313@/home/alex/dev/Bachelor/bmad-vergleichsstudie/.lizard-tmp-WOSzIR/code/seed-b-backend.Tests/Application/CatalogServiceTests.cs","/home/alex/dev/Bachelor/bmad-vergleichsstudie/.lizard-tmp-WOSzIR/code/seed-b-backend.Tests/Application/CatalogServiceTests.cs","CatalogServiceTests::GetProductsAsync_SortCombinedWithSubcategoryFilter_AppliesBothTogether","CatalogServiceTests::GetProductsAsync_SortCombinedWithSubcategoryFilter_AppliesBothTogether()",305,313
7,1,67,0,9,"CatalogServiceTests::GetProductsAsync_SortCombinedWithCategoryFilter_AppliesBothTogether@316-324@/home/alex/dev/Bachelor/bmad-vergleichsstudie/.lizard-tmp-WOSzIR/code/seed-b-backend.Tests/Application/CatalogServiceTests.cs","/home/alex/dev/Bachelor/bmad-vergleichsstudie/.lizard-tmp-WOSzIR/code/seed-b-backend.Tests/Application/CatalogServiceTests.cs","CatalogServiceTests::GetProductsAsync_SortCombinedWithCategoryFilter_AppliesBothTogether","CatalogServiceTests::GetProductsAsync_SortCombinedWithCategoryFilter_AppliesBothTogether()",316,324
6,1,63,0,8,"CatalogServiceTests::GetProductsAsync_UnknownSortDirection_FallsBackToAscending@327-334@/home/alex/dev/Bachelor/bmad-vergleichsstudie/.lizard-tmp-WOSzIR/code/seed-b-backend.Tests/Application/CatalogServiceTests.cs","/home/alex/dev/Bachelor/bmad-vergleichsstudie/.lizard-tmp-WOSzIR/code/seed-b-backend.Tests/Application/CatalogServiceTests.cs","CatalogServiceTests::GetProductsAsync_UnknownSortDirection_FallsBackToAscending","CatalogServiceTests::GetProductsAsync_UnknownSortDirection_FallsBackToAscending()",327,334
6,1,63,0,8,"CatalogServiceTests::GetProductsAsync_SortByIsCaseInsensitive@337-344@/home/alex/dev/Bachelor/bmad-vergleichsstudie/.lizard-tmp-WOSzIR/code/seed-b-backend.Tests/Application/CatalogServiceTests.cs","/home/alex/dev/Bachelor/bmad-vergleichsstudie/.lizard-tmp-WOSzIR/code/seed-b-backend.Tests/Application/CatalogServiceTests.cs","CatalogServiceTests::GetProductsAsync_SortByIsCaseInsensitive","CatalogServiceTests::GetProductsAsync_SortByIsCaseInsensitive()",337,344
6,1,63,0,8,"CatalogServiceTests::GetProductsAsync_SortDirectionIsCaseInsensitive@347-354@/home/alex/dev/Bachelor/bmad-vergleichsstudie/.lizard-tmp-WOSzIR/code/seed-b-backend.Tests/Application/CatalogServiceTests.cs","/home/alex/dev/Bachelor/bmad-vergleichsstudie/.lizard-tmp-WOSzIR/code/seed-b-backend.Tests/Application/CatalogServiceTests.cs","CatalogServiceTests::GetProductsAsync_SortDirectionIsCaseInsensitive","CatalogServiceTests::GetProductsAsync_SortDirectionIsCaseInsensitive()",347,354
14,1,150,0,18,"CatalogServiceTests::SeedSearchProducts@356-373@/home/alex/dev/Bachelor/bmad-vergleichsstudie/.lizard-tmp-WOSzIR/code/seed-b-backend.Tests/Application/CatalogServiceTests.cs","/home/alex/dev/Bachelor/bmad-vergleichsstudie/.lizard-tmp-WOSzIR/code/seed-b-backend.Tests/Application/CatalogServiceTests.cs","CatalogServiceTests::SeedSearchProducts","CatalogServiceTests::SeedSearchProducts()",356,373
6,1,59,0,8,"CatalogServiceTests::GetProductsAsync_SearchMatchesNameSubstring_ReturnsMatchingProducts@376-383@/home/alex/dev/Bachelor/bmad-vergleichsstudie/.lizard-tmp-WOSzIR/code/seed-b-backend.Tests/Application/CatalogServiceTests.cs","/home/alex/dev/Bachelor/bmad-vergleichsstudie/.lizard-tmp-WOSzIR/code/seed-b-backend.Tests/Application/CatalogServiceTests.cs","CatalogServiceTests::GetProductsAsync_SearchMatchesNameSubstring_ReturnsMatchingProducts","CatalogServiceTests::GetProductsAsync_SearchMatchesNameSubstring_ReturnsMatchingProducts()",376,383
6,1,59,0,8,"CatalogServiceTests::GetProductsAsync_SearchIsCaseInsensitive@386-393@/home/alex/dev/Bachelor/bmad-vergleichsstudie/.lizard-tmp-WOSzIR/code/seed-b-backend.Tests/Application/CatalogServiceTests.cs","/home/alex/dev/Bachelor/bmad-vergleichsstudie/.lizard-tmp-WOSzIR/code/seed-b-backend.Tests/Application/CatalogServiceTests.cs","CatalogServiceTests::GetProductsAsync_SearchIsCaseInsensitive","CatalogServiceTests::GetProductsAsync_SearchIsCaseInsensitive()",386,393
11,1,138,0,13,"CatalogServiceTests::GetProductsAsync_SearchIsCaseInsensitiveForGermanUmlauts@396-408@/home/alex/dev/Bachelor/bmad-vergleichsstudie/.lizard-tmp-WOSzIR/code/seed-b-backend.Tests/Application/CatalogServiceTests.cs","/home/alex/dev/Bachelor/bmad-vergleichsstudie/.lizard-tmp-WOSzIR/code/seed-b-backend.Tests/Application/CatalogServiceTests.cs","CatalogServiceTests::GetProductsAsync_SearchIsCaseInsensitiveForGermanUmlauts","CatalogServiceTests::GetProductsAsync_SearchIsCaseInsensitiveForGermanUmlauts()",396,408
6,1,53,0,8,"CatalogServiceTests::GetProductsAsync_SearchMatchesDescriptionSubstring_ReturnsMatchingProducts@411-418@/home/alex/dev/Bachelor/bmad-vergleichsstudie/.lizard-tmp-WOSzIR/code/seed-b-backend.Tests/Application/CatalogServiceTests.cs","/home/alex/dev/Bachelor/bmad-vergleichsstudie/.lizard-tmp-WOSzIR/code/seed-b-backend.Tests/Application/CatalogServiceTests.cs","CatalogServiceTests::GetProductsAsync_SearchMatchesDescriptionSubstring_ReturnsMatchingProducts","CatalogServiceTests::GetProductsAsync_SearchMatchesDescriptionSubstring_ReturnsMatchingProducts()",411,418
7,1,48,0,9,"CatalogServiceTests::GetProductsAsync_SearchNoMatch_ReturnsEmptyListNotError@421-429@/home/alex/dev/Bachelor/bmad-vergleichsstudie/.lizard-tmp-WOSzIR/code/seed-b-backend.Tests/Application/CatalogServiceTests.cs","/home/alex/dev/Bachelor/bmad-vergleichsstudie/.lizard-tmp-WOSzIR/code/seed-b-backend.Tests/Application/CatalogServiceTests.cs","CatalogServiceTests::GetProductsAsync_SearchNoMatch_ReturnsEmptyListNotError","CatalogServiceTests::GetProductsAsync_SearchNoMatch_ReturnsEmptyListNotError()",421,429
6,1,41,0,8,"CatalogServiceTests::GetProductsAsync_SearchWhitespaceOnly_ReturnsAllProducts@432-439@/home/alex/dev/Bachelor/bmad-vergleichsstudie/.lizard-tmp-WOSzIR/code/seed-b-backend.Tests/Application/CatalogServiceTests.cs","/home/alex/dev/Bachelor/bmad-vergleichsstudie/.lizard-tmp-WOSzIR/code/seed-b-backend.Tests/Application/CatalogServiceTests.cs","CatalogServiceTests::GetProductsAsync_SearchWhitespaceOnly_ReturnsAllProducts","CatalogServiceTests::GetProductsAsync_SearchWhitespaceOnly_ReturnsAllProducts()",432,439
7,1,63,0,9,"CatalogServiceTests::GetProductsAsync_SearchCombinedWithCategoryFilter_AppliesBothTogether@442-450@/home/alex/dev/Bachelor/bmad-vergleichsstudie/.lizard-tmp-WOSzIR/code/seed-b-backend.Tests/Application/CatalogServiceTests.cs","/home/alex/dev/Bachelor/bmad-vergleichsstudie/.lizard-tmp-WOSzIR/code/seed-b-backend.Tests/Application/CatalogServiceTests.cs","CatalogServiceTests::GetProductsAsync_SearchCombinedWithCategoryFilter_AppliesBothTogether","CatalogServiceTests::GetProductsAsync_SearchCombinedWithCategoryFilter_AppliesBothTogether()",442,450
6,1,63,0,8,"CatalogServiceTests::GetProductsAsync_SearchCombinedWithSort_AppliesBothTogether@453-460@/home/alex/dev/Bachelor/bmad-vergleichsstudie/.lizard-tmp-WOSzIR/code/seed-b-backend.Tests/Application/CatalogServiceTests.cs","/home/alex/dev/Bachelor/bmad-vergleichsstudie/.lizard-tmp-WOSzIR/code/seed-b-backend.Tests/Application/CatalogServiceTests.cs","CatalogServiceTests::GetProductsAsync_SearchCombinedWithSort_AppliesBothTogether","CatalogServiceTests::GetProductsAsync_SearchCombinedWithSort_AppliesBothTogether()",453,460
6,1,39,0,8,"CatalogServiceTests::GetProductsAsync_SearchAffectsTotalCount_ForPagination@463-470@/home/alex/dev/Bachelor/bmad-vergleichsstudie/.lizard-tmp-WOSzIR/code/seed-b-backend.Tests/Application/CatalogServiceTests.cs","/home/alex/dev/Bachelor/bmad-vergleichsstudie/.lizard-tmp-WOSzIR/code/seed-b-backend.Tests/Application/CatalogServiceTests.cs","CatalogServiceTests::GetProductsAsync_SearchAffectsTotalCount_ForPagination","CatalogServiceTests::GetProductsAsync_SearchAffectsTotalCount_ForPagination()",463,470
25,1,264,0,27,"CatalogServiceTests::SeedPropertyFilterProducts@472-498@/home/alex/dev/Bachelor/bmad-vergleichsstudie/.lizard-tmp-WOSzIR/code/seed-b-backend.Tests/Application/CatalogServiceTests.cs","/home/alex/dev/Bachelor/bmad-vergleichsstudie/.lizard-tmp-WOSzIR/code/seed-b-backend.Tests/Application/CatalogServiceTests.cs","CatalogServiceTests::SeedPropertyFilterProducts","CatalogServiceTests::SeedPropertyFilterProducts()",472,498
6,1,68,0,8,"CatalogServiceTests::GetProductsAsync_PropertyFilterMatchesExactValue_ReturnsMatchingProducts@501-508@/home/alex/dev/Bachelor/bmad-vergleichsstudie/.lizard-tmp-WOSzIR/code/seed-b-backend.Tests/Application/CatalogServiceTests.cs","/home/alex/dev/Bachelor/bmad-vergleichsstudie/.lizard-tmp-WOSzIR/code/seed-b-backend.Tests/Application/CatalogServiceTests.cs","CatalogServiceTests::GetProductsAsync_PropertyFilterMatchesExactValue_ReturnsMatchingProducts","CatalogServiceTests::GetProductsAsync_PropertyFilterMatchesExactValue_ReturnsMatchingProducts()",501,508
7,1,61,0,9,"CatalogServiceTests::GetProductsAsync_PropertyFilterIsCaseSensitive_DifferentCaseYieldsNoMatch@511-519@/home/alex/dev/Bachelor/bmad-vergleichsstudie/.lizard-tmp-WOSzIR/code/seed-b-backend.Tests/Application/CatalogServiceTests.cs","/home/alex/dev/Bachelor/bmad-vergleichsstudie/.lizard-tmp-WOSzIR/code/seed-b-backend.Tests/Application/CatalogServiceTests.cs","CatalogServiceTests::GetProductsAsync_PropertyFilterIsCaseSensitive_DifferentCaseYieldsNoMatch","CatalogServiceTests::GetProductsAsync_PropertyFilterIsCaseSensitive_DifferentCaseYieldsNoMatch()",511,519
6,1,72,0,8,"CatalogServiceTests::GetProductsAsync_MultiplePropertyFiltersAreAndCombined_ReturnsOnlyProductsMatchingAll@522-529@/home/alex/dev/Bachelor/bmad-vergleichsstudie/.lizard-tmp-WOSzIR/code/seed-b-backend.Tests/Application/CatalogServiceTests.cs","/home/alex/dev/Bachelor/bmad-vergleichsstudie/.lizard-tmp-WOSzIR/code/seed-b-backend.Tests/Application/CatalogServiceTests.cs","CatalogServiceTests::GetProductsAsync_MultiplePropertyFiltersAreAndCombined_ReturnsOnlyProductsMatchingAll","CatalogServiceTests::GetProductsAsync_MultiplePropertyFiltersAreAndCombined_ReturnsOnlyProductsMatchingAll()",522,529
7,1,61,0,9,"CatalogServiceTests::GetProductsAsync_PropertyFilterOnNonexistentProperty_ReturnsEmptyListNotError@532-540@/home/alex/dev/Bachelor/bmad-vergleichsstudie/.lizard-tmp-WOSzIR/code/seed-b-backend.Tests/Application/CatalogServiceTests.cs","/home/alex/dev/Bachelor/bmad-vergleichsstudie/.lizard-tmp-WOSzIR/code/seed-b-backend.Tests/Application/CatalogServiceTests.cs","CatalogServiceTests::GetProductsAsync_PropertyFilterOnNonexistentProperty_ReturnsEmptyListNotError","CatalogServiceTests::GetProductsAsync_PropertyFilterOnNonexistentProperty_ReturnsEmptyListNotError()",532,540
6,1,52,0,8,"CatalogServiceTests::GetProductsAsync_PropertyFilterAffectsTotalCount_ForPagination@543-550@/home/alex/dev/Bachelor/bmad-vergleichsstudie/.lizard-tmp-WOSzIR/code/seed-b-backend.Tests/Application/CatalogServiceTests.cs","/home/alex/dev/Bachelor/bmad-vergleichsstudie/.lizard-tmp-WOSzIR/code/seed-b-backend.Tests/Application/CatalogServiceTests.cs","CatalogServiceTests::GetProductsAsync_PropertyFilterAffectsTotalCount_ForPagination","CatalogServiceTests::GetProductsAsync_PropertyFilterAffectsTotalCount_ForPagination()",543,550
6,1,72,0,8,"CatalogServiceTests::GetProductsAsync_PropertyFilterCombinedWithSearch_AppliesBothTogether@553-560@/home/alex/dev/Bachelor/bmad-vergleichsstudie/.lizard-tmp-WOSzIR/code/seed-b-backend.Tests/Application/CatalogServiceTests.cs","/home/alex/dev/Bachelor/bmad-vergleichsstudie/.lizard-tmp-WOSzIR/code/seed-b-backend.Tests/Application/CatalogServiceTests.cs","CatalogServiceTests::GetProductsAsync_PropertyFilterCombinedWithSearch_AppliesBothTogether","CatalogServiceTests::GetProductsAsync_PropertyFilterCombinedWithSearch_AppliesBothTogether()",553,560
6,1,76,0,8,"CatalogServiceTests::GetProductsAsync_PropertyFilterCombinedWithSort_AppliesBothTogether@563-570@/home/alex/dev/Bachelor/bmad-vergleichsstudie/.lizard-tmp-WOSzIR/code/seed-b-backend.Tests/Application/CatalogServiceTests.cs","/home/alex/dev/Bachelor/bmad-vergleichsstudie/.lizard-tmp-WOSzIR/code/seed-b-backend.Tests/Application/CatalogServiceTests.cs","CatalogServiceTests::GetProductsAsync_PropertyFilterCombinedWithSort_AppliesBothTogether","CatalogServiceTests::GetProductsAsync_PropertyFilterCombinedWithSort_AppliesBothTogether()",563,570
7,1,72,0,9,"CatalogServiceTests::GetProductsAsync_PropertyFilterCombinedWithCategoryFilter_AppliesBothTogether@573-581@/home/alex/dev/Bachelor/bmad-vergleichsstudie/.lizard-tmp-WOSzIR/code/seed-b-backend.Tests/Application/CatalogServiceTests.cs","/home/alex/dev/Bachelor/bmad-vergleichsstudie/.lizard-tmp-WOSzIR/code/seed-b-backend.Tests/Application/CatalogServiceTests.cs","CatalogServiceTests::GetProductsAsync_PropertyFilterCombinedWithCategoryFilter_AppliesBothTogether","CatalogServiceTests::GetProductsAsync_PropertyFilterCombinedWithCategoryFilter_AppliesBothTogether()",573,581
7,1,77,0,9,"CatalogServiceTests::GetCategoriesAsync_IncludesSubcategoryPropertyNamesSortedAlphabetically@584-592@/home/alex/dev/Bachelor/bmad-vergleichsstudie/.lizard-tmp-WOSzIR/code/seed-b-backend.Tests/Application/CatalogServiceTests.cs","/home/alex/dev/Bachelor/bmad-vergleichsstudie/.lizard-tmp-WOSzIR/code/seed-b-backend.Tests/Application/CatalogServiceTests.cs","CatalogServiceTests::GetCategoriesAsync_IncludesSubcategoryPropertyNamesSortedAlphabetically","CatalogServiceTests::GetCategoriesAsync_IncludesSubcategoryPropertyNamesSortedAlphabetically()",584,592
22,1,206,0,25,"CatalogServiceTests::SeedProductDetailData@594-618@/home/alex/dev/Bachelor/bmad-vergleichsstudie/.lizard-tmp-WOSzIR/code/seed-b-backend.Tests/Application/CatalogServiceTests.cs","/home/alex/dev/Bachelor/bmad-vergleichsstudie/.lizard-tmp-WOSzIR/code/seed-b-backend.Tests/Application/CatalogServiceTests.cs","CatalogServiceTests::SeedProductDetailData","CatalogServiceTests::SeedProductDetailData()",594,618
11,1,103,0,13,"CatalogServiceTests::GetProductDetailAsync_ReturnsNameDescriptionCategoryAndProperties@621-633@/home/alex/dev/Bachelor/bmad-vergleichsstudie/.lizard-tmp-WOSzIR/code/seed-b-backend.Tests/Application/CatalogServiceTests.cs","/home/alex/dev/Bachelor/bmad-vergleichsstudie/.lizard-tmp-WOSzIR/code/seed-b-backend.Tests/Application/CatalogServiceTests.cs","CatalogServiceTests::GetProductDetailAsync_ReturnsNameDescriptionCategoryAndProperties","CatalogServiceTests::GetProductDetailAsync_ReturnsNameDescriptionCategoryAndProperties()",621,633
7,1,75,0,12,"CatalogServiceTests::GetProductDetailAsync_ReturnsAllOffersWithSupplierAndPrice@636-647@/home/alex/dev/Bachelor/bmad-vergleichsstudie/.lizard-tmp-WOSzIR/code/seed-b-backend.Tests/Application/CatalogServiceTests.cs","/home/alex/dev/Bachelor/bmad-vergleichsstudie/.lizard-tmp-WOSzIR/code/seed-b-backend.Tests/Application/CatalogServiceTests.cs","CatalogServiceTests::GetProductDetailAsync_ReturnsAllOffersWithSupplierAndPrice","CatalogServiceTests::GetProductDetailAsync_ReturnsAllOffersWithSupplierAndPrice()",636,647
7,1,41,0,9,"CatalogServiceTests::GetProductDetailAsync_NoRatings_ReturnsNullAverageAndZeroCount@650-658@/home/alex/dev/Bachelor/bmad-vergleichsstudie/.lizard-tmp-WOSzIR/code/seed-b-backend.Tests/Application/CatalogServiceTests.cs","/home/alex/dev/Bachelor/bmad-vergleichsstudie/.lizard-tmp-WOSzIR/code/seed-b-backend.Tests/Application/CatalogServiceTests.cs","CatalogServiceTests::GetProductDetailAsync_NoRatings_ReturnsNullAverageAndZeroCount","CatalogServiceTests::GetProductDetailAsync_NoRatings_ReturnsNullAverageAndZeroCount()",650,658
12,1,88,0,14,"CatalogServiceTests::GetProductDetailAsync_WithRatings_ReturnsAverageAndCount@661-674@/home/alex/dev/Bachelor/bmad-vergleichsstudie/.lizard-tmp-WOSzIR/code/seed-b-backend.Tests/Application/CatalogServiceTests.cs","/home/alex/dev/Bachelor/bmad-vergleichsstudie/.lizard-tmp-WOSzIR/code/seed-b-backend.Tests/Application/CatalogServiceTests.cs","CatalogServiceTests::GetProductDetailAsync_WithRatings_ReturnsAverageAndCount","CatalogServiceTests::GetProductDetailAsync_WithRatings_ReturnsAverageAndCount()",661,674
6,1,34,0,8,"CatalogServiceTests::GetProductDetailAsync_IncrementsViewCountByOne@677-684@/home/alex/dev/Bachelor/bmad-vergleichsstudie/.lizard-tmp-WOSzIR/code/seed-b-backend.Tests/Application/CatalogServiceTests.cs","/home/alex/dev/Bachelor/bmad-vergleichsstudie/.lizard-tmp-WOSzIR/code/seed-b-backend.Tests/Application/CatalogServiceTests.cs","CatalogServiceTests::GetProductDetailAsync_IncrementsViewCountByOne","CatalogServiceTests::GetProductDetailAsync_IncrementsViewCountByOne()",677,684
7,1,42,0,9,"CatalogServiceTests::GetProductDetailAsync_CalledTwice_ViewCountAccumulatesAcrossCalls@687-695@/home/alex/dev/Bachelor/bmad-vergleichsstudie/.lizard-tmp-WOSzIR/code/seed-b-backend.Tests/Application/CatalogServiceTests.cs","/home/alex/dev/Bachelor/bmad-vergleichsstudie/.lizard-tmp-WOSzIR/code/seed-b-backend.Tests/Application/CatalogServiceTests.cs","CatalogServiceTests::GetProductDetailAsync_CalledTwice_ViewCountAccumulatesAcrossCalls","CatalogServiceTests::GetProductDetailAsync_CalledTwice_ViewCountAccumulatesAcrossCalls()",687,695
5,1,23,0,6,"CatalogServiceTests::GetProductDetailAsync_UnknownId_ReturnsNull@698-703@/home/alex/dev/Bachelor/bmad-vergleichsstudie/.lizard-tmp-WOSzIR/code/seed-b-backend.Tests/Application/CatalogServiceTests.cs","/home/alex/dev/Bachelor/bmad-vergleichsstudie/.lizard-tmp-WOSzIR/code/seed-b-backend.Tests/Application/CatalogServiceTests.cs","CatalogServiceTests::GetProductDetailAsync_UnknownId_ReturnsNull","CatalogServiceTests::GetProductDetailAsync_UnknownId_ReturnsNull()",698,703
15,1,136,0,18,"RatingServiceTests::RatingServiceTests@15-32@/home/alex/dev/Bachelor/bmad-vergleichsstudie/.lizard-tmp-WOSzIR/code/seed-b-backend.Tests/Application/RatingServiceTests.cs","/home/alex/dev/Bachelor/bmad-vergleichsstudie/.lizard-tmp-WOSzIR/code/seed-b-backend.Tests/Application/RatingServiceTests.cs","RatingServiceTests::RatingServiceTests","RatingServiceTests::RatingServiceTests()",15,32
5,1,17,0,5,"RatingServiceTests::Dispose@34-38@/home/alex/dev/Bachelor/bmad-vergleichsstudie/.lizard-tmp-WOSzIR/code/seed-b-backend.Tests/Application/RatingServiceTests.cs","/home/alex/dev/Bachelor/bmad-vergleichsstudie/.lizard-tmp-WOSzIR/code/seed-b-backend.Tests/Application/RatingServiceTests.cs","RatingServiceTests::Dispose","RatingServiceTests::Dispose()",34,38
8,1,66,0,9,"RatingServiceTests::SubmitRatingAsync_NewRating_CreatesRowAndReturnsAggregate@41-49@/home/alex/dev/Bachelor/bmad-vergleichsstudie/.lizard-tmp-WOSzIR/code/seed-b-backend.Tests/Application/RatingServiceTests.cs","/home/alex/dev/Bachelor/bmad-vergleichsstudie/.lizard-tmp-WOSzIR/code/seed-b-backend.Tests/Application/RatingServiceTests.cs","RatingServiceTests::SubmitRatingAsync_NewRating_CreatesRowAndReturnsAggregate","RatingServiceTests::SubmitRatingAsync_NewRating_CreatesRowAndReturnsAggregate()",41,49
9,1,107,0,11,"RatingServiceTests::SubmitRatingAsync_SameAuthorSubmitsAgain_ReplacesPreviousRatingWithoutDuplicate@52-62@/home/alex/dev/Bachelor/bmad-vergleichsstudie/.lizard-tmp-WOSzIR/code/seed-b-backend.Tests/Application/RatingServiceTests.cs","/home/alex/dev/Bachelor/bmad-vergleichsstudie/.lizard-tmp-WOSzIR/code/seed-b-backend.Tests/Application/RatingServiceTests.cs","RatingServiceTests::SubmitRatingAsync_SameAuthorSubmitsAgain_ReplacesPreviousRatingWithoutDuplicate","RatingServiceTests::SubmitRatingAsync_SameAuthorSubmitsAgain_ReplacesPreviousRatingWithoutDuplicate()",52,62
8,1,71,0,10,"RatingServiceTests::SubmitRatingAsync_DifferentAuthors_BothPersistAndAggregateAverages@65-74@/home/alex/dev/Bachelor/bmad-vergleichsstudie/.lizard-tmp-WOSzIR/code/seed-b-backend.Tests/Application/RatingServiceTests.cs","/home/alex/dev/Bachelor/bmad-vergleichsstudie/.lizard-tmp-WOSzIR/code/seed-b-backend.Tests/Application/RatingServiceTests.cs","RatingServiceTests::SubmitRatingAsync_DifferentAuthors_BothPersistAndAggregateAverages","RatingServiceTests::SubmitRatingAsync_DifferentAuthors_BothPersistAndAggregateAverages()",65,74
6,1,43,0,7,"RatingServiceTests::SubmitRatingAsync_UnknownProductId_ReturnsNullAndPersistsNothing@77-83@/home/alex/dev/Bachelor/bmad-vergleichsstudie/.lizard-tmp-WOSzIR/code/seed-b-backend.Tests/Application/RatingServiceTests.cs","/home/alex/dev/Bachelor/bmad-vergleichsstudie/.lizard-tmp-WOSzIR/code/seed-b-backend.Tests/Application/RatingServiceTests.cs","RatingServiceTests::SubmitRatingAsync_UnknownProductId_ReturnsNullAndPersistsNothing","RatingServiceTests::SubmitRatingAsync_UnknownProductId_ReturnsNullAndPersistsNothing()",77,83
19,1,222,0,22,"CartServiceTests::CartServiceTests@15-36@/home/alex/dev/Bachelor/bmad-vergleichsstudie/.lizard-tmp-WOSzIR/code/seed-b-backend.Tests/Application/CartServiceTests.cs","/home/alex/dev/Bachelor/bmad-vergleichsstudie/.lizard-tmp-WOSzIR/code/seed-b-backend.Tests/Application/CartServiceTests.cs","CartServiceTests::CartServiceTests","CartServiceTests::CartServiceTests()",15,36
5,1,17,0,5,"CartServiceTests::Dispose@38-42@/home/alex/dev/Bachelor/bmad-vergleichsstudie/.lizard-tmp-WOSzIR/code/seed-b-backend.Tests/Application/CartServiceTests.cs","/home/alex/dev/Bachelor/bmad-vergleichsstudie/.lizard-tmp-WOSzIR/code/seed-b-backend.Tests/Application/CartServiceTests.cs","CartServiceTests::Dispose","CartServiceTests::Dispose()",38,42
11,1,113,0,12,"CartServiceTests::AddItemAsync_NoCartId_CreatesNewCartAndItem@45-56@/home/alex/dev/Bachelor/bmad-vergleichsstudie/.lizard-tmp-WOSzIR/code/seed-b-backend.Tests/Application/CartServiceTests.cs","/home/alex/dev/Bachelor/bmad-vergleichsstudie/.lizard-tmp-WOSzIR/code/seed-b-backend.Tests/Application/CartServiceTests.cs","CartServiceTests::AddItemAsync_NoCartId_CreatesNewCartAndItem","CartServiceTests::AddItemAsync_NoCartId_CreatesNewCartAndItem()",45,56
8,1,90,0,10,"CartServiceTests::AddItemAsync_SameProductDifferentSupplier_CreatesSeparateLine@59-68@/home/alex/dev/Bachelor/bmad-vergleichsstudie/.lizard-tmp-WOSzIR/code/seed-b-backend.Tests/Application/CartServiceTests.cs","/home/alex/dev/Bachelor/bmad-vergleichsstudie/.lizard-tmp-WOSzIR/code/seed-b-backend.Tests/Application/CartServiceTests.cs","CartServiceTests::AddItemAsync_SameProductDifferentSupplier_CreatesSeparateLine","CartServiceTests::AddItemAsync_SameProductDifferentSupplier_CreatesSeparateLine()",59,68
8,1,84,0,10,"CartServiceTests::AddItemAsync_SameProductSupplierPairAgain_IncreasesQuantityWithoutDuplicateLine@71-80@/home/alex/dev/Bachelor/bmad-vergleichsstudie/.lizard-tmp-WOSzIR/code/seed-b-backend.Tests/Application/CartServiceTests.cs","/home/alex/dev/Bachelor/bmad-vergleichsstudie/.lizard-tmp-WOSzIR/code/seed-b-backend.Tests/Application/CartServiceTests.cs","CartServiceTests::AddItemAsync_SameProductSupplierPairAgain_IncreasesQuantityWithoutDuplicateLine","CartServiceTests::AddItemAsync_SameProductSupplierPairAgain_IncreasesQuantityWithoutDuplicateLine()",71,80
7,1,61,0,8,"CartServiceTests::AddItemAsync_UnknownOffer_ReturnsNullAndPersistsNothing@83-90@/home/alex/dev/Bachelor/bmad-vergleichsstudie/.lizard-tmp-WOSzIR/code/seed-b-backend.Tests/Application/CartServiceTests.cs","/home/alex/dev/Bachelor/bmad-vergleichsstudie/.lizard-tmp-WOSzIR/code/seed-b-backend.Tests/Application/CartServiceTests.cs","CartServiceTests::AddItemAsync_UnknownOffer_ReturnsNullAndPersistsNothing","CartServiceTests::AddItemAsync_UnknownOffer_ReturnsNullAndPersistsNothing()",83,90
8,1,66,0,10,"CartServiceTests::AddItemAsync_UnknownExistingCartId_CreatesNewCartWithDifferentId@93-102@/home/alex/dev/Bachelor/bmad-vergleichsstudie/.lizard-tmp-WOSzIR/code/seed-b-backend.Tests/Application/CartServiceTests.cs","/home/alex/dev/Bachelor/bmad-vergleichsstudie/.lizard-tmp-WOSzIR/code/seed-b-backend.Tests/Application/CartServiceTests.cs","CartServiceTests::AddItemAsync_UnknownExistingCartId_CreatesNewCartWithDifferentId","CartServiceTests::AddItemAsync_UnknownExistingCartId_CreatesNewCartWithDifferentId()",93,102
7,1,45,0,8,"CartServiceTests::GetCartAsync_NoCartId_ReturnsEmptyCartWithoutError@105-112@/home/alex/dev/Bachelor/bmad-vergleichsstudie/.lizard-tmp-WOSzIR/code/seed-b-backend.Tests/Application/CartServiceTests.cs","/home/alex/dev/Bachelor/bmad-vergleichsstudie/.lizard-tmp-WOSzIR/code/seed-b-backend.Tests/Application/CartServiceTests.cs","CartServiceTests::GetCartAsync_NoCartId_ReturnsEmptyCartWithoutError","CartServiceTests::GetCartAsync_NoCartId_ReturnsEmptyCartWithoutError()",105,112
6,1,38,0,7,"CartServiceTests::GetCartAsync_UnknownCartId_ReturnsEmptyCartWithoutError@115-121@/home/alex/dev/Bachelor/bmad-vergleichsstudie/.lizard-tmp-WOSzIR/code/seed-b-backend.Tests/Application/CartServiceTests.cs","/home/alex/dev/Bachelor/bmad-vergleichsstudie/.lizard-tmp-WOSzIR/code/seed-b-backend.Tests/Application/CartServiceTests.cs","CartServiceTests::GetCartAsync_UnknownCartId_ReturnsEmptyCartWithoutError","CartServiceTests::GetCartAsync_UnknownCartId_ReturnsEmptyCartWithoutError()",115,121
10,1,102,0,12,"CartServiceTests::GetCartAsync_WithItems_ReturnsNamesPricesAndTotals@124-135@/home/alex/dev/Bachelor/bmad-vergleichsstudie/.lizard-tmp-WOSzIR/code/seed-b-backend.Tests/Application/CartServiceTests.cs","/home/alex/dev/Bachelor/bmad-vergleichsstudie/.lizard-tmp-WOSzIR/code/seed-b-backend.Tests/Application/CartServiceTests.cs","CartServiceTests::GetCartAsync_WithItems_ReturnsNamesPricesAndTotals","CartServiceTests::GetCartAsync_WithItems_ReturnsNamesPricesAndTotals()",124,135
10,2,97,0,12,"CartServiceTests::GetCartAsync_ItemWithRemovedOffer_ExcludesLineFromResult@138-149@/home/alex/dev/Bachelor/bmad-vergleichsstudie/.lizard-tmp-WOSzIR/code/seed-b-backend.Tests/Application/CartServiceTests.cs","/home/alex/dev/Bachelor/bmad-vergleichsstudie/.lizard-tmp-WOSzIR/code/seed-b-backend.Tests/Application/CartServiceTests.cs","CartServiceTests::GetCartAsync_ItemWithRemovedOffer_ExcludesLineFromResult","CartServiceTests::GetCartAsync_ItemWithRemovedOffer_ExcludesLineFromResult()",138,149
8,1,91,0,10,"CartServiceTests::UpdateItemQuantityAsync_ValidQuantity_UpdatesAndReturnsRecalculatedCart@152-161@/home/alex/dev/Bachelor/bmad-vergleichsstudie/.lizard-tmp-WOSzIR/code/seed-b-backend.Tests/Application/CartServiceTests.cs","/home/alex/dev/Bachelor/bmad-vergleichsstudie/.lizard-tmp-WOSzIR/code/seed-b-backend.Tests/Application/CartServiceTests.cs","CartServiceTests::UpdateItemQuantityAsync_ValidQuantity_UpdatesAndReturnsRecalculatedCart","CartServiceTests::UpdateItemQuantityAsync_ValidQuantity_UpdatesAndReturnsRecalculatedCart()",152,161
7,1,67,0,9,"CartServiceTests::UpdateItemQuantityAsync_UnknownItem_ReturnsItemNotFound@164-172@/home/alex/dev/Bachelor/bmad-vergleichsstudie/.lizard-tmp-WOSzIR/code/seed-b-backend.Tests/Application/CartServiceTests.cs","/home/alex/dev/Bachelor/bmad-vergleichsstudie/.lizard-tmp-WOSzIR/code/seed-b-backend.Tests/Application/CartServiceTests.cs","CartServiceTests::UpdateItemQuantityAsync_UnknownItem_ReturnsItemNotFound","CartServiceTests::UpdateItemQuantityAsync_UnknownItem_ReturnsItemNotFound()",164,172
11,2,131,0,13,"CartServiceTests::UpdateItemQuantityAsync_OfferNoLongerExists_ReturnsOfferGoneWithoutChangingQuantity@175-187@/home/alex/dev/Bachelor/bmad-vergleichsstudie/.lizard-tmp-WOSzIR/code/seed-b-backend.Tests/Application/CartServiceTests.cs","/home/alex/dev/Bachelor/bmad-vergleichsstudie/.lizard-tmp-WOSzIR/code/seed-b-backend.Tests/Application/CartServiceTests.cs","CartServiceTests::UpdateItemQuantityAsync_OfferNoLongerExists_ReturnsOfferGoneWithoutChangingQuantity","CartServiceTests::UpdateItemQuantityAsync_OfferNoLongerExists_ReturnsOfferGoneWithoutChangingQuantity()",175,187
9,2,110,0,11,"CartServiceTests::RemoveItemAsync_ExistingItem_RemovesRowAndRecalculatesTotal@190-200@/home/alex/dev/Bachelor/bmad-vergleichsstudie/.lizard-tmp-WOSzIR/code/seed-b-backend.Tests/Application/CartServiceTests.cs","/home/alex/dev/Bachelor/bmad-vergleichsstudie/.lizard-tmp-WOSzIR/code/seed-b-backend.Tests/Application/CartServiceTests.cs","CartServiceTests::RemoveItemAsync_ExistingItem_RemovesRowAndRecalculatesTotal","CartServiceTests::RemoveItemAsync_ExistingItem_RemovesRowAndRecalculatesTotal()",190,200
6,1,42,0,7,"CartServiceTests::RemoveItemAsync_UnknownCartOrItem_ReturnsCurrentStateWithoutError@203-209@/home/alex/dev/Bachelor/bmad-vergleichsstudie/.lizard-tmp-WOSzIR/code/seed-b-backend.Tests/Application/CartServiceTests.cs","/home/alex/dev/Bachelor/bmad-vergleichsstudie/.lizard-tmp-WOSzIR/code/seed-b-backend.Tests/Application/CartServiceTests.cs","CartServiceTests::RemoveItemAsync_UnknownCartOrItem_ReturnsCurrentStateWithoutError","CartServiceTests::RemoveItemAsync_UnknownCartOrItem_ReturnsCurrentStateWithoutError()",203,209
21,1,264,0,24,"OrderServiceTests::OrderServiceTests@16-39@/home/alex/dev/Bachelor/bmad-vergleichsstudie/.lizard-tmp-WOSzIR/code/seed-b-backend.Tests/Application/OrderServiceTests.cs","/home/alex/dev/Bachelor/bmad-vergleichsstudie/.lizard-tmp-WOSzIR/code/seed-b-backend.Tests/Application/OrderServiceTests.cs","OrderServiceTests::OrderServiceTests","OrderServiceTests::OrderServiceTests()",16,39
5,1,17,0,5,"OrderServiceTests::Dispose@41-45@/home/alex/dev/Bachelor/bmad-vergleichsstudie/.lizard-tmp-WOSzIR/code/seed-b-backend.Tests/Application/OrderServiceTests.cs","/home/alex/dev/Bachelor/bmad-vergleichsstudie/.lizard-tmp-WOSzIR/code/seed-b-backend.Tests/Application/OrderServiceTests.cs","OrderServiceTests::Dispose","OrderServiceTests::Dispose()",41,45
12,1,150,0,13,"OrderServiceTests::PlaceOrderAsync_ValidCart_CreatesOrderWithSnapshotPriceStatusNeuAndClearsCart@48-60@/home/alex/dev/Bachelor/bmad-vergleichsstudie/.lizard-tmp-WOSzIR/code/seed-b-backend.Tests/Application/OrderServiceTests.cs","/home/alex/dev/Bachelor/bmad-vergleichsstudie/.lizard-tmp-WOSzIR/code/seed-b-backend.Tests/Application/OrderServiceTests.cs","OrderServiceTests::PlaceOrderAsync_ValidCart_CreatesOrderWithSnapshotPriceStatusNeuAndClearsCart","OrderServiceTests::PlaceOrderAsync_ValidCart_CreatesOrderWithSnapshotPriceStatusNeuAndClearsCart()",48,60
9,2,97,0,11,"OrderServiceTests::PlaceOrderAsync_PriceChangedAfterOrder_OrderItemKeepsOriginalSnapshotPrice@63-73@/home/alex/dev/Bachelor/bmad-vergleichsstudie/.lizard-tmp-WOSzIR/code/seed-b-backend.Tests/Application/OrderServiceTests.cs","/home/alex/dev/Bachelor/bmad-vergleichsstudie/.lizard-tmp-WOSzIR/code/seed-b-backend.Tests/Application/OrderServiceTests.cs","OrderServiceTests::PlaceOrderAsync_PriceChangedAfterOrder_OrderItemKeepsOriginalSnapshotPrice","OrderServiceTests::PlaceOrderAsync_PriceChangedAfterOrder_OrderItemKeepsOriginalSnapshotPrice()",63,73
6,1,51,0,7,"OrderServiceTests::PlaceOrderAsync_NoCartId_ReturnsCartEmptyWithoutCreatingOrder@76-82@/home/alex/dev/Bachelor/bmad-vergleichsstudie/.lizard-tmp-WOSzIR/code/seed-b-backend.Tests/Application/OrderServiceTests.cs","/home/alex/dev/Bachelor/bmad-vergleichsstudie/.lizard-tmp-WOSzIR/code/seed-b-backend.Tests/Application/OrderServiceTests.cs","OrderServiceTests::PlaceOrderAsync_NoCartId_ReturnsCartEmptyWithoutCreatingOrder","OrderServiceTests::PlaceOrderAsync_NoCartId_ReturnsCartEmptyWithoutCreatingOrder()",76,82
6,1,62,0,7,"OrderServiceTests::PlaceOrderAsync_UnknownOrEmptyCartId_ReturnsCartEmptyAndLeavesCartUntouched@85-91@/home/alex/dev/Bachelor/bmad-vergleichsstudie/.lizard-tmp-WOSzIR/code/seed-b-backend.Tests/Application/OrderServiceTests.cs","/home/alex/dev/Bachelor/bmad-vergleichsstudie/.lizard-tmp-WOSzIR/code/seed-b-backend.Tests/Application/OrderServiceTests.cs","OrderServiceTests::PlaceOrderAsync_UnknownOrEmptyCartId_ReturnsCartEmptyAndLeavesCartUntouched","OrderServiceTests::PlaceOrderAsync_UnknownOrEmptyCartId_ReturnsCartEmptyAndLeavesCartUntouched()",85,91
12,1,135,0,14,"OrderServiceTests::PlaceOrderAsync_LineWithInvalidQuantity_RejectsWholeOrderAndLeavesCartUntouched@94-107@/home/alex/dev/Bachelor/bmad-vergleichsstudie/.lizard-tmp-WOSzIR/code/seed-b-backend.Tests/Application/OrderServiceTests.cs","/home/alex/dev/Bachelor/bmad-vergleichsstudie/.lizard-tmp-WOSzIR/code/seed-b-backend.Tests/Application/OrderServiceTests.cs","OrderServiceTests::PlaceOrderAsync_LineWithInvalidQuantity_RejectsWholeOrderAndLeavesCartUntouched","OrderServiceTests::PlaceOrderAsync_LineWithInvalidQuantity_RejectsWholeOrderAndLeavesCartUntouched()",94,107
14,2,178,0,16,"OrderServiceTests::PlaceOrderAsync_OfferRemovedSinceAddedToCart_RejectsWholeOrderAndLeavesCartUntouched@110-125@/home/alex/dev/Bachelor/bmad-vergleichsstudie/.lizard-tmp-WOSzIR/code/seed-b-backend.Tests/Application/OrderServiceTests.cs","/home/alex/dev/Bachelor/bmad-vergleichsstudie/.lizard-tmp-WOSzIR/code/seed-b-backend.Tests/Application/OrderServiceTests.cs","OrderServiceTests::PlaceOrderAsync_OfferRemovedSinceAddedToCart_RejectsWholeOrderAndLeavesCartUntouched","OrderServiceTests::PlaceOrderAsync_OfferRemovedSinceAddedToCart_RejectsWholeOrderAndLeavesCartUntouched()",110,125
12,2,137,0,14,"OrderServiceTests::PlaceOrderAsync_TwoLinesOneOfferGone_RejectsAndNamesOnlyTheAffectedLine@128-141@/home/alex/dev/Bachelor/bmad-vergleichsstudie/.lizard-tmp-WOSzIR/code/seed-b-backend.Tests/Application/OrderServiceTests.cs","/home/alex/dev/Bachelor/bmad-vergleichsstudie/.lizard-tmp-WOSzIR/code/seed-b-backend.Tests/Application/OrderServiceTests.cs","OrderServiceTests::PlaceOrderAsync_TwoLinesOneOfferGone_RejectsAndNamesOnlyTheAffectedLine","OrderServiceTests::PlaceOrderAsync_TwoLinesOneOfferGone_RejectsAndNamesOnlyTheAffectedLine()",128,141
14,1,200,0,16,"OrderServiceTests::GetOrderAsync_ExistingOrder_ReturnsSameDataAsPlacement@144-159@/home/alex/dev/Bachelor/bmad-vergleichsstudie/.lizard-tmp-WOSzIR/code/seed-b-backend.Tests/Application/OrderServiceTests.cs","/home/alex/dev/Bachelor/bmad-vergleichsstudie/.lizard-tmp-WOSzIR/code/seed-b-backend.Tests/Application/OrderServiceTests.cs","OrderServiceTests::GetOrderAsync_ExistingOrder_ReturnsSameDataAsPlacement","OrderServiceTests::GetOrderAsync_ExistingOrder_ReturnsSameDataAsPlacement()",144,159
9,2,95,0,11,"OrderServiceTests::GetOrderAsync_PriceChangedAfterOrder_StillReturnsSnapshotPrice@162-172@/home/alex/dev/Bachelor/bmad-vergleichsstudie/.lizard-tmp-WOSzIR/code/seed-b-backend.Tests/Application/OrderServiceTests.cs","/home/alex/dev/Bachelor/bmad-vergleichsstudie/.lizard-tmp-WOSzIR/code/seed-b-backend.Tests/Application/OrderServiceTests.cs","OrderServiceTests::GetOrderAsync_PriceChangedAfterOrder_StillReturnsSnapshotPrice","OrderServiceTests::GetOrderAsync_PriceChangedAfterOrder_StillReturnsSnapshotPrice()",162,172
10,2,104,0,12,"OrderServiceTests::GetOrderAsync_OfferRemovedAfterOrder_StillReturnsOrderUnaffected@175-186@/home/alex/dev/Bachelor/bmad-vergleichsstudie/.lizard-tmp-WOSzIR/code/seed-b-backend.Tests/Application/OrderServiceTests.cs","/home/alex/dev/Bachelor/bmad-vergleichsstudie/.lizard-tmp-WOSzIR/code/seed-b-backend.Tests/Application/OrderServiceTests.cs","OrderServiceTests::GetOrderAsync_OfferRemovedAfterOrder_StillReturnsOrderUnaffected","OrderServiceTests::GetOrderAsync_OfferRemovedAfterOrder_StillReturnsOrderUnaffected()",175,186
5,1,27,0,6,"OrderServiceTests::GetOrderAsync_UnknownOrderId_ReturnsNull@189-194@/home/alex/dev/Bachelor/bmad-vergleichsstudie/.lizard-tmp-WOSzIR/code/seed-b-backend.Tests/Application/OrderServiceTests.cs","/home/alex/dev/Bachelor/bmad-vergleichsstudie/.lizard-tmp-WOSzIR/code/seed-b-backend.Tests/Application/OrderServiceTests.cs","OrderServiceTests::GetOrderAsync_UnknownOrderId_ReturnsNull","OrderServiceTests::GetOrderAsync_UnknownOrderId_ReturnsNull()",189,194
