3,1,26,0,3,"getVenues@11-13@/home/alex/dev/Bachelor/bmad-vergleichsstudie/.lizard-tmp-utCYkH/code/seed-a-frontend/src/app/core/services/venue.service.ts","/home/alex/dev/Bachelor/bmad-vergleichsstudie/.lizard-tmp-utCYkH/code/seed-a-frontend/src/app/core/services/venue.service.ts","getVenues","getVenues ( )",11,13
7,1,39,0,7,"(anonymous)@12-18@/home/alex/dev/Bachelor/bmad-vergleichsstudie/.lizard-tmp-utCYkH/code/seed-a-frontend/src/app/core/services/venue.service.spec.ts","/home/alex/dev/Bachelor/bmad-vergleichsstudie/.lizard-tmp-utCYkH/code/seed-a-frontend/src/app/core/services/venue.service.spec.ts","(anonymous)","(anonymous)",12,18
3,1,8,0,3,"(anonymous)@20-22@/home/alex/dev/Bachelor/bmad-vergleichsstudie/.lizard-tmp-utCYkH/code/seed-a-frontend/src/app/core/services/venue.service.spec.ts","/home/alex/dev/Bachelor/bmad-vergleichsstudie/.lizard-tmp-utCYkH/code/seed-a-frontend/src/app/core/services/venue.service.spec.ts","(anonymous)","(anonymous)",20,22
1,1,6,0,1,"(anonymous)@31-31@/home/alex/dev/Bachelor/bmad-vergleichsstudie/.lizard-tmp-utCYkH/code/seed-a-frontend/src/app/core/services/venue.service.spec.ts","/home/alex/dev/Bachelor/bmad-vergleichsstudie/.lizard-tmp-utCYkH/code/seed-a-frontend/src/app/core/services/venue.service.spec.ts","(anonymous)","(anonymous)",31,31
12,1,95,0,15,"(anonymous)@24-38@/home/alex/dev/Bachelor/bmad-vergleichsstudie/.lizard-tmp-utCYkH/code/seed-a-frontend/src/app/core/services/venue.service.spec.ts","/home/alex/dev/Bachelor/bmad-vergleichsstudie/.lizard-tmp-utCYkH/code/seed-a-frontend/src/app/core/services/venue.service.spec.ts","(anonymous)","(anonymous)",24,38
7,1,38,0,32,"(anonymous)@8-39@/home/alex/dev/Bachelor/bmad-vergleichsstudie/.lizard-tmp-utCYkH/code/seed-a-frontend/src/app/core/services/venue.service.spec.ts","/home/alex/dev/Bachelor/bmad-vergleichsstudie/.lizard-tmp-utCYkH/code/seed-a-frontend/src/app/core/services/venue.service.spec.ts","(anonymous)","(anonymous)",8,39
7,1,39,0,7,"(anonymous)@12-18@/home/alex/dev/Bachelor/bmad-vergleichsstudie/.lizard-tmp-utCYkH/code/seed-a-frontend/src/app/core/services/event.service.spec.ts","/home/alex/dev/Bachelor/bmad-vergleichsstudie/.lizard-tmp-utCYkH/code/seed-a-frontend/src/app/core/services/event.service.spec.ts","(anonymous)","(anonymous)",12,18
3,1,8,0,3,"(anonymous)@20-22@/home/alex/dev/Bachelor/bmad-vergleichsstudie/.lizard-tmp-utCYkH/code/seed-a-frontend/src/app/core/services/event.service.spec.ts","/home/alex/dev/Bachelor/bmad-vergleichsstudie/.lizard-tmp-utCYkH/code/seed-a-frontend/src/app/core/services/event.service.spec.ts","(anonymous)","(anonymous)",20,22
1,1,6,0,1,"(anonymous)@30-30@/home/alex/dev/Bachelor/bmad-vergleichsstudie/.lizard-tmp-utCYkH/code/seed-a-frontend/src/app/core/services/event.service.spec.ts","/home/alex/dev/Bachelor/bmad-vergleichsstudie/.lizard-tmp-utCYkH/code/seed-a-frontend/src/app/core/services/event.service.spec.ts","(anonymous)","(anonymous)",30,30
11,1,93,0,14,"(anonymous)@24-37@/home/alex/dev/Bachelor/bmad-vergleichsstudie/.lizard-tmp-utCYkH/code/seed-a-frontend/src/app/core/services/event.service.spec.ts","/home/alex/dev/Bachelor/bmad-vergleichsstudie/.lizard-tmp-utCYkH/code/seed-a-frontend/src/app/core/services/event.service.spec.ts","(anonymous)","(anonymous)",24,37
2,3,28,0,2,"(anonymous)@43-44@/home/alex/dev/Bachelor/bmad-vergleichsstudie/.lizard-tmp-utCYkH/code/seed-a-frontend/src/app/core/services/event.service.spec.ts","/home/alex/dev/Bachelor/bmad-vergleichsstudie/.lizard-tmp-utCYkH/code/seed-a-frontend/src/app/core/services/event.service.spec.ts","(anonymous)","(anonymous)",43,44
7,1,56,0,9,"(anonymous)@39-47@/home/alex/dev/Bachelor/bmad-vergleichsstudie/.lizard-tmp-utCYkH/code/seed-a-frontend/src/app/core/services/event.service.spec.ts","/home/alex/dev/Bachelor/bmad-vergleichsstudie/.lizard-tmp-utCYkH/code/seed-a-frontend/src/app/core/services/event.service.spec.ts","(anonymous)","(anonymous)",39,47
1,2,17,0,1,"(anonymous)@52-52@/home/alex/dev/Bachelor/bmad-vergleichsstudie/.lizard-tmp-utCYkH/code/seed-a-frontend/src/app/core/services/event.service.spec.ts","/home/alex/dev/Bachelor/bmad-vergleichsstudie/.lizard-tmp-utCYkH/code/seed-a-frontend/src/app/core/services/event.service.spec.ts","(anonymous)","(anonymous)",52,52
6,1,52,0,7,"(anonymous)@49-55@/home/alex/dev/Bachelor/bmad-vergleichsstudie/.lizard-tmp-utCYkH/code/seed-a-frontend/src/app/core/services/event.service.spec.ts","/home/alex/dev/Bachelor/bmad-vergleichsstudie/.lizard-tmp-utCYkH/code/seed-a-frontend/src/app/core/services/event.service.spec.ts","(anonymous)","(anonymous)",49,55
1,1,6,0,1,"(anonymous)@70-70@/home/alex/dev/Bachelor/bmad-vergleichsstudie/.lizard-tmp-utCYkH/code/seed-a-frontend/src/app/core/services/event.service.spec.ts","/home/alex/dev/Bachelor/bmad-vergleichsstudie/.lizard-tmp-utCYkH/code/seed-a-frontend/src/app/core/services/event.service.spec.ts","(anonymous)","(anonymous)",70,70
18,1,104,0,21,"(anonymous)@57-77@/home/alex/dev/Bachelor/bmad-vergleichsstudie/.lizard-tmp-utCYkH/code/seed-a-frontend/src/app/core/services/event.service.spec.ts","/home/alex/dev/Bachelor/bmad-vergleichsstudie/.lizard-tmp-utCYkH/code/seed-a-frontend/src/app/core/services/event.service.spec.ts","(anonymous)","(anonymous)",57,77
10,1,68,0,71,"(anonymous)@8-78@/home/alex/dev/Bachelor/bmad-vergleichsstudie/.lizard-tmp-utCYkH/code/seed-a-frontend/src/app/core/services/event.service.spec.ts","/home/alex/dev/Bachelor/bmad-vergleichsstudie/.lizard-tmp-utCYkH/code/seed-a-frontend/src/app/core/services/event.service.spec.ts","(anonymous)","(anonymous)",8,78
13,4,104,1,13,"getEvents@11-23@/home/alex/dev/Bachelor/bmad-vergleichsstudie/.lizard-tmp-utCYkH/code/seed-a-frontend/src/app/core/services/event.service.ts","/home/alex/dev/Bachelor/bmad-vergleichsstudie/.lizard-tmp-utCYkH/code/seed-a-frontend/src/app/core/services/event.service.ts","getEvents","getEvents ( filter EventListFilter )",11,23
3,1,30,1,3,"getEvent@25-27@/home/alex/dev/Bachelor/bmad-vergleichsstudie/.lizard-tmp-utCYkH/code/seed-a-frontend/src/app/core/services/event.service.ts","/home/alex/dev/Bachelor/bmad-vergleichsstudie/.lizard-tmp-utCYkH/code/seed-a-frontend/src/app/core/services/event.service.ts","getEvent","getEvent ( id )",25,27
3,1,31,1,3,"getSeatMap@11-13@/home/alex/dev/Bachelor/bmad-vergleichsstudie/.lizard-tmp-utCYkH/code/seed-a-frontend/src/app/core/services/seat-map.service.ts","/home/alex/dev/Bachelor/bmad-vergleichsstudie/.lizard-tmp-utCYkH/code/seed-a-frontend/src/app/core/services/seat-map.service.ts","getSeatMap","getSeatMap ( eventId )",11,13
7,1,39,0,7,"(anonymous)@12-18@/home/alex/dev/Bachelor/bmad-vergleichsstudie/.lizard-tmp-utCYkH/code/seed-a-frontend/src/app/core/services/seat-map.service.spec.ts","/home/alex/dev/Bachelor/bmad-vergleichsstudie/.lizard-tmp-utCYkH/code/seed-a-frontend/src/app/core/services/seat-map.service.spec.ts","(anonymous)","(anonymous)",12,18
3,1,8,0,3,"(anonymous)@20-22@/home/alex/dev/Bachelor/bmad-vergleichsstudie/.lizard-tmp-utCYkH/code/seed-a-frontend/src/app/core/services/seat-map.service.spec.ts","/home/alex/dev/Bachelor/bmad-vergleichsstudie/.lizard-tmp-utCYkH/code/seed-a-frontend/src/app/core/services/seat-map.service.spec.ts","(anonymous)","(anonymous)",20,22
1,1,6,0,1,"(anonymous)@38-38@/home/alex/dev/Bachelor/bmad-vergleichsstudie/.lizard-tmp-utCYkH/code/seed-a-frontend/src/app/core/services/seat-map.service.spec.ts","/home/alex/dev/Bachelor/bmad-vergleichsstudie/.lizard-tmp-utCYkH/code/seed-a-frontend/src/app/core/services/seat-map.service.spec.ts","(anonymous)","(anonymous)",38,38
19,1,152,0,22,"(anonymous)@24-45@/home/alex/dev/Bachelor/bmad-vergleichsstudie/.lizard-tmp-utCYkH/code/seed-a-frontend/src/app/core/services/seat-map.service.spec.ts","/home/alex/dev/Bachelor/bmad-vergleichsstudie/.lizard-tmp-utCYkH/code/seed-a-frontend/src/app/core/services/seat-map.service.spec.ts","(anonymous)","(anonymous)",24,45
6,1,67,0,7,"(anonymous)@47-53@/home/alex/dev/Bachelor/bmad-vergleichsstudie/.lizard-tmp-utCYkH/code/seed-a-frontend/src/app/core/services/seat-map.service.spec.ts","/home/alex/dev/Bachelor/bmad-vergleichsstudie/.lizard-tmp-utCYkH/code/seed-a-frontend/src/app/core/services/seat-map.service.spec.ts","(anonymous)","(anonymous)",47,53
8,1,48,0,47,"(anonymous)@8-54@/home/alex/dev/Bachelor/bmad-vergleichsstudie/.lizard-tmp-utCYkH/code/seed-a-frontend/src/app/core/services/seat-map.service.spec.ts","/home/alex/dev/Bachelor/bmad-vergleichsstudie/.lizard-tmp-utCYkH/code/seed-a-frontend/src/app/core/services/seat-map.service.spec.ts","(anonymous)","(anonymous)",8,54
7,1,39,0,7,"(anonymous)@12-18@/home/alex/dev/Bachelor/bmad-vergleichsstudie/.lizard-tmp-utCYkH/code/seed-a-frontend/src/app/core/services/booking.service.spec.ts","/home/alex/dev/Bachelor/bmad-vergleichsstudie/.lizard-tmp-utCYkH/code/seed-a-frontend/src/app/core/services/booking.service.spec.ts","(anonymous)","(anonymous)",12,18
3,1,8,0,3,"(anonymous)@20-22@/home/alex/dev/Bachelor/bmad-vergleichsstudie/.lizard-tmp-utCYkH/code/seed-a-frontend/src/app/core/services/booking.service.spec.ts","/home/alex/dev/Bachelor/bmad-vergleichsstudie/.lizard-tmp-utCYkH/code/seed-a-frontend/src/app/core/services/booking.service.spec.ts","(anonymous)","(anonymous)",20,22
1,1,6,0,1,"(anonymous)@43-43@/home/alex/dev/Bachelor/bmad-vergleichsstudie/.lizard-tmp-utCYkH/code/seed-a-frontend/src/app/core/services/booking.service.spec.ts","/home/alex/dev/Bachelor/bmad-vergleichsstudie/.lizard-tmp-utCYkH/code/seed-a-frontend/src/app/core/services/booking.service.spec.ts","(anonymous)","(anonymous)",43,43
25,1,177,0,28,"(anonymous)@24-51@/home/alex/dev/Bachelor/bmad-vergleichsstudie/.lizard-tmp-utCYkH/code/seed-a-frontend/src/app/core/services/booking.service.spec.ts","/home/alex/dev/Bachelor/bmad-vergleichsstudie/.lizard-tmp-utCYkH/code/seed-a-frontend/src/app/core/services/booking.service.spec.ts","(anonymous)","(anonymous)",24,51
1,1,6,0,1,"(anonymous)@66-66@/home/alex/dev/Bachelor/bmad-vergleichsstudie/.lizard-tmp-utCYkH/code/seed-a-frontend/src/app/core/services/booking.service.spec.ts","/home/alex/dev/Bachelor/bmad-vergleichsstudie/.lizard-tmp-utCYkH/code/seed-a-frontend/src/app/core/services/booking.service.spec.ts","(anonymous)","(anonymous)",66,66
18,1,130,0,21,"(anonymous)@53-73@/home/alex/dev/Bachelor/bmad-vergleichsstudie/.lizard-tmp-utCYkH/code/seed-a-frontend/src/app/core/services/booking.service.spec.ts","/home/alex/dev/Bachelor/bmad-vergleichsstudie/.lizard-tmp-utCYkH/code/seed-a-frontend/src/app/core/services/booking.service.spec.ts","(anonymous)","(anonymous)",53,73
8,1,48,0,67,"(anonymous)@8-74@/home/alex/dev/Bachelor/bmad-vergleichsstudie/.lizard-tmp-utCYkH/code/seed-a-frontend/src/app/core/services/booking.service.spec.ts","/home/alex/dev/Bachelor/bmad-vergleichsstudie/.lizard-tmp-utCYkH/code/seed-a-frontend/src/app/core/services/booking.service.spec.ts","(anonymous)","(anonymous)",8,74
3,1,27,1,3,"createBooking@11-13@/home/alex/dev/Bachelor/bmad-vergleichsstudie/.lizard-tmp-utCYkH/code/seed-a-frontend/src/app/core/services/booking.service.ts","/home/alex/dev/Bachelor/bmad-vergleichsstudie/.lizard-tmp-utCYkH/code/seed-a-frontend/src/app/core/services/booking.service.ts","createBooking","createBooking ( request CreateBookingRequest )",11,13
3,1,30,1,3,"getBooking@15-17@/home/alex/dev/Bachelor/bmad-vergleichsstudie/.lizard-tmp-utCYkH/code/seed-a-frontend/src/app/core/services/booking.service.ts","/home/alex/dev/Bachelor/bmad-vergleichsstudie/.lizard-tmp-utCYkH/code/seed-a-frontend/src/app/core/services/booking.service.ts","getBooking","getBooking ( reference )",15,17
3,1,34,1,3,"cancelBooking@19-21@/home/alex/dev/Bachelor/bmad-vergleichsstudie/.lizard-tmp-utCYkH/code/seed-a-frontend/src/app/core/services/booking.service.ts","/home/alex/dev/Bachelor/bmad-vergleichsstudie/.lizard-tmp-utCYkH/code/seed-a-frontend/src/app/core/services/booking.service.ts","cancelBooking","cancelBooking ( reference )",19,21
5,1,24,0,5,"(anonymous)@7-11@/home/alex/dev/Bachelor/bmad-vergleichsstudie/.lizard-tmp-utCYkH/code/seed-a-frontend/src/app/features/programm/event-card/event-card.spec.ts","/home/alex/dev/Bachelor/bmad-vergleichsstudie/.lizard-tmp-utCYkH/code/seed-a-frontend/src/app/features/programm/event-card/event-card.spec.ts","(anonymous)","(anonymous)",7,11
3,1,15,0,7,"(anonymous)@6-12@/home/alex/dev/Bachelor/bmad-vergleichsstudie/.lizard-tmp-utCYkH/code/seed-a-frontend/src/app/features/programm/event-card/event-card.spec.ts","/home/alex/dev/Bachelor/bmad-vergleichsstudie/.lizard-tmp-utCYkH/code/seed-a-frontend/src/app/features/programm/event-card/event-card.spec.ts","(anonymous)","(anonymous)",6,12
11,4,97,0,12,"(anonymous)@14-25@/home/alex/dev/Bachelor/bmad-vergleichsstudie/.lizard-tmp-utCYkH/code/seed-a-frontend/src/app/features/programm/event-card/event-card.spec.ts","/home/alex/dev/Bachelor/bmad-vergleichsstudie/.lizard-tmp-utCYkH/code/seed-a-frontend/src/app/features/programm/event-card/event-card.spec.ts","(anonymous)","(anonymous)",14,25
5,1,32,0,5,"(anonymous)@18-22@/home/alex/dev/Bachelor/bmad-vergleichsstudie/.lizard-tmp-utCYkH/code/seed-a-frontend/src/app/features/programm/event-list-page/event-list-page.spec.ts","/home/alex/dev/Bachelor/bmad-vergleichsstudie/.lizard-tmp-utCYkH/code/seed-a-frontend/src/app/features/programm/event-list-page/event-list-page.spec.ts","(anonymous)","(anonymous)",18,22
9,1,58,0,16,"(anonymous)@10-25@/home/alex/dev/Bachelor/bmad-vergleichsstudie/.lizard-tmp-utCYkH/code/seed-a-frontend/src/app/features/programm/event-list-page/event-list-page.spec.ts","/home/alex/dev/Bachelor/bmad-vergleichsstudie/.lizard-tmp-utCYkH/code/seed-a-frontend/src/app/features/programm/event-list-page/event-list-page.spec.ts","(anonymous)","(anonymous)",10,25
3,1,8,0,3,"(anonymous)@27-29@/home/alex/dev/Bachelor/bmad-vergleichsstudie/.lizard-tmp-utCYkH/code/seed-a-frontend/src/app/features/programm/event-list-page/event-list-page.spec.ts","/home/alex/dev/Bachelor/bmad-vergleichsstudie/.lizard-tmp-utCYkH/code/seed-a-frontend/src/app/features/programm/event-list-page/event-list-page.spec.ts","(anonymous)","(anonymous)",27,29
11,1,98,0,13,"(anonymous)@31-43@/home/alex/dev/Bachelor/bmad-vergleichsstudie/.lizard-tmp-utCYkH/code/seed-a-frontend/src/app/features/programm/event-list-page/event-list-page.spec.ts","/home/alex/dev/Bachelor/bmad-vergleichsstudie/.lizard-tmp-utCYkH/code/seed-a-frontend/src/app/features/programm/event-list-page/event-list-page.spec.ts","(anonymous)","(anonymous)",31,43
18,1,171,0,21,"(anonymous)@45-65@/home/alex/dev/Bachelor/bmad-vergleichsstudie/.lizard-tmp-utCYkH/code/seed-a-frontend/src/app/features/programm/event-list-page/event-list-page.spec.ts","/home/alex/dev/Bachelor/bmad-vergleichsstudie/.lizard-tmp-utCYkH/code/seed-a-frontend/src/app/features/programm/event-list-page/event-list-page.spec.ts","(anonymous)","(anonymous)",45,65
14,2,125,0,16,"(anonymous)@67-82@/home/alex/dev/Bachelor/bmad-vergleichsstudie/.lizard-tmp-utCYkH/code/seed-a-frontend/src/app/features/programm/event-list-page/event-list-page.spec.ts","/home/alex/dev/Bachelor/bmad-vergleichsstudie/.lizard-tmp-utCYkH/code/seed-a-frontend/src/app/features/programm/event-list-page/event-list-page.spec.ts","(anonymous)","(anonymous)",67,82
2,2,17,0,2,"(anonymous)@99-100@/home/alex/dev/Bachelor/bmad-vergleichsstudie/.lizard-tmp-utCYkH/code/seed-a-frontend/src/app/features/programm/event-list-page/event-list-page.spec.ts","/home/alex/dev/Bachelor/bmad-vergleichsstudie/.lizard-tmp-utCYkH/code/seed-a-frontend/src/app/features/programm/event-list-page/event-list-page.spec.ts","(anonymous)","(anonymous)",99,100
15,1,117,0,19,"(anonymous)@84-102@/home/alex/dev/Bachelor/bmad-vergleichsstudie/.lizard-tmp-utCYkH/code/seed-a-frontend/src/app/features/programm/event-list-page/event-list-page.spec.ts","/home/alex/dev/Bachelor/bmad-vergleichsstudie/.lizard-tmp-utCYkH/code/seed-a-frontend/src/app/features/programm/event-list-page/event-list-page.spec.ts","(anonymous)","(anonymous)",84,102
1,2,17,0,1,"(anonymous)@119-119@/home/alex/dev/Bachelor/bmad-vergleichsstudie/.lizard-tmp-utCYkH/code/seed-a-frontend/src/app/features/programm/event-list-page/event-list-page.spec.ts","/home/alex/dev/Bachelor/bmad-vergleichsstudie/.lizard-tmp-utCYkH/code/seed-a-frontend/src/app/features/programm/event-list-page/event-list-page.spec.ts","(anonymous)","(anonymous)",119,119
2,2,18,0,2,"(anonymous)@128-129@/home/alex/dev/Bachelor/bmad-vergleichsstudie/.lizard-tmp-utCYkH/code/seed-a-frontend/src/app/features/programm/event-list-page/event-list-page.spec.ts","/home/alex/dev/Bachelor/bmad-vergleichsstudie/.lizard-tmp-utCYkH/code/seed-a-frontend/src/app/features/programm/event-list-page/event-list-page.spec.ts","(anonymous)","(anonymous)",128,129
22,1,162,0,28,"(anonymous)@104-131@/home/alex/dev/Bachelor/bmad-vergleichsstudie/.lizard-tmp-utCYkH/code/seed-a-frontend/src/app/features/programm/event-list-page/event-list-page.spec.ts","/home/alex/dev/Bachelor/bmad-vergleichsstudie/.lizard-tmp-utCYkH/code/seed-a-frontend/src/app/features/programm/event-list-page/event-list-page.spec.ts","(anonymous)","(anonymous)",104,131
2,2,17,0,2,"(anonymous)@148-149@/home/alex/dev/Bachelor/bmad-vergleichsstudie/.lizard-tmp-utCYkH/code/seed-a-frontend/src/app/features/programm/event-list-page/event-list-page.spec.ts","/home/alex/dev/Bachelor/bmad-vergleichsstudie/.lizard-tmp-utCYkH/code/seed-a-frontend/src/app/features/programm/event-list-page/event-list-page.spec.ts","(anonymous)","(anonymous)",148,149
2,2,17,0,2,"(anonymous)@155-156@/home/alex/dev/Bachelor/bmad-vergleichsstudie/.lizard-tmp-utCYkH/code/seed-a-frontend/src/app/features/programm/event-list-page/event-list-page.spec.ts","/home/alex/dev/Bachelor/bmad-vergleichsstudie/.lizard-tmp-utCYkH/code/seed-a-frontend/src/app/features/programm/event-list-page/event-list-page.spec.ts","(anonymous)","(anonymous)",155,156
29,1,207,0,39,"(anonymous)@133-171@/home/alex/dev/Bachelor/bmad-vergleichsstudie/.lizard-tmp-utCYkH/code/seed-a-frontend/src/app/features/programm/event-list-page/event-list-page.spec.ts","/home/alex/dev/Bachelor/bmad-vergleichsstudie/.lizard-tmp-utCYkH/code/seed-a-frontend/src/app/features/programm/event-list-page/event-list-page.spec.ts","(anonymous)","(anonymous)",133,171
1,2,17,0,1,"(anonymous)@187-187@/home/alex/dev/Bachelor/bmad-vergleichsstudie/.lizard-tmp-utCYkH/code/seed-a-frontend/src/app/features/programm/event-list-page/event-list-page.spec.ts","/home/alex/dev/Bachelor/bmad-vergleichsstudie/.lizard-tmp-utCYkH/code/seed-a-frontend/src/app/features/programm/event-list-page/event-list-page.spec.ts","(anonymous)","(anonymous)",187,187
14,1,116,0,17,"(anonymous)@173-189@/home/alex/dev/Bachelor/bmad-vergleichsstudie/.lizard-tmp-utCYkH/code/seed-a-frontend/src/app/features/programm/event-list-page/event-list-page.spec.ts","/home/alex/dev/Bachelor/bmad-vergleichsstudie/.lizard-tmp-utCYkH/code/seed-a-frontend/src/app/features/programm/event-list-page/event-list-page.spec.ts","(anonymous)","(anonymous)",173,189
1,2,17,0,1,"(anonymous)@205-205@/home/alex/dev/Bachelor/bmad-vergleichsstudie/.lizard-tmp-utCYkH/code/seed-a-frontend/src/app/features/programm/event-list-page/event-list-page.spec.ts","/home/alex/dev/Bachelor/bmad-vergleichsstudie/.lizard-tmp-utCYkH/code/seed-a-frontend/src/app/features/programm/event-list-page/event-list-page.spec.ts","(anonymous)","(anonymous)",205,205
1,1,1,0,1,"(anonymous)@216-216@/home/alex/dev/Bachelor/bmad-vergleichsstudie/.lizard-tmp-utCYkH/code/seed-a-frontend/src/app/features/programm/event-list-page/event-list-page.spec.ts","/home/alex/dev/Bachelor/bmad-vergleichsstudie/.lizard-tmp-utCYkH/code/seed-a-frontend/src/app/features/programm/event-list-page/event-list-page.spec.ts","(anonymous)","(anonymous)",216,216
27,3,202,0,31,"(anonymous)@191-221@/home/alex/dev/Bachelor/bmad-vergleichsstudie/.lizard-tmp-utCYkH/code/seed-a-frontend/src/app/features/programm/event-list-page/event-list-page.spec.ts","/home/alex/dev/Bachelor/bmad-vergleichsstudie/.lizard-tmp-utCYkH/code/seed-a-frontend/src/app/features/programm/event-list-page/event-list-page.spec.ts","(anonymous)","(anonymous)",191,221
1,2,17,0,1,"(anonymous)@237-237@/home/alex/dev/Bachelor/bmad-vergleichsstudie/.lizard-tmp-utCYkH/code/seed-a-frontend/src/app/features/programm/event-list-page/event-list-page.spec.ts","/home/alex/dev/Bachelor/bmad-vergleichsstudie/.lizard-tmp-utCYkH/code/seed-a-frontend/src/app/features/programm/event-list-page/event-list-page.spec.ts","(anonymous)","(anonymous)",237,237
1,1,1,0,1,"(anonymous)@248-248@/home/alex/dev/Bachelor/bmad-vergleichsstudie/.lizard-tmp-utCYkH/code/seed-a-frontend/src/app/features/programm/event-list-page/event-list-page.spec.ts","/home/alex/dev/Bachelor/bmad-vergleichsstudie/.lizard-tmp-utCYkH/code/seed-a-frontend/src/app/features/programm/event-list-page/event-list-page.spec.ts","(anonymous)","(anonymous)",248,248
1,1,9,0,1,"(anonymous)@260-260@/home/alex/dev/Bachelor/bmad-vergleichsstudie/.lizard-tmp-utCYkH/code/seed-a-frontend/src/app/features/programm/event-list-page/event-list-page.spec.ts","/home/alex/dev/Bachelor/bmad-vergleichsstudie/.lizard-tmp-utCYkH/code/seed-a-frontend/src/app/features/programm/event-list-page/event-list-page.spec.ts","(anonymous)","(anonymous)",260,260
1,3,27,0,1,"(anonymous)@265-265@/home/alex/dev/Bachelor/bmad-vergleichsstudie/.lizard-tmp-utCYkH/code/seed-a-frontend/src/app/features/programm/event-list-page/event-list-page.spec.ts","/home/alex/dev/Bachelor/bmad-vergleichsstudie/.lizard-tmp-utCYkH/code/seed-a-frontend/src/app/features/programm/event-list-page/event-list-page.spec.ts","(anonymous)","(anonymous)",265,265
42,3,330,0,49,"(anonymous)@223-271@/home/alex/dev/Bachelor/bmad-vergleichsstudie/.lizard-tmp-utCYkH/code/seed-a-frontend/src/app/features/programm/event-list-page/event-list-page.spec.ts","/home/alex/dev/Bachelor/bmad-vergleichsstudie/.lizard-tmp-utCYkH/code/seed-a-frontend/src/app/features/programm/event-list-page/event-list-page.spec.ts","(anonymous)","(anonymous)",223,271
1,2,17,0,1,"(anonymous)@287-287@/home/alex/dev/Bachelor/bmad-vergleichsstudie/.lizard-tmp-utCYkH/code/seed-a-frontend/src/app/features/programm/event-list-page/event-list-page.spec.ts","/home/alex/dev/Bachelor/bmad-vergleichsstudie/.lizard-tmp-utCYkH/code/seed-a-frontend/src/app/features/programm/event-list-page/event-list-page.spec.ts","(anonymous)","(anonymous)",287,287
1,2,18,0,1,"(anonymous)@297-297@/home/alex/dev/Bachelor/bmad-vergleichsstudie/.lizard-tmp-utCYkH/code/seed-a-frontend/src/app/features/programm/event-list-page/event-list-page.spec.ts","/home/alex/dev/Bachelor/bmad-vergleichsstudie/.lizard-tmp-utCYkH/code/seed-a-frontend/src/app/features/programm/event-list-page/event-list-page.spec.ts","(anonymous)","(anonymous)",297,297
21,1,185,0,27,"(anonymous)@273-299@/home/alex/dev/Bachelor/bmad-vergleichsstudie/.lizard-tmp-utCYkH/code/seed-a-frontend/src/app/features/programm/event-list-page/event-list-page.spec.ts","/home/alex/dev/Bachelor/bmad-vergleichsstudie/.lizard-tmp-utCYkH/code/seed-a-frontend/src/app/features/programm/event-list-page/event-list-page.spec.ts","(anonymous)","(anonymous)",273,299
10,1,90,0,12,"(anonymous)@301-312@/home/alex/dev/Bachelor/bmad-vergleichsstudie/.lizard-tmp-utCYkH/code/seed-a-frontend/src/app/features/programm/event-list-page/event-list-page.spec.ts","/home/alex/dev/Bachelor/bmad-vergleichsstudie/.lizard-tmp-utCYkH/code/seed-a-frontend/src/app/features/programm/event-list-page/event-list-page.spec.ts","(anonymous)","(anonymous)",301,312
1,3,28,0,1,"computed@37-37@/home/alex/dev/Bachelor/bmad-vergleichsstudie/.lizard-tmp-utCYkH/code/seed-a-frontend/src/app/features/programm/event-list-page/event-list-page.ts","/home/alex/dev/Bachelor/bmad-vergleichsstudie/.lizard-tmp-utCYkH/code/seed-a-frontend/src/app/features/programm/event-list-page/event-list-page.ts","computed","computed ( ( )",37,37
1,1,12,0,1,"onClear@44-44@/home/alex/dev/Bachelor/bmad-vergleichsstudie/.lizard-tmp-utCYkH/code/seed-a-frontend/src/app/features/programm/event-list-page/event-list-page.ts","/home/alex/dev/Bachelor/bmad-vergleichsstudie/.lizard-tmp-utCYkH/code/seed-a-frontend/src/app/features/programm/event-list-page/event-list-page.ts","onClear","onClear ( )",44,44
1,1,12,0,1,"onClear@49-49@/home/alex/dev/Bachelor/bmad-vergleichsstudie/.lizard-tmp-utCYkH/code/seed-a-frontend/src/app/features/programm/event-list-page/event-list-page.ts","/home/alex/dev/Bachelor/bmad-vergleichsstudie/.lizard-tmp-utCYkH/code/seed-a-frontend/src/app/features/programm/event-list-page/event-list-page.ts","onClear","onClear ( )",49,49
1,1,6,0,1,"(anonymous)@54-54@/home/alex/dev/Bachelor/bmad-vergleichsstudie/.lizard-tmp-utCYkH/code/seed-a-frontend/src/app/features/programm/event-list-page/event-list-page.ts","/home/alex/dev/Bachelor/bmad-vergleichsstudie/.lizard-tmp-utCYkH/code/seed-a-frontend/src/app/features/programm/event-list-page/event-list-page.ts","(anonymous)","(anonymous)",54,54
1,1,12,0,1,"onClear@55-55@/home/alex/dev/Bachelor/bmad-vergleichsstudie/.lizard-tmp-utCYkH/code/seed-a-frontend/src/app/features/programm/event-list-page/event-list-page.ts","/home/alex/dev/Bachelor/bmad-vergleichsstudie/.lizard-tmp-utCYkH/code/seed-a-frontend/src/app/features/programm/event-list-page/event-list-page.ts","onClear","onClear ( )",55,55
17,7,157,0,21,"activeFilterChips@39-59@/home/alex/dev/Bachelor/bmad-vergleichsstudie/.lizard-tmp-utCYkH/code/seed-a-frontend/src/app/features/programm/event-list-page/event-list-page.ts","/home/alex/dev/Bachelor/bmad-vergleichsstudie/.lizard-tmp-utCYkH/code/seed-a-frontend/src/app/features/programm/event-list-page/event-list-page.ts","activeFilterChips","activeFilterChips ( ( )",39,59
2,1,14,1,2,"next@66-67@/home/alex/dev/Bachelor/bmad-vergleichsstudie/.lizard-tmp-utCYkH/code/seed-a-frontend/src/app/features/programm/event-list-page/event-list-page.ts","/home/alex/dev/Bachelor/bmad-vergleichsstudie/.lizard-tmp-utCYkH/code/seed-a-frontend/src/app/features/programm/event-list-page/event-list-page.ts","next","next ( venues )",66,67
2,1,13,0,2,"error@67-68@/home/alex/dev/Bachelor/bmad-vergleichsstudie/.lizard-tmp-utCYkH/code/seed-a-frontend/src/app/features/programm/event-list-page/event-list-page.ts","/home/alex/dev/Bachelor/bmad-vergleichsstudie/.lizard-tmp-utCYkH/code/seed-a-frontend/src/app/features/programm/event-list-page/event-list-page.ts","error","error ( )",67,68
2,1,14,1,2,"next@79-80@/home/alex/dev/Bachelor/bmad-vergleichsstudie/.lizard-tmp-utCYkH/code/seed-a-frontend/src/app/features/programm/event-list-page/event-list-page.ts","/home/alex/dev/Bachelor/bmad-vergleichsstudie/.lizard-tmp-utCYkH/code/seed-a-frontend/src/app/features/programm/event-list-page/event-list-page.ts","next","next ( events )",79,80
2,1,12,0,2,"error@80-81@/home/alex/dev/Bachelor/bmad-vergleichsstudie/.lizard-tmp-utCYkH/code/seed-a-frontend/src/app/features/programm/event-list-page/event-list-page.ts","/home/alex/dev/Bachelor/bmad-vergleichsstudie/.lizard-tmp-utCYkH/code/seed-a-frontend/src/app/features/programm/event-list-page/event-list-page.ts","error","error ( )",80,81
1,1,6,0,1,"(anonymous)@83-83@/home/alex/dev/Bachelor/bmad-vergleichsstudie/.lizard-tmp-utCYkH/code/seed-a-frontend/src/app/features/programm/event-list-page/event-list-page.ts","/home/alex/dev/Bachelor/bmad-vergleichsstudie/.lizard-tmp-utCYkH/code/seed-a-frontend/src/app/features/programm/event-list-page/event-list-page.ts","(anonymous)","(anonymous)",83,83
10,7,96,1,15,"effect@70-84@/home/alex/dev/Bachelor/bmad-vergleichsstudie/.lizard-tmp-utCYkH/code/seed-a-frontend/src/app/features/programm/event-list-page/event-list-page.ts","/home/alex/dev/Bachelor/bmad-vergleichsstudie/.lizard-tmp-utCYkH/code/seed-a-frontend/src/app/features/programm/event-list-page/event-list-page.ts","effect","effect ( ( onCleanup )",70,84
3,2,24,1,3,"onVonChange@17-19@/home/alex/dev/Bachelor/bmad-vergleichsstudie/.lizard-tmp-utCYkH/code/seed-a-frontend/src/app/features/programm/filter-bar/filter-bar.ts","/home/alex/dev/Bachelor/bmad-vergleichsstudie/.lizard-tmp-utCYkH/code/seed-a-frontend/src/app/features/programm/filter-bar/filter-bar.ts","onVonChange","onVonChange ( value )",17,19
3,2,24,1,3,"onBisChange@21-23@/home/alex/dev/Bachelor/bmad-vergleichsstudie/.lizard-tmp-utCYkH/code/seed-a-frontend/src/app/features/programm/filter-bar/filter-bar.ts","/home/alex/dev/Bachelor/bmad-vergleichsstudie/.lizard-tmp-utCYkH/code/seed-a-frontend/src/app/features/programm/filter-bar/filter-bar.ts","onBisChange","onBisChange ( value )",21,23
3,2,24,1,3,"onVenueChange@25-27@/home/alex/dev/Bachelor/bmad-vergleichsstudie/.lizard-tmp-utCYkH/code/seed-a-frontend/src/app/features/programm/filter-bar/filter-bar.ts","/home/alex/dev/Bachelor/bmad-vergleichsstudie/.lizard-tmp-utCYkH/code/seed-a-frontend/src/app/features/programm/filter-bar/filter-bar.ts","onVenueChange","onVenueChange ( value )",25,27
5,1,20,0,5,"(anonymous)@7-11@/home/alex/dev/Bachelor/bmad-vergleichsstudie/.lizard-tmp-utCYkH/code/seed-a-frontend/src/app/features/programm/filter-bar/filter-bar.spec.ts","/home/alex/dev/Bachelor/bmad-vergleichsstudie/.lizard-tmp-utCYkH/code/seed-a-frontend/src/app/features/programm/filter-bar/filter-bar.spec.ts","(anonymous)","(anonymous)",7,11
10,1,80,0,12,"(anonymous)@13-24@/home/alex/dev/Bachelor/bmad-vergleichsstudie/.lizard-tmp-utCYkH/code/seed-a-frontend/src/app/features/programm/filter-bar/filter-bar.spec.ts","/home/alex/dev/Bachelor/bmad-vergleichsstudie/.lizard-tmp-utCYkH/code/seed-a-frontend/src/app/features/programm/filter-bar/filter-bar.spec.ts","(anonymous)","(anonymous)",13,24
10,1,80,0,12,"(anonymous)@26-37@/home/alex/dev/Bachelor/bmad-vergleichsstudie/.lizard-tmp-utCYkH/code/seed-a-frontend/src/app/features/programm/filter-bar/filter-bar.spec.ts","/home/alex/dev/Bachelor/bmad-vergleichsstudie/.lizard-tmp-utCYkH/code/seed-a-frontend/src/app/features/programm/filter-bar/filter-bar.spec.ts","(anonymous)","(anonymous)",26,37
11,1,90,0,13,"(anonymous)@39-51@/home/alex/dev/Bachelor/bmad-vergleichsstudie/.lizard-tmp-utCYkH/code/seed-a-frontend/src/app/features/programm/filter-bar/filter-bar.spec.ts","/home/alex/dev/Bachelor/bmad-vergleichsstudie/.lizard-tmp-utCYkH/code/seed-a-frontend/src/app/features/programm/filter-bar/filter-bar.spec.ts","(anonymous)","(anonymous)",39,51
11,1,108,0,12,"(anonymous)@58-69@/home/alex/dev/Bachelor/bmad-vergleichsstudie/.lizard-tmp-utCYkH/code/seed-a-frontend/src/app/features/programm/filter-bar/filter-bar.spec.ts","/home/alex/dev/Bachelor/bmad-vergleichsstudie/.lizard-tmp-utCYkH/code/seed-a-frontend/src/app/features/programm/filter-bar/filter-bar.spec.ts","(anonymous)","(anonymous)",58,69
11,1,91,0,13,"(anonymous)@71-83@/home/alex/dev/Bachelor/bmad-vergleichsstudie/.lizard-tmp-utCYkH/code/seed-a-frontend/src/app/features/programm/filter-bar/filter-bar.spec.ts","/home/alex/dev/Bachelor/bmad-vergleichsstudie/.lizard-tmp-utCYkH/code/seed-a-frontend/src/app/features/programm/filter-bar/filter-bar.spec.ts","(anonymous)","(anonymous)",71,83
12,1,101,0,14,"(anonymous)@85-98@/home/alex/dev/Bachelor/bmad-vergleichsstudie/.lizard-tmp-utCYkH/code/seed-a-frontend/src/app/features/programm/filter-bar/filter-bar.spec.ts","/home/alex/dev/Bachelor/bmad-vergleichsstudie/.lizard-tmp-utCYkH/code/seed-a-frontend/src/app/features/programm/filter-bar/filter-bar.spec.ts","(anonymous)","(anonymous)",85,98
13,1,100,0,94,"(anonymous)@6-99@/home/alex/dev/Bachelor/bmad-vergleichsstudie/.lizard-tmp-utCYkH/code/seed-a-frontend/src/app/features/programm/filter-bar/filter-bar.spec.ts","/home/alex/dev/Bachelor/bmad-vergleichsstudie/.lizard-tmp-utCYkH/code/seed-a-frontend/src/app/features/programm/filter-bar/filter-bar.spec.ts","(anonymous)","(anonymous)",6,99
2,1,14,1,2,"next@28-29@/home/alex/dev/Bachelor/bmad-vergleichsstudie/.lizard-tmp-utCYkH/code/seed-a-frontend/src/app/features/veranstaltung/event-detail-page/event-detail-page.ts","/home/alex/dev/Bachelor/bmad-vergleichsstudie/.lizard-tmp-utCYkH/code/seed-a-frontend/src/app/features/veranstaltung/event-detail-page/event-detail-page.ts","next","next ( event )",28,29
2,1,12,0,2,"error@29-30@/home/alex/dev/Bachelor/bmad-vergleichsstudie/.lizard-tmp-utCYkH/code/seed-a-frontend/src/app/features/veranstaltung/event-detail-page/event-detail-page.ts","/home/alex/dev/Bachelor/bmad-vergleichsstudie/.lizard-tmp-utCYkH/code/seed-a-frontend/src/app/features/veranstaltung/event-detail-page/event-detail-page.ts","error","error ( )",29,30
1,1,6,0,1,"(anonymous)@32-32@/home/alex/dev/Bachelor/bmad-vergleichsstudie/.lizard-tmp-utCYkH/code/seed-a-frontend/src/app/features/veranstaltung/event-detail-page/event-detail-page.ts","/home/alex/dev/Bachelor/bmad-vergleichsstudie/.lizard-tmp-utCYkH/code/seed-a-frontend/src/app/features/veranstaltung/event-detail-page/event-detail-page.ts","(anonymous)","(anonymous)",32,32
7,1,53,0,11,"(anonymous)@23-33@/home/alex/dev/Bachelor/bmad-vergleichsstudie/.lizard-tmp-utCYkH/code/seed-a-frontend/src/app/features/veranstaltung/event-detail-page/event-detail-page.ts","/home/alex/dev/Bachelor/bmad-vergleichsstudie/.lizard-tmp-utCYkH/code/seed-a-frontend/src/app/features/veranstaltung/event-detail-page/event-detail-page.ts","(anonymous)","(anonymous)",23,33
3,1,13,0,13,"constructor@22-34@/home/alex/dev/Bachelor/bmad-vergleichsstudie/.lizard-tmp-utCYkH/code/seed-a-frontend/src/app/features/veranstaltung/event-detail-page/event-detail-page.ts","/home/alex/dev/Bachelor/bmad-vergleichsstudie/.lizard-tmp-utCYkH/code/seed-a-frontend/src/app/features/veranstaltung/event-detail-page/event-detail-page.ts","constructor","constructor ( )",22,34
5,1,32,0,5,"(anonymous)@12-16@/home/alex/dev/Bachelor/bmad-vergleichsstudie/.lizard-tmp-utCYkH/code/seed-a-frontend/src/app/features/veranstaltung/event-detail-page/event-detail-page.spec.ts","/home/alex/dev/Bachelor/bmad-vergleichsstudie/.lizard-tmp-utCYkH/code/seed-a-frontend/src/app/features/veranstaltung/event-detail-page/event-detail-page.spec.ts","(anonymous)","(anonymous)",12,16
5,1,29,0,10,"(anonymous)@9-18@/home/alex/dev/Bachelor/bmad-vergleichsstudie/.lizard-tmp-utCYkH/code/seed-a-frontend/src/app/features/veranstaltung/event-detail-page/event-detail-page.spec.ts","/home/alex/dev/Bachelor/bmad-vergleichsstudie/.lizard-tmp-utCYkH/code/seed-a-frontend/src/app/features/veranstaltung/event-detail-page/event-detail-page.spec.ts","(anonymous)","(anonymous)",9,18
3,1,8,0,3,"(anonymous)@20-22@/home/alex/dev/Bachelor/bmad-vergleichsstudie/.lizard-tmp-utCYkH/code/seed-a-frontend/src/app/features/veranstaltung/event-detail-page/event-detail-page.spec.ts","/home/alex/dev/Bachelor/bmad-vergleichsstudie/.lizard-tmp-utCYkH/code/seed-a-frontend/src/app/features/veranstaltung/event-detail-page/event-detail-page.spec.ts","(anonymous)","(anonymous)",20,22
17,3,145,0,19,"(anonymous)@35-53@/home/alex/dev/Bachelor/bmad-vergleichsstudie/.lizard-tmp-utCYkH/code/seed-a-frontend/src/app/features/veranstaltung/event-detail-page/event-detail-page.spec.ts","/home/alex/dev/Bachelor/bmad-vergleichsstudie/.lizard-tmp-utCYkH/code/seed-a-frontend/src/app/features/veranstaltung/event-detail-page/event-detail-page.spec.ts","(anonymous)","(anonymous)",35,53
8,1,57,0,10,"(anonymous)@55-64@/home/alex/dev/Bachelor/bmad-vergleichsstudie/.lizard-tmp-utCYkH/code/seed-a-frontend/src/app/features/veranstaltung/event-detail-page/event-detail-page.spec.ts","/home/alex/dev/Bachelor/bmad-vergleichsstudie/.lizard-tmp-utCYkH/code/seed-a-frontend/src/app/features/veranstaltung/event-detail-page/event-detail-page.spec.ts","(anonymous)","(anonymous)",55,64
10,1,80,0,12,"(anonymous)@66-77@/home/alex/dev/Bachelor/bmad-vergleichsstudie/.lizard-tmp-utCYkH/code/seed-a-frontend/src/app/features/veranstaltung/event-detail-page/event-detail-page.spec.ts","/home/alex/dev/Bachelor/bmad-vergleichsstudie/.lizard-tmp-utCYkH/code/seed-a-frontend/src/app/features/veranstaltung/event-detail-page/event-detail-page.spec.ts","(anonymous)","(anonymous)",66,77
12,1,92,0,14,"(anonymous)@79-92@/home/alex/dev/Bachelor/bmad-vergleichsstudie/.lizard-tmp-utCYkH/code/seed-a-frontend/src/app/features/veranstaltung/event-detail-page/event-detail-page.spec.ts","/home/alex/dev/Bachelor/bmad-vergleichsstudie/.lizard-tmp-utCYkH/code/seed-a-frontend/src/app/features/veranstaltung/event-detail-page/event-detail-page.spec.ts","(anonymous)","(anonymous)",79,92
12,1,106,0,14,"(anonymous)@94-107@/home/alex/dev/Bachelor/bmad-vergleichsstudie/.lizard-tmp-utCYkH/code/seed-a-frontend/src/app/features/veranstaltung/event-detail-page/event-detail-page.spec.ts","/home/alex/dev/Bachelor/bmad-vergleichsstudie/.lizard-tmp-utCYkH/code/seed-a-frontend/src/app/features/veranstaltung/event-detail-page/event-detail-page.spec.ts","(anonymous)","(anonymous)",94,107
7,6,96,0,7,"computed@25-31@/home/alex/dev/Bachelor/bmad-vergleichsstudie/.lizard-tmp-utCYkH/code/seed-a-frontend/src/app/features/sitzplan/seat/seat.ts","/home/alex/dev/Bachelor/bmad-vergleichsstudie/.lizard-tmp-utCYkH/code/seed-a-frontend/src/app/features/sitzplan/seat/seat.ts","computed","computed ( ( )",25,31
5,1,20,0,5,"(anonymous)@6-10@/home/alex/dev/Bachelor/bmad-vergleichsstudie/.lizard-tmp-utCYkH/code/seed-a-frontend/src/app/features/sitzplan/seat/seat.spec.ts","/home/alex/dev/Bachelor/bmad-vergleichsstudie/.lizard-tmp-utCYkH/code/seed-a-frontend/src/app/features/sitzplan/seat/seat.spec.ts","(anonymous)","(anonymous)",6,10
12,1,116,0,13,"(anonymous)@12-24@/home/alex/dev/Bachelor/bmad-vergleichsstudie/.lizard-tmp-utCYkH/code/seed-a-frontend/src/app/features/sitzplan/seat/seat.spec.ts","/home/alex/dev/Bachelor/bmad-vergleichsstudie/.lizard-tmp-utCYkH/code/seed-a-frontend/src/app/features/sitzplan/seat/seat.spec.ts","(anonymous)","(anonymous)",12,24
12,1,116,0,13,"(anonymous)@26-38@/home/alex/dev/Bachelor/bmad-vergleichsstudie/.lizard-tmp-utCYkH/code/seed-a-frontend/src/app/features/sitzplan/seat/seat.spec.ts","/home/alex/dev/Bachelor/bmad-vergleichsstudie/.lizard-tmp-utCYkH/code/seed-a-frontend/src/app/features/sitzplan/seat/seat.spec.ts","(anonymous)","(anonymous)",26,38
9,2,81,0,10,"(anonymous)@40-49@/home/alex/dev/Bachelor/bmad-vergleichsstudie/.lizard-tmp-utCYkH/code/seed-a-frontend/src/app/features/sitzplan/seat/seat.spec.ts","/home/alex/dev/Bachelor/bmad-vergleichsstudie/.lizard-tmp-utCYkH/code/seed-a-frontend/src/app/features/sitzplan/seat/seat.spec.ts","(anonymous)","(anonymous)",40,49
9,2,81,0,10,"(anonymous)@51-60@/home/alex/dev/Bachelor/bmad-vergleichsstudie/.lizard-tmp-utCYkH/code/seed-a-frontend/src/app/features/sitzplan/seat/seat.spec.ts","/home/alex/dev/Bachelor/bmad-vergleichsstudie/.lizard-tmp-utCYkH/code/seed-a-frontend/src/app/features/sitzplan/seat/seat.spec.ts","(anonymous)","(anonymous)",51,60
12,1,105,0,15,"(anonymous)@62-76@/home/alex/dev/Bachelor/bmad-vergleichsstudie/.lizard-tmp-utCYkH/code/seed-a-frontend/src/app/features/sitzplan/seat/seat.spec.ts","/home/alex/dev/Bachelor/bmad-vergleichsstudie/.lizard-tmp-utCYkH/code/seed-a-frontend/src/app/features/sitzplan/seat/seat.spec.ts","(anonymous)","(anonymous)",62,76
12,1,106,0,15,"(anonymous)@78-92@/home/alex/dev/Bachelor/bmad-vergleichsstudie/.lizard-tmp-utCYkH/code/seed-a-frontend/src/app/features/sitzplan/seat/seat.spec.ts","/home/alex/dev/Bachelor/bmad-vergleichsstudie/.lizard-tmp-utCYkH/code/seed-a-frontend/src/app/features/sitzplan/seat/seat.spec.ts","(anonymous)","(anonymous)",78,92
14,2,148,0,15,"(anonymous)@94-108@/home/alex/dev/Bachelor/bmad-vergleichsstudie/.lizard-tmp-utCYkH/code/seed-a-frontend/src/app/features/sitzplan/seat/seat.spec.ts","/home/alex/dev/Bachelor/bmad-vergleichsstudie/.lizard-tmp-utCYkH/code/seed-a-frontend/src/app/features/sitzplan/seat/seat.spec.ts","(anonymous)","(anonymous)",94,108
22,4,252,0,24,"(anonymous)@110-133@/home/alex/dev/Bachelor/bmad-vergleichsstudie/.lizard-tmp-utCYkH/code/seed-a-frontend/src/app/features/sitzplan/seat/seat.spec.ts","/home/alex/dev/Bachelor/bmad-vergleichsstudie/.lizard-tmp-utCYkH/code/seed-a-frontend/src/app/features/sitzplan/seat/seat.spec.ts","(anonymous)","(anonymous)",110,133
13,2,128,0,16,"(anonymous)@135-150@/home/alex/dev/Bachelor/bmad-vergleichsstudie/.lizard-tmp-utCYkH/code/seed-a-frontend/src/app/features/sitzplan/seat/seat.spec.ts","/home/alex/dev/Bachelor/bmad-vergleichsstudie/.lizard-tmp-utCYkH/code/seed-a-frontend/src/app/features/sitzplan/seat/seat.spec.ts","(anonymous)","(anonymous)",135,150
15,2,149,0,18,"(anonymous)@152-169@/home/alex/dev/Bachelor/bmad-vergleichsstudie/.lizard-tmp-utCYkH/code/seed-a-frontend/src/app/features/sitzplan/seat/seat.spec.ts","/home/alex/dev/Bachelor/bmad-vergleichsstudie/.lizard-tmp-utCYkH/code/seed-a-frontend/src/app/features/sitzplan/seat/seat.spec.ts","(anonymous)","(anonymous)",152,169
25,2,265,0,27,"(anonymous)@171-197@/home/alex/dev/Bachelor/bmad-vergleichsstudie/.lizard-tmp-utCYkH/code/seed-a-frontend/src/app/features/sitzplan/seat/seat.spec.ts","/home/alex/dev/Bachelor/bmad-vergleichsstudie/.lizard-tmp-utCYkH/code/seed-a-frontend/src/app/features/sitzplan/seat/seat.spec.ts","(anonymous)","(anonymous)",171,197
16,1,111,0,17,"(anonymous)@199-215@/home/alex/dev/Bachelor/bmad-vergleichsstudie/.lizard-tmp-utCYkH/code/seed-a-frontend/src/app/features/sitzplan/seat/seat.spec.ts","/home/alex/dev/Bachelor/bmad-vergleichsstudie/.lizard-tmp-utCYkH/code/seed-a-frontend/src/app/features/sitzplan/seat/seat.spec.ts","(anonymous)","(anonymous)",199,215
12,2,114,0,13,"(anonymous)@217-229@/home/alex/dev/Bachelor/bmad-vergleichsstudie/.lizard-tmp-utCYkH/code/seed-a-frontend/src/app/features/sitzplan/seat/seat.spec.ts","/home/alex/dev/Bachelor/bmad-vergleichsstudie/.lizard-tmp-utCYkH/code/seed-a-frontend/src/app/features/sitzplan/seat/seat.spec.ts","(anonymous)","(anonymous)",217,229
12,2,114,0,13,"(anonymous)@231-243@/home/alex/dev/Bachelor/bmad-vergleichsstudie/.lizard-tmp-utCYkH/code/seed-a-frontend/src/app/features/sitzplan/seat/seat.spec.ts","/home/alex/dev/Bachelor/bmad-vergleichsstudie/.lizard-tmp-utCYkH/code/seed-a-frontend/src/app/features/sitzplan/seat/seat.spec.ts","(anonymous)","(anonymous)",231,243
17,1,151,0,240,"(anonymous)@5-244@/home/alex/dev/Bachelor/bmad-vergleichsstudie/.lizard-tmp-utCYkH/code/seed-a-frontend/src/app/features/sitzplan/seat/seat.spec.ts","/home/alex/dev/Bachelor/bmad-vergleichsstudie/.lizard-tmp-utCYkH/code/seed-a-frontend/src/app/features/sitzplan/seat/seat.spec.ts","(anonymous)","(anonymous)",5,244
4,1,36,2,5,"distance@30-34@/home/alex/dev/Bachelor/bmad-vergleichsstudie/.lizard-tmp-utCYkH/code/seed-a-frontend/src/app/features/sitzplan/sitzplan-page/sitzplan-page.ts","/home/alex/dev/Bachelor/bmad-vergleichsstudie/.lizard-tmp-utCYkH/code/seed-a-frontend/src/app/features/sitzplan/sitzplan-page/sitzplan-page.ts","distance","distance ( a Point , b Point )",30,34
4,1,27,2,5,"midpoint@34-38@/home/alex/dev/Bachelor/bmad-vergleichsstudie/.lizard-tmp-utCYkH/code/seed-a-frontend/src/app/features/sitzplan/sitzplan-page/sitzplan-page.ts","/home/alex/dev/Bachelor/bmad-vergleichsstudie/.lizard-tmp-utCYkH/code/seed-a-frontend/src/app/features/sitzplan/sitzplan-page/sitzplan-page.ts","midpoint","midpoint ( a Point , b Point )",34,38
4,1,35,3,5,"clamp@38-42@/home/alex/dev/Bachelor/bmad-vergleichsstudie/.lizard-tmp-utCYkH/code/seed-a-frontend/src/app/features/sitzplan/sitzplan-page/sitzplan-page.ts","/home/alex/dev/Bachelor/bmad-vergleichsstudie/.lizard-tmp-utCYkH/code/seed-a-frontend/src/app/features/sitzplan/sitzplan-page/sitzplan-page.ts","clamp","clamp ( value , min , max )",38,42
1,4,13,0,1,"(anonymous)@69-69@/home/alex/dev/Bachelor/bmad-vergleichsstudie/.lizard-tmp-utCYkH/code/seed-a-frontend/src/app/features/sitzplan/sitzplan-page/sitzplan-page.ts","/home/alex/dev/Bachelor/bmad-vergleichsstudie/.lizard-tmp-utCYkH/code/seed-a-frontend/src/app/features/sitzplan/sitzplan-page/sitzplan-page.ts","(anonymous)","(anonymous)",69,69
7,5,57,0,7,"panelSeatId@71-77@/home/alex/dev/Bachelor/bmad-vergleichsstudie/.lizard-tmp-utCYkH/code/seed-a-frontend/src/app/features/sitzplan/sitzplan-page/sitzplan-page.ts","/home/alex/dev/Bachelor/bmad-vergleichsstudie/.lizard-tmp-utCYkH/code/seed-a-frontend/src/app/features/sitzplan/sitzplan-page/sitzplan-page.ts","panelSeatId","panelSeatId ( ( )",71,77
1,1,6,0,1,"(anonymous)@81-81@/home/alex/dev/Bachelor/bmad-vergleichsstudie/.lizard-tmp-utCYkH/code/seed-a-frontend/src/app/features/sitzplan/sitzplan-page/sitzplan-page.ts","/home/alex/dev/Bachelor/bmad-vergleichsstudie/.lizard-tmp-utCYkH/code/seed-a-frontend/src/app/features/sitzplan/sitzplan-page/sitzplan-page.ts","(anonymous)","(anonymous)",81,81
4,6,45,0,4,"panelSeatRow@79-82@/home/alex/dev/Bachelor/bmad-vergleichsstudie/.lizard-tmp-utCYkH/code/seed-a-frontend/src/app/features/sitzplan/sitzplan-page/sitzplan-page.ts","/home/alex/dev/Bachelor/bmad-vergleichsstudie/.lizard-tmp-utCYkH/code/seed-a-frontend/src/app/features/sitzplan/sitzplan-page/sitzplan-page.ts","panelSeatRow","panelSeatRow ( ( )",79,82
1,1,16,0,1,"(anonymous)@88-88@/home/alex/dev/Bachelor/bmad-vergleichsstudie/.lizard-tmp-utCYkH/code/seed-a-frontend/src/app/features/sitzplan/sitzplan-page/sitzplan-page.ts","/home/alex/dev/Bachelor/bmad-vergleichsstudie/.lizard-tmp-utCYkH/code/seed-a-frontend/src/app/features/sitzplan/sitzplan-page/sitzplan-page.ts","(anonymous)","(anonymous)",88,88
1,1,4,0,1,"(anonymous)@92-92@/home/alex/dev/Bachelor/bmad-vergleichsstudie/.lizard-tmp-utCYkH/code/seed-a-frontend/src/app/features/sitzplan/sitzplan-page/sitzplan-page.ts","/home/alex/dev/Bachelor/bmad-vergleichsstudie/.lizard-tmp-utCYkH/code/seed-a-frontend/src/app/features/sitzplan/sitzplan-page/sitzplan-page.ts","(anonymous)","(anonymous)",92,92
4,2,41,0,4,"columnNumbers@90-93@/home/alex/dev/Bachelor/bmad-vergleichsstudie/.lizard-tmp-utCYkH/code/seed-a-frontend/src/app/features/sitzplan/sitzplan-page/sitzplan-page.ts","/home/alex/dev/Bachelor/bmad-vergleichsstudie/.lizard-tmp-utCYkH/code/seed-a-frontend/src/app/features/sitzplan/sitzplan-page/sitzplan-page.ts","columnNumbers","columnNumbers ( ( )",90,93
7,5,59,0,7,"seatByPosition@95-101@/home/alex/dev/Bachelor/bmad-vergleichsstudie/.lizard-tmp-utCYkH/code/seed-a-frontend/src/app/features/sitzplan/sitzplan-page/sitzplan-page.ts","/home/alex/dev/Bachelor/bmad-vergleichsstudie/.lizard-tmp-utCYkH/code/seed-a-frontend/src/app/features/sitzplan/sitzplan-page/sitzplan-page.ts","seatByPosition","seatByPosition ( ( )",95,101
8,3,62,0,8,"(anonymous)@114-121@/home/alex/dev/Bachelor/bmad-vergleichsstudie/.lizard-tmp-utCYkH/code/seed-a-frontend/src/app/features/sitzplan/sitzplan-page/sitzplan-page.ts","/home/alex/dev/Bachelor/bmad-vergleichsstudie/.lizard-tmp-utCYkH/code/seed-a-frontend/src/app/features/sitzplan/sitzplan-page/sitzplan-page.ts","(anonymous)","(anonymous)",114,121
4,1,31,0,11,"(anonymous)@112-122@/home/alex/dev/Bachelor/bmad-vergleichsstudie/.lizard-tmp-utCYkH/code/seed-a-frontend/src/app/features/sitzplan/sitzplan-page/sitzplan-page.ts","/home/alex/dev/Bachelor/bmad-vergleichsstudie/.lizard-tmp-utCYkH/code/seed-a-frontend/src/app/features/sitzplan/sitzplan-page/sitzplan-page.ts","(anonymous)","(anonymous)",112,122
9,2,59,0,21,"rowsWithCells@103-123@/home/alex/dev/Bachelor/bmad-vergleichsstudie/.lizard-tmp-utCYkH/code/seed-a-frontend/src/app/features/sitzplan/sitzplan-page/sitzplan-page.ts","/home/alex/dev/Bachelor/bmad-vergleichsstudie/.lizard-tmp-utCYkH/code/seed-a-frontend/src/app/features/sitzplan/sitzplan-page/sitzplan-page.ts","rowsWithCells","rowsWithCells ( ( )",103,123
1,1,6,0,1,"(anonymous)@146-146@/home/alex/dev/Bachelor/bmad-vergleichsstudie/.lizard-tmp-utCYkH/code/seed-a-frontend/src/app/features/sitzplan/sitzplan-page/sitzplan-page.ts","/home/alex/dev/Bachelor/bmad-vergleichsstudie/.lizard-tmp-utCYkH/code/seed-a-frontend/src/app/features/sitzplan/sitzplan-page/sitzplan-page.ts","(anonymous)","(anonymous)",146,146
4,4,38,1,4,"next@144-147@/home/alex/dev/Bachelor/bmad-vergleichsstudie/.lizard-tmp-utCYkH/code/seed-a-frontend/src/app/features/sitzplan/sitzplan-page/sitzplan-page.ts","/home/alex/dev/Bachelor/bmad-vergleichsstudie/.lizard-tmp-utCYkH/code/seed-a-frontend/src/app/features/sitzplan/sitzplan-page/sitzplan-page.ts","next","next ( seatMap )",144,147
2,1,12,0,2,"error@148-149@/home/alex/dev/Bachelor/bmad-vergleichsstudie/.lizard-tmp-utCYkH/code/seed-a-frontend/src/app/features/sitzplan/sitzplan-page/sitzplan-page.ts","/home/alex/dev/Bachelor/bmad-vergleichsstudie/.lizard-tmp-utCYkH/code/seed-a-frontend/src/app/features/sitzplan/sitzplan-page/sitzplan-page.ts","error","error ( )",148,149
1,1,6,0,1,"(anonymous)@151-151@/home/alex/dev/Bachelor/bmad-vergleichsstudie/.lizard-tmp-utCYkH/code/seed-a-frontend/src/app/features/sitzplan/sitzplan-page/sitzplan-page.ts","/home/alex/dev/Bachelor/bmad-vergleichsstudie/.lizard-tmp-utCYkH/code/seed-a-frontend/src/app/features/sitzplan/sitzplan-page/sitzplan-page.ts","(anonymous)","(anonymous)",151,151
12,1,102,1,18,"effect@135-152@/home/alex/dev/Bachelor/bmad-vergleichsstudie/.lizard-tmp-utCYkH/code/seed-a-frontend/src/app/features/sitzplan/sitzplan-page/sitzplan-page.ts","/home/alex/dev/Bachelor/bmad-vergleichsstudie/.lizard-tmp-utCYkH/code/seed-a-frontend/src/app/features/sitzplan/sitzplan-page/sitzplan-page.ts","effect","effect ( ( onCleanup )",135,152
9,2,42,0,9,"(anonymous)@164-172@/home/alex/dev/Bachelor/bmad-vergleichsstudie/.lizard-tmp-utCYkH/code/seed-a-frontend/src/app/features/sitzplan/sitzplan-page/sitzplan-page.ts","/home/alex/dev/Bachelor/bmad-vergleichsstudie/.lizard-tmp-utCYkH/code/seed-a-frontend/src/app/features/sitzplan/sitzplan-page/sitzplan-page.ts","(anonymous)","(anonymous)",164,172
5,1,21,0,5,"(anonymous)@175-179@/home/alex/dev/Bachelor/bmad-vergleichsstudie/.lizard-tmp-utCYkH/code/seed-a-frontend/src/app/features/sitzplan/sitzplan-page/sitzplan-page.ts","/home/alex/dev/Bachelor/bmad-vergleichsstudie/.lizard-tmp-utCYkH/code/seed-a-frontend/src/app/features/sitzplan/sitzplan-page/sitzplan-page.ts","(anonymous)","(anonymous)",175,179
1,1,13,0,1,"(anonymous)@182-182@/home/alex/dev/Bachelor/bmad-vergleichsstudie/.lizard-tmp-utCYkH/code/seed-a-frontend/src/app/features/sitzplan/sitzplan-page/sitzplan-page.ts","/home/alex/dev/Bachelor/bmad-vergleichsstudie/.lizard-tmp-utCYkH/code/seed-a-frontend/src/app/features/sitzplan/sitzplan-page/sitzplan-page.ts","(anonymous)","(anonymous)",182,182
1,1,13,0,1,"(anonymous)@187-187@/home/alex/dev/Bachelor/bmad-vergleichsstudie/.lizard-tmp-utCYkH/code/seed-a-frontend/src/app/features/sitzplan/sitzplan-page/sitzplan-page.ts","/home/alex/dev/Bachelor/bmad-vergleichsstudie/.lizard-tmp-utCYkH/code/seed-a-frontend/src/app/features/sitzplan/sitzplan-page/sitzplan-page.ts","(anonymous)","(anonymous)",187,187
1,1,6,0,1,"(anonymous)@192-192@/home/alex/dev/Bachelor/bmad-vergleichsstudie/.lizard-tmp-utCYkH/code/seed-a-frontend/src/app/features/sitzplan/sitzplan-page/sitzplan-page.ts","/home/alex/dev/Bachelor/bmad-vergleichsstudie/.lizard-tmp-utCYkH/code/seed-a-frontend/src/app/features/sitzplan/sitzplan-page/sitzplan-page.ts","(anonymous)","(anonymous)",192,192
1,1,6,0,1,"(anonymous)@201-201@/home/alex/dev/Bachelor/bmad-vergleichsstudie/.lizard-tmp-utCYkH/code/seed-a-frontend/src/app/features/sitzplan/sitzplan-page/sitzplan-page.ts","/home/alex/dev/Bachelor/bmad-vergleichsstudie/.lizard-tmp-utCYkH/code/seed-a-frontend/src/app/features/sitzplan/sitzplan-page/sitzplan-page.ts","(anonymous)","(anonymous)",201,201
1,1,12,0,1,"(anonymous)@201-201@/home/alex/dev/Bachelor/bmad-vergleichsstudie/.lizard-tmp-utCYkH/code/seed-a-frontend/src/app/features/sitzplan/sitzplan-page/sitzplan-page.ts","/home/alex/dev/Bachelor/bmad-vergleichsstudie/.lizard-tmp-utCYkH/code/seed-a-frontend/src/app/features/sitzplan/sitzplan-page/sitzplan-page.ts","(anonymous)","(anonymous)",201,201
1,1,4,0,1,"(anonymous)@202-202@/home/alex/dev/Bachelor/bmad-vergleichsstudie/.lizard-tmp-utCYkH/code/seed-a-frontend/src/app/features/sitzplan/sitzplan-page/sitzplan-page.ts","/home/alex/dev/Bachelor/bmad-vergleichsstudie/.lizard-tmp-utCYkH/code/seed-a-frontend/src/app/features/sitzplan/sitzplan-page/sitzplan-page.ts","(anonymous)","(anonymous)",202,202
10,5,53,0,10,"(anonymous)@203-212@/home/alex/dev/Bachelor/bmad-vergleichsstudie/.lizard-tmp-utCYkH/code/seed-a-frontend/src/app/features/sitzplan/sitzplan-page/sitzplan-page.ts","/home/alex/dev/Bachelor/bmad-vergleichsstudie/.lizard-tmp-utCYkH/code/seed-a-frontend/src/app/features/sitzplan/sitzplan-page/sitzplan-page.ts","(anonymous)","(anonymous)",203,212
1,2,19,0,1,"(anonymous)@213-213@/home/alex/dev/Bachelor/bmad-vergleichsstudie/.lizard-tmp-utCYkH/code/seed-a-frontend/src/app/features/sitzplan/sitzplan-page/sitzplan-page.ts","/home/alex/dev/Bachelor/bmad-vergleichsstudie/.lizard-tmp-utCYkH/code/seed-a-frontend/src/app/features/sitzplan/sitzplan-page/sitzplan-page.ts","(anonymous)","(anonymous)",213,213
11,2,77,0,20,"selectedSeatSummaries@195-214@/home/alex/dev/Bachelor/bmad-vergleichsstudie/.lizard-tmp-utCYkH/code/seed-a-frontend/src/app/features/sitzplan/sitzplan-page/sitzplan-page.ts","/home/alex/dev/Bachelor/bmad-vergleichsstudie/.lizard-tmp-utCYkH/code/seed-a-frontend/src/app/features/sitzplan/sitzplan-page/sitzplan-page.ts","selectedSeatSummaries","selectedSeatSummaries ( ( )",195,214
2,1,14,0,2,"(anonymous)@218-219@/home/alex/dev/Bachelor/bmad-vergleichsstudie/.lizard-tmp-utCYkH/code/seed-a-frontend/src/app/features/sitzplan/sitzplan-page/sitzplan-page.ts","/home/alex/dev/Bachelor/bmad-vergleichsstudie/.lizard-tmp-utCYkH/code/seed-a-frontend/src/app/features/sitzplan/sitzplan-page/sitzplan-page.ts","(anonymous)","(anonymous)",218,219
6,1,31,0,7,"totalPrice@216-222@/home/alex/dev/Bachelor/bmad-vergleichsstudie/.lizard-tmp-utCYkH/code/seed-a-frontend/src/app/features/sitzplan/sitzplan-page/sitzplan-page.ts","/home/alex/dev/Bachelor/bmad-vergleichsstudie/.lizard-tmp-utCYkH/code/seed-a-frontend/src/app/features/sitzplan/sitzplan-page/sitzplan-page.ts","totalPrice","totalPrice ( ( )",216,222
1,1,6,0,1,"(anonymous)@226-226@/home/alex/dev/Bachelor/bmad-vergleichsstudie/.lizard-tmp-utCYkH/code/seed-a-frontend/src/app/features/sitzplan/sitzplan-page/sitzplan-page.ts","/home/alex/dev/Bachelor/bmad-vergleichsstudie/.lizard-tmp-utCYkH/code/seed-a-frontend/src/app/features/sitzplan/sitzplan-page/sitzplan-page.ts","(anonymous)","(anonymous)",226,226
4,3,41,0,4,"soldOut@224-227@/home/alex/dev/Bachelor/bmad-vergleichsstudie/.lizard-tmp-utCYkH/code/seed-a-frontend/src/app/features/sitzplan/sitzplan-page/sitzplan-page.ts","/home/alex/dev/Bachelor/bmad-vergleichsstudie/.lizard-tmp-utCYkH/code/seed-a-frontend/src/app/features/sitzplan/sitzplan-page/sitzplan-page.ts","soldOut","soldOut ( ( )",224,227
1,1,6,0,1,"(anonymous)@235-235@/home/alex/dev/Bachelor/bmad-vergleichsstudie/.lizard-tmp-utCYkH/code/seed-a-frontend/src/app/features/sitzplan/sitzplan-page/sitzplan-page.ts","/home/alex/dev/Bachelor/bmad-vergleichsstudie/.lizard-tmp-utCYkH/code/seed-a-frontend/src/app/features/sitzplan/sitzplan-page/sitzplan-page.ts","(anonymous)","(anonymous)",235,235
1,2,20,0,1,"(anonymous)@238-238@/home/alex/dev/Bachelor/bmad-vergleichsstudie/.lizard-tmp-utCYkH/code/seed-a-frontend/src/app/features/sitzplan/sitzplan-page/sitzplan-page.ts","/home/alex/dev/Bachelor/bmad-vergleichsstudie/.lizard-tmp-utCYkH/code/seed-a-frontend/src/app/features/sitzplan/sitzplan-page/sitzplan-page.ts","(anonymous)","(anonymous)",238,238
1,1,10,0,1,"(anonymous)@246-246@/home/alex/dev/Bachelor/bmad-vergleichsstudie/.lizard-tmp-utCYkH/code/seed-a-frontend/src/app/features/sitzplan/sitzplan-page/sitzplan-page.ts","/home/alex/dev/Bachelor/bmad-vergleichsstudie/.lizard-tmp-utCYkH/code/seed-a-frontend/src/app/features/sitzplan/sitzplan-page/sitzplan-page.ts","(anonymous)","(anonymous)",246,246
1,2,22,0,1,"(anonymous)@283-283@/home/alex/dev/Bachelor/bmad-vergleichsstudie/.lizard-tmp-utCYkH/code/seed-a-frontend/src/app/features/sitzplan/sitzplan-page/sitzplan-page.ts","/home/alex/dev/Bachelor/bmad-vergleichsstudie/.lizard-tmp-utCYkH/code/seed-a-frontend/src/app/features/sitzplan/sitzplan-page/sitzplan-page.ts","(anonymous)","(anonymous)",283,283
1,1,15,0,1,"(anonymous)@328-328@/home/alex/dev/Bachelor/bmad-vergleichsstudie/.lizard-tmp-utCYkH/code/seed-a-frontend/src/app/features/sitzplan/sitzplan-page/sitzplan-page.ts","/home/alex/dev/Bachelor/bmad-vergleichsstudie/.lizard-tmp-utCYkH/code/seed-a-frontend/src/app/features/sitzplan/sitzplan-page/sitzplan-page.ts","(anonymous)","(anonymous)",328,328
1,1,15,0,1,"(anonymous)@329-329@/home/alex/dev/Bachelor/bmad-vergleichsstudie/.lizard-tmp-utCYkH/code/seed-a-frontend/src/app/features/sitzplan/sitzplan-page/sitzplan-page.ts","/home/alex/dev/Bachelor/bmad-vergleichsstudie/.lizard-tmp-utCYkH/code/seed-a-frontend/src/app/features/sitzplan/sitzplan-page/sitzplan-page.ts","(anonymous)","(anonymous)",329,329
1,1,15,0,1,"(anonymous)@332-332@/home/alex/dev/Bachelor/bmad-vergleichsstudie/.lizard-tmp-utCYkH/code/seed-a-frontend/src/app/features/sitzplan/sitzplan-page/sitzplan-page.ts","/home/alex/dev/Bachelor/bmad-vergleichsstudie/.lizard-tmp-utCYkH/code/seed-a-frontend/src/app/features/sitzplan/sitzplan-page/sitzplan-page.ts","(anonymous)","(anonymous)",332,332
1,1,15,0,1,"(anonymous)@333-333@/home/alex/dev/Bachelor/bmad-vergleichsstudie/.lizard-tmp-utCYkH/code/seed-a-frontend/src/app/features/sitzplan/sitzplan-page/sitzplan-page.ts","/home/alex/dev/Bachelor/bmad-vergleichsstudie/.lizard-tmp-utCYkH/code/seed-a-frontend/src/app/features/sitzplan/sitzplan-page/sitzplan-page.ts","(anonymous)","(anonymous)",333,333
1,1,6,0,1,"(anonymous)@360-360@/home/alex/dev/Bachelor/bmad-vergleichsstudie/.lizard-tmp-utCYkH/code/seed-a-frontend/src/app/features/sitzplan/sitzplan-page/sitzplan-page.ts","/home/alex/dev/Bachelor/bmad-vergleichsstudie/.lizard-tmp-utCYkH/code/seed-a-frontend/src/app/features/sitzplan/sitzplan-page/sitzplan-page.ts","(anonymous)","(anonymous)",360,360
4,1,26,0,4,"(anonymous)@380-383@/home/alex/dev/Bachelor/bmad-vergleichsstudie/.lizard-tmp-utCYkH/code/seed-a-frontend/src/app/features/sitzplan/sitzplan-page/sitzplan-page.ts","/home/alex/dev/Bachelor/bmad-vergleichsstudie/.lizard-tmp-utCYkH/code/seed-a-frontend/src/app/features/sitzplan/sitzplan-page/sitzplan-page.ts","(anonymous)","(anonymous)",380,383
3,1,33,1,3,"next@387-389@/home/alex/dev/Bachelor/bmad-vergleichsstudie/.lizard-tmp-utCYkH/code/seed-a-frontend/src/app/features/sitzplan/sitzplan-page/sitzplan-page.ts","/home/alex/dev/Bachelor/bmad-vergleichsstudie/.lizard-tmp-utCYkH/code/seed-a-frontend/src/app/features/sitzplan/sitzplan-page/sitzplan-page.ts","next","next ( booking )",387,389
18,8,139,1,18,"error@390-407@/home/alex/dev/Bachelor/bmad-vergleichsstudie/.lizard-tmp-utCYkH/code/seed-a-frontend/src/app/features/sitzplan/sitzplan-page/sitzplan-page.ts","/home/alex/dev/Bachelor/bmad-vergleichsstudie/.lizard-tmp-utCYkH/code/seed-a-frontend/src/app/features/sitzplan/sitzplan-page/sitzplan-page.ts","error","error ( err HttpErrorResponse )",390,407
1,1,13,0,1,"(anonymous)@416-416@/home/alex/dev/Bachelor/bmad-vergleichsstudie/.lizard-tmp-utCYkH/code/seed-a-frontend/src/app/features/sitzplan/sitzplan-page/sitzplan-page.ts","/home/alex/dev/Bachelor/bmad-vergleichsstudie/.lizard-tmp-utCYkH/code/seed-a-frontend/src/app/features/sitzplan/sitzplan-page/sitzplan-page.ts","(anonymous)","(anonymous)",416,416
1,1,4,0,1,"(anonymous)@416-416@/home/alex/dev/Bachelor/bmad-vergleichsstudie/.lizard-tmp-utCYkH/code/seed-a-frontend/src/app/features/sitzplan/sitzplan-page/sitzplan-page.ts","/home/alex/dev/Bachelor/bmad-vergleichsstudie/.lizard-tmp-utCYkH/code/seed-a-frontend/src/app/features/sitzplan/sitzplan-page/sitzplan-page.ts","(anonymous)","(anonymous)",416,416
1,1,8,0,1,"(anonymous)@418-418@/home/alex/dev/Bachelor/bmad-vergleichsstudie/.lizard-tmp-utCYkH/code/seed-a-frontend/src/app/features/sitzplan/sitzplan-page/sitzplan-page.ts","/home/alex/dev/Bachelor/bmad-vergleichsstudie/.lizard-tmp-utCYkH/code/seed-a-frontend/src/app/features/sitzplan/sitzplan-page/sitzplan-page.ts","(anonymous)","(anonymous)",418,418
1,1,17,0,1,"(anonymous)@418-418@/home/alex/dev/Bachelor/bmad-vergleichsstudie/.lizard-tmp-utCYkH/code/seed-a-frontend/src/app/features/sitzplan/sitzplan-page/sitzplan-page.ts","/home/alex/dev/Bachelor/bmad-vergleichsstudie/.lizard-tmp-utCYkH/code/seed-a-frontend/src/app/features/sitzplan/sitzplan-page/sitzplan-page.ts","(anonymous)","(anonymous)",418,418
5,2,28,0,5,"(anonymous)@419-423@/home/alex/dev/Bachelor/bmad-vergleichsstudie/.lizard-tmp-utCYkH/code/seed-a-frontend/src/app/features/sitzplan/sitzplan-page/sitzplan-page.ts","/home/alex/dev/Bachelor/bmad-vergleichsstudie/.lizard-tmp-utCYkH/code/seed-a-frontend/src/app/features/sitzplan/sitzplan-page/sitzplan-page.ts","(anonymous)","(anonymous)",419,423
8,1,67,1,12,"next@413-424@/home/alex/dev/Bachelor/bmad-vergleichsstudie/.lizard-tmp-utCYkH/code/seed-a-frontend/src/app/features/sitzplan/sitzplan-page/sitzplan-page.ts","/home/alex/dev/Bachelor/bmad-vergleichsstudie/.lizard-tmp-utCYkH/code/seed-a-frontend/src/app/features/sitzplan/sitzplan-page/sitzplan-page.ts","next","next ( seatMap )",413,424
2,1,4,0,2,"error@427-428@/home/alex/dev/Bachelor/bmad-vergleichsstudie/.lizard-tmp-utCYkH/code/seed-a-frontend/src/app/features/sitzplan/sitzplan-page/sitzplan-page.ts","/home/alex/dev/Bachelor/bmad-vergleichsstudie/.lizard-tmp-utCYkH/code/seed-a-frontend/src/app/features/sitzplan/sitzplan-page/sitzplan-page.ts","error","error ( )",427,428
5,1,32,0,5,"(anonymous)@12-16@/home/alex/dev/Bachelor/bmad-vergleichsstudie/.lizard-tmp-utCYkH/code/seed-a-frontend/src/app/features/sitzplan/sitzplan-page/sitzplan-page.spec.ts","/home/alex/dev/Bachelor/bmad-vergleichsstudie/.lizard-tmp-utCYkH/code/seed-a-frontend/src/app/features/sitzplan/sitzplan-page/sitzplan-page.spec.ts","(anonymous)","(anonymous)",12,16
5,1,29,0,10,"(anonymous)@9-18@/home/alex/dev/Bachelor/bmad-vergleichsstudie/.lizard-tmp-utCYkH/code/seed-a-frontend/src/app/features/sitzplan/sitzplan-page/sitzplan-page.spec.ts","/home/alex/dev/Bachelor/bmad-vergleichsstudie/.lizard-tmp-utCYkH/code/seed-a-frontend/src/app/features/sitzplan/sitzplan-page/sitzplan-page.spec.ts","(anonymous)","(anonymous)",9,18
3,1,8,0,3,"(anonymous)@20-22@/home/alex/dev/Bachelor/bmad-vergleichsstudie/.lizard-tmp-utCYkH/code/seed-a-frontend/src/app/features/sitzplan/sitzplan-page/sitzplan-page.spec.ts","/home/alex/dev/Bachelor/bmad-vergleichsstudie/.lizard-tmp-utCYkH/code/seed-a-frontend/src/app/features/sitzplan/sitzplan-page/sitzplan-page.spec.ts","(anonymous)","(anonymous)",20,22
10,1,81,0,12,"(anonymous)@41-52@/home/alex/dev/Bachelor/bmad-vergleichsstudie/.lizard-tmp-utCYkH/code/seed-a-frontend/src/app/features/sitzplan/sitzplan-page/sitzplan-page.spec.ts","/home/alex/dev/Bachelor/bmad-vergleichsstudie/.lizard-tmp-utCYkH/code/seed-a-frontend/src/app/features/sitzplan/sitzplan-page/sitzplan-page.spec.ts","(anonymous)","(anonymous)",41,52
13,1,129,0,15,"(anonymous)@54-68@/home/alex/dev/Bachelor/bmad-vergleichsstudie/.lizard-tmp-utCYkH/code/seed-a-frontend/src/app/features/sitzplan/sitzplan-page/sitzplan-page.spec.ts","/home/alex/dev/Bachelor/bmad-vergleichsstudie/.lizard-tmp-utCYkH/code/seed-a-frontend/src/app/features/sitzplan/sitzplan-page/sitzplan-page.spec.ts","(anonymous)","(anonymous)",54,68
1,1,8,0,1,"(anonymous)@80-80@/home/alex/dev/Bachelor/bmad-vergleichsstudie/.lizard-tmp-utCYkH/code/seed-a-frontend/src/app/features/sitzplan/sitzplan-page/sitzplan-page.spec.ts","/home/alex/dev/Bachelor/bmad-vergleichsstudie/.lizard-tmp-utCYkH/code/seed-a-frontend/src/app/features/sitzplan/sitzplan-page/sitzplan-page.spec.ts","(anonymous)","(anonymous)",80,80
1,1,8,0,1,"(anonymous)@81-81@/home/alex/dev/Bachelor/bmad-vergleichsstudie/.lizard-tmp-utCYkH/code/seed-a-frontend/src/app/features/sitzplan/sitzplan-page/sitzplan-page.spec.ts","/home/alex/dev/Bachelor/bmad-vergleichsstudie/.lizard-tmp-utCYkH/code/seed-a-frontend/src/app/features/sitzplan/sitzplan-page/sitzplan-page.spec.ts","(anonymous)","(anonymous)",81,81
13,1,137,0,15,"(anonymous)@70-84@/home/alex/dev/Bachelor/bmad-vergleichsstudie/.lizard-tmp-utCYkH/code/seed-a-frontend/src/app/features/sitzplan/sitzplan-page/sitzplan-page.spec.ts","/home/alex/dev/Bachelor/bmad-vergleichsstudie/.lizard-tmp-utCYkH/code/seed-a-frontend/src/app/features/sitzplan/sitzplan-page/sitzplan-page.spec.ts","(anonymous)","(anonymous)",70,84
14,1,125,0,16,"(anonymous)@86-101@/home/alex/dev/Bachelor/bmad-vergleichsstudie/.lizard-tmp-utCYkH/code/seed-a-frontend/src/app/features/sitzplan/sitzplan-page/sitzplan-page.spec.ts","/home/alex/dev/Bachelor/bmad-vergleichsstudie/.lizard-tmp-utCYkH/code/seed-a-frontend/src/app/features/sitzplan/sitzplan-page/sitzplan-page.spec.ts","(anonymous)","(anonymous)",86,101
18,1,213,0,23,"(anonymous)@103-125@/home/alex/dev/Bachelor/bmad-vergleichsstudie/.lizard-tmp-utCYkH/code/seed-a-frontend/src/app/features/sitzplan/sitzplan-page/sitzplan-page.spec.ts","/home/alex/dev/Bachelor/bmad-vergleichsstudie/.lizard-tmp-utCYkH/code/seed-a-frontend/src/app/features/sitzplan/sitzplan-page/sitzplan-page.spec.ts","(anonymous)","(anonymous)",103,125
1,1,11,0,1,"(anonymous)@133-133@/home/alex/dev/Bachelor/bmad-vergleichsstudie/.lizard-tmp-utCYkH/code/seed-a-frontend/src/app/features/sitzplan/sitzplan-page/sitzplan-page.spec.ts","/home/alex/dev/Bachelor/bmad-vergleichsstudie/.lizard-tmp-utCYkH/code/seed-a-frontend/src/app/features/sitzplan/sitzplan-page/sitzplan-page.spec.ts","(anonymous)","(anonymous)",133,133
11,1,112,0,13,"(anonymous)@127-139@/home/alex/dev/Bachelor/bmad-vergleichsstudie/.lizard-tmp-utCYkH/code/seed-a-frontend/src/app/features/sitzplan/sitzplan-page/sitzplan-page.spec.ts","/home/alex/dev/Bachelor/bmad-vergleichsstudie/.lizard-tmp-utCYkH/code/seed-a-frontend/src/app/features/sitzplan/sitzplan-page/sitzplan-page.spec.ts","(anonymous)","(anonymous)",127,139
11,1,90,0,13,"(anonymous)@141-153@/home/alex/dev/Bachelor/bmad-vergleichsstudie/.lizard-tmp-utCYkH/code/seed-a-frontend/src/app/features/sitzplan/sitzplan-page/sitzplan-page.spec.ts","/home/alex/dev/Bachelor/bmad-vergleichsstudie/.lizard-tmp-utCYkH/code/seed-a-frontend/src/app/features/sitzplan/sitzplan-page/sitzplan-page.spec.ts","(anonymous)","(anonymous)",141,153
15,1,142,0,19,"(anonymous)@155-173@/home/alex/dev/Bachelor/bmad-vergleichsstudie/.lizard-tmp-utCYkH/code/seed-a-frontend/src/app/features/sitzplan/sitzplan-page/sitzplan-page.spec.ts","/home/alex/dev/Bachelor/bmad-vergleichsstudie/.lizard-tmp-utCYkH/code/seed-a-frontend/src/app/features/sitzplan/sitzplan-page/sitzplan-page.spec.ts","(anonymous)","(anonymous)",155,173
16,1,139,0,20,"(anonymous)@175-194@/home/alex/dev/Bachelor/bmad-vergleichsstudie/.lizard-tmp-utCYkH/code/seed-a-frontend/src/app/features/sitzplan/sitzplan-page/sitzplan-page.spec.ts","/home/alex/dev/Bachelor/bmad-vergleichsstudie/.lizard-tmp-utCYkH/code/seed-a-frontend/src/app/features/sitzplan/sitzplan-page/sitzplan-page.spec.ts","(anonymous)","(anonymous)",175,194
17,1,153,0,21,"(anonymous)@196-216@/home/alex/dev/Bachelor/bmad-vergleichsstudie/.lizard-tmp-utCYkH/code/seed-a-frontend/src/app/features/sitzplan/sitzplan-page/sitzplan-page.spec.ts","/home/alex/dev/Bachelor/bmad-vergleichsstudie/.lizard-tmp-utCYkH/code/seed-a-frontend/src/app/features/sitzplan/sitzplan-page/sitzplan-page.spec.ts","(anonymous)","(anonymous)",196,216
9,1,75,0,10,"(anonymous)@218-227@/home/alex/dev/Bachelor/bmad-vergleichsstudie/.lizard-tmp-utCYkH/code/seed-a-frontend/src/app/features/sitzplan/sitzplan-page/sitzplan-page.spec.ts","/home/alex/dev/Bachelor/bmad-vergleichsstudie/.lizard-tmp-utCYkH/code/seed-a-frontend/src/app/features/sitzplan/sitzplan-page/sitzplan-page.spec.ts","(anonymous)","(anonymous)",218,227
1,1,21,1,1,"seatByLabel@253-253@/home/alex/dev/Bachelor/bmad-vergleichsstudie/.lizard-tmp-utCYkH/code/seed-a-frontend/src/app/features/sitzplan/sitzplan-page/sitzplan-page.spec.ts","/home/alex/dev/Bachelor/bmad-vergleichsstudie/.lizard-tmp-utCYkH/code/seed-a-frontend/src/app/features/sitzplan/sitzplan-page/sitzplan-page.spec.ts","seatByLabel","seatByLabel ( label )",253,253
28,1,266,0,35,"(anonymous)@239-273@/home/alex/dev/Bachelor/bmad-vergleichsstudie/.lizard-tmp-utCYkH/code/seed-a-frontend/src/app/features/sitzplan/sitzplan-page/sitzplan-page.spec.ts","/home/alex/dev/Bachelor/bmad-vergleichsstudie/.lizard-tmp-utCYkH/code/seed-a-frontend/src/app/features/sitzplan/sitzplan-page/sitzplan-page.spec.ts","(anonymous)","(anonymous)",239,273
1,1,9,0,1,"(anonymous)@285-285@/home/alex/dev/Bachelor/bmad-vergleichsstudie/.lizard-tmp-utCYkH/code/seed-a-frontend/src/app/features/sitzplan/sitzplan-page/sitzplan-page.spec.ts","/home/alex/dev/Bachelor/bmad-vergleichsstudie/.lizard-tmp-utCYkH/code/seed-a-frontend/src/app/features/sitzplan/sitzplan-page/sitzplan-page.spec.ts","(anonymous)","(anonymous)",285,285
1,1,9,0,1,"(anonymous)@288-288@/home/alex/dev/Bachelor/bmad-vergleichsstudie/.lizard-tmp-utCYkH/code/seed-a-frontend/src/app/features/sitzplan/sitzplan-page/sitzplan-page.spec.ts","/home/alex/dev/Bachelor/bmad-vergleichsstudie/.lizard-tmp-utCYkH/code/seed-a-frontend/src/app/features/sitzplan/sitzplan-page/sitzplan-page.spec.ts","(anonymous)","(anonymous)",288,288
12,1,125,0,15,"(anonymous)@275-289@/home/alex/dev/Bachelor/bmad-vergleichsstudie/.lizard-tmp-utCYkH/code/seed-a-frontend/src/app/features/sitzplan/sitzplan-page/sitzplan-page.spec.ts","/home/alex/dev/Bachelor/bmad-vergleichsstudie/.lizard-tmp-utCYkH/code/seed-a-frontend/src/app/features/sitzplan/sitzplan-page/sitzplan-page.spec.ts","(anonymous)","(anonymous)",275,289
1,1,11,0,1,"(anonymous)@297-297@/home/alex/dev/Bachelor/bmad-vergleichsstudie/.lizard-tmp-utCYkH/code/seed-a-frontend/src/app/features/sitzplan/sitzplan-page/sitzplan-page.spec.ts","/home/alex/dev/Bachelor/bmad-vergleichsstudie/.lizard-tmp-utCYkH/code/seed-a-frontend/src/app/features/sitzplan/sitzplan-page/sitzplan-page.spec.ts","(anonymous)","(anonymous)",297,297
10,1,92,0,12,"(anonymous)@291-302@/home/alex/dev/Bachelor/bmad-vergleichsstudie/.lizard-tmp-utCYkH/code/seed-a-frontend/src/app/features/sitzplan/sitzplan-page/sitzplan-page.spec.ts","/home/alex/dev/Bachelor/bmad-vergleichsstudie/.lizard-tmp-utCYkH/code/seed-a-frontend/src/app/features/sitzplan/sitzplan-page/sitzplan-page.spec.ts","(anonymous)","(anonymous)",291,302
1,1,9,0,1,"(anonymous)@336-336@/home/alex/dev/Bachelor/bmad-vergleichsstudie/.lizard-tmp-utCYkH/code/seed-a-frontend/src/app/features/sitzplan/sitzplan-page/sitzplan-page.spec.ts","/home/alex/dev/Bachelor/bmad-vergleichsstudie/.lizard-tmp-utCYkH/code/seed-a-frontend/src/app/features/sitzplan/sitzplan-page/sitzplan-page.spec.ts","(anonymous)","(anonymous)",336,336
32,1,341,0,38,"(anonymous)@304-341@/home/alex/dev/Bachelor/bmad-vergleichsstudie/.lizard-tmp-utCYkH/code/seed-a-frontend/src/app/features/sitzplan/sitzplan-page/sitzplan-page.spec.ts","/home/alex/dev/Bachelor/bmad-vergleichsstudie/.lizard-tmp-utCYkH/code/seed-a-frontend/src/app/features/sitzplan/sitzplan-page/sitzplan-page.spec.ts","(anonymous)","(anonymous)",304,341
1,1,1,0,1,"(anonymous)@355-355@/home/alex/dev/Bachelor/bmad-vergleichsstudie/.lizard-tmp-utCYkH/code/seed-a-frontend/src/app/features/sitzplan/sitzplan-page/sitzplan-page.spec.ts","/home/alex/dev/Bachelor/bmad-vergleichsstudie/.lizard-tmp-utCYkH/code/seed-a-frontend/src/app/features/sitzplan/sitzplan-page/sitzplan-page.spec.ts","(anonymous)","(anonymous)",355,355
1,1,1,0,1,"(anonymous)@364-364@/home/alex/dev/Bachelor/bmad-vergleichsstudie/.lizard-tmp-utCYkH/code/seed-a-frontend/src/app/features/sitzplan/sitzplan-page/sitzplan-page.spec.ts","/home/alex/dev/Bachelor/bmad-vergleichsstudie/.lizard-tmp-utCYkH/code/seed-a-frontend/src/app/features/sitzplan/sitzplan-page/sitzplan-page.spec.ts","(anonymous)","(anonymous)",364,364
21,1,189,0,25,"(anonymous)@343-367@/home/alex/dev/Bachelor/bmad-vergleichsstudie/.lizard-tmp-utCYkH/code/seed-a-frontend/src/app/features/sitzplan/sitzplan-page/sitzplan-page.spec.ts","/home/alex/dev/Bachelor/bmad-vergleichsstudie/.lizard-tmp-utCYkH/code/seed-a-frontend/src/app/features/sitzplan/sitzplan-page/sitzplan-page.spec.ts","(anonymous)","(anonymous)",343,367
15,1,129,0,18,"(anonymous)@369-386@/home/alex/dev/Bachelor/bmad-vergleichsstudie/.lizard-tmp-utCYkH/code/seed-a-frontend/src/app/features/sitzplan/sitzplan-page/sitzplan-page.spec.ts","/home/alex/dev/Bachelor/bmad-vergleichsstudie/.lizard-tmp-utCYkH/code/seed-a-frontend/src/app/features/sitzplan/sitzplan-page/sitzplan-page.spec.ts","(anonymous)","(anonymous)",369,386
18,1,148,0,22,"(anonymous)@388-409@/home/alex/dev/Bachelor/bmad-vergleichsstudie/.lizard-tmp-utCYkH/code/seed-a-frontend/src/app/features/sitzplan/sitzplan-page/sitzplan-page.spec.ts","/home/alex/dev/Bachelor/bmad-vergleichsstudie/.lizard-tmp-utCYkH/code/seed-a-frontend/src/app/features/sitzplan/sitzplan-page/sitzplan-page.spec.ts","(anonymous)","(anonymous)",388,409
21,1,176,0,26,"(anonymous)@411-436@/home/alex/dev/Bachelor/bmad-vergleichsstudie/.lizard-tmp-utCYkH/code/seed-a-frontend/src/app/features/sitzplan/sitzplan-page/sitzplan-page.spec.ts","/home/alex/dev/Bachelor/bmad-vergleichsstudie/.lizard-tmp-utCYkH/code/seed-a-frontend/src/app/features/sitzplan/sitzplan-page/sitzplan-page.spec.ts","(anonymous)","(anonymous)",411,436
20,1,171,0,25,"(anonymous)@438-462@/home/alex/dev/Bachelor/bmad-vergleichsstudie/.lizard-tmp-utCYkH/code/seed-a-frontend/src/app/features/sitzplan/sitzplan-page/sitzplan-page.spec.ts","/home/alex/dev/Bachelor/bmad-vergleichsstudie/.lizard-tmp-utCYkH/code/seed-a-frontend/src/app/features/sitzplan/sitzplan-page/sitzplan-page.spec.ts","(anonymous)","(anonymous)",438,462
18,1,177,0,23,"(anonymous)@464-486@/home/alex/dev/Bachelor/bmad-vergleichsstudie/.lizard-tmp-utCYkH/code/seed-a-frontend/src/app/features/sitzplan/sitzplan-page/sitzplan-page.spec.ts","/home/alex/dev/Bachelor/bmad-vergleichsstudie/.lizard-tmp-utCYkH/code/seed-a-frontend/src/app/features/sitzplan/sitzplan-page/sitzplan-page.spec.ts","(anonymous)","(anonymous)",464,486
20,1,188,0,25,"(anonymous)@488-512@/home/alex/dev/Bachelor/bmad-vergleichsstudie/.lizard-tmp-utCYkH/code/seed-a-frontend/src/app/features/sitzplan/sitzplan-page/sitzplan-page.spec.ts","/home/alex/dev/Bachelor/bmad-vergleichsstudie/.lizard-tmp-utCYkH/code/seed-a-frontend/src/app/features/sitzplan/sitzplan-page/sitzplan-page.spec.ts","(anonymous)","(anonymous)",488,512
15,1,160,0,18,"(anonymous)@514-531@/home/alex/dev/Bachelor/bmad-vergleichsstudie/.lizard-tmp-utCYkH/code/seed-a-frontend/src/app/features/sitzplan/sitzplan-page/sitzplan-page.spec.ts","/home/alex/dev/Bachelor/bmad-vergleichsstudie/.lizard-tmp-utCYkH/code/seed-a-frontend/src/app/features/sitzplan/sitzplan-page/sitzplan-page.spec.ts","(anonymous)","(anonymous)",514,531
1,1,9,0,1,"(anonymous)@564-564@/home/alex/dev/Bachelor/bmad-vergleichsstudie/.lizard-tmp-utCYkH/code/seed-a-frontend/src/app/features/sitzplan/sitzplan-page/sitzplan-page.spec.ts","/home/alex/dev/Bachelor/bmad-vergleichsstudie/.lizard-tmp-utCYkH/code/seed-a-frontend/src/app/features/sitzplan/sitzplan-page/sitzplan-page.spec.ts","(anonymous)","(anonymous)",564,564
1,2,14,0,1,"(anonymous)@565-565@/home/alex/dev/Bachelor/bmad-vergleichsstudie/.lizard-tmp-utCYkH/code/seed-a-frontend/src/app/features/sitzplan/sitzplan-page/sitzplan-page.spec.ts","/home/alex/dev/Bachelor/bmad-vergleichsstudie/.lizard-tmp-utCYkH/code/seed-a-frontend/src/app/features/sitzplan/sitzplan-page/sitzplan-page.spec.ts","(anonymous)","(anonymous)",565,565
29,1,278,0,34,"(anonymous)@533-566@/home/alex/dev/Bachelor/bmad-vergleichsstudie/.lizard-tmp-utCYkH/code/seed-a-frontend/src/app/features/sitzplan/sitzplan-page/sitzplan-page.spec.ts","/home/alex/dev/Bachelor/bmad-vergleichsstudie/.lizard-tmp-utCYkH/code/seed-a-frontend/src/app/features/sitzplan/sitzplan-page/sitzplan-page.spec.ts","(anonymous)","(anonymous)",533,566
19,1,193,0,22,"(anonymous)@568-589@/home/alex/dev/Bachelor/bmad-vergleichsstudie/.lizard-tmp-utCYkH/code/seed-a-frontend/src/app/features/sitzplan/sitzplan-page/sitzplan-page.spec.ts","/home/alex/dev/Bachelor/bmad-vergleichsstudie/.lizard-tmp-utCYkH/code/seed-a-frontend/src/app/features/sitzplan/sitzplan-page/sitzplan-page.spec.ts","(anonymous)","(anonymous)",568,589
24,2,253,0,29,"(anonymous)@591-619@/home/alex/dev/Bachelor/bmad-vergleichsstudie/.lizard-tmp-utCYkH/code/seed-a-frontend/src/app/features/sitzplan/sitzplan-page/sitzplan-page.spec.ts","/home/alex/dev/Bachelor/bmad-vergleichsstudie/.lizard-tmp-utCYkH/code/seed-a-frontend/src/app/features/sitzplan/sitzplan-page/sitzplan-page.spec.ts","(anonymous)","(anonymous)",591,619
24,3,278,0,29,"(anonymous)@621-649@/home/alex/dev/Bachelor/bmad-vergleichsstudie/.lizard-tmp-utCYkH/code/seed-a-frontend/src/app/features/sitzplan/sitzplan-page/sitzplan-page.spec.ts","/home/alex/dev/Bachelor/bmad-vergleichsstudie/.lizard-tmp-utCYkH/code/seed-a-frontend/src/app/features/sitzplan/sitzplan-page/sitzplan-page.spec.ts","(anonymous)","(anonymous)",621,649
25,3,255,0,32,"(anonymous)@651-682@/home/alex/dev/Bachelor/bmad-vergleichsstudie/.lizard-tmp-utCYkH/code/seed-a-frontend/src/app/features/sitzplan/sitzplan-page/sitzplan-page.spec.ts","/home/alex/dev/Bachelor/bmad-vergleichsstudie/.lizard-tmp-utCYkH/code/seed-a-frontend/src/app/features/sitzplan/sitzplan-page/sitzplan-page.spec.ts","(anonymous)","(anonymous)",651,682
15,2,168,0,18,"(anonymous)@684-701@/home/alex/dev/Bachelor/bmad-vergleichsstudie/.lizard-tmp-utCYkH/code/seed-a-frontend/src/app/features/sitzplan/sitzplan-page/sitzplan-page.spec.ts","/home/alex/dev/Bachelor/bmad-vergleichsstudie/.lizard-tmp-utCYkH/code/seed-a-frontend/src/app/features/sitzplan/sitzplan-page/sitzplan-page.spec.ts","(anonymous)","(anonymous)",684,701
1,1,11,0,1,"(anonymous)@709-709@/home/alex/dev/Bachelor/bmad-vergleichsstudie/.lizard-tmp-utCYkH/code/seed-a-frontend/src/app/features/sitzplan/sitzplan-page/sitzplan-page.spec.ts","/home/alex/dev/Bachelor/bmad-vergleichsstudie/.lizard-tmp-utCYkH/code/seed-a-frontend/src/app/features/sitzplan/sitzplan-page/sitzplan-page.spec.ts","(anonymous)","(anonymous)",709,709
15,2,140,0,17,"(anonymous)@703-719@/home/alex/dev/Bachelor/bmad-vergleichsstudie/.lizard-tmp-utCYkH/code/seed-a-frontend/src/app/features/sitzplan/sitzplan-page/sitzplan-page.spec.ts","/home/alex/dev/Bachelor/bmad-vergleichsstudie/.lizard-tmp-utCYkH/code/seed-a-frontend/src/app/features/sitzplan/sitzplan-page/sitzplan-page.spec.ts","(anonymous)","(anonymous)",703,719
15,1,131,0,18,"(anonymous)@721-738@/home/alex/dev/Bachelor/bmad-vergleichsstudie/.lizard-tmp-utCYkH/code/seed-a-frontend/src/app/features/sitzplan/sitzplan-page/sitzplan-page.spec.ts","/home/alex/dev/Bachelor/bmad-vergleichsstudie/.lizard-tmp-utCYkH/code/seed-a-frontend/src/app/features/sitzplan/sitzplan-page/sitzplan-page.spec.ts","(anonymous)","(anonymous)",721,738
30,2,285,0,35,"(anonymous)@740-774@/home/alex/dev/Bachelor/bmad-vergleichsstudie/.lizard-tmp-utCYkH/code/seed-a-frontend/src/app/features/sitzplan/sitzplan-page/sitzplan-page.spec.ts","/home/alex/dev/Bachelor/bmad-vergleichsstudie/.lizard-tmp-utCYkH/code/seed-a-frontend/src/app/features/sitzplan/sitzplan-page/sitzplan-page.spec.ts","(anonymous)","(anonymous)",740,774
12,2,117,0,14,"(anonymous)@776-789@/home/alex/dev/Bachelor/bmad-vergleichsstudie/.lizard-tmp-utCYkH/code/seed-a-frontend/src/app/features/sitzplan/sitzplan-page/sitzplan-page.spec.ts","/home/alex/dev/Bachelor/bmad-vergleichsstudie/.lizard-tmp-utCYkH/code/seed-a-frontend/src/app/features/sitzplan/sitzplan-page/sitzplan-page.spec.ts","(anonymous)","(anonymous)",776,789
5,1,31,2,6,"setInputValue@791-796@/home/alex/dev/Bachelor/bmad-vergleichsstudie/.lizard-tmp-utCYkH/code/seed-a-frontend/src/app/features/sitzplan/sitzplan-page/sitzplan-page.spec.ts","/home/alex/dev/Bachelor/bmad-vergleichsstudie/.lizard-tmp-utCYkH/code/seed-a-frontend/src/app/features/sitzplan/sitzplan-page/sitzplan-page.spec.ts","setInputValue","setInputValue ( input HTMLInputElement , value )",791,796
1,1,15,2,1,"selectFirstSeatWithCategory@796-796@/home/alex/dev/Bachelor/bmad-vergleichsstudie/.lizard-tmp-utCYkH/code/seed-a-frontend/src/app/features/sitzplan/sitzplan-page/sitzplan-page.spec.ts","/home/alex/dev/Bachelor/bmad-vergleichsstudie/.lizard-tmp-utCYkH/code/seed-a-frontend/src/app/features/sitzplan/sitzplan-page/sitzplan-page.spec.ts","selectFirstSeatWithCategory","selectFirstSeatWithCategory ( compiled HTMLElement , fixture detectChanges ( )",796,796
1,1,15,2,1,"fillNameAndEmail@803-803@/home/alex/dev/Bachelor/bmad-vergleichsstudie/.lizard-tmp-utCYkH/code/seed-a-frontend/src/app/features/sitzplan/sitzplan-page/sitzplan-page.spec.ts","/home/alex/dev/Bachelor/bmad-vergleichsstudie/.lizard-tmp-utCYkH/code/seed-a-frontend/src/app/features/sitzplan/sitzplan-page/sitzplan-page.spec.ts","fillNameAndEmail","fillNameAndEmail ( compiled HTMLElement , fixture detectChanges ( )",803,803
21,1,160,0,25,"(anonymous)@809-833@/home/alex/dev/Bachelor/bmad-vergleichsstudie/.lizard-tmp-utCYkH/code/seed-a-frontend/src/app/features/sitzplan/sitzplan-page/sitzplan-page.spec.ts","/home/alex/dev/Bachelor/bmad-vergleichsstudie/.lizard-tmp-utCYkH/code/seed-a-frontend/src/app/features/sitzplan/sitzplan-page/sitzplan-page.spec.ts","(anonymous)","(anonymous)",809,833
29,1,233,0,34,"(anonymous)@835-868@/home/alex/dev/Bachelor/bmad-vergleichsstudie/.lizard-tmp-utCYkH/code/seed-a-frontend/src/app/features/sitzplan/sitzplan-page/sitzplan-page.spec.ts","/home/alex/dev/Bachelor/bmad-vergleichsstudie/.lizard-tmp-utCYkH/code/seed-a-frontend/src/app/features/sitzplan/sitzplan-page/sitzplan-page.spec.ts","(anonymous)","(anonymous)",835,868
17,1,145,0,21,"(anonymous)@870-890@/home/alex/dev/Bachelor/bmad-vergleichsstudie/.lizard-tmp-utCYkH/code/seed-a-frontend/src/app/features/sitzplan/sitzplan-page/sitzplan-page.spec.ts","/home/alex/dev/Bachelor/bmad-vergleichsstudie/.lizard-tmp-utCYkH/code/seed-a-frontend/src/app/features/sitzplan/sitzplan-page/sitzplan-page.spec.ts","(anonymous)","(anonymous)",870,890
42,1,416,0,51,"(anonymous)@892-942@/home/alex/dev/Bachelor/bmad-vergleichsstudie/.lizard-tmp-utCYkH/code/seed-a-frontend/src/app/features/sitzplan/sitzplan-page/sitzplan-page.spec.ts","/home/alex/dev/Bachelor/bmad-vergleichsstudie/.lizard-tmp-utCYkH/code/seed-a-frontend/src/app/features/sitzplan/sitzplan-page/sitzplan-page.spec.ts","(anonymous)","(anonymous)",892,942
21,1,180,0,25,"(anonymous)@944-968@/home/alex/dev/Bachelor/bmad-vergleichsstudie/.lizard-tmp-utCYkH/code/seed-a-frontend/src/app/features/sitzplan/sitzplan-page/sitzplan-page.spec.ts","/home/alex/dev/Bachelor/bmad-vergleichsstudie/.lizard-tmp-utCYkH/code/seed-a-frontend/src/app/features/sitzplan/sitzplan-page/sitzplan-page.spec.ts","(anonymous)","(anonymous)",944,968
5,1,20,0,5,"(anonymous)@12-16@/home/alex/dev/Bachelor/bmad-vergleichsstudie/.lizard-tmp-utCYkH/code/seed-a-frontend/src/app/features/sitzplan/price-category-panel/price-category-panel.spec.ts","/home/alex/dev/Bachelor/bmad-vergleichsstudie/.lizard-tmp-utCYkH/code/seed-a-frontend/src/app/features/sitzplan/price-category-panel/price-category-panel.spec.ts","(anonymous)","(anonymous)",12,16
1,1,8,0,1,"(anonymous)@25-25@/home/alex/dev/Bachelor/bmad-vergleichsstudie/.lizard-tmp-utCYkH/code/seed-a-frontend/src/app/features/sitzplan/price-category-panel/price-category-panel.spec.ts","/home/alex/dev/Bachelor/bmad-vergleichsstudie/.lizard-tmp-utCYkH/code/seed-a-frontend/src/app/features/sitzplan/price-category-panel/price-category-panel.spec.ts","(anonymous)","(anonymous)",25,25
8,1,75,0,9,"(anonymous)@18-26@/home/alex/dev/Bachelor/bmad-vergleichsstudie/.lizard-tmp-utCYkH/code/seed-a-frontend/src/app/features/sitzplan/price-category-panel/price-category-panel.spec.ts","/home/alex/dev/Bachelor/bmad-vergleichsstudie/.lizard-tmp-utCYkH/code/seed-a-frontend/src/app/features/sitzplan/price-category-panel/price-category-panel.spec.ts","(anonymous)","(anonymous)",18,26
12,1,140,0,14,"(anonymous)@28-41@/home/alex/dev/Bachelor/bmad-vergleichsstudie/.lizard-tmp-utCYkH/code/seed-a-frontend/src/app/features/sitzplan/price-category-panel/price-category-panel.spec.ts","/home/alex/dev/Bachelor/bmad-vergleichsstudie/.lizard-tmp-utCYkH/code/seed-a-frontend/src/app/features/sitzplan/price-category-panel/price-category-panel.spec.ts","(anonymous)","(anonymous)",28,41
11,1,91,0,14,"(anonymous)@43-56@/home/alex/dev/Bachelor/bmad-vergleichsstudie/.lizard-tmp-utCYkH/code/seed-a-frontend/src/app/features/sitzplan/price-category-panel/price-category-panel.spec.ts","/home/alex/dev/Bachelor/bmad-vergleichsstudie/.lizard-tmp-utCYkH/code/seed-a-frontend/src/app/features/sitzplan/price-category-panel/price-category-panel.spec.ts","(anonymous)","(anonymous)",43,56
10,1,78,0,52,"(anonymous)@6-57@/home/alex/dev/Bachelor/bmad-vergleichsstudie/.lizard-tmp-utCYkH/code/seed-a-frontend/src/app/features/sitzplan/price-category-panel/price-category-panel.spec.ts","/home/alex/dev/Bachelor/bmad-vergleichsstudie/.lizard-tmp-utCYkH/code/seed-a-frontend/src/app/features/sitzplan/price-category-panel/price-category-panel.spec.ts","(anonymous)","(anonymous)",6,57
5,1,20,0,5,"(anonymous)@11-15@/home/alex/dev/Bachelor/bmad-vergleichsstudie/.lizard-tmp-utCYkH/code/seed-a-frontend/src/app/features/sitzplan/summary-panel/summary-panel.spec.ts","/home/alex/dev/Bachelor/bmad-vergleichsstudie/.lizard-tmp-utCYkH/code/seed-a-frontend/src/app/features/sitzplan/summary-panel/summary-panel.spec.ts","(anonymous)","(anonymous)",11,15
15,1,161,0,16,"(anonymous)@17-32@/home/alex/dev/Bachelor/bmad-vergleichsstudie/.lizard-tmp-utCYkH/code/seed-a-frontend/src/app/features/sitzplan/summary-panel/summary-panel.spec.ts","/home/alex/dev/Bachelor/bmad-vergleichsstudie/.lizard-tmp-utCYkH/code/seed-a-frontend/src/app/features/sitzplan/summary-panel/summary-panel.spec.ts","(anonymous)","(anonymous)",17,32
8,1,85,0,9,"(anonymous)@34-42@/home/alex/dev/Bachelor/bmad-vergleichsstudie/.lizard-tmp-utCYkH/code/seed-a-frontend/src/app/features/sitzplan/summary-panel/summary-panel.spec.ts","/home/alex/dev/Bachelor/bmad-vergleichsstudie/.lizard-tmp-utCYkH/code/seed-a-frontend/src/app/features/sitzplan/summary-panel/summary-panel.spec.ts","(anonymous)","(anonymous)",34,42
12,1,115,0,13,"(anonymous)@44-56@/home/alex/dev/Bachelor/bmad-vergleichsstudie/.lizard-tmp-utCYkH/code/seed-a-frontend/src/app/features/sitzplan/summary-panel/summary-panel.spec.ts","/home/alex/dev/Bachelor/bmad-vergleichsstudie/.lizard-tmp-utCYkH/code/seed-a-frontend/src/app/features/sitzplan/summary-panel/summary-panel.spec.ts","(anonymous)","(anonymous)",44,56
9,2,86,0,10,"(anonymous)@58-67@/home/alex/dev/Bachelor/bmad-vergleichsstudie/.lizard-tmp-utCYkH/code/seed-a-frontend/src/app/features/sitzplan/summary-panel/summary-panel.spec.ts","/home/alex/dev/Bachelor/bmad-vergleichsstudie/.lizard-tmp-utCYkH/code/seed-a-frontend/src/app/features/sitzplan/summary-panel/summary-panel.spec.ts","(anonymous)","(anonymous)",58,67
8,2,72,0,9,"(anonymous)@69-77@/home/alex/dev/Bachelor/bmad-vergleichsstudie/.lizard-tmp-utCYkH/code/seed-a-frontend/src/app/features/sitzplan/summary-panel/summary-panel.spec.ts","/home/alex/dev/Bachelor/bmad-vergleichsstudie/.lizard-tmp-utCYkH/code/seed-a-frontend/src/app/features/sitzplan/summary-panel/summary-panel.spec.ts","(anonymous)","(anonymous)",69,77
19,1,194,0,25,"(anonymous)@79-103@/home/alex/dev/Bachelor/bmad-vergleichsstudie/.lizard-tmp-utCYkH/code/seed-a-frontend/src/app/features/sitzplan/summary-panel/summary-panel.spec.ts","/home/alex/dev/Bachelor/bmad-vergleichsstudie/.lizard-tmp-utCYkH/code/seed-a-frontend/src/app/features/sitzplan/summary-panel/summary-panel.spec.ts","(anonymous)","(anonymous)",79,103
13,1,120,0,15,"(anonymous)@105-119@/home/alex/dev/Bachelor/bmad-vergleichsstudie/.lizard-tmp-utCYkH/code/seed-a-frontend/src/app/features/sitzplan/summary-panel/summary-panel.spec.ts","/home/alex/dev/Bachelor/bmad-vergleichsstudie/.lizard-tmp-utCYkH/code/seed-a-frontend/src/app/features/sitzplan/summary-panel/summary-panel.spec.ts","(anonymous)","(anonymous)",105,119
12,1,101,0,14,"(anonymous)@121-134@/home/alex/dev/Bachelor/bmad-vergleichsstudie/.lizard-tmp-utCYkH/code/seed-a-frontend/src/app/features/sitzplan/summary-panel/summary-panel.spec.ts","/home/alex/dev/Bachelor/bmad-vergleichsstudie/.lizard-tmp-utCYkH/code/seed-a-frontend/src/app/features/sitzplan/summary-panel/summary-panel.spec.ts","(anonymous)","(anonymous)",121,134
1,1,6,0,1,"(anonymous)@143-143@/home/alex/dev/Bachelor/bmad-vergleichsstudie/.lizard-tmp-utCYkH/code/seed-a-frontend/src/app/features/sitzplan/summary-panel/summary-panel.spec.ts","/home/alex/dev/Bachelor/bmad-vergleichsstudie/.lizard-tmp-utCYkH/code/seed-a-frontend/src/app/features/sitzplan/summary-panel/summary-panel.spec.ts","(anonymous)","(anonymous)",143,143
12,1,99,0,15,"(anonymous)@136-150@/home/alex/dev/Bachelor/bmad-vergleichsstudie/.lizard-tmp-utCYkH/code/seed-a-frontend/src/app/features/sitzplan/summary-panel/summary-panel.spec.ts","/home/alex/dev/Bachelor/bmad-vergleichsstudie/.lizard-tmp-utCYkH/code/seed-a-frontend/src/app/features/sitzplan/summary-panel/summary-panel.spec.ts","(anonymous)","(anonymous)",136,150
11,1,101,0,13,"(anonymous)@152-164@/home/alex/dev/Bachelor/bmad-vergleichsstudie/.lizard-tmp-utCYkH/code/seed-a-frontend/src/app/features/sitzplan/summary-panel/summary-panel.spec.ts","/home/alex/dev/Bachelor/bmad-vergleichsstudie/.lizard-tmp-utCYkH/code/seed-a-frontend/src/app/features/sitzplan/summary-panel/summary-panel.spec.ts","(anonymous)","(anonymous)",152,164
13,2,118,0,15,"(anonymous)@166-180@/home/alex/dev/Bachelor/bmad-vergleichsstudie/.lizard-tmp-utCYkH/code/seed-a-frontend/src/app/features/sitzplan/summary-panel/summary-panel.spec.ts","/home/alex/dev/Bachelor/bmad-vergleichsstudie/.lizard-tmp-utCYkH/code/seed-a-frontend/src/app/features/sitzplan/summary-panel/summary-panel.spec.ts","(anonymous)","(anonymous)",166,180
18,1,174,0,177,"(anonymous)@5-181@/home/alex/dev/Bachelor/bmad-vergleichsstudie/.lizard-tmp-utCYkH/code/seed-a-frontend/src/app/features/sitzplan/summary-panel/summary-panel.spec.ts","/home/alex/dev/Bachelor/bmad-vergleichsstudie/.lizard-tmp-utCYkH/code/seed-a-frontend/src/app/features/sitzplan/summary-panel/summary-panel.spec.ts","(anonymous)","(anonymous)",5,181
1,1,3,0,1,"(anonymous)@34-34@/home/alex/dev/Bachelor/bmad-vergleichsstudie/.lizard-tmp-utCYkH/code/seed-a-frontend/src/app/features/sitzplan/summary-panel/summary-panel.ts","/home/alex/dev/Bachelor/bmad-vergleichsstudie/.lizard-tmp-utCYkH/code/seed-a-frontend/src/app/features/sitzplan/summary-panel/summary-panel.ts","(anonymous)","(anonymous)",34,34
7,6,79,0,7,"computed@28-34@/home/alex/dev/Bachelor/bmad-vergleichsstudie/.lizard-tmp-utCYkH/code/seed-a-frontend/src/app/features/buchung/buchung-detail-page/buchung-detail-page.ts","/home/alex/dev/Bachelor/bmad-vergleichsstudie/.lizard-tmp-utCYkH/code/seed-a-frontend/src/app/features/buchung/buchung-detail-page/buchung-detail-page.ts","computed","computed ( ( )",28,34
3,6,27,0,3,"booking@45-47@/home/alex/dev/Bachelor/bmad-vergleichsstudie/.lizard-tmp-utCYkH/code/seed-a-frontend/src/app/features/buchung/buchung-detail-page/buchung-detail-page.ts","/home/alex/dev/Bachelor/bmad-vergleichsstudie/.lizard-tmp-utCYkH/code/seed-a-frontend/src/app/features/buchung/buchung-detail-page/buchung-detail-page.ts","booking","booking ( ( )",45,47
2,3,19,0,2,"(anonymous)@49-50@/home/alex/dev/Bachelor/bmad-vergleichsstudie/.lizard-tmp-utCYkH/code/seed-a-frontend/src/app/features/buchung/buchung-detail-page/buchung-detail-page.ts","/home/alex/dev/Bachelor/bmad-vergleichsstudie/.lizard-tmp-utCYkH/code/seed-a-frontend/src/app/features/buchung/buchung-detail-page/buchung-detail-page.ts","(anonymous)","(anonymous)",49,50
2,1,14,1,2,"next@71-72@/home/alex/dev/Bachelor/bmad-vergleichsstudie/.lizard-tmp-utCYkH/code/seed-a-frontend/src/app/features/buchung/buchung-detail-page/buchung-detail-page.ts","/home/alex/dev/Bachelor/bmad-vergleichsstudie/.lizard-tmp-utCYkH/code/seed-a-frontend/src/app/features/buchung/buchung-detail-page/buchung-detail-page.ts","next","next ( booking )",71,72
2,2,23,1,2,"error@72-73@/home/alex/dev/Bachelor/bmad-vergleichsstudie/.lizard-tmp-utCYkH/code/seed-a-frontend/src/app/features/buchung/buchung-detail-page/buchung-detail-page.ts","/home/alex/dev/Bachelor/bmad-vergleichsstudie/.lizard-tmp-utCYkH/code/seed-a-frontend/src/app/features/buchung/buchung-detail-page/buchung-detail-page.ts","error","error ( err HttpErrorResponse )",72,73
1,1,6,0,1,"(anonymous)@75-75@/home/alex/dev/Bachelor/bmad-vergleichsstudie/.lizard-tmp-utCYkH/code/seed-a-frontend/src/app/features/buchung/buchung-detail-page/buchung-detail-page.ts","/home/alex/dev/Bachelor/bmad-vergleichsstudie/.lizard-tmp-utCYkH/code/seed-a-frontend/src/app/features/buchung/buchung-detail-page/buchung-detail-page.ts","(anonymous)","(anonymous)",75,75
15,2,115,1,21,"effect@56-76@/home/alex/dev/Bachelor/bmad-vergleichsstudie/.lizard-tmp-utCYkH/code/seed-a-frontend/src/app/features/buchung/buchung-detail-page/buchung-detail-page.ts","/home/alex/dev/Bachelor/bmad-vergleichsstudie/.lizard-tmp-utCYkH/code/seed-a-frontend/src/app/features/buchung/buchung-detail-page/buchung-detail-page.ts","effect","effect ( ( onCleanup )",56,76
1,1,11,0,1,"(anonymous)@82-82@/home/alex/dev/Bachelor/bmad-vergleichsstudie/.lizard-tmp-utCYkH/code/seed-a-frontend/src/app/features/buchung/buchung-detail-page/buchung-detail-page.ts","/home/alex/dev/Bachelor/bmad-vergleichsstudie/.lizard-tmp-utCYkH/code/seed-a-frontend/src/app/features/buchung/buchung-detail-page/buchung-detail-page.ts","(anonymous)","(anonymous)",82,82
4,1,18,0,4,"(anonymous)@80-83@/home/alex/dev/Bachelor/bmad-vergleichsstudie/.lizard-tmp-utCYkH/code/seed-a-frontend/src/app/features/buchung/buchung-detail-page/buchung-detail-page.ts","/home/alex/dev/Bachelor/bmad-vergleichsstudie/.lizard-tmp-utCYkH/code/seed-a-frontend/src/app/features/buchung/buchung-detail-page/buchung-detail-page.ts","(anonymous)","(anonymous)",80,83
6,1,42,1,6,"next@103-108@/home/alex/dev/Bachelor/bmad-vergleichsstudie/.lizard-tmp-utCYkH/code/seed-a-frontend/src/app/features/buchung/buchung-detail-page/buchung-detail-page.ts","/home/alex/dev/Bachelor/bmad-vergleichsstudie/.lizard-tmp-utCYkH/code/seed-a-frontend/src/app/features/buchung/buchung-detail-page/buchung-detail-page.ts","next","next ( booking )",103,108
2,1,14,1,2,"next@115-116@/home/alex/dev/Bachelor/bmad-vergleichsstudie/.lizard-tmp-utCYkH/code/seed-a-frontend/src/app/features/buchung/buchung-detail-page/buchung-detail-page.ts","/home/alex/dev/Bachelor/bmad-vergleichsstudie/.lizard-tmp-utCYkH/code/seed-a-frontend/src/app/features/buchung/buchung-detail-page/buchung-detail-page.ts","next","next ( booking )",115,116
2,1,12,0,2,"error@116-117@/home/alex/dev/Bachelor/bmad-vergleichsstudie/.lizard-tmp-utCYkH/code/seed-a-frontend/src/app/features/buchung/buchung-detail-page/buchung-detail-page.ts","/home/alex/dev/Bachelor/bmad-vergleichsstudie/.lizard-tmp-utCYkH/code/seed-a-frontend/src/app/features/buchung/buchung-detail-page/buchung-detail-page.ts","error","error ( )",116,117
10,2,70,1,14,"error@109-122@/home/alex/dev/Bachelor/bmad-vergleichsstudie/.lizard-tmp-utCYkH/code/seed-a-frontend/src/app/features/buchung/buchung-detail-page/buchung-detail-page.ts","/home/alex/dev/Bachelor/bmad-vergleichsstudie/.lizard-tmp-utCYkH/code/seed-a-frontend/src/app/features/buchung/buchung-detail-page/buchung-detail-page.ts","error","error ( err HttpErrorResponse )",109,122
10,1,77,1,10,"createFixture@26-35@/home/alex/dev/Bachelor/bmad-vergleichsstudie/.lizard-tmp-utCYkH/code/seed-a-frontend/src/app/features/buchung/buchung-detail-page/buchung-detail-page.spec.ts","/home/alex/dev/Bachelor/bmad-vergleichsstudie/.lizard-tmp-utCYkH/code/seed-a-frontend/src/app/features/buchung/buchung-detail-page/buchung-detail-page.spec.ts","createFixture","createFixture ( routerStub Partial )",26,35
3,1,13,0,3,"(anonymous)@37-39@/home/alex/dev/Bachelor/bmad-vergleichsstudie/.lizard-tmp-utCYkH/code/seed-a-frontend/src/app/features/buchung/buchung-detail-page/buchung-detail-page.spec.ts","/home/alex/dev/Bachelor/bmad-vergleichsstudie/.lizard-tmp-utCYkH/code/seed-a-frontend/src/app/features/buchung/buchung-detail-page/buchung-detail-page.spec.ts","(anonymous)","(anonymous)",37,39
3,1,33,0,3,"getCurrentNavigation@43-45@/home/alex/dev/Bachelor/bmad-vergleichsstudie/.lizard-tmp-utCYkH/code/seed-a-frontend/src/app/features/buchung/buchung-detail-page/buchung-detail-page.spec.ts","/home/alex/dev/Bachelor/bmad-vergleichsstudie/.lizard-tmp-utCYkH/code/seed-a-frontend/src/app/features/buchung/buchung-detail-page/buchung-detail-page.spec.ts","getCurrentNavigation","getCurrentNavigation ( )",43,45
14,4,159,0,19,"(anonymous)@41-59@/home/alex/dev/Bachelor/bmad-vergleichsstudie/.lizard-tmp-utCYkH/code/seed-a-frontend/src/app/features/buchung/buchung-detail-page/buchung-detail-page.spec.ts","/home/alex/dev/Bachelor/bmad-vergleichsstudie/.lizard-tmp-utCYkH/code/seed-a-frontend/src/app/features/buchung/buchung-detail-page/buchung-detail-page.spec.ts","(anonymous)","(anonymous)",41,59
2,1,29,0,2,"getCurrentNavigation@63-64@/home/alex/dev/Bachelor/bmad-vergleichsstudie/.lizard-tmp-utCYkH/code/seed-a-frontend/src/app/features/buchung/buchung-detail-page/buchung-detail-page.spec.ts","/home/alex/dev/Bachelor/bmad-vergleichsstudie/.lizard-tmp-utCYkH/code/seed-a-frontend/src/app/features/buchung/buchung-detail-page/buchung-detail-page.spec.ts","getCurrentNavigation","getCurrentNavigation ( )",63,64
9,2,83,0,11,"(anonymous)@61-71@/home/alex/dev/Bachelor/bmad-vergleichsstudie/.lizard-tmp-utCYkH/code/seed-a-frontend/src/app/features/buchung/buchung-detail-page/buchung-detail-page.spec.ts","/home/alex/dev/Bachelor/bmad-vergleichsstudie/.lizard-tmp-utCYkH/code/seed-a-frontend/src/app/features/buchung/buchung-detail-page/buchung-detail-page.spec.ts","(anonymous)","(anonymous)",61,71
3,1,33,0,3,"getCurrentNavigation@75-77@/home/alex/dev/Bachelor/bmad-vergleichsstudie/.lizard-tmp-utCYkH/code/seed-a-frontend/src/app/features/buchung/buchung-detail-page/buchung-detail-page.spec.ts","/home/alex/dev/Bachelor/bmad-vergleichsstudie/.lizard-tmp-utCYkH/code/seed-a-frontend/src/app/features/buchung/buchung-detail-page/buchung-detail-page.spec.ts","getCurrentNavigation","getCurrentNavigation ( )",75,77
1,1,9,0,1,"writeText@78-78@/home/alex/dev/Bachelor/bmad-vergleichsstudie/.lizard-tmp-utCYkH/code/seed-a-frontend/src/app/features/buchung/buchung-detail-page/buchung-detail-page.spec.ts","/home/alex/dev/Bachelor/bmad-vergleichsstudie/.lizard-tmp-utCYkH/code/seed-a-frontend/src/app/features/buchung/buchung-detail-page/buchung-detail-page.spec.ts","writeText","writeText ( )",78,78
13,1,111,0,18,"(anonymous)@73-90@/home/alex/dev/Bachelor/bmad-vergleichsstudie/.lizard-tmp-utCYkH/code/seed-a-frontend/src/app/features/buchung/buchung-detail-page/buchung-detail-page.spec.ts","/home/alex/dev/Bachelor/bmad-vergleichsstudie/.lizard-tmp-utCYkH/code/seed-a-frontend/src/app/features/buchung/buchung-detail-page/buchung-detail-page.spec.ts","(anonymous)","(anonymous)",73,90
1,1,5,0,1,"getCurrentNavigation@93-93@/home/alex/dev/Bachelor/bmad-vergleichsstudie/.lizard-tmp-utCYkH/code/seed-a-frontend/src/app/features/buchung/buchung-detail-page/buchung-detail-page.spec.ts","/home/alex/dev/Bachelor/bmad-vergleichsstudie/.lizard-tmp-utCYkH/code/seed-a-frontend/src/app/features/buchung/buchung-detail-page/buchung-detail-page.spec.ts","getCurrentNavigation","getCurrentNavigation ( )",93,93
13,3,150,0,16,"(anonymous)@92-107@/home/alex/dev/Bachelor/bmad-vergleichsstudie/.lizard-tmp-utCYkH/code/seed-a-frontend/src/app/features/buchung/buchung-detail-page/buchung-detail-page.spec.ts","/home/alex/dev/Bachelor/bmad-vergleichsstudie/.lizard-tmp-utCYkH/code/seed-a-frontend/src/app/features/buchung/buchung-detail-page/buchung-detail-page.spec.ts","(anonymous)","(anonymous)",92,107
1,1,5,0,1,"getCurrentNavigation@110-110@/home/alex/dev/Bachelor/bmad-vergleichsstudie/.lizard-tmp-utCYkH/code/seed-a-frontend/src/app/features/buchung/buchung-detail-page/buchung-detail-page.spec.ts","/home/alex/dev/Bachelor/bmad-vergleichsstudie/.lizard-tmp-utCYkH/code/seed-a-frontend/src/app/features/buchung/buchung-detail-page/buchung-detail-page.spec.ts","getCurrentNavigation","getCurrentNavigation ( )",110,110
11,1,96,0,13,"(anonymous)@109-121@/home/alex/dev/Bachelor/bmad-vergleichsstudie/.lizard-tmp-utCYkH/code/seed-a-frontend/src/app/features/buchung/buchung-detail-page/buchung-detail-page.spec.ts","/home/alex/dev/Bachelor/bmad-vergleichsstudie/.lizard-tmp-utCYkH/code/seed-a-frontend/src/app/features/buchung/buchung-detail-page/buchung-detail-page.spec.ts","(anonymous)","(anonymous)",109,121
1,1,5,0,1,"getCurrentNavigation@124-124@/home/alex/dev/Bachelor/bmad-vergleichsstudie/.lizard-tmp-utCYkH/code/seed-a-frontend/src/app/features/buchung/buchung-detail-page/buchung-detail-page.spec.ts","/home/alex/dev/Bachelor/bmad-vergleichsstudie/.lizard-tmp-utCYkH/code/seed-a-frontend/src/app/features/buchung/buchung-detail-page/buchung-detail-page.spec.ts","getCurrentNavigation","getCurrentNavigation ( )",124,124
11,1,96,0,13,"(anonymous)@123-135@/home/alex/dev/Bachelor/bmad-vergleichsstudie/.lizard-tmp-utCYkH/code/seed-a-frontend/src/app/features/buchung/buchung-detail-page/buchung-detail-page.spec.ts","/home/alex/dev/Bachelor/bmad-vergleichsstudie/.lizard-tmp-utCYkH/code/seed-a-frontend/src/app/features/buchung/buchung-detail-page/buchung-detail-page.spec.ts","(anonymous)","(anonymous)",123,135
2,1,29,0,2,"getCurrentNavigation@139-140@/home/alex/dev/Bachelor/bmad-vergleichsstudie/.lizard-tmp-utCYkH/code/seed-a-frontend/src/app/features/buchung/buchung-detail-page/buchung-detail-page.spec.ts","/home/alex/dev/Bachelor/bmad-vergleichsstudie/.lizard-tmp-utCYkH/code/seed-a-frontend/src/app/features/buchung/buchung-detail-page/buchung-detail-page.spec.ts","getCurrentNavigation","getCurrentNavigation ( )",139,140
6,1,45,0,7,"(anonymous)@137-143@/home/alex/dev/Bachelor/bmad-vergleichsstudie/.lizard-tmp-utCYkH/code/seed-a-frontend/src/app/features/buchung/buchung-detail-page/buchung-detail-page.spec.ts","/home/alex/dev/Bachelor/bmad-vergleichsstudie/.lizard-tmp-utCYkH/code/seed-a-frontend/src/app/features/buchung/buchung-detail-page/buchung-detail-page.spec.ts","(anonymous)","(anonymous)",137,143
3,1,29,0,3,"getCurrentNavigation@147-149@/home/alex/dev/Bachelor/bmad-vergleichsstudie/.lizard-tmp-utCYkH/code/seed-a-frontend/src/app/features/buchung/buchung-detail-page/buchung-detail-page.spec.ts","/home/alex/dev/Bachelor/bmad-vergleichsstudie/.lizard-tmp-utCYkH/code/seed-a-frontend/src/app/features/buchung/buchung-detail-page/buchung-detail-page.spec.ts","getCurrentNavigation","getCurrentNavigation ( )",147,149
6,1,43,0,8,"(anonymous)@145-152@/home/alex/dev/Bachelor/bmad-vergleichsstudie/.lizard-tmp-utCYkH/code/seed-a-frontend/src/app/features/buchung/buchung-detail-page/buchung-detail-page.spec.ts","/home/alex/dev/Bachelor/bmad-vergleichsstudie/.lizard-tmp-utCYkH/code/seed-a-frontend/src/app/features/buchung/buchung-detail-page/buchung-detail-page.spec.ts","(anonymous)","(anonymous)",145,152
2,1,29,0,2,"getCurrentNavigation@156-157@/home/alex/dev/Bachelor/bmad-vergleichsstudie/.lizard-tmp-utCYkH/code/seed-a-frontend/src/app/features/buchung/buchung-detail-page/buchung-detail-page.spec.ts","/home/alex/dev/Bachelor/bmad-vergleichsstudie/.lizard-tmp-utCYkH/code/seed-a-frontend/src/app/features/buchung/buchung-detail-page/buchung-detail-page.spec.ts","getCurrentNavigation","getCurrentNavigation ( )",156,157
10,1,87,0,13,"(anonymous)@154-166@/home/alex/dev/Bachelor/bmad-vergleichsstudie/.lizard-tmp-utCYkH/code/seed-a-frontend/src/app/features/buchung/buchung-detail-page/buchung-detail-page.spec.ts","/home/alex/dev/Bachelor/bmad-vergleichsstudie/.lizard-tmp-utCYkH/code/seed-a-frontend/src/app/features/buchung/buchung-detail-page/buchung-detail-page.spec.ts","(anonymous)","(anonymous)",154,166
2,1,29,0,2,"getCurrentNavigation@170-171@/home/alex/dev/Bachelor/bmad-vergleichsstudie/.lizard-tmp-utCYkH/code/seed-a-frontend/src/app/features/buchung/buchung-detail-page/buchung-detail-page.spec.ts","/home/alex/dev/Bachelor/bmad-vergleichsstudie/.lizard-tmp-utCYkH/code/seed-a-frontend/src/app/features/buchung/buchung-detail-page/buchung-detail-page.spec.ts","getCurrentNavigation","getCurrentNavigation ( )",170,171
20,2,169,0,24,"(anonymous)@168-191@/home/alex/dev/Bachelor/bmad-vergleichsstudie/.lizard-tmp-utCYkH/code/seed-a-frontend/src/app/features/buchung/buchung-detail-page/buchung-detail-page.spec.ts","/home/alex/dev/Bachelor/bmad-vergleichsstudie/.lizard-tmp-utCYkH/code/seed-a-frontend/src/app/features/buchung/buchung-detail-page/buchung-detail-page.spec.ts","(anonymous)","(anonymous)",168,191
2,1,29,0,2,"getCurrentNavigation@195-196@/home/alex/dev/Bachelor/bmad-vergleichsstudie/.lizard-tmp-utCYkH/code/seed-a-frontend/src/app/features/buchung/buchung-detail-page/buchung-detail-page.spec.ts","/home/alex/dev/Bachelor/bmad-vergleichsstudie/.lizard-tmp-utCYkH/code/seed-a-frontend/src/app/features/buchung/buchung-detail-page/buchung-detail-page.spec.ts","getCurrentNavigation","getCurrentNavigation ( )",195,196
13,1,120,0,16,"(anonymous)@193-208@/home/alex/dev/Bachelor/bmad-vergleichsstudie/.lizard-tmp-utCYkH/code/seed-a-frontend/src/app/features/buchung/buchung-detail-page/buchung-detail-page.spec.ts","/home/alex/dev/Bachelor/bmad-vergleichsstudie/.lizard-tmp-utCYkH/code/seed-a-frontend/src/app/features/buchung/buchung-detail-page/buchung-detail-page.spec.ts","(anonymous)","(anonymous)",193,208
2,1,29,0,2,"getCurrentNavigation@212-213@/home/alex/dev/Bachelor/bmad-vergleichsstudie/.lizard-tmp-utCYkH/code/seed-a-frontend/src/app/features/buchung/buchung-detail-page/buchung-detail-page.spec.ts","/home/alex/dev/Bachelor/bmad-vergleichsstudie/.lizard-tmp-utCYkH/code/seed-a-frontend/src/app/features/buchung/buchung-detail-page/buchung-detail-page.spec.ts","getCurrentNavigation","getCurrentNavigation ( )",212,213
21,1,185,0,26,"(anonymous)@210-235@/home/alex/dev/Bachelor/bmad-vergleichsstudie/.lizard-tmp-utCYkH/code/seed-a-frontend/src/app/features/buchung/buchung-detail-page/buchung-detail-page.spec.ts","/home/alex/dev/Bachelor/bmad-vergleichsstudie/.lizard-tmp-utCYkH/code/seed-a-frontend/src/app/features/buchung/buchung-detail-page/buchung-detail-page.spec.ts","(anonymous)","(anonymous)",210,235
2,1,29,0,2,"getCurrentNavigation@239-240@/home/alex/dev/Bachelor/bmad-vergleichsstudie/.lizard-tmp-utCYkH/code/seed-a-frontend/src/app/features/buchung/buchung-detail-page/buchung-detail-page.spec.ts","/home/alex/dev/Bachelor/bmad-vergleichsstudie/.lizard-tmp-utCYkH/code/seed-a-frontend/src/app/features/buchung/buchung-detail-page/buchung-detail-page.spec.ts","getCurrentNavigation","getCurrentNavigation ( )",239,240
24,1,231,0,30,"(anonymous)@237-266@/home/alex/dev/Bachelor/bmad-vergleichsstudie/.lizard-tmp-utCYkH/code/seed-a-frontend/src/app/features/buchung/buchung-detail-page/buchung-detail-page.spec.ts","/home/alex/dev/Bachelor/bmad-vergleichsstudie/.lizard-tmp-utCYkH/code/seed-a-frontend/src/app/features/buchung/buchung-detail-page/buchung-detail-page.spec.ts","(anonymous)","(anonymous)",237,266
2,1,29,0,2,"getCurrentNavigation@270-271@/home/alex/dev/Bachelor/bmad-vergleichsstudie/.lizard-tmp-utCYkH/code/seed-a-frontend/src/app/features/buchung/buchung-detail-page/buchung-detail-page.spec.ts","/home/alex/dev/Bachelor/bmad-vergleichsstudie/.lizard-tmp-utCYkH/code/seed-a-frontend/src/app/features/buchung/buchung-detail-page/buchung-detail-page.spec.ts","getCurrentNavigation","getCurrentNavigation ( )",270,271
19,2,163,0,23,"(anonymous)@268-290@/home/alex/dev/Bachelor/bmad-vergleichsstudie/.lizard-tmp-utCYkH/code/seed-a-frontend/src/app/features/buchung/buchung-detail-page/buchung-detail-page.spec.ts","/home/alex/dev/Bachelor/bmad-vergleichsstudie/.lizard-tmp-utCYkH/code/seed-a-frontend/src/app/features/buchung/buchung-detail-page/buchung-detail-page.spec.ts","(anonymous)","(anonymous)",268,290
32,1,259,0,283,"(anonymous)@9-291@/home/alex/dev/Bachelor/bmad-vergleichsstudie/.lizard-tmp-utCYkH/code/seed-a-frontend/src/app/features/buchung/buchung-detail-page/buchung-detail-page.spec.ts","/home/alex/dev/Bachelor/bmad-vergleichsstudie/.lizard-tmp-utCYkH/code/seed-a-frontend/src/app/features/buchung/buchung-detail-page/buchung-detail-page.spec.ts","(anonymous)","(anonymous)",9,291
3,1,18,1,3,"onReferenceInput@21-23@/home/alex/dev/Bachelor/bmad-vergleichsstudie/.lizard-tmp-utCYkH/code/seed-a-frontend/src/app/features/buchung/buchung-abrufen-page/buchung-abrufen-page.ts","/home/alex/dev/Bachelor/bmad-vergleichsstudie/.lizard-tmp-utCYkH/code/seed-a-frontend/src/app/features/buchung/buchung-abrufen-page/buchung-abrufen-page.ts","onReferenceInput","onReferenceInput ( value )",21,23
4,1,38,1,4,"next@41-44@/home/alex/dev/Bachelor/bmad-vergleichsstudie/.lizard-tmp-utCYkH/code/seed-a-frontend/src/app/features/buchung/buchung-abrufen-page/buchung-abrufen-page.ts","/home/alex/dev/Bachelor/bmad-vergleichsstudie/.lizard-tmp-utCYkH/code/seed-a-frontend/src/app/features/buchung/buchung-abrufen-page/buchung-abrufen-page.ts","next","next ( booking )",41,44
8,2,34,1,8,"error@45-52@/home/alex/dev/Bachelor/bmad-vergleichsstudie/.lizard-tmp-utCYkH/code/seed-a-frontend/src/app/features/buchung/buchung-abrufen-page/buchung-abrufen-page.ts","/home/alex/dev/Bachelor/bmad-vergleichsstudie/.lizard-tmp-utCYkH/code/seed-a-frontend/src/app/features/buchung/buchung-abrufen-page/buchung-abrufen-page.ts","error","error ( err HttpErrorResponse )",45,52
17,3,98,1,30,"onSubmit@25-54@/home/alex/dev/Bachelor/bmad-vergleichsstudie/.lizard-tmp-utCYkH/code/seed-a-frontend/src/app/features/buchung/buchung-abrufen-page/buchung-abrufen-page.ts","/home/alex/dev/Bachelor/bmad-vergleichsstudie/.lizard-tmp-utCYkH/code/seed-a-frontend/src/app/features/buchung/buchung-abrufen-page/buchung-abrufen-page.ts","onSubmit","onSubmit ( event Event )",25,54
11,1,79,0,11,"createFixture@24-34@/home/alex/dev/Bachelor/bmad-vergleichsstudie/.lizard-tmp-utCYkH/code/seed-a-frontend/src/app/features/buchung/buchung-abrufen-page/buchung-abrufen-page.spec.ts","/home/alex/dev/Bachelor/bmad-vergleichsstudie/.lizard-tmp-utCYkH/code/seed-a-frontend/src/app/features/buchung/buchung-abrufen-page/buchung-abrufen-page.spec.ts","createFixture","createFixture ( )",24,34
3,1,8,0,3,"(anonymous)@36-38@/home/alex/dev/Bachelor/bmad-vergleichsstudie/.lizard-tmp-utCYkH/code/seed-a-frontend/src/app/features/buchung/buchung-abrufen-page/buchung-abrufen-page.spec.ts","/home/alex/dev/Bachelor/bmad-vergleichsstudie/.lizard-tmp-utCYkH/code/seed-a-frontend/src/app/features/buchung/buchung-abrufen-page/buchung-abrufen-page.spec.ts","(anonymous)","(anonymous)",36,38
10,1,88,2,11,"submitReference@40-50@/home/alex/dev/Bachelor/bmad-vergleichsstudie/.lizard-tmp-utCYkH/code/seed-a-frontend/src/app/features/buchung/buchung-abrufen-page/buchung-abrufen-page.spec.ts","/home/alex/dev/Bachelor/bmad-vergleichsstudie/.lizard-tmp-utCYkH/code/seed-a-frontend/src/app/features/buchung/buchung-abrufen-page/buchung-abrufen-page.spec.ts","submitReference","submitReference ( fixture ReturnType , reference )",40,50
8,1,80,0,10,"(anonymous)@50-59@/home/alex/dev/Bachelor/bmad-vergleichsstudie/.lizard-tmp-utCYkH/code/seed-a-frontend/src/app/features/buchung/buchung-abrufen-page/buchung-abrufen-page.spec.ts","/home/alex/dev/Bachelor/bmad-vergleichsstudie/.lizard-tmp-utCYkH/code/seed-a-frontend/src/app/features/buchung/buchung-abrufen-page/buchung-abrufen-page.spec.ts","(anonymous)","(anonymous)",50,59
7,1,70,0,9,"(anonymous)@61-69@/home/alex/dev/Bachelor/bmad-vergleichsstudie/.lizard-tmp-utCYkH/code/seed-a-frontend/src/app/features/buchung/buchung-abrufen-page/buchung-abrufen-page.spec.ts","/home/alex/dev/Bachelor/bmad-vergleichsstudie/.lizard-tmp-utCYkH/code/seed-a-frontend/src/app/features/buchung/buchung-abrufen-page/buchung-abrufen-page.spec.ts","(anonymous)","(anonymous)",61,69
11,2,86,0,13,"(anonymous)@71-83@/home/alex/dev/Bachelor/bmad-vergleichsstudie/.lizard-tmp-utCYkH/code/seed-a-frontend/src/app/features/buchung/buchung-abrufen-page/buchung-abrufen-page.spec.ts","/home/alex/dev/Bachelor/bmad-vergleichsstudie/.lizard-tmp-utCYkH/code/seed-a-frontend/src/app/features/buchung/buchung-abrufen-page/buchung-abrufen-page.spec.ts","(anonymous)","(anonymous)",71,83
1,1,2,0,1,"(anonymous)@89-89@/home/alex/dev/Bachelor/bmad-vergleichsstudie/.lizard-tmp-utCYkH/code/seed-a-frontend/src/app/features/buchung/buchung-abrufen-page/buchung-abrufen-page.spec.ts","/home/alex/dev/Bachelor/bmad-vergleichsstudie/.lizard-tmp-utCYkH/code/seed-a-frontend/src/app/features/buchung/buchung-abrufen-page/buchung-abrufen-page.spec.ts","(anonymous)","(anonymous)",89,89
9,2,56,0,11,"(anonymous)@85-95@/home/alex/dev/Bachelor/bmad-vergleichsstudie/.lizard-tmp-utCYkH/code/seed-a-frontend/src/app/features/buchung/buchung-abrufen-page/buchung-abrufen-page.spec.ts","/home/alex/dev/Bachelor/bmad-vergleichsstudie/.lizard-tmp-utCYkH/code/seed-a-frontend/src/app/features/buchung/buchung-abrufen-page/buchung-abrufen-page.spec.ts","(anonymous)","(anonymous)",85,95
10,2,82,0,12,"(anonymous)@97-108@/home/alex/dev/Bachelor/bmad-vergleichsstudie/.lizard-tmp-utCYkH/code/seed-a-frontend/src/app/features/buchung/buchung-abrufen-page/buchung-abrufen-page.spec.ts","/home/alex/dev/Bachelor/bmad-vergleichsstudie/.lizard-tmp-utCYkH/code/seed-a-frontend/src/app/features/buchung/buchung-abrufen-page/buchung-abrufen-page.spec.ts","(anonymous)","(anonymous)",97,108
21,1,146,0,101,"(anonymous)@9-109@/home/alex/dev/Bachelor/bmad-vergleichsstudie/.lizard-tmp-utCYkH/code/seed-a-frontend/src/app/features/buchung/buchung-abrufen-page/buchung-abrufen-page.spec.ts","/home/alex/dev/Bachelor/bmad-vergleichsstudie/.lizard-tmp-utCYkH/code/seed-a-frontend/src/app/features/buchung/buchung-abrufen-page/buchung-abrufen-page.spec.ts","(anonymous)","(anonymous)",9,109
6,2,26,0,6,"onEscape@15-20@/home/alex/dev/Bachelor/bmad-vergleichsstudie/.lizard-tmp-utCYkH/code/seed-a-frontend/src/app/features/buchung/cancel-dialog/cancel-dialog.ts","/home/alex/dev/Bachelor/bmad-vergleichsstudie/.lizard-tmp-utCYkH/code/seed-a-frontend/src/app/features/buchung/cancel-dialog/cancel-dialog.ts","onEscape","onEscape ( )",15,20
5,1,20,0,5,"(anonymous)@6-10@/home/alex/dev/Bachelor/bmad-vergleichsstudie/.lizard-tmp-utCYkH/code/seed-a-frontend/src/app/features/buchung/cancel-dialog/cancel-dialog.spec.ts","/home/alex/dev/Bachelor/bmad-vergleichsstudie/.lizard-tmp-utCYkH/code/seed-a-frontend/src/app/features/buchung/cancel-dialog/cancel-dialog.spec.ts","(anonymous)","(anonymous)",6,10
1,1,6,0,1,"(anonymous)@17-17@/home/alex/dev/Bachelor/bmad-vergleichsstudie/.lizard-tmp-utCYkH/code/seed-a-frontend/src/app/features/buchung/cancel-dialog/cancel-dialog.spec.ts","/home/alex/dev/Bachelor/bmad-vergleichsstudie/.lizard-tmp-utCYkH/code/seed-a-frontend/src/app/features/buchung/cancel-dialog/cancel-dialog.spec.ts","(anonymous)","(anonymous)",17,17
9,1,70,0,12,"(anonymous)@12-23@/home/alex/dev/Bachelor/bmad-vergleichsstudie/.lizard-tmp-utCYkH/code/seed-a-frontend/src/app/features/buchung/cancel-dialog/cancel-dialog.spec.ts","/home/alex/dev/Bachelor/bmad-vergleichsstudie/.lizard-tmp-utCYkH/code/seed-a-frontend/src/app/features/buchung/cancel-dialog/cancel-dialog.spec.ts","(anonymous)","(anonymous)",12,23
1,1,6,0,1,"(anonymous)@30-30@/home/alex/dev/Bachelor/bmad-vergleichsstudie/.lizard-tmp-utCYkH/code/seed-a-frontend/src/app/features/buchung/cancel-dialog/cancel-dialog.spec.ts","/home/alex/dev/Bachelor/bmad-vergleichsstudie/.lizard-tmp-utCYkH/code/seed-a-frontend/src/app/features/buchung/cancel-dialog/cancel-dialog.spec.ts","(anonymous)","(anonymous)",30,30
9,1,70,0,12,"(anonymous)@25-36@/home/alex/dev/Bachelor/bmad-vergleichsstudie/.lizard-tmp-utCYkH/code/seed-a-frontend/src/app/features/buchung/cancel-dialog/cancel-dialog.spec.ts","/home/alex/dev/Bachelor/bmad-vergleichsstudie/.lizard-tmp-utCYkH/code/seed-a-frontend/src/app/features/buchung/cancel-dialog/cancel-dialog.spec.ts","(anonymous)","(anonymous)",25,36
1,1,6,0,1,"(anonymous)@43-43@/home/alex/dev/Bachelor/bmad-vergleichsstudie/.lizard-tmp-utCYkH/code/seed-a-frontend/src/app/features/buchung/cancel-dialog/cancel-dialog.spec.ts","/home/alex/dev/Bachelor/bmad-vergleichsstudie/.lizard-tmp-utCYkH/code/seed-a-frontend/src/app/features/buchung/cancel-dialog/cancel-dialog.spec.ts","(anonymous)","(anonymous)",43,43
8,1,63,0,11,"(anonymous)@38-48@/home/alex/dev/Bachelor/bmad-vergleichsstudie/.lizard-tmp-utCYkH/code/seed-a-frontend/src/app/features/buchung/cancel-dialog/cancel-dialog.spec.ts","/home/alex/dev/Bachelor/bmad-vergleichsstudie/.lizard-tmp-utCYkH/code/seed-a-frontend/src/app/features/buchung/cancel-dialog/cancel-dialog.spec.ts","(anonymous)","(anonymous)",38,48
1,1,6,0,1,"(anonymous)@56-56@/home/alex/dev/Bachelor/bmad-vergleichsstudie/.lizard-tmp-utCYkH/code/seed-a-frontend/src/app/features/buchung/cancel-dialog/cancel-dialog.spec.ts","/home/alex/dev/Bachelor/bmad-vergleichsstudie/.lizard-tmp-utCYkH/code/seed-a-frontend/src/app/features/buchung/cancel-dialog/cancel-dialog.spec.ts","(anonymous)","(anonymous)",56,56
9,1,74,0,12,"(anonymous)@50-61@/home/alex/dev/Bachelor/bmad-vergleichsstudie/.lizard-tmp-utCYkH/code/seed-a-frontend/src/app/features/buchung/cancel-dialog/cancel-dialog.spec.ts","/home/alex/dev/Bachelor/bmad-vergleichsstudie/.lizard-tmp-utCYkH/code/seed-a-frontend/src/app/features/buchung/cancel-dialog/cancel-dialog.spec.ts","(anonymous)","(anonymous)",50,61
11,1,102,0,13,"(anonymous)@63-75@/home/alex/dev/Bachelor/bmad-vergleichsstudie/.lizard-tmp-utCYkH/code/seed-a-frontend/src/app/features/buchung/cancel-dialog/cancel-dialog.spec.ts","/home/alex/dev/Bachelor/bmad-vergleichsstudie/.lizard-tmp-utCYkH/code/seed-a-frontend/src/app/features/buchung/cancel-dialog/cancel-dialog.spec.ts","(anonymous)","(anonymous)",63,75
8,1,61,0,72,"(anonymous)@5-76@/home/alex/dev/Bachelor/bmad-vergleichsstudie/.lizard-tmp-utCYkH/code/seed-a-frontend/src/app/features/buchung/cancel-dialog/cancel-dialog.spec.ts","/home/alex/dev/Bachelor/bmad-vergleichsstudie/.lizard-tmp-utCYkH/code/seed-a-frontend/src/app/features/buchung/cancel-dialog/cancel-dialog.spec.ts","(anonymous)","(anonymous)",5,76
11,1,109,0,13,"(anonymous)@6-18@/home/alex/dev/Bachelor/bmad-vergleichsstudie/.lizard-tmp-utCYkH/code/seed-a-frontend/src/app/shared/error-banner/error-banner.spec.ts","/home/alex/dev/Bachelor/bmad-vergleichsstudie/.lizard-tmp-utCYkH/code/seed-a-frontend/src/app/shared/error-banner/error-banner.spec.ts","(anonymous)","(anonymous)",6,18
3,1,12,0,15,"(anonymous)@5-19@/home/alex/dev/Bachelor/bmad-vergleichsstudie/.lizard-tmp-utCYkH/code/seed-a-frontend/src/app/shared/error-banner/error-banner.spec.ts","/home/alex/dev/Bachelor/bmad-vergleichsstudie/.lizard-tmp-utCYkH/code/seed-a-frontend/src/app/shared/error-banner/error-banner.spec.ts","(anonymous)","(anonymous)",5,19
10,1,96,0,12,"(anonymous)@6-17@/home/alex/dev/Bachelor/bmad-vergleichsstudie/.lizard-tmp-utCYkH/code/seed-a-frontend/src/app/shared/status-badge/status-badge.spec.ts","/home/alex/dev/Bachelor/bmad-vergleichsstudie/.lizard-tmp-utCYkH/code/seed-a-frontend/src/app/shared/status-badge/status-badge.spec.ts","(anonymous)","(anonymous)",6,17
10,1,96,0,12,"(anonymous)@19-30@/home/alex/dev/Bachelor/bmad-vergleichsstudie/.lizard-tmp-utCYkH/code/seed-a-frontend/src/app/shared/status-badge/status-badge.spec.ts","/home/alex/dev/Bachelor/bmad-vergleichsstudie/.lizard-tmp-utCYkH/code/seed-a-frontend/src/app/shared/status-badge/status-badge.spec.ts","(anonymous)","(anonymous)",19,30
4,1,22,0,27,"(anonymous)@5-31@/home/alex/dev/Bachelor/bmad-vergleichsstudie/.lizard-tmp-utCYkH/code/seed-a-frontend/src/app/shared/status-badge/status-badge.spec.ts","/home/alex/dev/Bachelor/bmad-vergleichsstudie/.lizard-tmp-utCYkH/code/seed-a-frontend/src/app/shared/status-badge/status-badge.spec.ts","(anonymous)","(anonymous)",5,31
3,1,17,1,3,"formatEuroAmount@3-5@/home/alex/dev/Bachelor/bmad-vergleichsstudie/.lizard-tmp-utCYkH/code/seed-a-frontend/src/app/shared/format-currency.ts","/home/alex/dev/Bachelor/bmad-vergleichsstudie/.lizard-tmp-utCYkH/code/seed-a-frontend/src/app/shared/format-currency.ts","formatEuroAmount","formatEuroAmount ( amount )",3,5
3,1,15,0,3,"(anonymous)@4-6@/home/alex/dev/Bachelor/bmad-vergleichsstudie/.lizard-tmp-utCYkH/code/seed-a-frontend/src/app/shared/format-currency.spec.ts","/home/alex/dev/Bachelor/bmad-vergleichsstudie/.lizard-tmp-utCYkH/code/seed-a-frontend/src/app/shared/format-currency.spec.ts","(anonymous)","(anonymous)",4,6
3,1,17,0,3,"(anonymous)@8-10@/home/alex/dev/Bachelor/bmad-vergleichsstudie/.lizard-tmp-utCYkH/code/seed-a-frontend/src/app/shared/format-currency.spec.ts","/home/alex/dev/Bachelor/bmad-vergleichsstudie/.lizard-tmp-utCYkH/code/seed-a-frontend/src/app/shared/format-currency.spec.ts","(anonymous)","(anonymous)",8,10
3,1,17,0,3,"(anonymous)@12-14@/home/alex/dev/Bachelor/bmad-vergleichsstudie/.lizard-tmp-utCYkH/code/seed-a-frontend/src/app/shared/format-currency.spec.ts","/home/alex/dev/Bachelor/bmad-vergleichsstudie/.lizard-tmp-utCYkH/code/seed-a-frontend/src/app/shared/format-currency.spec.ts","(anonymous)","(anonymous)",12,14
5,1,32,0,13,"(anonymous)@3-15@/home/alex/dev/Bachelor/bmad-vergleichsstudie/.lizard-tmp-utCYkH/code/seed-a-frontend/src/app/shared/format-currency.spec.ts","/home/alex/dev/Bachelor/bmad-vergleichsstudie/.lizard-tmp-utCYkH/code/seed-a-frontend/src/app/shared/format-currency.spec.ts","(anonymous)","(anonymous)",3,15
5,1,46,3,5,"EventsController::GetEvents@12-16@/home/alex/dev/Bachelor/bmad-vergleichsstudie/.lizard-tmp-utCYkH/code/seed-a-backend.Api/Controllers/EventsController.cs","/home/alex/dev/Bachelor/bmad-vergleichsstudie/.lizard-tmp-utCYkH/code/seed-a-backend.Api/Controllers/EventsController.cs","EventsController::GetEvents","GetEvents( [ FromQuery ] DateOnly ? from , [ FromQuery ] DateOnly ? to , [ FromQuery ] Guid ? venueId)",12,16
5,2,32,1,5,"EventsController::GetEvent@19-23@/home/alex/dev/Bachelor/bmad-vergleichsstudie/.lizard-tmp-utCYkH/code/seed-a-backend.Api/Controllers/EventsController.cs","/home/alex/dev/Bachelor/bmad-vergleichsstudie/.lizard-tmp-utCYkH/code/seed-a-backend.Api/Controllers/EventsController.cs","EventsController::GetEvent","GetEvent( Guid id)",19,23
5,1,21,0,5,"EventsController::GetVenues@26-30@/home/alex/dev/Bachelor/bmad-vergleichsstudie/.lizard-tmp-utCYkH/code/seed-a-backend.Api/Controllers/EventsController.cs","/home/alex/dev/Bachelor/bmad-vergleichsstudie/.lizard-tmp-utCYkH/code/seed-a-backend.Api/Controllers/EventsController.cs","EventsController::GetVenues","GetVenues()",26,30
5,2,32,1,5,"EventsController::GetSeatMap@33-37@/home/alex/dev/Bachelor/bmad-vergleichsstudie/.lizard-tmp-utCYkH/code/seed-a-backend.Api/Controllers/EventsController.cs","/home/alex/dev/Bachelor/bmad-vergleichsstudie/.lizard-tmp-utCYkH/code/seed-a-backend.Api/Controllers/EventsController.cs","EventsController::GetSeatMap","GetSeatMap( Guid id)",33,37
18,4,133,1,21,"BookingsController::CreateBooking@12-32@/home/alex/dev/Bachelor/bmad-vergleichsstudie/.lizard-tmp-utCYkH/code/seed-a-backend.Api/Controllers/BookingsController.cs","/home/alex/dev/Bachelor/bmad-vergleichsstudie/.lizard-tmp-utCYkH/code/seed-a-backend.Api/Controllers/BookingsController.cs","BookingsController::CreateBooking","CreateBooking( CreateBookingRequestDto request)",12,32
5,2,32,1,5,"BookingsController::GetBooking@35-39@/home/alex/dev/Bachelor/bmad-vergleichsstudie/.lizard-tmp-utCYkH/code/seed-a-backend.Api/Controllers/BookingsController.cs","/home/alex/dev/Bachelor/bmad-vergleichsstudie/.lizard-tmp-utCYkH/code/seed-a-backend.Api/Controllers/BookingsController.cs","BookingsController::GetBooking","GetBooking( string reference)",35,39
16,3,65,1,19,"BookingsController::CancelBooking@42-60@/home/alex/dev/Bachelor/bmad-vergleichsstudie/.lizard-tmp-utCYkH/code/seed-a-backend.Api/Controllers/BookingsController.cs","/home/alex/dev/Bachelor/bmad-vergleichsstudie/.lizard-tmp-utCYkH/code/seed-a-backend.Api/Controllers/BookingsController.cs","BookingsController::CancelBooking","CancelBooking( string reference)",42,60
68,1,498,1,82,"AppDbContext::OnModelCreating@16-97@/home/alex/dev/Bachelor/bmad-vergleichsstudie/.lizard-tmp-utCYkH/code/seed-a-backend.Api/Data/AppDbContext.cs","/home/alex/dev/Bachelor/bmad-vergleichsstudie/.lizard-tmp-utCYkH/code/seed-a-backend.Api/Data/AppDbContext.cs","AppDbContext::OnModelCreating","OnModelCreating( ModelBuilder modelBuilder)",16,97
109,13,732,3,125,"SeedImporter::ImportAsync@15-139@/home/alex/dev/Bachelor/bmad-vergleichsstudie/.lizard-tmp-utCYkH/code/seed-a-backend.Api/Data/SeedImporter.cs","/home/alex/dev/Bachelor/bmad-vergleichsstudie/.lizard-tmp-utCYkH/code/seed-a-backend.Api/Data/SeedImporter.cs","SeedImporter::ImportAsync","SeedImporter::ImportAsync( AppDbContext dbContext , BookingService bookingService , string contentRootPath)",15,139
5,1,44,1,5,"SeedImporter::ParseSeatLabel@141-145@/home/alex/dev/Bachelor/bmad-vergleichsstudie/.lizard-tmp-utCYkH/code/seed-a-backend.Api/Data/SeedImporter.cs","/home/alex/dev/Bachelor/bmad-vergleichsstudie/.lizard-tmp-utCYkH/code/seed-a-backend.Api/Data/SeedImporter.cs","SeedImporter::ParseSeatLabel","SeedImporter::ParseSeatLabel( string label)",141,145
24,5,196,3,28,"EventService::GetEventsAsync@10-37@/home/alex/dev/Bachelor/bmad-vergleichsstudie/.lizard-tmp-utCYkH/code/seed-a-backend.Api/Application/EventService.cs","/home/alex/dev/Bachelor/bmad-vergleichsstudie/.lizard-tmp-utCYkH/code/seed-a-backend.Api/Application/EventService.cs","EventService::GetEventsAsync","GetEventsAsync( DateOnly ? from = null , DateOnly ? to = null , Guid ? venueId = null)",10,37
7,1,75,1,7,"EventService::GetEventByIdAsync@39-45@/home/alex/dev/Bachelor/bmad-vergleichsstudie/.lizard-tmp-utCYkH/code/seed-a-backend.Api/Application/EventService.cs","/home/alex/dev/Bachelor/bmad-vergleichsstudie/.lizard-tmp-utCYkH/code/seed-a-backend.Api/Application/EventService.cs","EventService::GetEventByIdAsync","GetEventByIdAsync( Guid id)",39,45
7,1,41,0,7,"EventService::GetVenuesAsync@47-53@/home/alex/dev/Bachelor/bmad-vergleichsstudie/.lizard-tmp-utCYkH/code/seed-a-backend.Api/Application/EventService.cs","/home/alex/dev/Bachelor/bmad-vergleichsstudie/.lizard-tmp-utCYkH/code/seed-a-backend.Api/Application/EventService.cs","EventService::GetVenuesAsync","GetVenuesAsync()",47,53
1,1,13,0,1,"BookingReferenceGenerator::Generate@12-12@/home/alex/dev/Bachelor/bmad-vergleichsstudie/.lizard-tmp-utCYkH/code/seed-a-backend.Api/Application/BookingReferenceGenerator.cs","/home/alex/dev/Bachelor/bmad-vergleichsstudie/.lizard-tmp-utCYkH/code/seed-a-backend.Api/Application/BookingReferenceGenerator.cs","BookingReferenceGenerator::Generate","BookingReferenceGenerator::Generate()",12,12
34,5,321,1,41,"SeatMapService::GetSeatMapAsync@9-49@/home/alex/dev/Bachelor/bmad-vergleichsstudie/.lizard-tmp-utCYkH/code/seed-a-backend.Api/Application/SeatMapService.cs","/home/alex/dev/Bachelor/bmad-vergleichsstudie/.lizard-tmp-utCYkH/code/seed-a-backend.Api/Application/SeatMapService.cs","SeatMapService::GetSeatMapAsync","GetSeatMapAsync( Guid eventId)",9,49
1,1,14,1,1,"CreateBookingResult::Success@16-16@/home/alex/dev/Bachelor/bmad-vergleichsstudie/.lizard-tmp-utCYkH/code/seed-a-backend.Api/Application/BookingService.cs","/home/alex/dev/Bachelor/bmad-vergleichsstudie/.lizard-tmp-utCYkH/code/seed-a-backend.Api/Application/BookingService.cs","CreateBookingResult::Success","CreateBookingResult::Success( BookingDto booking)",16,16
16,1,22,0,237,"*global*@0-236@/home/alex/dev/Bachelor/bmad-vergleichsstudie/.lizard-tmp-utCYkH/code/seed-a-backend.Api/Application/BookingService.cs","/home/alex/dev/Bachelor/bmad-vergleichsstudie/.lizard-tmp-utCYkH/code/seed-a-backend.Api/Application/BookingService.cs","*global*","*global*",0,236
2,1,24,2,2,"CreateBookingResult::Invalid@17-18@/home/alex/dev/Bachelor/bmad-vergleichsstudie/.lizard-tmp-utCYkH/code/seed-a-backend.Api/Application/BookingService.cs","/home/alex/dev/Bachelor/bmad-vergleichsstudie/.lizard-tmp-utCYkH/code/seed-a-backend.Api/Application/BookingService.cs","CreateBookingResult::Invalid","CreateBookingResult::Invalid( List<string> fields , string detail)",17,18
16,1,22,0,237,"*global*@0-236@/home/alex/dev/Bachelor/bmad-vergleichsstudie/.lizard-tmp-utCYkH/code/seed-a-backend.Api/Application/BookingService.cs","/home/alex/dev/Bachelor/bmad-vergleichsstudie/.lizard-tmp-utCYkH/code/seed-a-backend.Api/Application/BookingService.cs","*global*","*global*",0,236
2,1,17,1,2,"CreateBookingResult::Conflict@19-20@/home/alex/dev/Bachelor/bmad-vergleichsstudie/.lizard-tmp-utCYkH/code/seed-a-backend.Api/Application/BookingService.cs","/home/alex/dev/Bachelor/bmad-vergleichsstudie/.lizard-tmp-utCYkH/code/seed-a-backend.Api/Application/BookingService.cs","CreateBookingResult::Conflict","CreateBookingResult::Conflict( List<string> seatLabels)",19,20
16,1,22,0,237,"*global*@0-236@/home/alex/dev/Bachelor/bmad-vergleichsstudie/.lizard-tmp-utCYkH/code/seed-a-backend.Api/Application/BookingService.cs","/home/alex/dev/Bachelor/bmad-vergleichsstudie/.lizard-tmp-utCYkH/code/seed-a-backend.Api/Application/BookingService.cs","*global*","*global*",0,236
1,1,14,1,1,"CancelBookingResult::Success@29-29@/home/alex/dev/Bachelor/bmad-vergleichsstudie/.lizard-tmp-utCYkH/code/seed-a-backend.Api/Application/BookingService.cs","/home/alex/dev/Bachelor/bmad-vergleichsstudie/.lizard-tmp-utCYkH/code/seed-a-backend.Api/Application/BookingService.cs","CancelBookingResult::Success","CancelBookingResult::Success( BookingDto booking)",29,29
16,1,22,0,237,"*global*@0-236@/home/alex/dev/Bachelor/bmad-vergleichsstudie/.lizard-tmp-utCYkH/code/seed-a-backend.Api/Application/BookingService.cs","/home/alex/dev/Bachelor/bmad-vergleichsstudie/.lizard-tmp-utCYkH/code/seed-a-backend.Api/Application/BookingService.cs","*global*","*global*",0,236
1,1,12,0,1,"CancelBookingResult::NotFoundResult@30-30@/home/alex/dev/Bachelor/bmad-vergleichsstudie/.lizard-tmp-utCYkH/code/seed-a-backend.Api/Application/BookingService.cs","/home/alex/dev/Bachelor/bmad-vergleichsstudie/.lizard-tmp-utCYkH/code/seed-a-backend.Api/Application/BookingService.cs","CancelBookingResult::NotFoundResult","CancelBookingResult::NotFoundResult()",30,30
16,1,22,0,237,"*global*@0-236@/home/alex/dev/Bachelor/bmad-vergleichsstudie/.lizard-tmp-utCYkH/code/seed-a-backend.Api/Application/BookingService.cs","/home/alex/dev/Bachelor/bmad-vergleichsstudie/.lizard-tmp-utCYkH/code/seed-a-backend.Api/Application/BookingService.cs","*global*","*global*",0,236
1,1,12,0,1,"CancelBookingResult::AlreadyCancelledResult@31-31@/home/alex/dev/Bachelor/bmad-vergleichsstudie/.lizard-tmp-utCYkH/code/seed-a-backend.Api/Application/BookingService.cs","/home/alex/dev/Bachelor/bmad-vergleichsstudie/.lizard-tmp-utCYkH/code/seed-a-backend.Api/Application/BookingService.cs","CancelBookingResult::AlreadyCancelledResult","CancelBookingResult::AlreadyCancelledResult()",31,31
16,1,22,0,237,"*global*@0-236@/home/alex/dev/Bachelor/bmad-vergleichsstudie/.lizard-tmp-utCYkH/code/seed-a-backend.Api/Application/BookingService.cs","/home/alex/dev/Bachelor/bmad-vergleichsstudie/.lizard-tmp-utCYkH/code/seed-a-backend.Api/Application/BookingService.cs","*global*","*global*",0,236
93,24,715,1,111,"BookingService::CreateBookingAsync@36-146@/home/alex/dev/Bachelor/bmad-vergleichsstudie/.lizard-tmp-utCYkH/code/seed-a-backend.Api/Application/BookingService.cs","/home/alex/dev/Bachelor/bmad-vergleichsstudie/.lizard-tmp-utCYkH/code/seed-a-backend.Api/Application/BookingService.cs","BookingService::CreateBookingAsync","CreateBookingAsync( CreateBookingRequestDto request)",36,146
5,1,49,1,5,"BookingService::SeatLabelsAsync@148-152@/home/alex/dev/Bachelor/bmad-vergleichsstudie/.lizard-tmp-utCYkH/code/seed-a-backend.Api/Application/BookingService.cs","/home/alex/dev/Bachelor/bmad-vergleichsstudie/.lizard-tmp-utCYkH/code/seed-a-backend.Api/Application/BookingService.cs","BookingService::SeatLabelsAsync","SeatLabelsAsync( List<Guid> seatIds)",148,152
12,3,61,0,12,"BookingService::GenerateUniqueReferenceAsync@154-165@/home/alex/dev/Bachelor/bmad-vergleichsstudie/.lizard-tmp-utCYkH/code/seed-a-backend.Api/Application/BookingService.cs","/home/alex/dev/Bachelor/bmad-vergleichsstudie/.lizard-tmp-utCYkH/code/seed-a-backend.Api/Application/BookingService.cs","BookingService::GenerateUniqueReferenceAsync","GenerateUniqueReferenceAsync()",154,165
9,3,67,1,10,"BookingService::GetBookingByReferenceAsync@167-176@/home/alex/dev/Bachelor/bmad-vergleichsstudie/.lizard-tmp-utCYkH/code/seed-a-backend.Api/Application/BookingService.cs","/home/alex/dev/Bachelor/bmad-vergleichsstudie/.lizard-tmp-utCYkH/code/seed-a-backend.Api/Application/BookingService.cs","BookingService::GetBookingByReferenceAsync","GetBookingByReferenceAsync( string reference)",167,176
26,6,170,1,32,"BookingService::CancelBookingAsync@178-209@/home/alex/dev/Bachelor/bmad-vergleichsstudie/.lizard-tmp-utCYkH/code/seed-a-backend.Api/Application/BookingService.cs","/home/alex/dev/Bachelor/bmad-vergleichsstudie/.lizard-tmp-utCYkH/code/seed-a-backend.Api/Application/BookingService.cs","BookingService::CancelBookingAsync","CancelBookingAsync( string reference)",178,209
23,1,259,1,25,"BookingService::BuildBookingDtoAsync@211-235@/home/alex/dev/Bachelor/bmad-vergleichsstudie/.lizard-tmp-utCYkH/code/seed-a-backend.Api/Application/BookingService.cs","/home/alex/dev/Bachelor/bmad-vergleichsstudie/.lizard-tmp-utCYkH/code/seed-a-backend.Api/Application/BookingService.cs","BookingService::BuildBookingDtoAsync","BuildBookingDtoAsync( Guid bookingId)",211,235
17,2,104,0,19,"SqlServerFixture::InitializeAsync@12-30@/home/alex/dev/Bachelor/bmad-vergleichsstudie/.lizard-tmp-utCYkH/code/seed-a-backend.Tests/Integration/SqlServerFixture.cs","/home/alex/dev/Bachelor/bmad-vergleichsstudie/.lizard-tmp-utCYkH/code/seed-a-backend.Tests/Integration/SqlServerFixture.cs","SqlServerFixture::InitializeAsync","SqlServerFixture::InitializeAsync()",12,30
5,1,30,0,5,"SqlServerFixture::CreateContext@32-36@/home/alex/dev/Bachelor/bmad-vergleichsstudie/.lizard-tmp-utCYkH/code/seed-a-backend.Tests/Integration/SqlServerFixture.cs","/home/alex/dev/Bachelor/bmad-vergleichsstudie/.lizard-tmp-utCYkH/code/seed-a-backend.Tests/Integration/SqlServerFixture.cs","SqlServerFixture::CreateContext","SqlServerFixture::CreateContext()",32,36
1,1,8,0,1,"SqlServerFixture::DisposeAsync@38-38@/home/alex/dev/Bachelor/bmad-vergleichsstudie/.lizard-tmp-utCYkH/code/seed-a-backend.Tests/Integration/SqlServerFixture.cs","/home/alex/dev/Bachelor/bmad-vergleichsstudie/.lizard-tmp-utCYkH/code/seed-a-backend.Tests/Integration/SqlServerFixture.cs","SqlServerFixture::DisposeAsync","SqlServerFixture::DisposeAsync()",38,38
38,1,368,0,44,"BookingServiceConcurrencyTests::SeedEventWithSeatsAsync@12-55@/home/alex/dev/Bachelor/bmad-vergleichsstudie/.lizard-tmp-utCYkH/code/seed-a-backend.Tests/Integration/BookingServiceConcurrencyTests.cs","/home/alex/dev/Bachelor/bmad-vergleichsstudie/.lizard-tmp-utCYkH/code/seed-a-backend.Tests/Integration/BookingServiceConcurrencyTests.cs","BookingServiceConcurrencyTests::SeedEventWithSeatsAsync","SeedEventWithSeatsAsync()",12,55
33,6,314,0,40,"BookingServiceConcurrencyTests::CreateBookingAsync_TwoConcurrentRequestsForSameSeat_ExactlyOneSucceeds@58-97@/home/alex/dev/Bachelor/bmad-vergleichsstudie/.lizard-tmp-utCYkH/code/seed-a-backend.Tests/Integration/BookingServiceConcurrencyTests.cs","/home/alex/dev/Bachelor/bmad-vergleichsstudie/.lizard-tmp-utCYkH/code/seed-a-backend.Tests/Integration/BookingServiceConcurrencyTests.cs","BookingServiceConcurrencyTests::CreateBookingAsync_TwoConcurrentRequestsForSameSeat_ExactlyOneSucceeds","CreateBookingAsync_TwoConcurrentRequestsForSameSeat_ExactlyOneSucceeds()",58,97
18,2,139,0,22,"BookingServiceConcurrencyTests::CreateBookingAsync_TwoConcurrentRequestsForDisjointSeats_BothSucceed@100-121@/home/alex/dev/Bachelor/bmad-vergleichsstudie/.lizard-tmp-utCYkH/code/seed-a-backend.Tests/Integration/BookingServiceConcurrencyTests.cs","/home/alex/dev/Bachelor/bmad-vergleichsstudie/.lizard-tmp-utCYkH/code/seed-a-backend.Tests/Integration/BookingServiceConcurrencyTests.cs","BookingServiceConcurrencyTests::CreateBookingAsync_TwoConcurrentRequestsForDisjointSeats_BothSucceed","CreateBookingAsync_TwoConcurrentRequestsForDisjointSeats_BothSucceed()",100,121
31,4,252,0,36,"BookingServiceConcurrencyTests::CreateBookingAsync_ThreeSeatsOneConflicting_RejectsAllNotJustConflictingOne@124-159@/home/alex/dev/Bachelor/bmad-vergleichsstudie/.lizard-tmp-utCYkH/code/seed-a-backend.Tests/Integration/BookingServiceConcurrencyTests.cs","/home/alex/dev/Bachelor/bmad-vergleichsstudie/.lizard-tmp-utCYkH/code/seed-a-backend.Tests/Integration/BookingServiceConcurrencyTests.cs","BookingServiceConcurrencyTests::CreateBookingAsync_ThreeSeatsOneConflicting_RejectsAllNotJustConflictingOne","CreateBookingAsync_ThreeSeatsOneConflicting_RejectsAllNotJustConflictingOne()",124,159
7,1,32,1,7,"EventServiceTests::CreateContext@10-16@/home/alex/dev/Bachelor/bmad-vergleichsstudie/.lizard-tmp-utCYkH/code/seed-a-backend.Tests/EventServiceTests.cs","/home/alex/dev/Bachelor/bmad-vergleichsstudie/.lizard-tmp-utCYkH/code/seed-a-backend.Tests/EventServiceTests.cs","EventServiceTests::CreateContext","EventServiceTests::CreateContext( string dbName)",10,16
38,1,299,0,42,"EventServiceTests::GetEventsAsync_ReturnsEventsSortedByZeitpunktWithVenueName@19-60@/home/alex/dev/Bachelor/bmad-vergleichsstudie/.lizard-tmp-utCYkH/code/seed-a-backend.Tests/EventServiceTests.cs","/home/alex/dev/Bachelor/bmad-vergleichsstudie/.lizard-tmp-utCYkH/code/seed-a-backend.Tests/EventServiceTests.cs","EventServiceTests::GetEventsAsync_ReturnsEventsSortedByZeitpunktWithVenueName","EventServiceTests::GetEventsAsync_ReturnsEventsSortedByZeitpunktWithVenueName()",19,60
10,1,97,1,10,"EventServiceTests::SeedVenueAndRoomAsync@62-71@/home/alex/dev/Bachelor/bmad-vergleichsstudie/.lizard-tmp-utCYkH/code/seed-a-backend.Tests/EventServiceTests.cs","/home/alex/dev/Bachelor/bmad-vergleichsstudie/.lizard-tmp-utCYkH/code/seed-a-backend.Tests/EventServiceTests.cs","EventServiceTests::SeedVenueAndRoomAsync","EventServiceTests::SeedVenueAndRoomAsync( string dbName)",62,71
11,1,55,4,11,"EventServiceTests::MakeEvent@73-83@/home/alex/dev/Bachelor/bmad-vergleichsstudie/.lizard-tmp-utCYkH/code/seed-a-backend.Tests/EventServiceTests.cs","/home/alex/dev/Bachelor/bmad-vergleichsstudie/.lizard-tmp-utCYkH/code/seed-a-backend.Tests/EventServiceTests.cs","EventServiceTests::MakeEvent","EventServiceTests::MakeEvent( string title , DateTime zeitpunkt , Guid venueId , Guid roomId)",73,83
19,1,33,0,324,"*global*@0-323@/home/alex/dev/Bachelor/bmad-vergleichsstudie/.lizard-tmp-utCYkH/code/seed-a-backend.Tests/EventServiceTests.cs","/home/alex/dev/Bachelor/bmad-vergleichsstudie/.lizard-tmp-utCYkH/code/seed-a-backend.Tests/EventServiceTests.cs","*global*","*global*",0,323
14,1,190,0,17,"EventServiceTests::GetEventsAsync_WithFromAndTo_IncludesEventsExactlyOnBoundaryDates@86-102@/home/alex/dev/Bachelor/bmad-vergleichsstudie/.lizard-tmp-utCYkH/code/seed-a-backend.Tests/EventServiceTests.cs","/home/alex/dev/Bachelor/bmad-vergleichsstudie/.lizard-tmp-utCYkH/code/seed-a-backend.Tests/EventServiceTests.cs","EventServiceTests::GetEventsAsync_WithFromAndTo_IncludesEventsExactlyOnBoundaryDates","EventServiceTests::GetEventsAsync_WithFromAndTo_IncludesEventsExactlyOnBoundaryDates()",86,102
12,1,156,0,15,"EventServiceTests::GetEventsAsync_WithFromAndTo_ExcludesEventsOutsideRange@105-119@/home/alex/dev/Bachelor/bmad-vergleichsstudie/.lizard-tmp-utCYkH/code/seed-a-backend.Tests/EventServiceTests.cs","/home/alex/dev/Bachelor/bmad-vergleichsstudie/.lizard-tmp-utCYkH/code/seed-a-backend.Tests/EventServiceTests.cs","EventServiceTests::GetEventsAsync_WithFromAndTo_ExcludesEventsOutsideRange","EventServiceTests::GetEventsAsync_WithFromAndTo_ExcludesEventsOutsideRange()",105,119
14,1,201,0,17,"EventServiceTests::GetEventsAsync_WithOnlyFrom_ReturnsAllEventsFromDateOnwards@122-138@/home/alex/dev/Bachelor/bmad-vergleichsstudie/.lizard-tmp-utCYkH/code/seed-a-backend.Tests/EventServiceTests.cs","/home/alex/dev/Bachelor/bmad-vergleichsstudie/.lizard-tmp-utCYkH/code/seed-a-backend.Tests/EventServiceTests.cs","EventServiceTests::GetEventsAsync_WithOnlyFrom_ReturnsAllEventsFromDateOnwards","EventServiceTests::GetEventsAsync_WithOnlyFrom_ReturnsAllEventsFromDateOnwards()",122,138
14,1,201,0,17,"EventServiceTests::GetEventsAsync_WithOnlyTo_ReturnsAllEventsUpToDateInclusive@141-157@/home/alex/dev/Bachelor/bmad-vergleichsstudie/.lizard-tmp-utCYkH/code/seed-a-backend.Tests/EventServiceTests.cs","/home/alex/dev/Bachelor/bmad-vergleichsstudie/.lizard-tmp-utCYkH/code/seed-a-backend.Tests/EventServiceTests.cs","EventServiceTests::GetEventsAsync_WithOnlyTo_ReturnsAllEventsUpToDateInclusive","EventServiceTests::GetEventsAsync_WithOnlyTo_ReturnsAllEventsUpToDateInclusive()",141,157
12,1,131,0,15,"EventServiceTests::GetEventsAsync_WithoutFilter_ReturnsAllEvents@160-174@/home/alex/dev/Bachelor/bmad-vergleichsstudie/.lizard-tmp-utCYkH/code/seed-a-backend.Tests/EventServiceTests.cs","/home/alex/dev/Bachelor/bmad-vergleichsstudie/.lizard-tmp-utCYkH/code/seed-a-backend.Tests/EventServiceTests.cs","EventServiceTests::GetEventsAsync_WithoutFilter_ReturnsAllEvents","EventServiceTests::GetEventsAsync_WithoutFilter_ReturnsAllEvents()",160,174
12,1,145,1,12,"EventServiceTests::SeedTwoVenuesAsync@176-187@/home/alex/dev/Bachelor/bmad-vergleichsstudie/.lizard-tmp-utCYkH/code/seed-a-backend.Tests/EventServiceTests.cs","/home/alex/dev/Bachelor/bmad-vergleichsstudie/.lizard-tmp-utCYkH/code/seed-a-backend.Tests/EventServiceTests.cs","EventServiceTests::SeedTwoVenuesAsync","EventServiceTests::SeedTwoVenuesAsync( string dbName)",176,187
13,1,168,0,16,"EventServiceTests::GetEventsAsync_WithVenueId_ReturnsOnlyEventsOfThatVenue@190-205@/home/alex/dev/Bachelor/bmad-vergleichsstudie/.lizard-tmp-utCYkH/code/seed-a-backend.Tests/EventServiceTests.cs","/home/alex/dev/Bachelor/bmad-vergleichsstudie/.lizard-tmp-utCYkH/code/seed-a-backend.Tests/EventServiceTests.cs","EventServiceTests::GetEventsAsync_WithVenueId_ReturnsOnlyEventsOfThatVenue","EventServiceTests::GetEventsAsync_WithVenueId_ReturnsOnlyEventsOfThatVenue()",190,205
14,1,224,0,17,"EventServiceTests::GetEventsAsync_WithVenueIdAndDateRange_CombinesBothConditionsWithAnd@208-224@/home/alex/dev/Bachelor/bmad-vergleichsstudie/.lizard-tmp-utCYkH/code/seed-a-backend.Tests/EventServiceTests.cs","/home/alex/dev/Bachelor/bmad-vergleichsstudie/.lizard-tmp-utCYkH/code/seed-a-backend.Tests/EventServiceTests.cs","EventServiceTests::GetEventsAsync_WithVenueIdAndDateRange_CombinesBothConditionsWithAnd","EventServiceTests::GetEventsAsync_WithVenueIdAndDateRange_CombinesBothConditionsWithAnd()",208,224
10,1,113,0,13,"EventServiceTests::GetEventsAsync_WithUnknownVenueId_ReturnsEmptyResultWithoutError@227-239@/home/alex/dev/Bachelor/bmad-vergleichsstudie/.lizard-tmp-utCYkH/code/seed-a-backend.Tests/EventServiceTests.cs","/home/alex/dev/Bachelor/bmad-vergleichsstudie/.lizard-tmp-utCYkH/code/seed-a-backend.Tests/EventServiceTests.cs","EventServiceTests::GetEventsAsync_WithUnknownVenueId_ReturnsEmptyResultWithoutError","EventServiceTests::GetEventsAsync_WithUnknownVenueId_ReturnsEmptyResultWithoutError()",227,239
12,1,143,0,15,"EventServiceTests::GetEventsAsync_WithoutVenueId_ReturnsAllEvents@242-256@/home/alex/dev/Bachelor/bmad-vergleichsstudie/.lizard-tmp-utCYkH/code/seed-a-backend.Tests/EventServiceTests.cs","/home/alex/dev/Bachelor/bmad-vergleichsstudie/.lizard-tmp-utCYkH/code/seed-a-backend.Tests/EventServiceTests.cs","EventServiceTests::GetEventsAsync_WithoutVenueId_ReturnsAllEvents","EventServiceTests::GetEventsAsync_WithoutVenueId_ReturnsAllEvents()",242,256
32,1,282,0,36,"EventServiceTests::GetEventByIdAsync_ReturnsFullDetailForExistingEvent@259-294@/home/alex/dev/Bachelor/bmad-vergleichsstudie/.lizard-tmp-utCYkH/code/seed-a-backend.Tests/EventServiceTests.cs","/home/alex/dev/Bachelor/bmad-vergleichsstudie/.lizard-tmp-utCYkH/code/seed-a-backend.Tests/EventServiceTests.cs","EventServiceTests::GetEventByIdAsync_ReturnsFullDetailForExistingEvent","EventServiceTests::GetEventByIdAsync_ReturnsFullDetailForExistingEvent()",259,294
7,1,48,0,9,"EventServiceTests::GetEventByIdAsync_ReturnsNullForUnknownId@297-305@/home/alex/dev/Bachelor/bmad-vergleichsstudie/.lizard-tmp-utCYkH/code/seed-a-backend.Tests/EventServiceTests.cs","/home/alex/dev/Bachelor/bmad-vergleichsstudie/.lizard-tmp-utCYkH/code/seed-a-backend.Tests/EventServiceTests.cs","EventServiceTests::GetEventByIdAsync_ReturnsNullForUnknownId","EventServiceTests::GetEventByIdAsync_ReturnsNullForUnknownId()",297,305
13,1,131,0,15,"EventServiceTests::GetVenuesAsync_ReturnsAllVenuesSortedByName@308-322@/home/alex/dev/Bachelor/bmad-vergleichsstudie/.lizard-tmp-utCYkH/code/seed-a-backend.Tests/EventServiceTests.cs","/home/alex/dev/Bachelor/bmad-vergleichsstudie/.lizard-tmp-utCYkH/code/seed-a-backend.Tests/EventServiceTests.cs","EventServiceTests::GetVenuesAsync_ReturnsAllVenuesSortedByName","EventServiceTests::GetVenuesAsync_ReturnsAllVenuesSortedByName()",308,322
7,1,32,1,7,"SeedImporterTests::CreateContext@10-16@/home/alex/dev/Bachelor/bmad-vergleichsstudie/.lizard-tmp-utCYkH/code/seed-a-backend.Tests/SeedImporterTests.cs","/home/alex/dev/Bachelor/bmad-vergleichsstudie/.lizard-tmp-utCYkH/code/seed-a-backend.Tests/SeedImporterTests.cs","SeedImporterTests::CreateContext","SeedImporterTests::CreateContext( string dbName)",10,16
21,1,250,0,26,"SeedImporterTests::ImportAsync_OnEmptyDatabase_ImportsVenuesRoomsAndEvents@19-44@/home/alex/dev/Bachelor/bmad-vergleichsstudie/.lizard-tmp-utCYkH/code/seed-a-backend.Tests/SeedImporterTests.cs","/home/alex/dev/Bachelor/bmad-vergleichsstudie/.lizard-tmp-utCYkH/code/seed-a-backend.Tests/SeedImporterTests.cs","SeedImporterTests::ImportAsync_OnEmptyDatabase_ImportsVenuesRoomsAndEvents","SeedImporterTests::ImportAsync_OnEmptyDatabase_ImportsVenuesRoomsAndEvents()",19,44
11,1,133,0,13,"SeedImporterTests::ImportAsync_WhenDataAlreadyExists_DoesNotImportAgain@47-59@/home/alex/dev/Bachelor/bmad-vergleichsstudie/.lizard-tmp-utCYkH/code/seed-a-backend.Tests/SeedImporterTests.cs","/home/alex/dev/Bachelor/bmad-vergleichsstudie/.lizard-tmp-utCYkH/code/seed-a-backend.Tests/SeedImporterTests.cs","SeedImporterTests::ImportAsync_WhenDataAlreadyExists_DoesNotImportAgain","SeedImporterTests::ImportAsync_WhenDataAlreadyExists_DoesNotImportAgain()",47,59
7,1,86,0,9,"SeedImporterTests::ImportAsync_ImportsExactlyTwoPriceCategoriesPerEvent@62-70@/home/alex/dev/Bachelor/bmad-vergleichsstudie/.lizard-tmp-utCYkH/code/seed-a-backend.Tests/SeedImporterTests.cs","/home/alex/dev/Bachelor/bmad-vergleichsstudie/.lizard-tmp-utCYkH/code/seed-a-backend.Tests/SeedImporterTests.cs","SeedImporterTests::ImportAsync_ImportsExactlyTwoPriceCategoriesPerEvent","SeedImporterTests::ImportAsync_ImportsExactlyTwoPriceCategoriesPerEvent()",62,70
10,4,142,0,13,"SeedImporterTests::ImportAsync_CreatesNoSeatForAisleColumn@73-85@/home/alex/dev/Bachelor/bmad-vergleichsstudie/.lizard-tmp-utCYkH/code/seed-a-backend.Tests/SeedImporterTests.cs","/home/alex/dev/Bachelor/bmad-vergleichsstudie/.lizard-tmp-utCYkH/code/seed-a-backend.Tests/SeedImporterTests.cs","SeedImporterTests::ImportAsync_CreatesNoSeatForAisleColumn","SeedImporterTests::ImportAsync_CreatesNoSeatForAisleColumn()",73,85
26,2,284,0,31,"SeedImporterTests::ImportAsync_ImportsBelegteSitzplaetzeAsSingleSharedBooking@88-118@/home/alex/dev/Bachelor/bmad-vergleichsstudie/.lizard-tmp-utCYkH/code/seed-a-backend.Tests/SeedImporterTests.cs","/home/alex/dev/Bachelor/bmad-vergleichsstudie/.lizard-tmp-utCYkH/code/seed-a-backend.Tests/SeedImporterTests.cs","SeedImporterTests::ImportAsync_ImportsBelegteSitzplaetzeAsSingleSharedBooking","SeedImporterTests::ImportAsync_ImportsBelegteSitzplaetzeAsSingleSharedBooking()",88,118
8,1,84,0,10,"SeedImporterTests::ImportAsync_EventWithoutBelegteSitzplaetze_CreatesNoBooking@121-130@/home/alex/dev/Bachelor/bmad-vergleichsstudie/.lizard-tmp-utCYkH/code/seed-a-backend.Tests/SeedImporterTests.cs","/home/alex/dev/Bachelor/bmad-vergleichsstudie/.lizard-tmp-utCYkH/code/seed-a-backend.Tests/SeedImporterTests.cs","SeedImporterTests::ImportAsync_EventWithoutBelegteSitzplaetze_CreatesNoBooking","SeedImporterTests::ImportAsync_EventWithoutBelegteSitzplaetze_CreatesNoBooking()",121,130
7,1,32,1,7,"SeatMapServiceTests::CreateContext@11-17@/home/alex/dev/Bachelor/bmad-vergleichsstudie/.lizard-tmp-utCYkH/code/seed-a-backend.Tests/SeatMapServiceTests.cs","/home/alex/dev/Bachelor/bmad-vergleichsstudie/.lizard-tmp-utCYkH/code/seed-a-backend.Tests/SeatMapServiceTests.cs","SeatMapServiceTests::CreateContext","SeatMapServiceTests::CreateContext( string dbName)",11,17
34,1,267,1,38,"SeatMapServiceTests::SeedRoomWithEventAsync@19-56@/home/alex/dev/Bachelor/bmad-vergleichsstudie/.lizard-tmp-utCYkH/code/seed-a-backend.Tests/SeatMapServiceTests.cs","/home/alex/dev/Bachelor/bmad-vergleichsstudie/.lizard-tmp-utCYkH/code/seed-a-backend.Tests/SeatMapServiceTests.cs","SeatMapServiceTests::SeedRoomWithEventAsync","SeatMapServiceTests::SeedRoomWithEventAsync( AppDbContext dbContext)",19,56
14,1,159,0,16,"SeatMapServiceTests::GetSeatMapAsync_ReturnsFullGridWithAisleColumnsAndFreeSeats@59-74@/home/alex/dev/Bachelor/bmad-vergleichsstudie/.lizard-tmp-utCYkH/code/seed-a-backend.Tests/SeatMapServiceTests.cs","/home/alex/dev/Bachelor/bmad-vergleichsstudie/.lizard-tmp-utCYkH/code/seed-a-backend.Tests/SeatMapServiceTests.cs","SeatMapServiceTests::GetSeatMapAsync_ReturnsFullGridWithAisleColumnsAndFreeSeats","SeatMapServiceTests::GetSeatMapAsync_ReturnsFullGridWithAisleColumnsAndFreeSeats()",59,74
13,1,205,0,16,"SeatMapServiceTests::GetSeatMapAsync_ReturnsPriceCategoriesOrderedByReihenfolge@77-92@/home/alex/dev/Bachelor/bmad-vergleichsstudie/.lizard-tmp-utCYkH/code/seed-a-backend.Tests/SeatMapServiceTests.cs","/home/alex/dev/Bachelor/bmad-vergleichsstudie/.lizard-tmp-utCYkH/code/seed-a-backend.Tests/SeatMapServiceTests.cs","SeatMapServiceTests::GetSeatMapAsync_ReturnsPriceCategoriesOrderedByReihenfolge","SeatMapServiceTests::GetSeatMapAsync_ReturnsPriceCategoriesOrderedByReihenfolge()",77,92
7,1,48,0,9,"SeatMapServiceTests::GetSeatMapAsync_ReturnsNullForUnknownEventId@95-103@/home/alex/dev/Bachelor/bmad-vergleichsstudie/.lizard-tmp-utCYkH/code/seed-a-backend.Tests/SeatMapServiceTests.cs","/home/alex/dev/Bachelor/bmad-vergleichsstudie/.lizard-tmp-utCYkH/code/seed-a-backend.Tests/SeatMapServiceTests.cs","SeatMapServiceTests::GetSeatMapAsync_ReturnsNullForUnknownEventId","SeatMapServiceTests::GetSeatMapAsync_ReturnsNullForUnknownEventId()",95,103
35,1,328,0,39,"SeatMapServiceTests::GetSeatMapAsync_SeatWithActiveBookingSeat_ReturnsOccupiedStatus@106-144@/home/alex/dev/Bachelor/bmad-vergleichsstudie/.lizard-tmp-utCYkH/code/seed-a-backend.Tests/SeatMapServiceTests.cs","/home/alex/dev/Bachelor/bmad-vergleichsstudie/.lizard-tmp-utCYkH/code/seed-a-backend.Tests/SeatMapServiceTests.cs","SeatMapServiceTests::GetSeatMapAsync_SeatWithActiveBookingSeat_ReturnsOccupiedStatus","SeatMapServiceTests::GetSeatMapAsync_SeatWithActiveBookingSeat_ReturnsOccupiedStatus()",106,144
24,1,199,0,28,"SeatMapServiceTests::GetSeatMapAsync_TwoEventsInSameRoom_ReturnSameSeatIds@147-174@/home/alex/dev/Bachelor/bmad-vergleichsstudie/.lizard-tmp-utCYkH/code/seed-a-backend.Tests/SeatMapServiceTests.cs","/home/alex/dev/Bachelor/bmad-vergleichsstudie/.lizard-tmp-utCYkH/code/seed-a-backend.Tests/SeatMapServiceTests.cs","SeatMapServiceTests::GetSeatMapAsync_TwoEventsInSameRoom_ReturnSameSeatIds","SeatMapServiceTests::GetSeatMapAsync_TwoEventsInSameRoom_ReturnSameSeatIds()",147,174
7,1,32,1,7,"BookingServiceTests::CreateContext@11-17@/home/alex/dev/Bachelor/bmad-vergleichsstudie/.lizard-tmp-utCYkH/code/seed-a-backend.Tests/BookingServiceTests.cs","/home/alex/dev/Bachelor/bmad-vergleichsstudie/.lizard-tmp-utCYkH/code/seed-a-backend.Tests/BookingServiceTests.cs","BookingServiceTests::CreateContext","BookingServiceTests::CreateContext( string dbName)",11,17
37,1,355,1,42,"BookingServiceTests::SeedEventWithSeatsAsync@19-60@/home/alex/dev/Bachelor/bmad-vergleichsstudie/.lizard-tmp-utCYkH/code/seed-a-backend.Tests/BookingServiceTests.cs","/home/alex/dev/Bachelor/bmad-vergleichsstudie/.lizard-tmp-utCYkH/code/seed-a-backend.Tests/BookingServiceTests.cs","BookingServiceTests::SeedEventWithSeatsAsync","BookingServiceTests::SeedEventWithSeatsAsync( AppDbContext dbContext)",19,60
17,1,149,0,19,"BookingServiceTests::CreateBookingAsync_WithValidRequest_CreatesBookingAndReturnsReferenceAndTotalPrice@63-81@/home/alex/dev/Bachelor/bmad-vergleichsstudie/.lizard-tmp-utCYkH/code/seed-a-backend.Tests/BookingServiceTests.cs","/home/alex/dev/Bachelor/bmad-vergleichsstudie/.lizard-tmp-utCYkH/code/seed-a-backend.Tests/BookingServiceTests.cs","BookingServiceTests::CreateBookingAsync_WithValidRequest_CreatesBookingAndReturnsReferenceAndTotalPrice","BookingServiceTests::CreateBookingAsync_WithValidRequest_CreatesBookingAndReturnsReferenceAndTotalPrice()",63,81
10,1,104,0,12,"BookingServiceTests::CreateBookingAsync_MissingName_ReturnsInvalidWithNameField@84-95@/home/alex/dev/Bachelor/bmad-vergleichsstudie/.lizard-tmp-utCYkH/code/seed-a-backend.Tests/BookingServiceTests.cs","/home/alex/dev/Bachelor/bmad-vergleichsstudie/.lizard-tmp-utCYkH/code/seed-a-backend.Tests/BookingServiceTests.cs","BookingServiceTests::CreateBookingAsync_MissingName_ReturnsInvalidWithNameField","BookingServiceTests::CreateBookingAsync_MissingName_ReturnsInvalidWithNameField()",84,95
10,1,104,0,12,"BookingServiceTests::CreateBookingAsync_MissingEmail_ReturnsInvalidWithEmailField@98-109@/home/alex/dev/Bachelor/bmad-vergleichsstudie/.lizard-tmp-utCYkH/code/seed-a-backend.Tests/BookingServiceTests.cs","/home/alex/dev/Bachelor/bmad-vergleichsstudie/.lizard-tmp-utCYkH/code/seed-a-backend.Tests/BookingServiceTests.cs","BookingServiceTests::CreateBookingAsync_MissingEmail_ReturnsInvalidWithEmailField","BookingServiceTests::CreateBookingAsync_MissingEmail_ReturnsInvalidWithEmailField()",98,109
9,1,94,0,11,"BookingServiceTests::CreateBookingAsync_NoSeats_ReturnsInvalidWithSeatsField@112-122@/home/alex/dev/Bachelor/bmad-vergleichsstudie/.lizard-tmp-utCYkH/code/seed-a-backend.Tests/BookingServiceTests.cs","/home/alex/dev/Bachelor/bmad-vergleichsstudie/.lizard-tmp-utCYkH/code/seed-a-backend.Tests/BookingServiceTests.cs","BookingServiceTests::CreateBookingAsync_NoSeats_ReturnsInvalidWithSeatsField","BookingServiceTests::CreateBookingAsync_NoSeats_ReturnsInvalidWithSeatsField()",112,122
10,1,106,0,12,"BookingServiceTests::CreateBookingAsync_UnknownPriceCategoryForEvent_ReturnsInvalidWithSeatsField@125-136@/home/alex/dev/Bachelor/bmad-vergleichsstudie/.lizard-tmp-utCYkH/code/seed-a-backend.Tests/BookingServiceTests.cs","/home/alex/dev/Bachelor/bmad-vergleichsstudie/.lizard-tmp-utCYkH/code/seed-a-backend.Tests/BookingServiceTests.cs","BookingServiceTests::CreateBookingAsync_UnknownPriceCategoryForEvent_ReturnsInvalidWithSeatsField","BookingServiceTests::CreateBookingAsync_UnknownPriceCategoryForEvent_ReturnsInvalidWithSeatsField()",125,136
31,1,217,0,34,"BookingServiceTests::CreateBookingAsync_SeatAlreadyActivelyBooked_ReturnsConflictWithSeatLabel@139-172@/home/alex/dev/Bachelor/bmad-vergleichsstudie/.lizard-tmp-utCYkH/code/seed-a-backend.Tests/BookingServiceTests.cs","/home/alex/dev/Bachelor/bmad-vergleichsstudie/.lizard-tmp-utCYkH/code/seed-a-backend.Tests/BookingServiceTests.cs","BookingServiceTests::CreateBookingAsync_SeatAlreadyActivelyBooked_ReturnsConflictWithSeatLabel","BookingServiceTests::CreateBookingAsync_SeatAlreadyActivelyBooked_ReturnsConflictWithSeatLabel()",139,172
32,2,243,0,35,"BookingServiceTests::CreateBookingAsync_ConflictOnOneOfTwoSeats_RejectsBothNoPartialBooking@175-209@/home/alex/dev/Bachelor/bmad-vergleichsstudie/.lizard-tmp-utCYkH/code/seed-a-backend.Tests/BookingServiceTests.cs","/home/alex/dev/Bachelor/bmad-vergleichsstudie/.lizard-tmp-utCYkH/code/seed-a-backend.Tests/BookingServiceTests.cs","BookingServiceTests::CreateBookingAsync_ConflictOnOneOfTwoSeats_RejectsBothNoPartialBooking","BookingServiceTests::CreateBookingAsync_ConflictOnOneOfTwoSeats_RejectsBothNoPartialBooking()",175,209
30,1,199,0,33,"BookingServiceTests::CreateBookingAsync_InactiveBookingSeatForSameSeat_DoesNotBlockNewBooking@212-244@/home/alex/dev/Bachelor/bmad-vergleichsstudie/.lizard-tmp-utCYkH/code/seed-a-backend.Tests/BookingServiceTests.cs","/home/alex/dev/Bachelor/bmad-vergleichsstudie/.lizard-tmp-utCYkH/code/seed-a-backend.Tests/BookingServiceTests.cs","BookingServiceTests::CreateBookingAsync_InactiveBookingSeatForSameSeat_DoesNotBlockNewBooking","BookingServiceTests::CreateBookingAsync_InactiveBookingSeatForSameSeat_DoesNotBlockNewBooking()",212,244
19,1,192,0,22,"BookingServiceTests::GetBookingByReferenceAsync_ExistingReference_ReturnsBookingWithEventVenueAndCategoryDetails@247-268@/home/alex/dev/Bachelor/bmad-vergleichsstudie/.lizard-tmp-utCYkH/code/seed-a-backend.Tests/BookingServiceTests.cs","/home/alex/dev/Bachelor/bmad-vergleichsstudie/.lizard-tmp-utCYkH/code/seed-a-backend.Tests/BookingServiceTests.cs","BookingServiceTests::GetBookingByReferenceAsync_ExistingReference_ReturnsBookingWithEventVenueAndCategoryDetails","BookingServiceTests::GetBookingByReferenceAsync_ExistingReference_ReturnsBookingWithEventVenueAndCategoryDetails()",247,268
8,1,50,0,10,"BookingServiceTests::GetBookingByReferenceAsync_UnknownReference_ReturnsNull@271-280@/home/alex/dev/Bachelor/bmad-vergleichsstudie/.lizard-tmp-utCYkH/code/seed-a-backend.Tests/BookingServiceTests.cs","/home/alex/dev/Bachelor/bmad-vergleichsstudie/.lizard-tmp-utCYkH/code/seed-a-backend.Tests/BookingServiceTests.cs","BookingServiceTests::GetBookingByReferenceAsync_UnknownReference_ReturnsNull","BookingServiceTests::GetBookingByReferenceAsync_UnknownReference_ReturnsNull()",271,280
12,1,121,0,15,"BookingServiceTests::GetBookingByReferenceAsync_ReferenceWithSurroundingWhitespace_StillFindsBooking@283-297@/home/alex/dev/Bachelor/bmad-vergleichsstudie/.lizard-tmp-utCYkH/code/seed-a-backend.Tests/BookingServiceTests.cs","/home/alex/dev/Bachelor/bmad-vergleichsstudie/.lizard-tmp-utCYkH/code/seed-a-backend.Tests/BookingServiceTests.cs","BookingServiceTests::GetBookingByReferenceAsync_ReferenceWithSurroundingWhitespace_StillFindsBooking","BookingServiceTests::GetBookingByReferenceAsync_ReferenceWithSurroundingWhitespace_StillFindsBooking()",283,297
20,2,204,0,23,"BookingServiceTests::CancelBookingAsync_ActiveBooking_SetsStatusCancelledAndSeatsInactive@300-322@/home/alex/dev/Bachelor/bmad-vergleichsstudie/.lizard-tmp-utCYkH/code/seed-a-backend.Tests/BookingServiceTests.cs","/home/alex/dev/Bachelor/bmad-vergleichsstudie/.lizard-tmp-utCYkH/code/seed-a-backend.Tests/BookingServiceTests.cs","BookingServiceTests::CancelBookingAsync_ActiveBooking_SetsStatusCancelledAndSeatsInactive","BookingServiceTests::CancelBookingAsync_ActiveBooking_SetsStatusCancelledAndSeatsInactive()",300,322
9,1,61,0,11,"BookingServiceTests::CancelBookingAsync_UnknownReference_ReturnsNotFound@325-335@/home/alex/dev/Bachelor/bmad-vergleichsstudie/.lizard-tmp-utCYkH/code/seed-a-backend.Tests/BookingServiceTests.cs","/home/alex/dev/Bachelor/bmad-vergleichsstudie/.lizard-tmp-utCYkH/code/seed-a-backend.Tests/BookingServiceTests.cs","BookingServiceTests::CancelBookingAsync_UnknownReference_ReturnsNotFound","BookingServiceTests::CancelBookingAsync_UnknownReference_ReturnsNotFound()",325,335
13,1,132,0,16,"BookingServiceTests::CancelBookingAsync_AlreadyCancelledBooking_ReturnsAlreadyCancelledWithoutChangingState@338-353@/home/alex/dev/Bachelor/bmad-vergleichsstudie/.lizard-tmp-utCYkH/code/seed-a-backend.Tests/BookingServiceTests.cs","/home/alex/dev/Bachelor/bmad-vergleichsstudie/.lizard-tmp-utCYkH/code/seed-a-backend.Tests/BookingServiceTests.cs","BookingServiceTests::CancelBookingAsync_AlreadyCancelledBooking_ReturnsAlreadyCancelledWithoutChangingState","BookingServiceTests::CancelBookingAsync_AlreadyCancelledBooking_ReturnsAlreadyCancelledWithoutChangingState()",338,353
